county_state,fips,sex,sex_code,year,cause_of_death,cod_code,place_of_death,place_of_death_code,deaths,median_income,population,poverty_rate,unemployment_rate,facility_count,overdose_rate,facility_rate
"Jefferson County, AL",01073,Female,F,2024.0,"Accidental poisoning by and exposure to narcotics and psychodysleptics [hallucinogens], not elsewhere classified",X42,Decedent's home,4.0,15.0,66388,667755,15.7,4.7,7.0,2.2463328616034324,1.0482886687482684
"Jefferson County, AL",01073,Female,F,2024.0,"Accidental poisoning by and exposure to narcotics and psychodysleptics [hallucinogens], not elsewhere classified",X42,Other,7.0,12.0,66388,667755,15.7,4.7,7.0,1.7970662892827458,1.0482886687482684
"Jefferson County, AL",01073,Female,F,2024.0,"Accidental poisoning by and exposure to other and unspecified drugs, medicaments and biological substances",X44,Decedent's home,4.0,23.0,66388,667755,15.7,4.7,7.0,3.4443770544585965,1.0482886687482684
"Jefferson County, AL",01073,Female,F,2024.0,"Accidental poisoning by and exposure to other and unspecified drugs, medicaments and biological substances",X44,Other,7.0,12.0,66388,667755,15.7,4.7,7.0,1.7970662892827458,1.0482886687482684
"Jefferson County, AL",01073,Male,M,2024.0,"Accidental poisoning by and exposure to narcotics and psychodysleptics [hallucinogens], not elsewhere classified",X42,Medical Facility - Outpatient or ER,2.0,10.0,66388,667755,15.7,4.7,7.0,1.4975552410689548,1.0482886687482684
"Jefferson County, AL",01073,Male,M,2024.0,"Accidental poisoning by and exposure to narcotics and psychodysleptics [hallucinogens], not elsewhere classified",X42,Decedent's home,4.0,54.0,66388,667755,15.7,4.7,7.0,8.086798301772356,1.0482886687482684
"Jefferson County, AL",01073,Male,M,2024.0,"Accidental poisoning by and exposure to narcotics and psychodysleptics [hallucinogens], not elsewhere classified",X42,Other,7.0,33.0,66388,667755,15.7,4.7,7.0,4.941932295527551,1.0482886687482684
"Jefferson County, AL",01073,Male,M,2024.0,"Accidental poisoning by and exposure to other and unspecified drugs, medicaments and biological substances",X44,Decedent's home,4.0,41.0,66388,667755,15.7,4.7,7.0,6.139976488382715,1.0482886687482684
"Jefferson County, AL",01073,Male,M,2024.0,"Accidental poisoning by and exposure to other and unspecified drugs, medicaments and biological substances",X44,Other,7.0,35.0,66388,667755,15.7,4.7,7.0,5.241443343741342,1.0482886687482684
"Madison County, AL",01089,Male,M,2024.0,"Accidental poisoning by and exposure to narcotics and psychodysleptics [hallucinogens], not elsewhere classified",X42,Decedent's home,4.0,21.0,86499,405718,10.1,3.6,4.0,5.176008952030721,0.9859064670534706
"Madison County, AL",01089,Male,M,2024.0,"Accidental poisoning by and exposure to narcotics and psychodysleptics [hallucinogens], not elsewhere classified",X42,Other,7.0,10.0,86499,405718,10.1,3.6,4.0,2.4647661676336763,0.9859064670534706
"Mobile County, AL",01097,Male,M,2024.0,"Accidental poisoning by and exposure to narcotics and psychodysleptics [hallucinogens], not elsewhere classified",X42,Decedent's home,4.0,17.0,58880,412590,16.2,5.3,4.0,4.120313143798929,0.969485445599748
"Mobile County, AL",01097,Male,M,2024.0,"Accidental poisoning by and exposure to other and unspecified drugs, medicaments and biological substances",X44,Decedent's home,4.0,16.0,58880,412590,16.2,5.3,4.0,3.877941782398992,0.969485445599748
"Mobile County, AL",01097,Male,M,2024.0,"Accidental poisoning by and exposure to other and unspecified drugs, medicaments and biological substances",X44,Other,7.0,12.0,58880,412590,16.2,5.3,4.0,2.9084563367992438,0.969485445599748
"Walker County, AL",01127,Male,M,2024.0,"Accidental poisoning by and exposure to other and unspecified drugs, medicaments and biological substances",X44,Decedent's home,4.0,15.0,56509,64841,18.5,4.9,4.0,23.133511204330595,6.168936321154825
"Matanuska-Susitna Borough, AK",02170,Male,M,2024.0,"Accidental poisoning by and exposure to other and unspecified drugs, medicaments and biological substances",X44,Decedent's home,4.0,18.0,94031,112988,10.0,5.8,9.0,15.930895316316777,7.965447658158388
"Maricopa County, AZ",04013,Female,F,2024.0,"Accidental poisoning by and exposure to antiepileptic, sedative-hypnotic, antiparkinsonism and psychotropic drugs, not elsewhere classified",X41,Medical Facility - Inpatient,1.0,14.0,89300,4559748,11.0,4.5,207.0,0.3070345115563404,4.53972456372589
"Maricopa County, AZ",04013,Female,F,2024.0,"Accidental poisoning by and exposure to antiepileptic, sedative-hypnotic, antiparkinsonism and psychotropic drugs, not elsewhere classified",X41,Decedent's home,4.0,20.0,89300,4559748,11.0,4.5,207.0,0.438620730794772,4.53972456372589
"Maricopa County, AZ",04013,Female,F,2024.0,"Accidental poisoning by and exposure to antiepileptic, sedative-hypnotic, antiparkinsonism and psychotropic drugs, not elsewhere classified",X41,Other,7.0,15.0,89300,4559748,11.0,4.5,207.0,0.328965548096079,4.53972456372589
"Maricopa County, AZ",04013,Female,F,2024.0,"Accidental poisoning by and exposure to narcotics and psychodysleptics [hallucinogens], not elsewhere classified",X42,Medical Facility - Inpatient,1.0,14.0,89300,4559748,11.0,4.5,207.0,0.3070345115563404,4.53972456372589
"Maricopa County, AZ",04013,Female,F,2024.0,"Accidental poisoning by and exposure to narcotics and psychodysleptics [hallucinogens], not elsewhere classified",X42,Medical Facility - Outpatient or ER,2.0,19.0,89300,4559748,11.0,4.5,207.0,0.41668969425503344,4.53972456372589
"Maricopa County, AZ",04013,Female,F,2024.0,"Accidental poisoning by and exposure to narcotics and psychodysleptics [hallucinogens], not elsewhere classified",X42,Decedent's home,4.0,34.0,89300,4559748,11.0,4.5,207.0,0.7456552423511124,4.53972456372589
"Maricopa County, AZ",04013,Female,F,2024.0,"Accidental poisoning by and exposure to narcotics and psychodysleptics [hallucinogens], not elsewhere classified",X42,Other,7.0,10.0,89300,4559748,11.0,4.5,207.0,0.219310365397386,4.53972456372589
"Maricopa County, AZ",04013,Female,F,2024.0,"Accidental poisoning by and exposure to other and unspecified drugs, medicaments and biological substances",X44,Medical Facility - Inpatient,1.0,19.0,89300,4559748,11.0,4.5,207.0,0.41668969425503344,4.53972456372589
"Maricopa County, AZ",04013,Female,F,2024.0,"Accidental poisoning by and exposure to other and unspecified drugs, medicaments and biological substances",X44,Medical Facility - Outpatient or ER,2.0,31.0,89300,4559748,11.0,4.5,207.0,0.6798621327318966,4.53972456372589
"Maricopa County, AZ",04013,Female,F,2024.0,"Accidental poisoning by and exposure to other and unspecified drugs, medicaments and biological substances",X44,Decedent's home,4.0,91.0,89300,4559748,11.0,4.5,207.0,1.9957243251162124,4.53972456372589
"Maricopa County, AZ",04013,Female,F,2024.0,"Accidental poisoning by and exposure to other and unspecified drugs, medicaments and biological substances",X44,Other,7.0,62.0,89300,4559748,11.0,4.5,207.0,1.359724265463793,4.53972456372589
"Maricopa County, AZ",04013,Female,F,2024.0,"Intentional self-poisoning by and exposure to other and unspecified drugs, medicaments and biological substances",X64,Decedent's home,4.0,24.0,89300,4559748,11.0,4.5,207.0,0.5263448769537264,4.53972456372589
"Maricopa County, AZ",04013,Male,M,2024.0,"Accidental poisoning by and exposure to antiepileptic, sedative-hypnotic, antiparkinsonism and psychotropic drugs, not elsewhere classified",X41,Medical Facility - Inpatient,1.0,16.0,89300,4559748,11.0,4.5,207.0,0.35089658463581763,4.53972456372589
"Maricopa County, AZ",04013,Male,M,2024.0,"Accidental poisoning by and exposure to antiepileptic, sedative-hypnotic, antiparkinsonism and psychotropic drugs, not elsewhere classified",X41,Medical Facility - Outpatient or ER,2.0,44.0,89300,4559748,11.0,4.5,207.0,0.9649656077484983,4.53972456372589
"Maricopa County, AZ",04013,Male,M,2024.0,"Accidental poisoning by and exposure to antiepileptic, sedative-hypnotic, antiparkinsonism and psychotropic drugs, not elsewhere classified",X41,Decedent's home,4.0,64.0,89300,4559748,11.0,4.5,207.0,1.4035863385432705,4.53972456372589
"Maricopa County, AZ",04013,Male,M,2024.0,"Accidental poisoning by and exposure to antiepileptic, sedative-hypnotic, antiparkinsonism and psychotropic drugs, not elsewhere classified",X41,Other,7.0,109.0,89300,4559748,11.0,4.5,207.0,2.3904829828315073,4.53972456372589
"Maricopa County, AZ",04013,Male,M,2024.0,"Accidental poisoning by and exposure to narcotics and psychodysleptics [hallucinogens], not elsewhere classified",X42,Medical Facility - Inpatient,1.0,39.0,89300,4559748,11.0,4.5,207.0,0.8553104250498053,4.53972456372589
"Maricopa County, AZ",04013,Male,M,2024.0,"Accidental poisoning by and exposure to narcotics and psychodysleptics [hallucinogens], not elsewhere classified",X42,Medical Facility - Outpatient or ER,2.0,42.0,89300,4559748,11.0,4.5,207.0,0.9211035346690212,4.53972456372589
"Maricopa County, AZ",04013,Male,M,2024.0,"Accidental poisoning by and exposure to narcotics and psychodysleptics [hallucinogens], not elsewhere classified",X42,Decedent's home,4.0,107.0,89300,4559748,11.0,4.5,207.0,2.3466209097520303,4.53972456372589
"Maricopa County, AZ",04013,Male,M,2024.0,"Accidental poisoning by and exposure to narcotics and psychodysleptics [hallucinogens], not elsewhere classified",X42,Other,7.0,74.0,89300,4559748,11.0,4.5,207.0,1.6228967039406563,4.53972456372589
"Maricopa County, AZ",04013,Male,M,2024.0,"Accidental poisoning by and exposure to other and unspecified drugs, medicaments and biological substances",X44,Medical Facility - Inpatient,1.0,58.0,89300,4559748,11.0,4.5,207.0,1.272000119304839,4.53972456372589
"Maricopa County, AZ",04013,Male,M,2024.0,"Accidental poisoning by and exposure to other and unspecified drugs, medicaments and biological substances",X44,Medical Facility - Outpatient or ER,2.0,109.0,89300,4559748,11.0,4.5,207.0,2.3904829828315073,4.53972456372589
"Maricopa County, AZ",04013,Male,M,2024.0,"Accidental poisoning by and exposure to other and unspecified drugs, medicaments and biological substances",X44,Decedent's home,4.0,183.0,89300,4559748,11.0,4.5,207.0,4.013379686772164,4.53972456372589
"Maricopa County, AZ",04013,Male,M,2024.0,"Accidental poisoning by and exposure to other and unspecified drugs, medicaments and biological substances",X44,Other,7.0,227.0,89300,4559748,11.0,4.5,207.0,4.978345294520662,4.53972456372589
"Maricopa County, AZ",04013,Male,M,2024.0,"Intentional self-poisoning by and exposure to other and unspecified drugs, medicaments and biological substances",X64,Decedent's home,4.0,10.0,89300,4559748,11.0,4.5,207.0,0.219310365397386,4.53972456372589
"Mohave County, AZ",04015,Male,M,2024.0,"Accidental poisoning by and exposure to other and unspecified drugs, medicaments and biological substances",X44,Decedent's home,4.0,14.0,57684,220517,16.1,7.3,23.0,6.348716878970782,10.430034872594856
"Pima County, AZ",04019,Female,F,2024.0,"Accidental poisoning by and exposure to narcotics and psychodysleptics [hallucinogens], not elsewhere classified",X42,Decedent's home,4.0,13.0,70315,1060490,14.3,5.5,68.0,1.2258484285566107,6.412130241680733
"Pima County, AZ",04019,Female,F,2024.0,"Accidental poisoning by and exposure to other and unspecified drugs, medicaments and biological substances",X44,Decedent's home,4.0,29.0,70315,1060490,14.3,5.5,68.0,2.7345849560109006,6.412130241680733
"Pima County, AZ",04019,Female,F,2024.0,"Accidental poisoning by and exposure to other and unspecified drugs, medicaments and biological substances",X44,Other,7.0,12.0,70315,1060490,14.3,5.5,68.0,1.1315523955907176,6.412130241680733
"Pima County, AZ",04019,Male,M,2024.0,"Accidental poisoning by and exposure to antiepileptic, sedative-hypnotic, antiparkinsonism and psychotropic drugs, not elsewhere classified",X41,Medical Facility - Inpatient,1.0,10.0,70315,1060490,14.3,5.5,68.0,0.9429603296589312,6.412130241680733
"Pima County, AZ",04019,Male,M,2024.0,"Accidental poisoning by and exposure to antiepileptic, sedative-hypnotic, antiparkinsonism and psychotropic drugs, not elsewhere classified",X41,Medical Facility - Outpatient or ER,2.0,12.0,70315,1060490,14.3,5.5,68.0,1.1315523955907176,6.412130241680733
"Pima County, AZ",04019,Male,M,2024.0,"Accidental poisoning by and exposure to antiepileptic, sedative-hypnotic, antiparkinsonism and psychotropic drugs, not elsewhere classified",X41,Decedent's home,4.0,25.0,70315,1060490,14.3,5.5,68.0,2.3574008241473283,6.412130241680733
"Pima County, AZ",04019,Male,M,2024.0,"Accidental poisoning by and exposure to antiepileptic, sedative-hypnotic, antiparkinsonism and psychotropic drugs, not elsewhere classified",X41,Other,7.0,20.0,70315,1060490,14.3,5.5,68.0,1.8859206593178623,6.412130241680733
"Pima County, AZ",04019,Male,M,2024.0,"Accidental poisoning by and exposure to narcotics and psychodysleptics [hallucinogens], not elsewhere classified",X42,Decedent's home,4.0,40.0,70315,1060490,14.3,5.5,68.0,3.7718413186357247,6.412130241680733
"Pima County, AZ",04019,Male,M,2024.0,"Accidental poisoning by and exposure to narcotics and psychodysleptics [hallucinogens], not elsewhere classified",X42,Other,7.0,32.0,70315,1060490,14.3,5.5,68.0,3.01747305490858,6.412130241680733
"Pima County, AZ",04019,Male,M,2024.0,"Accidental poisoning by and exposure to other and unspecified drugs, medicaments and biological substances",X44,Medical Facility - Inpatient,1.0,13.0,70315,1060490,14.3,5.5,68.0,1.2258484285566107,6.412130241680733
"Pima County, AZ",04019,Male,M,2024.0,"Accidental poisoning by and exposure to other and unspecified drugs, medicaments and biological substances",X44,Decedent's home,4.0,48.0,70315,1060490,14.3,5.5,68.0,4.5262095823628705,6.412130241680733
"Pima County, AZ",04019,Male,M,2024.0,"Accidental poisoning by and exposure to other and unspecified drugs, medicaments and biological substances",X44,Other,7.0,53.0,70315,1060490,14.3,5.5,68.0,4.997689747192336,6.412130241680733
"Pinal County, AZ",04021,Male,M,2024.0,"Accidental poisoning by and exposure to narcotics and psychodysleptics [hallucinogens], not elsewhere classified",X42,Decedent's home,4.0,10.0,80266,469006,11.1,6.0,27.0,2.13216888483303,5.756855989049181
"Pinal County, AZ",04021,Male,M,2024.0,"Accidental poisoning by and exposure to other and unspecified drugs, medicaments and biological substances",X44,Other,7.0,10.0,80266,469006,11.1,6.0,27.0,2.13216888483303,5.756855989049181
"Yavapai County, AZ",04025,Male,M,2024.0,"Accidental poisoning by and exposure to narcotics and psychodysleptics [hallucinogens], not elsewhere classified",X42,Decedent's home,4.0,11.0,69613,245480,12.0,4.3,33.0,4.48101678344468,13.443050350334039
"Pulaski County, AR",05119,Male,M,2024.0,"Accidental poisoning by and exposure to narcotics and psychodysleptics [hallucinogens], not elsewhere classified",X42,Decedent's home,4.0,10.0,62873,399818,16.7,4.7,22.0,2.501138017798098,5.502503639155816
"Pulaski County, AR",05119,Male,M,2024.0,"Accidental poisoning by and exposure to other and unspecified drugs, medicaments and biological substances",X44,Decedent's home,4.0,14.0,62873,399818,16.7,4.7,22.0,3.5015932249173374,5.502503639155816
"Alameda County, CA",06001,Female,F,2024.0,"Accidental poisoning by and exposure to narcotics and psychodysleptics [hallucinogens], not elsewhere classified",X42,Decedent's home,4.0,13.0,129367,1649473,9.2,5.4,10.0,0.7881305119877682,0.6062542399905909
"Alameda County, CA",06001,Female,F,2024.0,"Accidental poisoning by and exposure to narcotics and psychodysleptics [hallucinogens], not elsewhere classified",X42,Other,7.0,10.0,129367,1649473,9.2,5.4,10.0,0.6062542399905909,0.6062542399905909
"Alameda County, CA",06001,Female,F,2024.0,"Accidental poisoning by and exposure to other and unspecified drugs, medicaments and biological substances",X44,Decedent's home,4.0,15.0,129367,1649473,9.2,5.4,10.0,0.9093813599858863,0.6062542399905909
"Alameda County, CA",06001,Female,F,2024.0,"Accidental poisoning by and exposure to other and unspecified drugs, medicaments and biological substances",X44,Other,7.0,13.0,129367,1649473,9.2,5.4,10.0,0.7881305119877682,0.6062542399905909
"Alameda County, CA",06001,Male,M,2024.0,"Accidental poisoning by and exposure to antiepileptic, sedative-hypnotic, antiparkinsonism and psychotropic drugs, not elsewhere classified",X41,Decedent's home,4.0,25.0,129367,1649473,9.2,5.4,10.0,1.5156355999764772,0.6062542399905909
"Alameda County, CA",06001,Male,M,2024.0,"Accidental poisoning by and exposure to antiepileptic, sedative-hypnotic, antiparkinsonism and psychotropic drugs, not elsewhere classified",X41,Other,7.0,17.0,129367,1649473,9.2,5.4,10.0,1.0306322079840047,0.6062542399905909
"Alameda County, CA",06001,Male,M,2024.0,"Accidental poisoning by and exposure to narcotics and psychodysleptics [hallucinogens], not elsewhere classified",X42,Decedent's home,4.0,42.0,129367,1649473,9.2,5.4,10.0,2.546267807960482,0.6062542399905909
"Alameda County, CA",06001,Male,M,2024.0,"Accidental poisoning by and exposure to narcotics and psychodysleptics [hallucinogens], not elsewhere classified",X42,Other,7.0,23.0,129367,1649473,9.2,5.4,10.0,1.3943847519783592,0.6062542399905909
"Alameda County, CA",06001,Male,M,2024.0,"Accidental poisoning by and exposure to other and unspecified drugs, medicaments and biological substances",X44,Decedent's home,4.0,54.0,129367,1649473,9.2,5.4,10.0,3.2737728959491914,0.6062542399905909
"Alameda County, CA",06001,Male,M,2024.0,"Accidental poisoning by and exposure to other and unspecified drugs, medicaments and biological substances",X44,Other,7.0,56.0,129367,1649473,9.2,5.4,10.0,3.395023743947309,0.6062542399905909
"Butte County, CA",06007,Female,F,2024.0,"Accidental poisoning by and exposure to antiepileptic, sedative-hypnotic, antiparkinsonism and psychotropic drugs, not elsewhere classified",X41,Decedent's home,4.0,13.0,67928,207929,19.2,7.5,8.0,6.252134141942682,3.8474671642724196
"Butte County, CA",06007,Male,M,2024.0,"Accidental poisoning by and exposure to narcotics and psychodysleptics [hallucinogens], not elsewhere classified",X42,Decedent's home,4.0,10.0,67928,207929,19.2,7.5,8.0,4.809333955340525,3.8474671642724196
"Butte County, CA",06007,Male,M,2024.0,"Accidental poisoning by and exposure to other and unspecified drugs, medicaments and biological substances",X44,Decedent's home,4.0,11.0,67928,207929,19.2,7.5,8.0,5.2902673508745774,3.8474671642724196
"Butte County, CA",06007,Male,M,2024.0,"Accidental poisoning by and exposure to other and unspecified drugs, medicaments and biological substances",X44,Other,7.0,10.0,67928,207929,19.2,7.5,8.0,4.809333955340525,3.8474671642724196
"Contra Costa County, CA",06013,Female,F,2024.0,"Accidental poisoning by and exposure to narcotics and psychodysleptics [hallucinogens], not elsewhere classified",X42,Decedent's home,4.0,13.0,127229,1165012,8.4,6.5,18.0,1.1158683344034224,1.5450484630201233
"Contra Costa County, CA",06013,Male,M,2024.0,"Accidental poisoning by and exposure to antiepileptic, sedative-hypnotic, antiparkinsonism and psychotropic drugs, not elsewhere classified",X41,Decedent's home,4.0,20.0,127229,1165012,8.4,6.5,18.0,1.7167205144668038,1.5450484630201233
"Contra Costa County, CA",06013,Male,M,2024.0,"Accidental poisoning by and exposure to antiepileptic, sedative-hypnotic, antiparkinsonism and psychotropic drugs, not elsewhere classified",X41,Other,7.0,17.0,127229,1165012,8.4,6.5,18.0,1.4592124372967832,1.5450484630201233
"Contra Costa County, CA",06013,Male,M,2024.0,"Accidental poisoning by and exposure to narcotics and psychodysleptics [hallucinogens], not elsewhere classified",X42,Decedent's home,4.0,27.0,127229,1165012,8.4,6.5,18.0,2.317572694530185,1.5450484630201233
"Contra Costa County, CA",06013,Male,M,2024.0,"Accidental poisoning by and exposure to narcotics and psychodysleptics [hallucinogens], not elsewhere classified",X42,Other,7.0,18.0,127229,1165012,8.4,6.5,18.0,1.5450484630201233,1.5450484630201233
"Contra Costa County, CA",06013,Male,M,2024.0,"Accidental poisoning by and exposure to other and unspecified drugs, medicaments and biological substances",X44,Decedent's home,4.0,32.0,127229,1165012,8.4,6.5,18.0,2.746752823146886,1.5450484630201233
"Contra Costa County, CA",06013,Male,M,2024.0,"Accidental poisoning by and exposure to other and unspecified drugs, medicaments and biological substances",X44,Other,7.0,25.0,127229,1165012,8.4,6.5,18.0,2.145900643083505,1.5450484630201233
"Fresno County, CA",06019,Male,M,2024.0,"Accidental poisoning by and exposure to antiepileptic, sedative-hypnotic, antiparkinsonism and psychotropic drugs, not elsewhere classified",X41,Medical Facility - Outpatient or ER,2.0,13.0,74201,1016725,18.3,8.7,8.0,1.2786151614251642,0.7868400993385625
"Fresno County, CA",06019,Male,M,2024.0,"Accidental poisoning by and exposure to antiepileptic, sedative-hypnotic, antiparkinsonism and psychotropic drugs, not elsewhere classified",X41,Decedent's home,4.0,42.0,74201,1016725,18.3,8.7,8.0,4.130910521527453,0.7868400993385625
"Fresno County, CA",06019,Male,M,2024.0,"Accidental poisoning by and exposure to antiepileptic, sedative-hypnotic, antiparkinsonism and psychotropic drugs, not elsewhere classified",X41,Other,7.0,32.0,74201,1016725,18.3,8.7,8.0,3.14736039735425,0.7868400993385625
"Fresno County, CA",06019,Male,M,2024.0,"Accidental poisoning by and exposure to narcotics and psychodysleptics [hallucinogens], not elsewhere classified",X42,Decedent's home,4.0,28.0,74201,1016725,18.3,8.7,8.0,2.753940347684969,0.7868400993385625
"Fresno County, CA",06019,Male,M,2024.0,"Accidental poisoning by and exposure to narcotics and psychodysleptics [hallucinogens], not elsewhere classified",X42,Other,7.0,10.0,74201,1016725,18.3,8.7,8.0,0.9835501241732031,0.7868400993385625
"Fresno County, CA",06019,Male,M,2024.0,"Accidental poisoning by and exposure to other and unspecified drugs, medicaments and biological substances",X44,Decedent's home,4.0,17.0,74201,1016725,18.3,8.7,8.0,1.6720352110944456,0.7868400993385625
"Fresno County, CA",06019,Male,M,2024.0,"Accidental poisoning by and exposure to other and unspecified drugs, medicaments and biological substances",X44,Other,7.0,25.0,74201,1016725,18.3,8.7,8.0,2.458875310433008,0.7868400993385625
"Humboldt County, CA",06023,Male,M,2024.0,"Accidental poisoning by and exposure to narcotics and psychodysleptics [hallucinogens], not elsewhere classified",X42,Decedent's home,4.0,11.0,61160,134541,18.7,9.0,6.0,8.175946365791841,4.459607108613731
"Kern County, CA",06029,Female,F,2024.0,"Accidental poisoning by and exposure to antiepileptic, sedative-hypnotic, antiparkinsonism and psychotropic drugs, not elsewhere classified",X41,Decedent's home,4.0,20.0,70210,915075,19.1,8.6,12.0,2.1856132011037346,1.3113679206622408
"Kern County, CA",06029,Female,F,2024.0,"Accidental poisoning by and exposure to antiepileptic, sedative-hypnotic, antiparkinsonism and psychotropic drugs, not elsewhere classified",X41,Other,7.0,11.0,70210,915075,19.1,8.6,12.0,1.202087260607054,1.3113679206622408
"Kern County, CA",06029,Female,F,2024.0,"Accidental poisoning by and exposure to narcotics and psychodysleptics [hallucinogens], not elsewhere classified",X42,Decedent's home,4.0,11.0,70210,915075,19.1,8.6,12.0,1.202087260607054,1.3113679206622408
"Kern County, CA",06029,Female,F,2024.0,"Accidental poisoning by and exposure to other and unspecified drugs, medicaments and biological substances",X44,Decedent's home,4.0,27.0,70210,915075,19.1,8.6,12.0,2.9505778214900418,1.3113679206622408
"Kern County, CA",06029,Female,F,2024.0,"Accidental poisoning by and exposure to other and unspecified drugs, medicaments and biological substances",X44,Other,7.0,20.0,70210,915075,19.1,8.6,12.0,2.1856132011037346,1.3113679206622408
"Kern County, CA",06029,Male,M,2024.0,"Accidental poisoning by and exposure to antiepileptic, sedative-hypnotic, antiparkinsonism and psychotropic drugs, not elsewhere classified",X41,Medical Facility - Outpatient or ER,2.0,11.0,70210,915075,19.1,8.6,12.0,1.202087260607054,1.3113679206622408
"Kern County, CA",06029,Male,M,2024.0,"Accidental poisoning by and exposure to antiepileptic, sedative-hypnotic, antiparkinsonism and psychotropic drugs, not elsewhere classified",X41,Decedent's home,4.0,51.0,70210,915075,19.1,8.6,12.0,5.573313662814524,1.3113679206622408
"Kern County, CA",06029,Male,M,2024.0,"Accidental poisoning by and exposure to antiepileptic, sedative-hypnotic, antiparkinsonism and psychotropic drugs, not elsewhere classified",X41,Other,7.0,27.0,70210,915075,19.1,8.6,12.0,2.9505778214900418,1.3113679206622408
"Kern County, CA",06029,Male,M,2024.0,"Accidental poisoning by and exposure to narcotics and psychodysleptics [hallucinogens], not elsewhere classified",X42,Decedent's home,4.0,34.0,70210,915075,19.1,8.6,12.0,3.7155424418763485,1.3113679206622408
"Kern County, CA",06029,Male,M,2024.0,"Accidental poisoning by and exposure to narcotics and psychodysleptics [hallucinogens], not elsewhere classified",X42,Other,7.0,22.0,70210,915075,19.1,8.6,12.0,2.404174521214108,1.3113679206622408
"Kern County, CA",06029,Male,M,2024.0,"Accidental poisoning by and exposure to other and unspecified drugs, medicaments and biological substances",X44,Decedent's home,4.0,47.0,70210,915075,19.1,8.6,12.0,5.136191022593777,1.3113679206622408
"Kern County, CA",06029,Male,M,2024.0,"Accidental poisoning by and exposure to other and unspecified drugs, medicaments and biological substances",X44,Other,7.0,40.0,70210,915075,19.1,8.6,12.0,4.371226402207469,1.3113679206622408
"Lake County, CA",06033,Male,M,2024.0,"Accidental poisoning by and exposure to antiepileptic, sedative-hypnotic, antiparkinsonism and psychotropic drugs, not elsewhere classified",X41,Decedent's home,4.0,14.0,60621,68152,17.0,11.1,2.0,20.542317173377157,2.9346167390538795
"Los Angeles County, CA",06037,Female,F,2024.0,"Accidental poisoning by and exposure to antiepileptic, sedative-hypnotic, antiparkinsonism and psychotropic drugs, not elsewhere classified",X41,Medical Facility - Inpatient,1.0,15.0,90112,9808667,13.7,7.3,245.0,0.15292597862686133,2.4977909842387347
"Los Angeles County, CA",06037,Female,F,2024.0,"Accidental poisoning by and exposure to antiepileptic, sedative-hypnotic, antiparkinsonism and psychotropic drugs, not elsewhere classified",X41,Medical Facility - Outpatient or ER,2.0,10.0,90112,9808667,13.7,7.3,245.0,0.10195065241790756,2.4977909842387347
"Los Angeles County, CA",06037,Female,F,2024.0,"Accidental poisoning by and exposure to antiepileptic, sedative-hypnotic, antiparkinsonism and psychotropic drugs, not elsewhere classified",X41,Decedent's home,4.0,42.0,90112,9808667,13.7,7.3,245.0,0.42819274015521175,2.4977909842387347
"Los Angeles County, CA",06037,Female,F,2024.0,"Accidental poisoning by and exposure to antiepileptic, sedative-hypnotic, antiparkinsonism and psychotropic drugs, not elsewhere classified",X41,Other,7.0,39.0,90112,9808667,13.7,7.3,245.0,0.3976075444298395,2.4977909842387347
"Los Angeles County, CA",06037,Female,F,2024.0,"Accidental poisoning by and exposure to narcotics and psychodysleptics [hallucinogens], not elsewhere classified",X42,Decedent's home,4.0,52.0,90112,9808667,13.7,7.3,245.0,0.5301433925731193,2.4977909842387347
"Los Angeles County, CA",06037,Female,F,2024.0,"Accidental poisoning by and exposure to narcotics and psychodysleptics [hallucinogens], not elsewhere classified",X42,Other,7.0,18.0,90112,9808667,13.7,7.3,245.0,0.1835111743522336,2.4977909842387347
"Los Angeles County, CA",06037,Female,F,2024.0,"Accidental poisoning by and exposure to other and unspecified drugs, medicaments and biological substances",X44,Medical Facility - Inpatient,1.0,13.0,90112,9808667,13.7,7.3,245.0,0.13253584814327982,2.4977909842387347
"Los Angeles County, CA",06037,Female,F,2024.0,"Accidental poisoning by and exposure to other and unspecified drugs, medicaments and biological substances",X44,Medical Facility - Outpatient or ER,2.0,10.0,90112,9808667,13.7,7.3,245.0,0.10195065241790756,2.4977909842387347
"Los Angeles County, CA",06037,Female,F,2024.0,"Accidental poisoning by and exposure to other and unspecified drugs, medicaments and biological substances",X44,Decedent's home,4.0,87.0,90112,9808667,13.7,7.3,245.0,0.8869706760357957,2.4977909842387347
"Los Angeles County, CA",06037,Female,F,2024.0,"Accidental poisoning by and exposure to other and unspecified drugs, medicaments and biological substances",X44,Other,7.0,59.0,90112,9808667,13.7,7.3,245.0,0.6015088492656546,2.4977909842387347
"Los Angeles County, CA",06037,Female,F,2024.0,"Intentional self-poisoning by and exposure to other and unspecified drugs, medicaments and biological substances",X64,Decedent's home,4.0,18.0,90112,9808667,13.7,7.3,245.0,0.1835111743522336,2.4977909842387347
"Los Angeles County, CA",06037,Male,M,2024.0,"Accidental poisoning by and exposure to antiepileptic, sedative-hypnotic, antiparkinsonism and psychotropic drugs, not elsewhere classified",X41,Medical Facility - Inpatient,1.0,39.0,90112,9808667,13.7,7.3,245.0,0.3976075444298395,2.4977909842387347
"Los Angeles County, CA",06037,Male,M,2024.0,"Accidental poisoning by and exposure to antiepileptic, sedative-hypnotic, antiparkinsonism and psychotropic drugs, not elsewhere classified",X41,Medical Facility - Outpatient or ER,2.0,46.0,90112,9808667,13.7,7.3,245.0,0.4689730011223747,2.4977909842387347
"Los Angeles County, CA",06037,Male,M,2024.0,"Accidental poisoning by and exposure to antiepileptic, sedative-hypnotic, antiparkinsonism and psychotropic drugs, not elsewhere classified",X41,Decedent's home,4.0,124.0,90112,9808667,13.7,7.3,245.0,1.2641880899820535,2.4977909842387347
"Los Angeles County, CA",06037,Male,M,2024.0,"Accidental poisoning by and exposure to antiepileptic, sedative-hypnotic, antiparkinsonism and psychotropic drugs, not elsewhere classified",X41,Other,7.0,136.0,90112,9808667,13.7,7.3,245.0,1.3865288728835428,2.4977909842387347
"Los Angeles County, CA",06037,Male,M,2024.0,"Accidental poisoning by and exposure to narcotics and psychodysleptics [hallucinogens], not elsewhere classified",X42,Medical Facility - Inpatient,1.0,37.0,90112,9808667,13.7,7.3,245.0,0.37721741394625796,2.4977909842387347
"Los Angeles County, CA",06037,Male,M,2024.0,"Accidental poisoning by and exposure to narcotics and psychodysleptics [hallucinogens], not elsewhere classified",X42,Medical Facility - Outpatient or ER,2.0,33.0,90112,9808667,13.7,7.3,245.0,0.33643715297909493,2.4977909842387347
"Los Angeles County, CA",06037,Male,M,2024.0,"Accidental poisoning by and exposure to narcotics and psychodysleptics [hallucinogens], not elsewhere classified",X42,Decedent's home,4.0,199.0,90112,9808667,13.7,7.3,245.0,2.02881798311636,2.4977909842387347
"Los Angeles County, CA",06037,Male,M,2024.0,"Accidental poisoning by and exposure to narcotics and psychodysleptics [hallucinogens], not elsewhere classified",X42,Other,7.0,133.0,90112,9808667,13.7,7.3,245.0,1.3559436771581705,2.4977909842387347
"Los Angeles County, CA",06037,Male,M,2024.0,"Accidental poisoning by and exposure to other and unspecified drugs, medicaments and biological substances",X44,Medical Facility - Inpatient,1.0,40.0,90112,9808667,13.7,7.3,245.0,0.40780260967163023,2.4977909842387347
"Los Angeles County, CA",06037,Male,M,2024.0,"Accidental poisoning by and exposure to other and unspecified drugs, medicaments and biological substances",X44,Medical Facility - Outpatient or ER,2.0,40.0,90112,9808667,13.7,7.3,245.0,0.40780260967163023,2.4977909842387347
"Los Angeles County, CA",06037,Male,M,2024.0,"Accidental poisoning by and exposure to other and unspecified drugs, medicaments and biological substances",X44,Decedent's home,4.0,286.0,90112,9808667,13.7,7.3,245.0,2.915788659152156,2.4977909842387347
"Los Angeles County, CA",06037,Male,M,2024.0,"Accidental poisoning by and exposure to other and unspecified drugs, medicaments and biological substances",X44,Nursing home/long term care,6.0,11.0,90112,9808667,13.7,7.3,245.0,0.1121457176596983,2.4977909842387347
"Los Angeles County, CA",06037,Male,M,2024.0,"Accidental poisoning by and exposure to other and unspecified drugs, medicaments and biological substances",X44,Other,7.0,251.0,90112,9808667,13.7,7.3,245.0,2.5589613756894796,2.4977909842387347
"Los Angeles County, CA",06037,Male,M,2024.0,"Intentional self-poisoning by and exposure to other and unspecified drugs, medicaments and biological substances",X64,Decedent's home,4.0,16.0,90112,9808667,13.7,7.3,245.0,0.16312104386865206,2.4977909842387347
"Monterey County, CA",06053,Male,M,2024.0,"Accidental poisoning by and exposure to other and unspecified drugs, medicaments and biological substances",X44,Medical Facility - Outpatient or ER,2.0,10.0,97230,437613,12.7,5.2,7.0,2.285124070811425,1.5995868495679975
"Monterey County, CA",06053,Male,M,2024.0,"Accidental poisoning by and exposure to other and unspecified drugs, medicaments and biological substances",X44,Decedent's home,4.0,20.0,97230,437613,12.7,5.2,7.0,4.57024814162285,1.5995868495679975
"Monterey County, CA",06053,Male,M,2024.0,"Accidental poisoning by and exposure to other and unspecified drugs, medicaments and biological substances",X44,Other,7.0,24.0,97230,437613,12.7,5.2,7.0,5.484297769947419,1.5995868495679975
"Orange County, CA",06059,Female,F,2024.0,"Accidental poisoning by and exposure to narcotics and psychodysleptics [hallucinogens], not elsewhere classified",X42,Decedent's home,4.0,12.0,116289,3165820,9.5,5.4,111.0,0.3790487140772375,3.5062006052144468
"Orange County, CA",06059,Female,F,2024.0,"Accidental poisoning by and exposure to other and unspecified drugs, medicaments and biological substances",X44,Medical Facility - Outpatient or ER,2.0,13.0,116289,3165820,9.5,5.4,111.0,0.41063610691700725,3.5062006052144468
"Orange County, CA",06059,Female,F,2024.0,"Accidental poisoning by and exposure to other and unspecified drugs, medicaments and biological substances",X44,Decedent's home,4.0,29.0,116289,3165820,9.5,5.4,111.0,0.916034392353324,3.5062006052144468
"Orange County, CA",06059,Female,F,2024.0,"Accidental poisoning by and exposure to other and unspecified drugs, medicaments and biological substances",X44,Other,7.0,22.0,116289,3165820,9.5,5.4,111.0,0.6949226424749354,3.5062006052144468
"Orange County, CA",06059,Male,M,2024.0,"Accidental poisoning by and exposure to antiepileptic, sedative-hypnotic, antiparkinsonism and psychotropic drugs, not elsewhere classified",X41,Medical Facility - Outpatient or ER,2.0,12.0,116289,3165820,9.5,5.4,111.0,0.3790487140772375,3.5062006052144468
"Orange County, CA",06059,Male,M,2024.0,"Accidental poisoning by and exposure to antiepileptic, sedative-hypnotic, antiparkinsonism and psychotropic drugs, not elsewhere classified",X41,Decedent's home,4.0,26.0,116289,3165820,9.5,5.4,111.0,0.8212722138340145,3.5062006052144468
"Orange County, CA",06059,Male,M,2024.0,"Accidental poisoning by and exposure to antiepileptic, sedative-hypnotic, antiparkinsonism and psychotropic drugs, not elsewhere classified",X41,Other,7.0,21.0,116289,3165820,9.5,5.4,111.0,0.6633352496351657,3.5062006052144468
"Orange County, CA",06059,Male,M,2024.0,"Accidental poisoning by and exposure to narcotics and psychodysleptics [hallucinogens], not elsewhere classified",X42,Medical Facility - Inpatient,1.0,22.0,116289,3165820,9.5,5.4,111.0,0.6949226424749354,3.5062006052144468
"Orange County, CA",06059,Male,M,2024.0,"Accidental poisoning by and exposure to narcotics and psychodysleptics [hallucinogens], not elsewhere classified",X42,Medical Facility - Outpatient or ER,2.0,15.0,116289,3165820,9.5,5.4,111.0,0.4738108925965469,3.5062006052144468
"Orange County, CA",06059,Male,M,2024.0,"Accidental poisoning by and exposure to narcotics and psychodysleptics [hallucinogens], not elsewhere classified",X42,Decedent's home,4.0,41.0,116289,3165820,9.5,5.4,111.0,1.2950831064305615,3.5062006052144468
"Orange County, CA",06059,Male,M,2024.0,"Accidental poisoning by and exposure to narcotics and psychodysleptics [hallucinogens], not elsewhere classified",X42,Other,7.0,32.0,116289,3165820,9.5,5.4,111.0,1.0107965708726332,3.5062006052144468
"Orange County, CA",06059,Male,M,2024.0,"Accidental poisoning by and exposure to other and unspecified drugs, medicaments and biological substances",X44,Medical Facility - Inpatient,1.0,19.0,116289,3165820,9.5,5.4,111.0,0.600160463955626,3.5062006052144468
"Orange County, CA",06059,Male,M,2024.0,"Accidental poisoning by and exposure to other and unspecified drugs, medicaments and biological substances",X44,Medical Facility - Outpatient or ER,2.0,33.0,116289,3165820,9.5,5.4,111.0,1.042383963712403,3.5062006052144468
"Orange County, CA",06059,Male,M,2024.0,"Accidental poisoning by and exposure to other and unspecified drugs, medicaments and biological substances",X44,Decedent's home,4.0,109.0,116289,3165820,9.5,5.4,111.0,3.4430258195349075,3.5062006052144468
"Orange County, CA",06059,Male,M,2024.0,"Accidental poisoning by and exposure to other and unspecified drugs, medicaments and biological substances",X44,Other,7.0,80.0,116289,3165820,9.5,5.4,111.0,2.526991427181583,3.5062006052144468
"Orange County, CA",06059,Male,M,2024.0,"Intentional self-poisoning by and exposure to other and unspecified drugs, medicaments and biological substances",X64,Decedent's home,4.0,12.0,116289,3165820,9.5,5.4,111.0,0.3790487140772375,3.5062006052144468
"Riverside County, CA",06065,Female,F,2024.0,"Accidental poisoning by and exposure to antiepileptic, sedative-hypnotic, antiparkinsonism and psychotropic drugs, not elsewhere classified",X41,Decedent's home,4.0,20.0,93074,2478600,10.6,6.5,35.0,0.8069071249899137,1.4120874687323488
"Riverside County, CA",06065,Female,F,2024.0,"Accidental poisoning by and exposure to narcotics and psychodysleptics [hallucinogens], not elsewhere classified",X42,Decedent's home,4.0,16.0,93074,2478600,10.6,6.5,35.0,0.645525699991931,1.4120874687323488
"Riverside County, CA",06065,Female,F,2024.0,"Accidental poisoning by and exposure to other and unspecified drugs, medicaments and biological substances",X44,Decedent's home,4.0,29.0,93074,2478600,10.6,6.5,35.0,1.170015331235375,1.4120874687323488
"Riverside County, CA",06065,Female,F,2024.0,"Accidental poisoning by and exposure to other and unspecified drugs, medicaments and biological substances",X44,Other,7.0,16.0,93074,2478600,10.6,6.5,35.0,0.645525699991931,1.4120874687323488
"Riverside County, CA",06065,Male,M,2024.0,"Accidental poisoning by and exposure to antiepileptic, sedative-hypnotic, antiparkinsonism and psychotropic drugs, not elsewhere classified",X41,Medical Facility - Inpatient,1.0,11.0,93074,2478600,10.6,6.5,35.0,0.4437989187444525,1.4120874687323488
"Riverside County, CA",06065,Male,M,2024.0,"Accidental poisoning by and exposure to antiepileptic, sedative-hypnotic, antiparkinsonism and psychotropic drugs, not elsewhere classified",X41,Medical Facility - Outpatient or ER,2.0,22.0,93074,2478600,10.6,6.5,35.0,0.887597837488905,1.4120874687323488
"Riverside County, CA",06065,Male,M,2024.0,"Accidental poisoning by and exposure to antiepileptic, sedative-hypnotic, antiparkinsonism and psychotropic drugs, not elsewhere classified",X41,Decedent's home,4.0,69.0,93074,2478600,10.6,6.5,35.0,2.783829581215202,1.4120874687323488
"Riverside County, CA",06065,Male,M,2024.0,"Accidental poisoning by and exposure to antiepileptic, sedative-hypnotic, antiparkinsonism and psychotropic drugs, not elsewhere classified",X41,Other,7.0,59.0,93074,2478600,10.6,6.5,35.0,2.380376018720245,1.4120874687323488
"Riverside County, CA",06065,Male,M,2024.0,"Accidental poisoning by and exposure to narcotics and psychodysleptics [hallucinogens], not elsewhere classified",X42,Medical Facility - Outpatient or ER,2.0,14.0,93074,2478600,10.6,6.5,35.0,0.5648349874929396,1.4120874687323488
"Riverside County, CA",06065,Male,M,2024.0,"Accidental poisoning by and exposure to narcotics and psychodysleptics [hallucinogens], not elsewhere classified",X42,Decedent's home,4.0,69.0,93074,2478600,10.6,6.5,35.0,2.783829581215202,1.4120874687323488
"Riverside County, CA",06065,Male,M,2024.0,"Accidental poisoning by and exposure to narcotics and psychodysleptics [hallucinogens], not elsewhere classified",X42,Other,7.0,39.0,93074,2478600,10.6,6.5,35.0,1.5734688937303316,1.4120874687323488
"Riverside County, CA",06065,Male,M,2024.0,"Accidental poisoning by and exposure to other and unspecified drugs, medicaments and biological substances",X44,Medical Facility - Inpatient,1.0,18.0,93074,2478600,10.6,6.5,35.0,0.7262164124909224,1.4120874687323488
"Riverside County, CA",06065,Male,M,2024.0,"Accidental poisoning by and exposure to other and unspecified drugs, medicaments and biological substances",X44,Medical Facility - Outpatient or ER,2.0,10.0,93074,2478600,10.6,6.5,35.0,0.40345356249495684,1.4120874687323488
"Riverside County, CA",06065,Male,M,2024.0,"Accidental poisoning by and exposure to other and unspecified drugs, medicaments and biological substances",X44,Decedent's home,4.0,94.0,93074,2478600,10.6,6.5,35.0,3.792463487452594,1.4120874687323488
"Riverside County, CA",06065,Male,M,2024.0,"Accidental poisoning by and exposure to other and unspecified drugs, medicaments and biological substances",X44,Other,7.0,86.0,93074,2478600,10.6,6.5,35.0,3.469700637456629,1.4120874687323488
"Sacramento County, CA",06067,Female,F,2024.0,"Accidental poisoning by and exposure to antiepileptic, sedative-hypnotic, antiparkinsonism and psychotropic drugs, not elsewhere classified",X41,Decedent's home,4.0,20.0,92175,1594006,12.5,6.7,36.0,1.2547004214538715,2.258460758616969
"Sacramento County, CA",06067,Female,F,2024.0,"Accidental poisoning by and exposure to antiepileptic, sedative-hypnotic, antiparkinsonism and psychotropic drugs, not elsewhere classified",X41,Other,7.0,16.0,92175,1594006,12.5,6.7,36.0,1.0037603371630972,2.258460758616969
"Sacramento County, CA",06067,Female,F,2024.0,"Accidental poisoning by and exposure to narcotics and psychodysleptics [hallucinogens], not elsewhere classified",X42,Decedent's home,4.0,13.0,92175,1594006,12.5,6.7,36.0,0.8155552739450165,2.258460758616969
"Sacramento County, CA",06067,Female,F,2024.0,"Accidental poisoning by and exposure to other and unspecified drugs, medicaments and biological substances",X44,Decedent's home,4.0,24.0,92175,1594006,12.5,6.7,36.0,1.505640505744646,2.258460758616969
"Sacramento County, CA",06067,Female,F,2024.0,"Accidental poisoning by and exposure to other and unspecified drugs, medicaments and biological substances",X44,Other,7.0,19.0,92175,1594006,12.5,6.7,36.0,1.191965400381178,2.258460758616969
"Sacramento County, CA",06067,Male,M,2024.0,"Accidental poisoning by and exposure to antiepileptic, sedative-hypnotic, antiparkinsonism and psychotropic drugs, not elsewhere classified",X41,Medical Facility - Outpatient or ER,2.0,28.0,92175,1594006,12.5,6.7,36.0,1.75658059003542,2.258460758616969
"Sacramento County, CA",06067,Male,M,2024.0,"Accidental poisoning by and exposure to antiepileptic, sedative-hypnotic, antiparkinsonism and psychotropic drugs, not elsewhere classified",X41,Decedent's home,4.0,70.0,92175,1594006,12.5,6.7,36.0,4.391451475088551,2.258460758616969
"Sacramento County, CA",06067,Male,M,2024.0,"Accidental poisoning by and exposure to antiepileptic, sedative-hypnotic, antiparkinsonism and psychotropic drugs, not elsewhere classified",X41,Other,7.0,42.0,92175,1594006,12.5,6.7,36.0,2.6348708850531306,2.258460758616969
"Sacramento County, CA",06067,Male,M,2024.0,"Accidental poisoning by and exposure to narcotics and psychodysleptics [hallucinogens], not elsewhere classified",X42,Decedent's home,4.0,59.0,92175,1594006,12.5,6.7,36.0,3.7013662432889207,2.258460758616969
"Sacramento County, CA",06067,Male,M,2024.0,"Accidental poisoning by and exposure to narcotics and psychodysleptics [hallucinogens], not elsewhere classified",X42,Other,7.0,19.0,92175,1594006,12.5,6.7,36.0,1.191965400381178,2.258460758616969
"Sacramento County, CA",06067,Male,M,2024.0,"Accidental poisoning by and exposure to other and unspecified drugs, medicaments and biological substances",X44,Medical Facility - Outpatient or ER,2.0,12.0,92175,1594006,12.5,6.7,36.0,0.752820252872323,2.258460758616969
"Sacramento County, CA",06067,Male,M,2024.0,"Accidental poisoning by and exposure to other and unspecified drugs, medicaments and biological substances",X44,Decedent's home,4.0,64.0,92175,1594006,12.5,6.7,36.0,4.015041348652389,2.258460758616969
"Sacramento County, CA",06067,Male,M,2024.0,"Accidental poisoning by and exposure to other and unspecified drugs, medicaments and biological substances",X44,Other,7.0,64.0,92175,1594006,12.5,6.7,36.0,4.015041348652389,2.258460758616969
"San Bernardino County, CA",06071,Female,F,2024.0,"Accidental poisoning by and exposure to antiepileptic, sedative-hypnotic, antiparkinsonism and psychotropic drugs, not elsewhere classified",X41,Decedent's home,4.0,10.0,85478,2197104,13.3,7.1,34.0,0.45514459033345717,1.547491607133754
"San Bernardino County, CA",06071,Female,F,2024.0,"Accidental poisoning by and exposure to antiepileptic, sedative-hypnotic, antiparkinsonism and psychotropic drugs, not elsewhere classified",X41,Other,7.0,10.0,85478,2197104,13.3,7.1,34.0,0.45514459033345717,1.547491607133754
"San Bernardino County, CA",06071,Female,F,2024.0,"Accidental poisoning by and exposure to narcotics and psychodysleptics [hallucinogens], not elsewhere classified",X42,Decedent's home,4.0,20.0,85478,2197104,13.3,7.1,34.0,0.9102891806669143,1.547491607133754
"San Bernardino County, CA",06071,Female,F,2024.0,"Accidental poisoning by and exposure to other and unspecified drugs, medicaments and biological substances",X44,Decedent's home,4.0,12.0,85478,2197104,13.3,7.1,34.0,0.5461735084001486,1.547491607133754
"San Bernardino County, CA",06071,Female,F,2024.0,"Accidental poisoning by and exposure to other and unspecified drugs, medicaments and biological substances",X44,Other,7.0,14.0,85478,2197104,13.3,7.1,34.0,0.63720242646684,1.547491607133754
"San Bernardino County, CA",06071,Male,M,2024.0,"Mental and behavioural disorders due to use of other stimulants, including caffeine, harmful use",F15.1,Decedent's home,4.0,16.0,85478,2197104,13.3,7.1,34.0,0.7282313445335314,1.547491607133754
"San Bernardino County, CA",06071,Male,M,2024.0,"Accidental poisoning by and exposure to antiepileptic, sedative-hypnotic, antiparkinsonism and psychotropic drugs, not elsewhere classified",X41,Medical Facility - Outpatient or ER,2.0,18.0,85478,2197104,13.3,7.1,34.0,0.8192602626002228,1.547491607133754
"San Bernardino County, CA",06071,Male,M,2024.0,"Accidental poisoning by and exposure to antiepileptic, sedative-hypnotic, antiparkinsonism and psychotropic drugs, not elsewhere classified",X41,Decedent's home,4.0,23.0,85478,2197104,13.3,7.1,34.0,1.0468325577669513,1.547491607133754
"San Bernardino County, CA",06071,Male,M,2024.0,"Accidental poisoning by and exposure to antiepileptic, sedative-hypnotic, antiparkinsonism and psychotropic drugs, not elsewhere classified",X41,Other,7.0,29.0,85478,2197104,13.3,7.1,34.0,1.3199193119670256,1.547491607133754
"San Bernardino County, CA",06071,Male,M,2024.0,"Accidental poisoning by and exposure to narcotics and psychodysleptics [hallucinogens], not elsewhere classified",X42,Medical Facility - Inpatient,1.0,14.0,85478,2197104,13.3,7.1,34.0,0.63720242646684,1.547491607133754
"San Bernardino County, CA",06071,Male,M,2024.0,"Accidental poisoning by and exposure to narcotics and psychodysleptics [hallucinogens], not elsewhere classified",X42,Medical Facility - Outpatient or ER,2.0,16.0,85478,2197104,13.3,7.1,34.0,0.7282313445335314,1.547491607133754
"San Bernardino County, CA",06071,Male,M,2024.0,"Accidental poisoning by and exposure to narcotics and psychodysleptics [hallucinogens], not elsewhere classified",X42,Decedent's home,4.0,71.0,85478,2197104,13.3,7.1,34.0,3.2315265913675457,1.547491607133754
"San Bernardino County, CA",06071,Male,M,2024.0,"Accidental poisoning by and exposure to narcotics and psychodysleptics [hallucinogens], not elsewhere classified",X42,Other,7.0,36.0,85478,2197104,13.3,7.1,34.0,1.6385205252004456,1.547491607133754
"San Bernardino County, CA",06071,Male,M,2024.0,"Accidental poisoning by and exposure to other and unspecified drugs, medicaments and biological substances",X44,Medical Facility - Inpatient,1.0,15.0,85478,2197104,13.3,7.1,34.0,0.6827168855001857,1.547491607133754
"San Bernardino County, CA",06071,Male,M,2024.0,"Accidental poisoning by and exposure to other and unspecified drugs, medicaments and biological substances",X44,Medical Facility - Outpatient or ER,2.0,15.0,85478,2197104,13.3,7.1,34.0,0.6827168855001857,1.547491607133754
"San Bernardino County, CA",06071,Male,M,2024.0,"Accidental poisoning by and exposure to other and unspecified drugs, medicaments and biological substances",X44,Decedent's home,4.0,34.0,85478,2197104,13.3,7.1,34.0,1.547491607133754,1.547491607133754
"San Bernardino County, CA",06071,Male,M,2024.0,"Accidental poisoning by and exposure to other and unspecified drugs, medicaments and biological substances",X44,Other,7.0,59.0,85478,2197104,13.3,7.1,34.0,2.685353082967397,1.547491607133754
"San Diego County, CA",06073,Female,F,2024.0,"Accidental poisoning by and exposure to antiepileptic, sedative-hypnotic, antiparkinsonism and psychotropic drugs, not elsewhere classified",X41,Decedent's home,4.0,19.0,106268,3288774,10.3,6.1,78.0,0.5777228839683115,2.3717044710278055
"San Diego County, CA",06073,Female,F,2024.0,"Accidental poisoning by and exposure to narcotics and psychodysleptics [hallucinogens], not elsewhere classified",X42,Decedent's home,4.0,21.0,106268,3288774,10.3,6.1,78.0,0.6385358191228707,2.3717044710278055
"San Diego County, CA",06073,Female,F,2024.0,"Accidental poisoning by and exposure to narcotics and psychodysleptics [hallucinogens], not elsewhere classified",X42,Other,7.0,10.0,106268,3288774,10.3,6.1,78.0,0.30406467577279556,2.3717044710278055
"San Diego County, CA",06073,Female,F,2024.0,"Accidental poisoning by and exposure to other and unspecified drugs, medicaments and biological substances",X44,Medical Facility - Inpatient,1.0,14.0,106268,3288774,10.3,6.1,78.0,0.4256905460819138,2.3717044710278055
"San Diego County, CA",06073,Female,F,2024.0,"Accidental poisoning by and exposure to other and unspecified drugs, medicaments and biological substances",X44,Medical Facility - Outpatient or ER,2.0,10.0,106268,3288774,10.3,6.1,78.0,0.30406467577279556,2.3717044710278055
"San Diego County, CA",06073,Female,F,2024.0,"Accidental poisoning by and exposure to other and unspecified drugs, medicaments and biological substances",X44,Decedent's home,4.0,34.0,106268,3288774,10.3,6.1,78.0,1.033819897627505,2.3717044710278055
"San Diego County, CA",06073,Female,F,2024.0,"Accidental poisoning by and exposure to other and unspecified drugs, medicaments and biological substances",X44,Other,7.0,20.0,106268,3288774,10.3,6.1,78.0,0.6081293515455911,2.3717044710278055
"San Diego County, CA",06073,Female,F,2024.0,"Intentional self-poisoning by and exposure to other and unspecified drugs, medicaments and biological substances",X64,Decedent's home,4.0,10.0,106268,3288774,10.3,6.1,78.0,0.30406467577279556,2.3717044710278055
"San Diego County, CA",06073,Male,M,2024.0,"Accidental poisoning by and exposure to antiepileptic, sedative-hypnotic, antiparkinsonism and psychotropic drugs, not elsewhere classified",X41,Medical Facility - Inpatient,1.0,16.0,106268,3288774,10.3,6.1,78.0,0.48650348123647297,2.3717044710278055
"San Diego County, CA",06073,Male,M,2024.0,"Accidental poisoning by and exposure to antiepileptic, sedative-hypnotic, antiparkinsonism and psychotropic drugs, not elsewhere classified",X41,Medical Facility - Outpatient or ER,2.0,19.0,106268,3288774,10.3,6.1,78.0,0.5777228839683115,2.3717044710278055
"San Diego County, CA",06073,Male,M,2024.0,"Accidental poisoning by and exposure to antiepileptic, sedative-hypnotic, antiparkinsonism and psychotropic drugs, not elsewhere classified",X41,Decedent's home,4.0,52.0,106268,3288774,10.3,6.1,78.0,1.581136314018537,2.3717044710278055
"San Diego County, CA",06073,Male,M,2024.0,"Accidental poisoning by and exposure to antiepileptic, sedative-hypnotic, antiparkinsonism and psychotropic drugs, not elsewhere classified",X41,Other,7.0,28.0,106268,3288774,10.3,6.1,78.0,0.8513810921638276,2.3717044710278055
"San Diego County, CA",06073,Male,M,2024.0,"Accidental poisoning by and exposure to narcotics and psychodysleptics [hallucinogens], not elsewhere classified",X42,Medical Facility - Outpatient or ER,2.0,12.0,106268,3288774,10.3,6.1,78.0,0.3648776109273547,2.3717044710278055
"San Diego County, CA",06073,Male,M,2024.0,"Accidental poisoning by and exposure to narcotics and psychodysleptics [hallucinogens], not elsewhere classified",X42,Decedent's home,4.0,66.0,106268,3288774,10.3,6.1,78.0,2.0068268601004506,2.3717044710278055
"San Diego County, CA",06073,Male,M,2024.0,"Accidental poisoning by and exposure to narcotics and psychodysleptics [hallucinogens], not elsewhere classified",X42,Other,7.0,43.0,106268,3288774,10.3,6.1,78.0,1.307478105823021,2.3717044710278055
"San Diego County, CA",06073,Male,M,2024.0,"Accidental poisoning by and exposure to other and unspecified drugs, medicaments and biological substances",X44,Medical Facility - Inpatient,1.0,21.0,106268,3288774,10.3,6.1,78.0,0.6385358191228707,2.3717044710278055
"San Diego County, CA",06073,Male,M,2024.0,"Accidental poisoning by and exposure to other and unspecified drugs, medicaments and biological substances",X44,Medical Facility - Outpatient or ER,2.0,19.0,106268,3288774,10.3,6.1,78.0,0.5777228839683115,2.3717044710278055
"San Diego County, CA",06073,Male,M,2024.0,"Accidental poisoning by and exposure to other and unspecified drugs, medicaments and biological substances",X44,Decedent's home,4.0,86.0,106268,3288774,10.3,6.1,78.0,2.614956211646042,2.3717044710278055
"San Diego County, CA",06073,Male,M,2024.0,"Accidental poisoning by and exposure to other and unspecified drugs, medicaments and biological substances",X44,Other,7.0,108.0,106268,3288774,10.3,6.1,78.0,3.283898498346192,2.3717044710278055
"San Francisco County, CA",06075,Female,F,2024.0,"Accidental poisoning by and exposure to narcotics and psychodysleptics [hallucinogens], not elsewhere classified",X42,Decedent's home,4.0,30.0,140970,830235,11.2,6.1,15.0,3.6134347504019946,1.8067173752009973
"San Francisco County, CA",06075,Female,F,2024.0,"Accidental poisoning by and exposure to narcotics and psychodysleptics [hallucinogens], not elsewhere classified",X42,Other,7.0,10.0,140970,830235,11.2,6.1,15.0,1.2044782501339981,1.8067173752009973
"San Francisco County, CA",06075,Female,F,2024.0,"Accidental poisoning by and exposure to other and unspecified drugs, medicaments and biological substances",X44,Decedent's home,4.0,25.0,140970,830235,11.2,6.1,15.0,3.0111956253349956,1.8067173752009973
"San Francisco County, CA",06075,Female,F,2024.0,"Accidental poisoning by and exposure to other and unspecified drugs, medicaments and biological substances",X44,Other,7.0,13.0,140970,830235,11.2,6.1,15.0,1.565821725174198,1.8067173752009973
"San Francisco County, CA",06075,Male,M,2024.0,"Accidental poisoning by and exposure to antiepileptic, sedative-hypnotic, antiparkinsonism and psychotropic drugs, not elsewhere classified",X41,Decedent's home,4.0,34.0,140970,830235,11.2,6.1,15.0,4.095226050455594,1.8067173752009973
"San Francisco County, CA",06075,Male,M,2024.0,"Accidental poisoning by and exposure to narcotics and psychodysleptics [hallucinogens], not elsewhere classified",X42,Medical Facility - Inpatient,1.0,12.0,140970,830235,11.2,6.1,15.0,1.445373900160798,1.8067173752009973
"San Francisco County, CA",06075,Male,M,2024.0,"Accidental poisoning by and exposure to narcotics and psychodysleptics [hallucinogens], not elsewhere classified",X42,Decedent's home,4.0,90.0,140970,830235,11.2,6.1,15.0,10.840304251205984,1.8067173752009973
"San Francisco County, CA",06075,Male,M,2024.0,"Accidental poisoning by and exposure to narcotics and psychodysleptics [hallucinogens], not elsewhere classified",X42,Other,7.0,46.0,140970,830235,11.2,6.1,15.0,5.540599950616392,1.8067173752009973
"San Francisco County, CA",06075,Male,M,2024.0,"Accidental poisoning by and exposure to other and unspecified drugs, medicaments and biological substances",X44,Medical Facility - Inpatient,1.0,12.0,140970,830235,11.2,6.1,15.0,1.445373900160798,1.8067173752009973
"San Francisco County, CA",06075,Male,M,2024.0,"Accidental poisoning by and exposure to other and unspecified drugs, medicaments and biological substances",X44,Decedent's home,4.0,114.0,140970,830235,11.2,6.1,15.0,13.731052051527579,1.8067173752009973
"San Francisco County, CA",06075,Male,M,2024.0,"Accidental poisoning by and exposure to other and unspecified drugs, medicaments and biological substances",X44,Other,7.0,45.0,140970,830235,11.2,6.1,15.0,5.420152125602992,1.8067173752009973
"San Joaquin County, CA",06077,Male,M,2024.0,"Accidental poisoning by and exposure to antiepileptic, sedative-hypnotic, antiparkinsonism and psychotropic drugs, not elsewhere classified",X41,Decedent's home,4.0,11.0,92179,797334,12.4,7.6,3.0,1.3795975086977352,0.37625386600847327
"San Joaquin County, CA",06077,Male,M,2024.0,"Accidental poisoning by and exposure to narcotics and psychodysleptics [hallucinogens], not elsewhere classified",X42,Decedent's home,4.0,26.0,92179,797334,12.4,7.6,3.0,3.2608668387401014,0.37625386600847327
"San Joaquin County, CA",06077,Male,M,2024.0,"Accidental poisoning by and exposure to narcotics and psychodysleptics [hallucinogens], not elsewhere classified",X42,Other,7.0,11.0,92179,797334,12.4,7.6,3.0,1.3795975086977352,0.37625386600847327
"San Joaquin County, CA",06077,Male,M,2024.0,"Accidental poisoning by and exposure to other and unspecified drugs, medicaments and biological substances",X44,Medical Facility - Outpatient or ER,2.0,10.0,92179,797334,12.4,7.6,3.0,1.2541795533615774,0.37625386600847327
"San Joaquin County, CA",06077,Male,M,2024.0,"Accidental poisoning by and exposure to other and unspecified drugs, medicaments and biological substances",X44,Decedent's home,4.0,24.0,92179,797334,12.4,7.6,3.0,3.010030928067786,0.37625386600847327
"San Joaquin County, CA",06077,Male,M,2024.0,"Accidental poisoning by and exposure to other and unspecified drugs, medicaments and biological substances",X44,Other,7.0,23.0,92179,797334,12.4,7.6,3.0,2.8846129727316283,0.37625386600847327
"San Luis Obispo County, CA",06079,Male,M,2024.0,"Accidental poisoning by and exposure to narcotics and psychodysleptics [hallucinogens], not elsewhere classified",X42,Decedent's home,4.0,10.0,97446,281555,12.9,5.5,1.0,3.5517039299603983,0.35517039299603986
"San Mateo County, CA",06081,Male,M,2024.0,"Accidental poisoning by and exposure to narcotics and psychodysleptics [hallucinogens], not elsewhere classified",X42,Decedent's home,4.0,10.0,158855,742340,6.7,4.8,5.0,1.3470916291726165,0.6735458145863082
"San Mateo County, CA",06081,Male,M,2024.0,"Accidental poisoning by and exposure to narcotics and psychodysleptics [hallucinogens], not elsewhere classified",X42,Other,7.0,12.0,158855,742340,6.7,4.8,5.0,1.6165099550071396,0.6735458145863082
"San Mateo County, CA",06081,Male,M,2024.0,"Accidental poisoning by and exposure to other and unspecified drugs, medicaments and biological substances",X44,Other,7.0,11.0,158855,742340,6.7,4.8,5.0,1.481800792089878,0.6735458145863082
"Santa Barbara County, CA",06083,Female,F,2024.0,"Accidental poisoning by and exposure to other and unspecified drugs, medicaments and biological substances",X44,Decedent's home,4.0,12.0,98161,443701,14.7,6.4,8.0,2.7045239925084683,1.8030159950056457
"Santa Barbara County, CA",06083,Male,M,2024.0,"Accidental poisoning by and exposure to other and unspecified drugs, medicaments and biological substances",X44,Decedent's home,4.0,20.0,98161,443701,14.7,6.4,8.0,4.507539987514114,1.8030159950056457
"Santa Barbara County, CA",06083,Male,M,2024.0,"Accidental poisoning by and exposure to other and unspecified drugs, medicaments and biological substances",X44,Other,7.0,15.0,98161,443701,14.7,6.4,8.0,3.380654990635586,1.8030159950056457
"Santa Clara County, CA",06085,Female,F,2024.0,"Accidental poisoning by and exposure to antiepileptic, sedative-hypnotic, antiparkinsonism and psychotropic drugs, not elsewhere classified",X41,Decedent's home,4.0,10.0,164281,1902047,7.1,4.9,16.0,0.5257493637118326,0.8411989819389321
"Santa Clara County, CA",06085,Female,F,2024.0,"Accidental poisoning by and exposure to other and unspecified drugs, medicaments and biological substances",X44,Decedent's home,4.0,14.0,164281,1902047,7.1,4.9,16.0,0.7360491091965655,0.8411989819389321
"Santa Clara County, CA",06085,Male,M,2024.0,"Accidental poisoning by and exposure to antiepileptic, sedative-hypnotic, antiparkinsonism and psychotropic drugs, not elsewhere classified",X41,Medical Facility - Inpatient,1.0,13.0,164281,1902047,7.1,4.9,16.0,0.6834741728253824,0.8411989819389321
"Santa Clara County, CA",06085,Male,M,2024.0,"Accidental poisoning by and exposure to antiepileptic, sedative-hypnotic, antiparkinsonism and psychotropic drugs, not elsewhere classified",X41,Medical Facility - Outpatient or ER,2.0,16.0,164281,1902047,7.1,4.9,16.0,0.8411989819389321,0.8411989819389321
"Santa Clara County, CA",06085,Male,M,2024.0,"Accidental poisoning by and exposure to antiepileptic, sedative-hypnotic, antiparkinsonism and psychotropic drugs, not elsewhere classified",X41,Decedent's home,4.0,31.0,164281,1902047,7.1,4.9,16.0,1.629823027506681,0.8411989819389321
"Santa Clara County, CA",06085,Male,M,2024.0,"Accidental poisoning by and exposure to antiepileptic, sedative-hypnotic, antiparkinsonism and psychotropic drugs, not elsewhere classified",X41,Other,7.0,24.0,164281,1902047,7.1,4.9,16.0,1.2617984729083982,0.8411989819389321
"Santa Clara County, CA",06085,Male,M,2024.0,"Accidental poisoning by and exposure to narcotics and psychodysleptics [hallucinogens], not elsewhere classified",X42,Decedent's home,4.0,15.0,164281,1902047,7.1,4.9,16.0,0.7886240455677488,0.8411989819389321
"Santa Clara County, CA",06085,Male,M,2024.0,"Accidental poisoning by and exposure to other and unspecified drugs, medicaments and biological substances",X44,Medical Facility - Inpatient,1.0,10.0,164281,1902047,7.1,4.9,16.0,0.5257493637118326,0.8411989819389321
"Santa Clara County, CA",06085,Male,M,2024.0,"Accidental poisoning by and exposure to other and unspecified drugs, medicaments and biological substances",X44,Decedent's home,4.0,27.0,164281,1902047,7.1,4.9,16.0,1.4195232820219479,0.8411989819389321
"Santa Clara County, CA",06085,Male,M,2024.0,"Accidental poisoning by and exposure to other and unspecified drugs, medicaments and biological substances",X44,Other,7.0,34.0,164281,1902047,7.1,4.9,16.0,1.7875478366202306,0.8411989819389321
"Santa Cruz County, CA",06087,Male,M,2024.0,"Accidental poisoning by and exposure to other and unspecified drugs, medicaments and biological substances",X44,Other,7.0,22.0,111093,264926,11.6,6.1,6.0,8.304205702724534,2.2647833734703275
"Shasta County, CA",06089,Male,M,2024.0,"Accidental poisoning by and exposure to narcotics and psychodysleptics [hallucinogens], not elsewhere classified",X42,Decedent's home,4.0,15.0,72636,181436,13.3,6.3,9.0,8.267378028616152,4.960426817169691
"Shasta County, CA",06089,Male,M,2024.0,"Accidental poisoning by and exposure to narcotics and psychodysleptics [hallucinogens], not elsewhere classified",X42,Other,7.0,10.0,72636,181436,13.3,6.3,9.0,5.511585352410767,4.960426817169691
"Solano County, CA",06095,Male,M,2024.0,"Accidental poisoning by and exposure to antiepileptic, sedative-hypnotic, antiparkinsonism and psychotropic drugs, not elsewhere classified",X41,Other,7.0,10.0,100401,451918,10.0,6.5,6.0,2.212790816032997,1.3276744896197983
"Solano County, CA",06095,Male,M,2024.0,"Accidental poisoning by and exposure to narcotics and psychodysleptics [hallucinogens], not elsewhere classified",X42,Other,7.0,10.0,100401,451918,10.0,6.5,6.0,2.212790816032997,1.3276744896197983
"Solano County, CA",06095,Male,M,2024.0,"Accidental poisoning by and exposure to other and unspecified drugs, medicaments and biological substances",X44,Decedent's home,4.0,16.0,100401,451918,10.0,6.5,6.0,3.5404653056527953,1.3276744896197983
"Solano County, CA",06095,Male,M,2024.0,"Accidental poisoning by and exposure to other and unspecified drugs, medicaments and biological substances",X44,Other,7.0,20.0,100401,451918,10.0,6.5,6.0,4.425581632065994,1.3276744896197983
"Sonoma County, CA",06097,Female,F,2024.0,"Accidental poisoning by and exposure to other and unspecified drugs, medicaments and biological substances",X44,Decedent's home,4.0,10.0,104674,485040,8.9,5.7,10.0,2.061685634174501,2.061685634174501
"Sonoma County, CA",06097,Male,M,2024.0,"Accidental poisoning by and exposure to other and unspecified drugs, medicaments and biological substances",X44,Decedent's home,4.0,20.0,104674,485040,8.9,5.7,10.0,4.123371268349002,2.061685634174501
"Sonoma County, CA",06097,Male,M,2024.0,"Accidental poisoning by and exposure to other and unspecified drugs, medicaments and biological substances",X44,Other,7.0,17.0,104674,485040,8.9,5.7,10.0,3.5048655780966516,2.061685634174501
"Stanislaus County, CA",06099,Female,F,2024.0,"Accidental poisoning by and exposure to other and unspecified drugs, medicaments and biological substances",X44,Decedent's home,4.0,13.0,81468,553990,13.5,8.0,3.0,2.3466127547428655,0.5415260203252766
"Stanislaus County, CA",06099,Male,M,2024.0,"Accidental poisoning by and exposure to antiepileptic, sedative-hypnotic, antiparkinsonism and psychotropic drugs, not elsewhere classified",X41,Decedent's home,4.0,10.0,81468,553990,13.5,8.0,3.0,1.8050867344175887,0.5415260203252766
"Stanislaus County, CA",06099,Male,M,2024.0,"Accidental poisoning by and exposure to antiepileptic, sedative-hypnotic, antiparkinsonism and psychotropic drugs, not elsewhere classified",X41,Other,7.0,12.0,81468,553990,13.5,8.0,3.0,2.1661040813011065,0.5415260203252766
"Stanislaus County, CA",06099,Male,M,2024.0,"Accidental poisoning by and exposure to narcotics and psychodysleptics [hallucinogens], not elsewhere classified",X42,Decedent's home,4.0,16.0,81468,553990,13.5,8.0,3.0,2.888138775068142,0.5415260203252766
"Stanislaus County, CA",06099,Male,M,2024.0,"Accidental poisoning by and exposure to narcotics and psychodysleptics [hallucinogens], not elsewhere classified",X42,Other,7.0,13.0,81468,553990,13.5,8.0,3.0,2.3466127547428655,0.5415260203252766
"Stanislaus County, CA",06099,Male,M,2024.0,"Accidental poisoning by and exposure to other and unspecified drugs, medicaments and biological substances",X44,Decedent's home,4.0,16.0,81468,553990,13.5,8.0,3.0,2.888138775068142,0.5415260203252766
"Stanislaus County, CA",06099,Male,M,2024.0,"Accidental poisoning by and exposure to other and unspecified drugs, medicaments and biological substances",X44,Other,7.0,33.0,81468,553990,13.5,8.0,3.0,5.956786223578042,0.5415260203252766
"Tulare County, CA",06107,Male,M,2024.0,"Accidental poisoning by and exposure to antiepileptic, sedative-hypnotic, antiparkinsonism and psychotropic drugs, not elsewhere classified",X41,Decedent's home,4.0,13.0,71300,478693,17.9,9.3,1.0,2.7157280344604997,0.20890215649696153
"Tulare County, CA",06107,Male,M,2024.0,"Accidental poisoning by and exposure to antiepileptic, sedative-hypnotic, antiparkinsonism and psychotropic drugs, not elsewhere classified",X41,Other,7.0,14.0,71300,478693,17.9,9.3,1.0,2.924630190957461,0.20890215649696153
"Tulare County, CA",06107,Male,M,2024.0,"Accidental poisoning by and exposure to other and unspecified drugs, medicaments and biological substances",X44,Decedent's home,4.0,10.0,71300,478693,17.9,9.3,1.0,2.089021564969615,0.20890215649696153
"Tulare County, CA",06107,Male,M,2024.0,"Accidental poisoning by and exposure to other and unspecified drugs, medicaments and biological substances",X44,Other,7.0,15.0,71300,478693,17.9,9.3,1.0,3.1335323474544228,0.20890215649696153
"Ventura County, CA",06111,Female,F,2024.0,"Accidental poisoning by and exposure to other and unspecified drugs, medicaments and biological substances",X44,Decedent's home,4.0,16.0,109797,837469,9.3,5.7,24.0,1.91051847889295,2.865777718339425
"Ventura County, CA",06111,Male,M,2024.0,"Accidental poisoning by and exposure to narcotics and psychodysleptics [hallucinogens], not elsewhere classified",X42,Decedent's home,4.0,22.0,109797,837469,9.3,5.7,24.0,2.6269629084778066,2.865777718339425
"Ventura County, CA",06111,Male,M,2024.0,"Accidental poisoning by and exposure to narcotics and psychodysleptics [hallucinogens], not elsewhere classified",X42,Other,7.0,11.0,109797,837469,9.3,5.7,24.0,1.3134814542389033,2.865777718339425
"Ventura County, CA",06111,Male,M,2024.0,"Accidental poisoning by and exposure to other and unspecified drugs, medicaments and biological substances",X44,Decedent's home,4.0,34.0,109797,837469,9.3,5.7,24.0,4.059851767647519,2.865777718339425
"Ventura County, CA",06111,Male,M,2024.0,"Accidental poisoning by and exposure to other and unspecified drugs, medicaments and biological substances",X44,Other,7.0,29.0,109797,837469,9.3,5.7,24.0,3.4628147429934715,2.865777718339425
"Adams County, CO",08001,Female,F,2024.0,"Accidental poisoning by and exposure to other and unspecified drugs, medicaments and biological substances",X44,Decedent's home,4.0,15.0,94571,530225,9.8,4.6,13.0,2.828987693903531,2.451789334716394
"Adams County, CO",08001,Male,M,2024.0,"Accidental poisoning by and exposure to antiepileptic, sedative-hypnotic, antiparkinsonism and psychotropic drugs, not elsewhere classified",X41,Decedent's home,4.0,10.0,94571,530225,9.8,4.6,13.0,1.8859917959356878,2.451789334716394
"Adams County, CO",08001,Male,M,2024.0,"Accidental poisoning by and exposure to narcotics and psychodysleptics [hallucinogens], not elsewhere classified",X42,Decedent's home,4.0,23.0,94571,530225,9.8,4.6,13.0,4.337781130652082,2.451789334716394
"Adams County, CO",08001,Male,M,2024.0,"Accidental poisoning by and exposure to other and unspecified drugs, medicaments and biological substances",X44,Decedent's home,4.0,14.0,94571,530225,9.8,4.6,13.0,2.640388514309963,2.451789334716394
"Arapahoe County, CO",08005,Female,F,2024.0,"Accidental poisoning by and exposure to other and unspecified drugs, medicaments and biological substances",X44,Decedent's home,4.0,16.0,101087,659844,8.6,5.0,23.0,2.42481556246628,3.4856723710452773
"Arapahoe County, CO",08005,Male,M,2024.0,"Accidental poisoning by and exposure to narcotics and psychodysleptics [hallucinogens], not elsewhere classified",X42,Decedent's home,4.0,21.0,101087,659844,8.6,5.0,23.0,3.1825704257369924,3.4856723710452773
"Arapahoe County, CO",08005,Male,M,2024.0,"Accidental poisoning by and exposure to narcotics and psychodysleptics [hallucinogens], not elsewhere classified",X42,Other,7.0,10.0,101087,659844,8.6,5.0,23.0,1.5155097265414248,3.4856723710452773
"Arapahoe County, CO",08005,Male,M,2024.0,"Accidental poisoning by and exposure to other and unspecified drugs, medicaments and biological substances",X44,Decedent's home,4.0,31.0,101087,659844,8.6,5.0,23.0,4.6980801522784175,3.4856723710452773
"Arapahoe County, CO",08005,Male,M,2024.0,"Accidental poisoning by and exposure to other and unspecified drugs, medicaments and biological substances",X44,Other,7.0,13.0,101087,659844,8.6,5.0,23.0,1.9701626445038523,3.4856723710452773
"Boulder County, CO",08013,Male,M,2024.0,"Accidental poisoning by and exposure to other and unspecified drugs, medicaments and biological substances",X44,Decedent's home,4.0,10.0,103994,328961,11.2,4.8,15.0,3.039874027620295,4.559811041430443
"Denver County, CO",08031,Female,F,2024.0,"Accidental poisoning by and exposure to other and unspecified drugs, medicaments and biological substances",X44,Decedent's home,4.0,22.0,94718,718877,11.2,4.9,30.0,3.060328818420954,4.173175661483119
"Denver County, CO",08031,Female,F,2024.0,"Accidental poisoning by and exposure to other and unspecified drugs, medicaments and biological substances",X44,Other,7.0,16.0,94718,718877,11.2,4.9,30.0,2.22569368612433,4.173175661483119
"Denver County, CO",08031,Male,M,2024.0,"Accidental poisoning by and exposure to antiepileptic, sedative-hypnotic, antiparkinsonism and psychotropic drugs, not elsewhere classified",X41,Decedent's home,4.0,24.0,94718,718877,11.2,4.9,30.0,3.3385405291864947,4.173175661483119
"Denver County, CO",08031,Male,M,2024.0,"Accidental poisoning by and exposure to narcotics and psychodysleptics [hallucinogens], not elsewhere classified",X42,Decedent's home,4.0,37.0,94718,718877,11.2,4.9,30.0,5.146916649162513,4.173175661483119
"Denver County, CO",08031,Male,M,2024.0,"Accidental poisoning by and exposure to narcotics and psychodysleptics [hallucinogens], not elsewhere classified",X42,Other,7.0,23.0,94718,718877,11.2,4.9,30.0,3.199434673803724,4.173175661483119
"Denver County, CO",08031,Male,M,2024.0,"Accidental poisoning by and exposure to other and unspecified drugs, medicaments and biological substances",X44,Decedent's home,4.0,64.0,94718,718877,11.2,4.9,30.0,8.90277474449732,4.173175661483119
"Denver County, CO",08031,Male,M,2024.0,"Accidental poisoning by and exposure to other and unspecified drugs, medicaments and biological substances",X44,Other,7.0,33.0,94718,718877,11.2,4.9,30.0,4.5904932276314305,4.173175661483119
"El Paso County, CO",08041,Female,F,2024.0,"Accidental poisoning by and exposure to antiepileptic, sedative-hypnotic, antiparkinsonism and psychotropic drugs, not elsewhere classified",X41,Other,7.0,12.0,90363,742999,8.5,5.4,18.0,1.6150761979491226,2.4226142969236837
"El Paso County, CO",08041,Female,F,2024.0,"Accidental poisoning by and exposure to other and unspecified drugs, medicaments and biological substances",X44,Other,7.0,51.0,90363,742999,8.5,5.4,18.0,6.86407384128377,2.4226142969236837
"El Paso County, CO",08041,Male,M,2024.0,"Accidental poisoning by and exposure to antiepileptic, sedative-hypnotic, antiparkinsonism and psychotropic drugs, not elsewhere classified",X41,Decedent's home,4.0,14.0,90363,742999,8.5,5.4,18.0,1.8842555642739762,2.4226142969236837
"El Paso County, CO",08041,Male,M,2024.0,"Accidental poisoning by and exposure to antiepileptic, sedative-hypnotic, antiparkinsonism and psychotropic drugs, not elsewhere classified",X41,Other,7.0,28.0,90363,742999,8.5,5.4,18.0,3.7685111285479524,2.4226142969236837
"El Paso County, CO",08041,Male,M,2024.0,"Accidental poisoning by and exposure to narcotics and psychodysleptics [hallucinogens], not elsewhere classified",X42,Decedent's home,4.0,17.0,90363,742999,8.5,5.4,18.0,2.288024613761257,2.4226142969236837
"El Paso County, CO",08041,Male,M,2024.0,"Accidental poisoning by and exposure to narcotics and psychodysleptics [hallucinogens], not elsewhere classified",X42,Other,7.0,18.0,90363,742999,8.5,5.4,18.0,2.4226142969236837,2.4226142969236837
"El Paso County, CO",08041,Male,M,2024.0,"Accidental poisoning by and exposure to other and unspecified drugs, medicaments and biological substances",X44,Medical Facility - Inpatient,1.0,13.0,90363,742999,8.5,5.4,18.0,1.7496658811115493,2.4226142969236837
"El Paso County, CO",08041,Male,M,2024.0,"Accidental poisoning by and exposure to other and unspecified drugs, medicaments and biological substances",X44,Decedent's home,4.0,26.0,90363,742999,8.5,5.4,18.0,3.4993317622230986,2.4226142969236837
"El Paso County, CO",08041,Male,M,2024.0,"Accidental poisoning by and exposure to other and unspecified drugs, medicaments and biological substances",X44,Other,7.0,87.0,90363,742999,8.5,5.4,18.0,11.709302435131137,2.4226142969236837
"Jefferson County, CO",08059,Male,M,2024.0,"Accidental poisoning by and exposure to other and unspecified drugs, medicaments and biological substances",X44,Decedent's home,4.0,44.0,110656,579377,6.7,3.9,19.0,7.594364291299102,3.279384580333703
"Jefferson County, CO",08059,Male,M,2024.0,"Accidental poisoning by and exposure to other and unspecified drugs, medicaments and biological substances",X44,Other,7.0,12.0,110656,579377,6.7,3.9,19.0,2.0711902612633915,3.279384580333703
"Weld County, CO",08123,Male,M,2024.0,"Accidental poisoning by and exposure to narcotics and psychodysleptics [hallucinogens], not elsewhere classified",X42,Decedent's home,4.0,11.0,97097,350396,9.6,4.8,3.0,3.139305243210539,0.8561741572392378
"Kent County, DE",10001,Male,M,2024.0,"Accidental poisoning by and exposure to narcotics and psychodysleptics [hallucinogens], not elsewhere classified",X42,Decedent's home,4.0,15.0,74477,187604,10.6,5.8,7.0,7.995565126543144,3.731263725720134
"Kent County, DE",10001,Male,M,2024.0,"Accidental poisoning by and exposure to narcotics and psychodysleptics [hallucinogens], not elsewhere classified",X42,Other,7.0,11.0,74477,187604,10.6,5.8,7.0,5.863414426131639,3.731263725720134
"New Castle County, DE",10003,Female,F,2024.0,"Accidental poisoning by and exposure to narcotics and psychodysleptics [hallucinogens], not elsewhere classified",X42,Decedent's home,4.0,25.0,91166,577961,10.1,4.8,19.0,4.325551378034158,3.2874190473059604
"New Castle County, DE",10003,Female,F,2024.0,"Accidental poisoning by and exposure to other and unspecified drugs, medicaments and biological substances",X44,Decedent's home,4.0,10.0,91166,577961,10.1,4.8,19.0,1.730220551213663,3.2874190473059604
"New Castle County, DE",10003,Male,M,2024.0,"Accidental poisoning by and exposure to narcotics and psychodysleptics [hallucinogens], not elsewhere classified",X42,Medical Facility - Inpatient,1.0,11.0,91166,577961,10.1,4.8,19.0,1.9032426063350294,3.2874190473059604
"New Castle County, DE",10003,Male,M,2024.0,"Accidental poisoning by and exposure to narcotics and psychodysleptics [hallucinogens], not elsewhere classified",X42,Decedent's home,4.0,48.0,91166,577961,10.1,4.8,19.0,8.305058645825584,3.2874190473059604
"New Castle County, DE",10003,Male,M,2024.0,"Accidental poisoning by and exposure to narcotics and psychodysleptics [hallucinogens], not elsewhere classified",X42,Other,7.0,15.0,91166,577961,10.1,4.8,19.0,2.595330826820495,3.2874190473059604
"New Castle County, DE",10003,Male,M,2024.0,"Accidental poisoning by and exposure to other and unspecified drugs, medicaments and biological substances",X44,Decedent's home,4.0,23.0,91166,577961,10.1,4.8,19.0,3.9795072677914254,3.2874190473059604
"New Castle County, DE",10003,Male,M,2024.0,"Accidental poisoning by and exposure to other and unspecified drugs, medicaments and biological substances",X44,Other,7.0,14.0,91166,577961,10.1,4.8,19.0,2.4223087716991287,3.2874190473059604
"Sussex County, DE",10005,Male,M,2024.0,"Accidental poisoning by and exposure to narcotics and psychodysleptics [hallucinogens], not elsewhere classified",X42,Decedent's home,4.0,13.0,81497,255626,10.9,5.3,10.0,5.085554677536714,3.9119651365667027
"Brevard County, FL",12009,Female,F,2024.0,"Accidental poisoning by and exposure to other and unspecified drugs, medicaments and biological substances",X44,Decedent's home,4.0,24.0,78476,632780,10.2,4.8,12.0,3.79278738266064,1.89639369133032
"Brevard County, FL",12009,Male,M,2024.0,"Accidental poisoning by and exposure to narcotics and psychodysleptics [hallucinogens], not elsewhere classified",X42,Decedent's home,4.0,45.0,78476,632780,10.2,4.8,12.0,7.111476342488701,1.89639369133032
"Brevard County, FL",12009,Male,M,2024.0,"Accidental poisoning by and exposure to narcotics and psychodysleptics [hallucinogens], not elsewhere classified",X42,Other,7.0,12.0,78476,632780,10.2,4.8,12.0,1.89639369133032,1.89639369133032
"Brevard County, FL",12009,Male,M,2024.0,"Accidental poisoning by and exposure to other and unspecified drugs, medicaments and biological substances",X44,Decedent's home,4.0,32.0,78476,632780,10.2,4.8,12.0,5.057049843547521,1.89639369133032
"Brevard County, FL",12009,Male,M,2024.0,"Accidental poisoning by and exposure to other and unspecified drugs, medicaments and biological substances",X44,Other,7.0,15.0,78476,632780,10.2,4.8,12.0,2.3704921141629,1.89639369133032
"Broward County, FL",12011,Female,F,2024.0,"Accidental poisoning by and exposure to narcotics and psychodysleptics [hallucinogens], not elsewhere classified",X42,Decedent's home,4.0,16.0,77633,1977129,12.2,5.4,63.0,0.809254226709537,3.1864385176688015
"Broward County, FL",12011,Female,F,2024.0,"Accidental poisoning by and exposure to narcotics and psychodysleptics [hallucinogens], not elsewhere classified",X42,Other,7.0,11.0,77633,1977129,12.2,5.4,63.0,0.5563622808628067,3.1864385176688015
"Broward County, FL",12011,Female,F,2024.0,"Accidental poisoning by and exposure to other and unspecified drugs, medicaments and biological substances",X44,Medical Facility - Outpatient or ER,2.0,13.0,77633,1977129,12.2,5.4,63.0,0.6575190592014988,3.1864385176688015
"Broward County, FL",12011,Female,F,2024.0,"Accidental poisoning by and exposure to other and unspecified drugs, medicaments and biological substances",X44,Decedent's home,4.0,32.0,77633,1977129,12.2,5.4,63.0,1.618508453419074,3.1864385176688015
"Broward County, FL",12011,Female,F,2024.0,"Accidental poisoning by and exposure to other and unspecified drugs, medicaments and biological substances",X44,Other,7.0,19.0,77633,1977129,12.2,5.4,63.0,0.960989394217575,3.1864385176688015
"Broward County, FL",12011,Male,M,2024.0,"Accidental poisoning by and exposure to narcotics and psychodysleptics [hallucinogens], not elsewhere classified",X42,Medical Facility - Outpatient or ER,2.0,18.0,77633,1977129,12.2,5.4,63.0,0.910411005048229,3.1864385176688015
"Broward County, FL",12011,Male,M,2024.0,"Accidental poisoning by and exposure to narcotics and psychodysleptics [hallucinogens], not elsewhere classified",X42,Decedent's home,4.0,42.0,77633,1977129,12.2,5.4,63.0,2.124292345112534,3.1864385176688015
"Broward County, FL",12011,Male,M,2024.0,"Accidental poisoning by and exposure to narcotics and psychodysleptics [hallucinogens], not elsewhere classified",X42,Other,7.0,33.0,77633,1977129,12.2,5.4,63.0,1.6690868425884198,3.1864385176688015
"Broward County, FL",12011,Male,M,2024.0,"Accidental poisoning by and exposure to other and unspecified drugs, medicaments and biological substances",X44,Medical Facility - Outpatient or ER,2.0,20.0,77633,1977129,12.2,5.4,63.0,1.011567783386921,3.1864385176688015
"Broward County, FL",12011,Male,M,2024.0,"Accidental poisoning by and exposure to other and unspecified drugs, medicaments and biological substances",X44,Decedent's home,4.0,47.0,77633,1977129,12.2,5.4,63.0,2.3771842909592644,3.1864385176688015
"Broward County, FL",12011,Male,M,2024.0,"Accidental poisoning by and exposure to other and unspecified drugs, medicaments and biological substances",X44,Other,7.0,39.0,77633,1977129,12.2,5.4,63.0,1.9725571776044963,3.1864385176688015
"Duval County, FL",12031,Female,F,2024.0,"Accidental poisoning by and exposure to narcotics and psychodysleptics [hallucinogens], not elsewhere classified",X42,Medical Facility - Outpatient or ER,2.0,12.0,71277,1023153,14.1,4.5,17.0,1.172845117005961,1.6615305824251116
"Duval County, FL",12031,Female,F,2024.0,"Accidental poisoning by and exposure to narcotics and psychodysleptics [hallucinogens], not elsewhere classified",X42,Decedent's home,4.0,19.0,71277,1023153,14.1,4.5,17.0,1.8570047685927717,1.6615305824251116
"Duval County, FL",12031,Female,F,2024.0,"Accidental poisoning by and exposure to narcotics and psychodysleptics [hallucinogens], not elsewhere classified",X42,Other,7.0,10.0,71277,1023153,14.1,4.5,17.0,0.9773709308383007,1.6615305824251116
"Duval County, FL",12031,Female,F,2024.0,"Accidental poisoning by and exposure to other and unspecified drugs, medicaments and biological substances",X44,Decedent's home,4.0,16.0,71277,1023153,14.1,4.5,17.0,1.5637934893412813,1.6615305824251116
"Duval County, FL",12031,Male,M,2024.0,"Accidental poisoning by and exposure to narcotics and psychodysleptics [hallucinogens], not elsewhere classified",X42,Medical Facility - Outpatient or ER,2.0,24.0,71277,1023153,14.1,4.5,17.0,2.345690234011922,1.6615305824251116
"Duval County, FL",12031,Male,M,2024.0,"Accidental poisoning by and exposure to narcotics and psychodysleptics [hallucinogens], not elsewhere classified",X42,Decedent's home,4.0,51.0,71277,1023153,14.1,4.5,17.0,4.984591747275334,1.6615305824251116
"Duval County, FL",12031,Male,M,2024.0,"Accidental poisoning by and exposure to narcotics and psychodysleptics [hallucinogens], not elsewhere classified",X42,Other,7.0,17.0,71277,1023153,14.1,4.5,17.0,1.6615305824251116,1.6615305824251116
"Duval County, FL",12031,Male,M,2024.0,"Accidental poisoning by and exposure to other and unspecified drugs, medicaments and biological substances",X44,Medical Facility - Inpatient,1.0,11.0,71277,1023153,14.1,4.5,17.0,1.075108023922131,1.6615305824251116
"Duval County, FL",12031,Male,M,2024.0,"Accidental poisoning by and exposure to other and unspecified drugs, medicaments and biological substances",X44,Medical Facility - Outpatient or ER,2.0,12.0,71277,1023153,14.1,4.5,17.0,1.172845117005961,1.6615305824251116
"Duval County, FL",12031,Male,M,2024.0,"Accidental poisoning by and exposure to other and unspecified drugs, medicaments and biological substances",X44,Decedent's home,4.0,40.0,71277,1023153,14.1,4.5,17.0,3.909483723353203,1.6615305824251116
"Duval County, FL",12031,Male,M,2024.0,"Accidental poisoning by and exposure to other and unspecified drugs, medicaments and biological substances",X44,Other,7.0,24.0,71277,1023153,14.1,4.5,17.0,2.345690234011922,1.6615305824251116
"Escambia County, FL",12033,Female,F,2024.0,"Accidental poisoning by and exposure to narcotics and psychodysleptics [hallucinogens], not elsewhere classified",X42,Decedent's home,4.0,11.0,67500,325923,14.7,5.9,5.0,3.3750302985674527,1.534104681167024
"Escambia County, FL",12033,Female,F,2024.0,"Accidental poisoning by and exposure to other and unspecified drugs, medicaments and biological substances",X44,Decedent's home,4.0,12.0,67500,325923,14.7,5.9,5.0,3.6818512348008583,1.534104681167024
"Escambia County, FL",12033,Male,M,2024.0,"Accidental poisoning by and exposure to narcotics and psychodysleptics [hallucinogens], not elsewhere classified",X42,Decedent's home,4.0,10.0,67500,325923,14.7,5.9,5.0,3.068209362334048,1.534104681167024
"Escambia County, FL",12033,Male,M,2024.0,"Accidental poisoning by and exposure to other and unspecified drugs, medicaments and biological substances",X44,Decedent's home,4.0,15.0,67500,325923,14.7,5.9,5.0,4.602314043501073,1.534104681167024
"Escambia County, FL",12033,Male,M,2024.0,"Accidental poisoning by and exposure to other and unspecified drugs, medicaments and biological substances",X44,Other,7.0,13.0,67500,325923,14.7,5.9,5.0,3.988672171034263,1.534104681167024
"Hernando County, FL",12053,Male,M,2024.0,"Accidental poisoning by and exposure to other and unspecified drugs, medicaments and biological substances",X44,Other,7.0,10.0,66058,207018,11.7,5.3,3.0,4.830497831106474,1.449149349331942
"Hillsborough County, FL",12057,Female,F,2024.0,"Accidental poisoning by and exposure to narcotics and psychodysleptics [hallucinogens], not elsewhere classified",X42,Decedent's home,4.0,23.0,79540,1522748,12.7,4.5,28.0,1.51042720134914,1.838780940772866
"Hillsborough County, FL",12057,Female,F,2024.0,"Accidental poisoning by and exposure to other and unspecified drugs, medicaments and biological substances",X44,Medical Facility - Outpatient or ER,2.0,14.0,79540,1522748,12.7,4.5,28.0,0.919390470386433,1.838780940772866
"Hillsborough County, FL",12057,Female,F,2024.0,"Accidental poisoning by and exposure to other and unspecified drugs, medicaments and biological substances",X44,Decedent's home,4.0,20.0,79540,1522748,12.7,4.5,28.0,1.3134149576949044,1.838780940772866
"Hillsborough County, FL",12057,Female,F,2024.0,"Accidental poisoning by and exposure to other and unspecified drugs, medicaments and biological substances",X44,Other,7.0,12.0,79540,1522748,12.7,4.5,28.0,0.7880489746169426,1.838780940772866
"Hillsborough County, FL",12057,Male,M,2024.0,"Accidental poisoning by and exposure to antiepileptic, sedative-hypnotic, antiparkinsonism and psychotropic drugs, not elsewhere classified",X41,Decedent's home,4.0,10.0,79540,1522748,12.7,4.5,28.0,0.6567074788474522,1.838780940772866
"Hillsborough County, FL",12057,Male,M,2024.0,"Accidental poisoning by and exposure to narcotics and psychodysleptics [hallucinogens], not elsewhere classified",X42,Medical Facility - Inpatient,1.0,11.0,79540,1522748,12.7,4.5,28.0,0.7223782267321973,1.838780940772866
"Hillsborough County, FL",12057,Male,M,2024.0,"Accidental poisoning by and exposure to narcotics and psychodysleptics [hallucinogens], not elsewhere classified",X42,Medical Facility - Outpatient or ER,2.0,21.0,79540,1522748,12.7,4.5,28.0,1.3790857055796495,1.838780940772866
"Hillsborough County, FL",12057,Male,M,2024.0,"Accidental poisoning by and exposure to narcotics and psychodysleptics [hallucinogens], not elsewhere classified",X42,Decedent's home,4.0,66.0,79540,1522748,12.7,4.5,28.0,4.334269360393184,1.838780940772866
"Hillsborough County, FL",12057,Male,M,2024.0,"Accidental poisoning by and exposure to narcotics and psychodysleptics [hallucinogens], not elsewhere classified",X42,Other,7.0,19.0,79540,1522748,12.7,4.5,28.0,1.247744209810159,1.838780940772866
"Hillsborough County, FL",12057,Male,M,2024.0,"Accidental poisoning by and exposure to other and unspecified drugs, medicaments and biological substances",X44,Medical Facility - Inpatient,1.0,10.0,79540,1522748,12.7,4.5,28.0,0.6567074788474522,1.838780940772866
"Hillsborough County, FL",12057,Male,M,2024.0,"Accidental poisoning by and exposure to other and unspecified drugs, medicaments and biological substances",X44,Medical Facility - Outpatient or ER,2.0,20.0,79540,1522748,12.7,4.5,28.0,1.3134149576949044,1.838780940772866
"Hillsborough County, FL",12057,Male,M,2024.0,"Accidental poisoning by and exposure to other and unspecified drugs, medicaments and biological substances",X44,Decedent's home,4.0,33.0,79540,1522748,12.7,4.5,28.0,2.167134680196592,1.838780940772866
"Hillsborough County, FL",12057,Male,M,2024.0,"Accidental poisoning by and exposure to other and unspecified drugs, medicaments and biological substances",X44,Other,7.0,11.0,79540,1522748,12.7,4.5,28.0,0.7223782267321973,1.838780940772866
"Lake County, FL",12069,Male,M,2024.0,"Accidental poisoning by and exposure to narcotics and psychodysleptics [hallucinogens], not elsewhere classified",X42,Decedent's home,4.0,11.0,73161,412924,8.9,5.0,15.0,2.6639284710987976,3.6326297333165423
"Lee County, FL",12071,Female,F,2024.0,"Accidental poisoning by and exposure to narcotics and psychodysleptics [hallucinogens], not elsewhere classified",X42,Decedent's home,4.0,12.0,76107,817666,12.0,4.0,21.0,1.4675919018278858,2.5682858281988
"Lee County, FL",12071,Female,F,2024.0,"Accidental poisoning by and exposure to other and unspecified drugs, medicaments and biological substances",X44,Decedent's home,4.0,20.0,76107,817666,12.0,4.0,21.0,2.4459865030464765,2.5682858281988
"Lee County, FL",12071,Male,M,2024.0,"Accidental poisoning by and exposure to narcotics and psychodysleptics [hallucinogens], not elsewhere classified",X42,Decedent's home,4.0,18.0,76107,817666,12.0,4.0,21.0,2.2013878527418282,2.5682858281988
"Lee County, FL",12071,Male,M,2024.0,"Accidental poisoning by and exposure to other and unspecified drugs, medicaments and biological substances",X44,Decedent's home,4.0,30.0,76107,817666,12.0,4.0,21.0,3.668979754569714,2.5682858281988
"Lee County, FL",12071,Male,M,2024.0,"Accidental poisoning by and exposure to other and unspecified drugs, medicaments and biological substances",X44,Other,7.0,16.0,76107,817666,12.0,4.0,21.0,1.956789202437181,2.5682858281988
"Manatee County, FL",12081,Male,M,2024.0,"Accidental poisoning by and exposure to narcotics and psychodysleptics [hallucinogens], not elsewhere classified",X42,Decedent's home,4.0,10.0,78457,429792,9.8,4.6,3.0,2.3267068721614175,0.6980120616484252
"Manatee County, FL",12081,Male,M,2024.0,"Accidental poisoning by and exposure to other and unspecified drugs, medicaments and biological substances",X44,Decedent's home,4.0,14.0,78457,429792,9.8,4.6,3.0,3.2573896210259847,0.6980120616484252
"Manatee County, FL",12081,Male,M,2024.0,"Accidental poisoning by and exposure to other and unspecified drugs, medicaments and biological substances",X44,Other,7.0,12.0,78457,429792,9.8,4.6,3.0,2.792048246593701,0.6980120616484252
"Marion County, FL",12083,Female,F,2024.0,"Accidental poisoning by and exposure to other and unspecified drugs, medicaments and biological substances",X44,Decedent's home,4.0,17.0,61010,400078,14.4,4.8,12.0,4.249171411574743,2.9994151140527596
"Marion County, FL",12083,Male,M,2024.0,"Accidental poisoning by and exposure to narcotics and psychodysleptics [hallucinogens], not elsewhere classified",X42,Decedent's home,4.0,20.0,61010,400078,14.4,4.8,12.0,4.999025190087933,2.9994151140527596
"Marion County, FL",12083,Male,M,2024.0,"Accidental poisoning by and exposure to narcotics and psychodysleptics [hallucinogens], not elsewhere classified",X42,Other,7.0,12.0,61010,400078,14.4,4.8,12.0,2.9994151140527596,2.9994151140527596
"Marion County, FL",12083,Male,M,2024.0,"Accidental poisoning by and exposure to other and unspecified drugs, medicaments and biological substances",X44,Decedent's home,4.0,27.0,61010,400078,14.4,4.8,12.0,6.748684006618709,2.9994151140527596
"Marion County, FL",12083,Male,M,2024.0,"Accidental poisoning by and exposure to other and unspecified drugs, medicaments and biological substances",X44,Other,7.0,11.0,61010,400078,14.4,4.8,12.0,2.749463854548363,2.9994151140527596
"Miami-Dade County, FL",12086,Female,F,2024.0,"Accidental poisoning by and exposure to narcotics and psychodysleptics [hallucinogens], not elsewhere classified",X42,Decedent's home,4.0,13.0,71753,2738356,14.7,4.6,67.0,0.47473739718283525,2.4467235085576893
"Miami-Dade County, FL",12086,Female,F,2024.0,"Accidental poisoning by and exposure to other and unspecified drugs, medicaments and biological substances",X44,Medical Facility - Outpatient or ER,2.0,14.0,71753,2738356,14.7,4.6,67.0,0.5112556585045918,2.4467235085576893
"Miami-Dade County, FL",12086,Female,F,2024.0,"Accidental poisoning by and exposure to other and unspecified drugs, medicaments and biological substances",X44,Decedent's home,4.0,11.0,71753,2738356,14.7,4.6,67.0,0.40170087453932213,2.4467235085576893
"Miami-Dade County, FL",12086,Female,F,2024.0,"Accidental poisoning by and exposure to other and unspecified drugs, medicaments and biological substances",X44,Other,7.0,14.0,71753,2738356,14.7,4.6,67.0,0.5112556585045918,2.4467235085576893
"Miami-Dade County, FL",12086,Male,M,2024.0,"Accidental poisoning by and exposure to narcotics and psychodysleptics [hallucinogens], not elsewhere classified",X42,Medical Facility - Outpatient or ER,2.0,17.0,71753,2738356,14.7,4.6,67.0,0.6208104424698615,2.4467235085576893
"Miami-Dade County, FL",12086,Male,M,2024.0,"Accidental poisoning by and exposure to narcotics and psychodysleptics [hallucinogens], not elsewhere classified",X42,Decedent's home,4.0,24.0,71753,2738356,14.7,4.6,67.0,0.8764382717221573,2.4467235085576893
"Miami-Dade County, FL",12086,Male,M,2024.0,"Accidental poisoning by and exposure to narcotics and psychodysleptics [hallucinogens], not elsewhere classified",X42,Other,7.0,27.0,71753,2738356,14.7,4.6,67.0,0.985993055687427,2.4467235085576893
"Miami-Dade County, FL",12086,Male,M,2024.0,"Accidental poisoning by and exposure to other and unspecified drugs, medicaments and biological substances",X44,Medical Facility - Inpatient,1.0,11.0,71753,2738356,14.7,4.6,67.0,0.40170087453932213,2.4467235085576893
"Miami-Dade County, FL",12086,Male,M,2024.0,"Accidental poisoning by and exposure to other and unspecified drugs, medicaments and biological substances",X44,Medical Facility - Outpatient or ER,2.0,39.0,71753,2738356,14.7,4.6,67.0,1.4242121915485058,2.4467235085576893
"Miami-Dade County, FL",12086,Male,M,2024.0,"Accidental poisoning by and exposure to other and unspecified drugs, medicaments and biological substances",X44,Decedent's home,4.0,41.0,71753,2738356,14.7,4.6,67.0,1.4972487141920188,2.4467235085576893
"Miami-Dade County, FL",12086,Male,M,2024.0,"Accidental poisoning by and exposure to other and unspecified drugs, medicaments and biological substances",X44,Other,7.0,57.0,71753,2738356,14.7,4.6,67.0,2.0815408953401238,2.4467235085576893
"Okaloosa County, FL",12091,Male,M,2024.0,"Accidental poisoning by and exposure to narcotics and psychodysleptics [hallucinogens], not elsewhere classified",X42,Decedent's home,4.0,11.0,81998,216599,9.3,3.8,4.0,5.0785091343912026,1.8467305943240733
"Orange County, FL",12095,Female,F,2024.0,"Accidental poisoning by and exposure to narcotics and psychodysleptics [hallucinogens], not elsewhere classified",X42,Medical Facility - Outpatient or ER,2.0,11.0,79719,1471937,13.0,5.5,26.0,0.7473145929479319,1.766379946967839
"Orange County, FL",12095,Female,F,2024.0,"Accidental poisoning by and exposure to narcotics and psychodysleptics [hallucinogens], not elsewhere classified",X42,Decedent's home,4.0,14.0,79719,1471937,13.0,5.5,26.0,0.9511276637519134,1.766379946967839
"Orange County, FL",12095,Male,M,2024.0,"Accidental poisoning by and exposure to narcotics and psychodysleptics [hallucinogens], not elsewhere classified",X42,Medical Facility - Inpatient,1.0,10.0,79719,1471937,13.0,5.5,26.0,0.6793769026799381,1.766379946967839
"Orange County, FL",12095,Male,M,2024.0,"Accidental poisoning by and exposure to narcotics and psychodysleptics [hallucinogens], not elsewhere classified",X42,Medical Facility - Outpatient or ER,2.0,37.0,79719,1471937,13.0,5.5,26.0,2.513694539915771,1.766379946967839
"Orange County, FL",12095,Male,M,2024.0,"Accidental poisoning by and exposure to narcotics and psychodysleptics [hallucinogens], not elsewhere classified",X42,Decedent's home,4.0,53.0,79719,1471937,13.0,5.5,26.0,3.600697584203672,1.766379946967839
"Orange County, FL",12095,Male,M,2024.0,"Accidental poisoning by and exposure to narcotics and psychodysleptics [hallucinogens], not elsewhere classified",X42,Other,7.0,43.0,79719,1471937,13.0,5.5,26.0,2.9213206815237336,1.766379946967839
"Orange County, FL",12095,Male,M,2024.0,"Accidental poisoning by and exposure to other and unspecified drugs, medicaments and biological substances",X44,Decedent's home,4.0,12.0,79719,1471937,13.0,5.5,26.0,0.8152522832159258,1.766379946967839
"Orange County, FL",12095,Male,M,2024.0,"Accidental poisoning by and exposure to other and unspecified drugs, medicaments and biological substances",X44,Other,7.0,22.0,79719,1471937,13.0,5.5,26.0,1.4946291858958638,1.766379946967839
"Osceola County, FL",12097,Male,M,2024.0,"Accidental poisoning by and exposure to narcotics and psychodysleptics [hallucinogens], not elsewhere classified",X42,Decedent's home,4.0,10.0,72637,427415,12.8,5.4,10.0,2.33964647941696,2.33964647941696
"Osceola County, FL",12097,Male,M,2024.0,"Accidental poisoning by and exposure to narcotics and psychodysleptics [hallucinogens], not elsewhere classified",X42,Other,7.0,15.0,72637,427415,12.8,5.4,10.0,3.5094697191254403,2.33964647941696
"Palm Beach County, FL",12099,Female,F,2024.0,"Accidental poisoning by and exposure to narcotics and psychodysleptics [hallucinogens], not elsewhere classified",X42,Medical Facility - Outpatient or ER,2.0,10.0,83581,1533806,11.3,5.5,62.0,0.6519729352995098,4.042232198856961
"Palm Beach County, FL",12099,Female,F,2024.0,"Accidental poisoning by and exposure to narcotics and psychodysleptics [hallucinogens], not elsewhere classified",X42,Decedent's home,4.0,19.0,83581,1533806,11.3,5.5,62.0,1.2387485770690687,4.042232198856961
"Palm Beach County, FL",12099,Female,F,2024.0,"Accidental poisoning by and exposure to other and unspecified drugs, medicaments and biological substances",X44,Decedent's home,4.0,14.0,83581,1533806,11.3,5.5,62.0,0.9127621094193138,4.042232198856961
"Palm Beach County, FL",12099,Female,F,2024.0,"Accidental poisoning by and exposure to other and unspecified drugs, medicaments and biological substances",X44,Other,7.0,13.0,83581,1533806,11.3,5.5,62.0,0.8475648158893628,4.042232198856961
"Palm Beach County, FL",12099,Male,M,2024.0,"Accidental poisoning by and exposure to narcotics and psychodysleptics [hallucinogens], not elsewhere classified",X42,Medical Facility - Outpatient or ER,2.0,11.0,83581,1533806,11.3,5.5,62.0,0.7171702288294608,4.042232198856961
"Palm Beach County, FL",12099,Male,M,2024.0,"Accidental poisoning by and exposure to narcotics and psychodysleptics [hallucinogens], not elsewhere classified",X42,Decedent's home,4.0,47.0,83581,1533806,11.3,5.5,62.0,3.0642727959076965,4.042232198856961
"Palm Beach County, FL",12099,Male,M,2024.0,"Accidental poisoning by and exposure to narcotics and psychodysleptics [hallucinogens], not elsewhere classified",X42,Other,7.0,38.0,83581,1533806,11.3,5.5,62.0,2.4774971541381374,4.042232198856961
"Palm Beach County, FL",12099,Male,M,2024.0,"Accidental poisoning by and exposure to other and unspecified drugs, medicaments and biological substances",X44,Medical Facility - Outpatient or ER,2.0,11.0,83581,1533806,11.3,5.5,62.0,0.7171702288294608,4.042232198856961
"Palm Beach County, FL",12099,Male,M,2024.0,"Accidental poisoning by and exposure to other and unspecified drugs, medicaments and biological substances",X44,Decedent's home,4.0,29.0,83581,1533806,11.3,5.5,62.0,1.8907215123685785,4.042232198856961
"Palm Beach County, FL",12099,Male,M,2024.0,"Accidental poisoning by and exposure to other and unspecified drugs, medicaments and biological substances",X44,Other,7.0,28.0,83581,1533806,11.3,5.5,62.0,1.8255242188386276,4.042232198856961
"Pasco County, FL",12101,Female,F,2024.0,"Accidental poisoning by and exposure to other and unspecified drugs, medicaments and biological substances",X44,Decedent's home,4.0,17.0,70492,611444,11.1,4.9,10.0,2.7803036745801744,1.6354727497530435
"Pasco County, FL",12101,Female,F,2024.0,"Accidental poisoning by and exposure to other and unspecified drugs, medicaments and biological substances",X44,Other,7.0,16.0,70492,611444,11.1,4.9,10.0,2.6167563996048697,1.6354727497530435
"Pasco County, FL",12101,Male,M,2024.0,"Accidental poisoning by and exposure to narcotics and psychodysleptics [hallucinogens], not elsewhere classified",X42,Decedent's home,4.0,13.0,70492,611444,11.1,4.9,10.0,2.1261145746789567,1.6354727497530435
"Pasco County, FL",12101,Male,M,2024.0,"Accidental poisoning by and exposure to other and unspecified drugs, medicaments and biological substances",X44,Medical Facility - Outpatient or ER,2.0,15.0,70492,611444,11.1,4.9,10.0,2.4532091246295655,1.6354727497530435
"Pasco County, FL",12101,Male,M,2024.0,"Accidental poisoning by and exposure to other and unspecified drugs, medicaments and biological substances",X44,Decedent's home,4.0,40.0,70492,611444,11.1,4.9,10.0,6.541890999012174,1.6354727497530435
"Pasco County, FL",12101,Male,M,2024.0,"Accidental poisoning by and exposure to other and unspecified drugs, medicaments and biological substances",X44,Other,7.0,22.0,70492,611444,11.1,4.9,10.0,3.5980400494566958,1.6354727497530435
"Pinellas County, FL",12103,Female,F,2024.0,"Accidental poisoning by and exposure to narcotics and psychodysleptics [hallucinogens], not elsewhere classified",X42,Decedent's home,4.0,10.0,72646,963481,11.5,4.4,24.0,1.0379031864665729,2.4909676475197746
"Pinellas County, FL",12103,Female,F,2024.0,"Accidental poisoning by and exposure to other and unspecified drugs, medicaments and biological substances",X44,Medical Facility - Inpatient,1.0,13.0,72646,963481,11.5,4.4,24.0,1.3492741424065446,2.4909676475197746
"Pinellas County, FL",12103,Female,F,2024.0,"Accidental poisoning by and exposure to other and unspecified drugs, medicaments and biological substances",X44,Decedent's home,4.0,38.0,72646,963481,11.5,4.4,24.0,3.9440321085729764,2.4909676475197746
"Pinellas County, FL",12103,Female,F,2024.0,"Accidental poisoning by and exposure to other and unspecified drugs, medicaments and biological substances",X44,Other,7.0,18.0,72646,963481,11.5,4.4,24.0,1.8682257356398309,2.4909676475197746
"Pinellas County, FL",12103,Male,M,2024.0,"Accidental poisoning by and exposure to narcotics and psychodysleptics [hallucinogens], not elsewhere classified",X42,Decedent's home,4.0,32.0,72646,963481,11.5,4.4,24.0,3.321290196693033,2.4909676475197746
"Pinellas County, FL",12103,Male,M,2024.0,"Accidental poisoning by and exposure to narcotics and psychodysleptics [hallucinogens], not elsewhere classified",X42,Other,7.0,20.0,72646,963481,11.5,4.4,24.0,2.0758063729331457,2.4909676475197746
"Pinellas County, FL",12103,Male,M,2024.0,"Accidental poisoning by and exposure to other and unspecified drugs, medicaments and biological substances",X44,Medical Facility - Inpatient,1.0,18.0,72646,963481,11.5,4.4,24.0,1.8682257356398309,2.4909676475197746
"Pinellas County, FL",12103,Male,M,2024.0,"Accidental poisoning by and exposure to other and unspecified drugs, medicaments and biological substances",X44,Medical Facility - Outpatient or ER,2.0,20.0,72646,963481,11.5,4.4,24.0,2.0758063729331457,2.4909676475197746
"Pinellas County, FL",12103,Male,M,2024.0,"Accidental poisoning by and exposure to other and unspecified drugs, medicaments and biological substances",X44,Decedent's home,4.0,70.0,72646,963481,11.5,4.4,24.0,7.265322305266009,2.4909676475197746
"Pinellas County, FL",12103,Male,M,2024.0,"Accidental poisoning by and exposure to other and unspecified drugs, medicaments and biological substances",X44,Other,7.0,46.0,72646,963481,11.5,4.4,24.0,4.774354657746235,2.4909676475197746
"Polk County, FL",12105,Male,M,2024.0,"Accidental poisoning by and exposure to antiepileptic, sedative-hypnotic, antiparkinsonism and psychotropic drugs, not elsewhere classified",X41,Medical Facility - Outpatient or ER,2.0,13.0,65978,790694,14.5,4.8,11.0,1.6441252874057473,1.3911829354971708
"Polk County, FL",12105,Male,M,2024.0,"Accidental poisoning by and exposure to antiepileptic, sedative-hypnotic, antiparkinsonism and psychotropic drugs, not elsewhere classified",X41,Decedent's home,4.0,12.0,65978,790694,14.5,4.8,11.0,1.517654111451459,1.3911829354971708
"Polk County, FL",12105,Male,M,2024.0,"Accidental poisoning by and exposure to narcotics and psychodysleptics [hallucinogens], not elsewhere classified",X42,Medical Facility - Outpatient or ER,2.0,18.0,65978,790694,14.5,4.8,11.0,2.2764811671771885,1.3911829354971708
"Polk County, FL",12105,Male,M,2024.0,"Accidental poisoning by and exposure to narcotics and psychodysleptics [hallucinogens], not elsewhere classified",X42,Decedent's home,4.0,10.0,65978,790694,14.5,4.8,11.0,1.2647117595428827,1.3911829354971708
"Polk County, FL",12105,Male,M,2024.0,"Accidental poisoning by and exposure to narcotics and psychodysleptics [hallucinogens], not elsewhere classified",X42,Other,7.0,10.0,65978,790694,14.5,4.8,11.0,1.2647117595428827,1.3911829354971708
"Polk County, FL",12105,Male,M,2024.0,"Accidental poisoning by and exposure to other and unspecified drugs, medicaments and biological substances",X44,Medical Facility - Outpatient or ER,2.0,10.0,65978,790694,14.5,4.8,11.0,1.2647117595428827,1.3911829354971708
"Polk County, FL",12105,Male,M,2024.0,"Accidental poisoning by and exposure to other and unspecified drugs, medicaments and biological substances",X44,Decedent's home,4.0,13.0,65978,790694,14.5,4.8,11.0,1.6441252874057473,1.3911829354971708
"Polk County, FL",12105,Male,M,2024.0,"Accidental poisoning by and exposure to other and unspecified drugs, medicaments and biological substances",X44,Other,7.0,10.0,65978,790694,14.5,4.8,11.0,1.2647117595428827,1.3911829354971708
"St. Lucie County, FL",12111,Male,M,2024.0,"Accidental poisoning by and exposure to narcotics and psychodysleptics [hallucinogens], not elsewhere classified",X42,Decedent's home,4.0,16.0,71457,360500,12.3,6.1,15.0,4.438280166435506,4.160887656033287
"Sarasota County, FL",12115,Male,M,2024.0,"Accidental poisoning by and exposure to narcotics and psychodysleptics [hallucinogens], not elsewhere classified",X42,Other,7.0,13.0,83416,459547,8.6,3.7,7.0,2.828872781238916,1.5232391898978777
"Sarasota County, FL",12115,Male,M,2024.0,"Accidental poisoning by and exposure to other and unspecified drugs, medicaments and biological substances",X44,Decedent's home,4.0,11.0,83416,459547,8.6,3.7,7.0,2.3936615841252364,1.5232391898978777
"Seminole County, FL",12117,Male,M,2024.0,"Accidental poisoning by and exposure to narcotics and psychodysleptics [hallucinogens], not elsewhere classified",X42,Decedent's home,4.0,12.0,85761,481470,9.0,4.2,7.0,2.4923671256776125,1.4538808233119405
"Seminole County, FL",12117,Male,M,2024.0,"Accidental poisoning by and exposure to other and unspecified drugs, medicaments and biological substances",X44,Decedent's home,4.0,11.0,85761,481470,9.0,4.2,7.0,2.284669865204478,1.4538808233119405
"Volusia County, FL",12127,Female,F,2024.0,"Accidental poisoning by and exposure to narcotics and psychodysleptics [hallucinogens], not elsewhere classified",X42,Decedent's home,4.0,11.0,70044,579622,11.8,4.1,17.0,1.897788558750358,2.9329459544323715
"Volusia County, FL",12127,Female,F,2024.0,"Accidental poisoning by and exposure to other and unspecified drugs, medicaments and biological substances",X44,Decedent's home,4.0,14.0,70044,579622,11.8,4.1,17.0,2.415367256591365,2.9329459544323715
"Volusia County, FL",12127,Male,M,2024.0,"Accidental poisoning by and exposure to narcotics and psychodysleptics [hallucinogens], not elsewhere classified",X42,Medical Facility - Outpatient or ER,2.0,11.0,70044,579622,11.8,4.1,17.0,1.897788558750358,2.9329459544323715
"Volusia County, FL",12127,Male,M,2024.0,"Accidental poisoning by and exposure to narcotics and psychodysleptics [hallucinogens], not elsewhere classified",X42,Decedent's home,4.0,25.0,70044,579622,11.8,4.1,17.0,4.313155815341723,2.9329459544323715
"Volusia County, FL",12127,Male,M,2024.0,"Accidental poisoning by and exposure to narcotics and psychodysleptics [hallucinogens], not elsewhere classified",X42,Other,7.0,16.0,70044,579622,11.8,4.1,17.0,2.7604197218187023,2.9329459544323715
"Volusia County, FL",12127,Male,M,2024.0,"Accidental poisoning by and exposure to other and unspecified drugs, medicaments and biological substances",X44,Decedent's home,4.0,26.0,70044,579622,11.8,4.1,17.0,4.485682047955392,2.9329459544323715
"Volusia County, FL",12127,Male,M,2024.0,"Accidental poisoning by and exposure to other and unspecified drugs, medicaments and biological substances",X44,Other,7.0,15.0,70044,579622,11.8,4.1,17.0,2.5878934892050336,2.9329459544323715
"Chatham County, GA",13051,Male,M,2024.0,"Accidental poisoning by and exposure to narcotics and psychodysleptics [hallucinogens], not elsewhere classified",X42,Decedent's home,4.0,11.0,71097,300879,14.3,5.9,8.0,3.6559547193390034,2.658876159519275
"Chatham County, GA",13051,Male,M,2024.0,"Accidental poisoning by and exposure to other and unspecified drugs, medicaments and biological substances",X44,Decedent's home,4.0,12.0,71097,300879,14.3,5.9,8.0,3.9883142392789126,2.658876159519275
"Cobb County, GA",13067,Male,M,2024.0,"Accidental poisoning by and exposure to narcotics and psychodysleptics [hallucinogens], not elsewhere classified",X42,Other,7.0,10.0,102738,775208,8.7,4.5,13.0,1.289976367632945,1.6769692779228282
"Cobb County, GA",13067,Male,M,2024.0,"Accidental poisoning by and exposure to other and unspecified drugs, medicaments and biological substances",X44,Decedent's home,4.0,16.0,102738,775208,8.7,4.5,13.0,2.063962188212712,1.6769692779228282
"Cobb County, GA",13067,Male,M,2024.0,"Accidental poisoning by and exposure to other and unspecified drugs, medicaments and biological substances",X44,Other,7.0,15.0,102738,775208,8.7,4.5,13.0,1.9349645514494174,1.6769692779228282
"DeKalb County, GA",13089,Male,M,2024.0,"Accidental poisoning by and exposure to narcotics and psychodysleptics [hallucinogens], not elsewhere classified",X42,Medical Facility - Outpatient or ER,2.0,16.0,80644,765351,13.7,6.4,20.0,2.090544077161982,2.6131800964524774
"DeKalb County, GA",13089,Male,M,2024.0,"Accidental poisoning by and exposure to narcotics and psychodysleptics [hallucinogens], not elsewhere classified",X42,Decedent's home,4.0,28.0,80644,765351,13.7,6.4,20.0,3.6584521350334684,2.6131800964524774
"DeKalb County, GA",13089,Male,M,2024.0,"Accidental poisoning by and exposure to narcotics and psychodysleptics [hallucinogens], not elsewhere classified",X42,Other,7.0,19.0,80644,765351,13.7,6.4,20.0,2.4825210916298537,2.6131800964524774
"DeKalb County, GA",13089,Male,M,2024.0,"Accidental poisoning by and exposure to other and unspecified drugs, medicaments and biological substances",X44,Other,7.0,12.0,80644,765351,13.7,6.4,20.0,1.5679080578714863,2.6131800964524774
"Fulton County, GA",13121,Female,F,2024.0,"Accidental poisoning by and exposure to narcotics and psychodysleptics [hallucinogens], not elsewhere classified",X42,Decedent's home,4.0,10.0,95292,1076561,12.3,5.4,27.0,0.9288837325520802,2.5079860778906164
"Fulton County, GA",13121,Female,F,2024.0,"Accidental poisoning by and exposure to other and unspecified drugs, medicaments and biological substances",X44,Other,7.0,16.0,95292,1076561,12.3,5.4,27.0,1.4862139720833283,2.5079860778906164
"Fulton County, GA",13121,Male,M,2024.0,"Accidental poisoning by and exposure to narcotics and psychodysleptics [hallucinogens], not elsewhere classified",X42,Medical Facility - Outpatient or ER,2.0,15.0,95292,1076561,12.3,5.4,27.0,1.3933255988281203,2.5079860778906164
"Fulton County, GA",13121,Male,M,2024.0,"Accidental poisoning by and exposure to narcotics and psychodysleptics [hallucinogens], not elsewhere classified",X42,Decedent's home,4.0,17.0,95292,1076561,12.3,5.4,27.0,1.5791023453385364,2.5079860778906164
"Fulton County, GA",13121,Male,M,2024.0,"Accidental poisoning by and exposure to narcotics and psychodysleptics [hallucinogens], not elsewhere classified",X42,Other,7.0,41.0,95292,1076561,12.3,5.4,27.0,3.8084233034635284,2.5079860778906164
"Fulton County, GA",13121,Male,M,2024.0,"Accidental poisoning by and exposure to other and unspecified drugs, medicaments and biological substances",X44,Decedent's home,4.0,20.0,95292,1076561,12.3,5.4,27.0,1.8577674651041605,2.5079860778906164
"Fulton County, GA",13121,Male,M,2024.0,"Accidental poisoning by and exposure to other and unspecified drugs, medicaments and biological substances",X44,Other,7.0,28.0,95292,1076561,12.3,5.4,27.0,2.6008744511458244,2.5079860778906164
"Gwinnett County, GA",13135,Female,F,2024.0,"Accidental poisoning by and exposure to other and unspecified drugs, medicaments and biological substances",X44,Decedent's home,4.0,17.0,87890,979864,10.8,4.2,11.0,1.7349346439914108,1.1226047696415014
"Gwinnett County, GA",13135,Male,M,2024.0,"Accidental poisoning by and exposure to other and unspecified drugs, medicaments and biological substances",X44,Decedent's home,4.0,24.0,87890,979864,10.8,4.2,11.0,2.4493194973996393,1.1226047696415014
"Gwinnett County, GA",13135,Male,M,2024.0,"Accidental poisoning by and exposure to other and unspecified drugs, medicaments and biological substances",X44,Other,7.0,12.0,87890,979864,10.8,4.2,11.0,1.2246597486998196,1.1226047696415014
"Richmond County, GA",13245,Female,F,2024.0,"Accidental poisoning by and exposure to other and unspecified drugs, medicaments and biological substances",X44,Decedent's home,4.0,11.0,55637,206069,20.0,8.5,7.0,5.338017848390588,3.3969204489758282
"Richmond County, GA",13245,Male,M,2024.0,"Accidental poisoning by and exposure to other and unspecified drugs, medicaments and biological substances",X44,Decedent's home,4.0,15.0,55637,206069,20.0,8.5,7.0,7.279115247805347,3.3969204489758282
"Richmond County, GA",13245,Male,M,2024.0,"Accidental poisoning by and exposure to other and unspecified drugs, medicaments and biological substances",X44,Other,7.0,12.0,55637,206069,20.0,8.5,7.0,5.823292198244277,3.3969204489758282
"Honolulu County, HI",15003,Male,M,2024.0,"Accidental poisoning by and exposure to antiepileptic, sedative-hypnotic, antiparkinsonism and psychotropic drugs, not elsewhere classified",X41,Medical Facility - Inpatient,1.0,11.0,106195,1001146,9.2,4.7,13.0,1.098740842993929,1.2985119053564613
"Honolulu County, HI",15003,Male,M,2024.0,"Accidental poisoning by and exposure to antiepileptic, sedative-hypnotic, antiparkinsonism and psychotropic drugs, not elsewhere classified",X41,Medical Facility - Outpatient or ER,2.0,21.0,106195,1001146,9.2,4.7,13.0,2.097596154806592,1.2985119053564613
"Honolulu County, HI",15003,Male,M,2024.0,"Accidental poisoning by and exposure to antiepileptic, sedative-hypnotic, antiparkinsonism and psychotropic drugs, not elsewhere classified",X41,Decedent's home,4.0,38.0,106195,1001146,9.2,4.7,13.0,3.7956501848881183,1.2985119053564613
"Honolulu County, HI",15003,Male,M,2024.0,"Accidental poisoning by and exposure to antiepileptic, sedative-hypnotic, antiparkinsonism and psychotropic drugs, not elsewhere classified",X41,Other,7.0,18.0,106195,1001146,9.2,4.7,13.0,1.7979395612627929,1.2985119053564613
"Honolulu County, HI",15003,Male,M,2024.0,"Accidental poisoning by and exposure to narcotics and psychodysleptics [hallucinogens], not elsewhere classified",X42,Decedent's home,4.0,14.0,106195,1001146,9.2,4.7,13.0,1.3983974365377279,1.2985119053564613
"Honolulu County, HI",15003,Male,M,2024.0,"Accidental poisoning by and exposure to other and unspecified drugs, medicaments and biological substances",X44,Medical Facility - Outpatient or ER,2.0,13.0,106195,1001146,9.2,4.7,13.0,1.2985119053564613,1.2985119053564613
"Honolulu County, HI",15003,Male,M,2024.0,"Accidental poisoning by and exposure to other and unspecified drugs, medicaments and biological substances",X44,Decedent's home,4.0,15.0,106195,1001146,9.2,4.7,13.0,1.498282967718994,1.2985119053564613
"Honolulu County, HI",15003,Male,M,2024.0,"Accidental poisoning by and exposure to other and unspecified drugs, medicaments and biological substances",X44,Other,7.0,11.0,106195,1001146,9.2,4.7,13.0,1.098740842993929,1.2985119053564613
"Ada County, ID",16001,Female,F,2024.0,"Accidental poisoning by and exposure to other and unspecified drugs, medicaments and biological substances",X44,Decedent's home,4.0,17.0,91502,518935,8.3,3.1,36.0,3.2759401466464975,6.937285016427876
"Ada County, ID",16001,Male,M,2024.0,"Accidental poisoning by and exposure to other and unspecified drugs, medicaments and biological substances",X44,Decedent's home,4.0,10.0,91502,518935,8.3,3.1,36.0,1.92702361567441,6.937285016427876
"Canyon County, ID",16027,Male,M,2024.0,"Accidental poisoning by and exposure to narcotics and psychodysleptics [hallucinogens], not elsewhere classified",X42,Decedent's home,4.0,11.0,76488,250790,10.5,3.7,15.0,4.386139798237569,5.981099724869412
"Cook County, IL",17031,Female,F,2024.0,"Accidental poisoning by and exposure to narcotics and psychodysleptics [hallucinogens], not elsewhere classified",X42,Medical Facility - Inpatient,1.0,22.0,83498,5182090,13.5,7.0,152.0,0.4245391338243836,2.9331794700593776
"Cook County, IL",17031,Female,F,2024.0,"Accidental poisoning by and exposure to narcotics and psychodysleptics [hallucinogens], not elsewhere classified",X42,Medical Facility - Outpatient or ER,2.0,23.0,83498,5182090,13.5,7.0,152.0,0.4438363671800374,2.9331794700593776
"Cook County, IL",17031,Female,F,2024.0,"Accidental poisoning by and exposure to narcotics and psychodysleptics [hallucinogens], not elsewhere classified",X42,Decedent's home,4.0,74.0,83498,5182090,13.5,7.0,152.0,1.4279952683183812,2.9331794700593776
"Cook County, IL",17031,Female,F,2024.0,"Accidental poisoning by and exposure to narcotics and psychodysleptics [hallucinogens], not elsewhere classified",X42,Other,7.0,33.0,83498,5182090,13.5,7.0,152.0,0.6368087007365754,2.9331794700593776
"Cook County, IL",17031,Female,F,2024.0,"Accidental poisoning by and exposure to other and unspecified drugs, medicaments and biological substances",X44,Medical Facility - Inpatient,1.0,11.0,83498,5182090,13.5,7.0,152.0,0.2122695669121918,2.9331794700593776
"Cook County, IL",17031,Female,F,2024.0,"Accidental poisoning by and exposure to other and unspecified drugs, medicaments and biological substances",X44,Medical Facility - Outpatient or ER,2.0,18.0,83498,5182090,13.5,7.0,152.0,0.3473502004017684,2.9331794700593776
"Cook County, IL",17031,Female,F,2024.0,"Accidental poisoning by and exposure to other and unspecified drugs, medicaments and biological substances",X44,Decedent's home,4.0,69.0,83498,5182090,13.5,7.0,152.0,1.3315091015401121,2.9331794700593776
"Cook County, IL",17031,Female,F,2024.0,"Accidental poisoning by and exposure to other and unspecified drugs, medicaments and biological substances",X44,Other,7.0,35.0,83498,5182090,13.5,7.0,152.0,0.675403167447883,2.9331794700593776
"Cook County, IL",17031,Male,M,2024.0,"Accidental poisoning by and exposure to antiepileptic, sedative-hypnotic, antiparkinsonism and psychotropic drugs, not elsewhere classified",X41,Other,7.0,13.0,83498,5182090,13.5,7.0,152.0,0.2508640336234994,2.9331794700593776
"Cook County, IL",17031,Male,M,2024.0,"Accidental poisoning by and exposure to narcotics and psychodysleptics [hallucinogens], not elsewhere classified",X42,Medical Facility - Inpatient,1.0,78.0,83498,5182090,13.5,7.0,152.0,1.5051842017409964,2.9331794700593776
"Cook County, IL",17031,Male,M,2024.0,"Accidental poisoning by and exposure to narcotics and psychodysleptics [hallucinogens], not elsewhere classified",X42,Medical Facility - Outpatient or ER,2.0,99.0,83498,5182090,13.5,7.0,152.0,1.9104261022097262,2.9331794700593776
"Cook County, IL",17031,Male,M,2024.0,"Accidental poisoning by and exposure to narcotics and psychodysleptics [hallucinogens], not elsewhere classified",X42,Decedent's home,4.0,267.0,83498,5182090,13.5,7.0,152.0,5.152361305959564,2.9331794700593776
"Cook County, IL",17031,Male,M,2024.0,"Accidental poisoning by and exposure to narcotics and psychodysleptics [hallucinogens], not elsewhere classified",X42,Other,7.0,144.0,83498,5182090,13.5,7.0,152.0,2.778801603214147,2.9331794700593776
"Cook County, IL",17031,Male,M,2024.0,"Accidental poisoning by and exposure to other and unspecified drugs, medicaments and biological substances",X44,Medical Facility - Inpatient,1.0,30.0,83498,5182090,13.5,7.0,152.0,0.578917000669614,2.9331794700593776
"Cook County, IL",17031,Male,M,2024.0,"Accidental poisoning by and exposure to other and unspecified drugs, medicaments and biological substances",X44,Medical Facility - Outpatient or ER,2.0,51.0,83498,5182090,13.5,7.0,152.0,0.9841589011383437,2.9331794700593776
"Cook County, IL",17031,Male,M,2024.0,"Accidental poisoning by and exposure to other and unspecified drugs, medicaments and biological substances",X44,Decedent's home,4.0,182.0,83498,5182090,13.5,7.0,152.0,3.512096470728992,2.9331794700593776
"Cook County, IL",17031,Male,M,2024.0,"Accidental poisoning by and exposure to other and unspecified drugs, medicaments and biological substances",X44,Other,7.0,88.0,83498,5182090,13.5,7.0,152.0,1.6981565352975343,2.9331794700593776
"Cook County, IL",17031,Male,M,2024.0,"Intentional self-poisoning by and exposure to other and unspecified drugs, medicaments and biological substances",X64,Decedent's home,4.0,10.0,83498,5182090,13.5,7.0,152.0,0.192972333556538,2.9331794700593776
"DuPage County, IL",17043,Female,F,2024.0,"Accidental poisoning by and exposure to other and unspecified drugs, medicaments and biological substances",X44,Decedent's home,4.0,10.0,112096,930024,6.6,4.9,30.0,1.0752410690476804,3.2257232071430413
"DuPage County, IL",17043,Male,M,2024.0,"Accidental poisoning by and exposure to narcotics and psychodysleptics [hallucinogens], not elsewhere classified",X42,Decedent's home,4.0,10.0,112096,930024,6.6,4.9,30.0,1.0752410690476804,3.2257232071430413
"DuPage County, IL",17043,Male,M,2024.0,"Accidental poisoning by and exposure to other and unspecified drugs, medicaments and biological substances",X44,Decedent's home,4.0,12.0,112096,930024,6.6,4.9,30.0,1.2902892828572166,3.2257232071430413
"Lake County, IL",17097,Female,F,2024.0,"Accidental poisoning by and exposure to other and unspecified drugs, medicaments and biological substances",X44,Decedent's home,4.0,13.0,110416,714223,8.3,5.2,14.0,1.8201598100313208,1.9601721031106534
"Lake County, IL",17097,Male,M,2024.0,"Accidental poisoning by and exposure to narcotics and psychodysleptics [hallucinogens], not elsewhere classified",X42,Decedent's home,4.0,26.0,110416,714223,8.3,5.2,14.0,3.6403196200626415,1.9601721031106534
"Lake County, IL",17097,Male,M,2024.0,"Accidental poisoning by and exposure to narcotics and psychodysleptics [hallucinogens], not elsewhere classified",X42,Other,7.0,14.0,110416,714223,8.3,5.2,14.0,1.9601721031106534,1.9601721031106534
"Lake County, IL",17097,Male,M,2024.0,"Accidental poisoning by and exposure to other and unspecified drugs, medicaments and biological substances",X44,Decedent's home,4.0,12.0,110416,714223,8.3,5.2,14.0,1.6801475169519886,1.9601721031106534
"Lake County, IL",17097,Male,M,2024.0,"Accidental poisoning by and exposure to other and unspecified drugs, medicaments and biological substances",X44,Other,7.0,10.0,110416,714223,8.3,5.2,14.0,1.4001229307933236,1.9601721031106534
"Madison County, IL",17119,Male,M,2024.0,"Accidental poisoning by and exposure to other and unspecified drugs, medicaments and biological substances",X44,Decedent's home,4.0,10.0,75793,264238,11.1,4.6,5.0,3.784467033507671,1.8922335167538356
"St. Clair County, IL",17163,Male,M,2024.0,"Accidental poisoning by and exposure to narcotics and psychodysleptics [hallucinogens], not elsewhere classified",X42,Decedent's home,4.0,16.0,73854,253694,13.6,6.0,6.0,6.306810567061105,2.3650539626479143
"Sangamon County, IL",17167,Male,M,2024.0,"Accidental poisoning by and exposure to narcotics and psychodysleptics [hallucinogens], not elsewhere classified",X42,Decedent's home,4.0,16.0,75357,194947,13.1,5.4,3.0,8.20735892319451,1.5388797980989706
"Sangamon County, IL",17167,Male,M,2024.0,"Accidental poisoning by and exposure to other and unspecified drugs, medicaments and biological substances",X44,Decedent's home,4.0,12.0,75357,194947,13.1,5.4,3.0,6.155519192395882,1.5388797980989706
"Will County, IL",17197,Male,M,2024.0,"Accidental poisoning by and exposure to narcotics and psychodysleptics [hallucinogens], not elsewhere classified",X42,Medical Facility - Outpatient or ER,2.0,10.0,109984,701462,7.3,4.9,4.0,1.425593973729154,0.5702375894916617
"Will County, IL",17197,Male,M,2024.0,"Accidental poisoning by and exposure to narcotics and psychodysleptics [hallucinogens], not elsewhere classified",X42,Decedent's home,4.0,23.0,109984,701462,7.3,4.9,4.0,3.2788661395770546,0.5702375894916617
"Will County, IL",17197,Male,M,2024.0,"Accidental poisoning by and exposure to narcotics and psychodysleptics [hallucinogens], not elsewhere classified",X42,Other,7.0,10.0,109984,701462,7.3,4.9,4.0,1.425593973729154,0.5702375894916617
"Winnebago County, IL",17201,Male,M,2024.0,"Accidental poisoning by and exposure to narcotics and psychodysleptics [hallucinogens], not elsewhere classified",X42,Decedent's home,4.0,28.0,65837,283292,15.6,7.3,5.0,9.883794812419694,1.7649633593606597
"Allen County, IN",18003,Male,M,2024.0,"Accidental poisoning by and exposure to narcotics and psychodysleptics [hallucinogens], not elsewhere classified",X42,Decedent's home,4.0,12.0,70737,392378,12.5,4.7,13.0,3.0582754384802406,3.313131725020261
"Clark County, IN",18019,Male,M,2024.0,"Accidental poisoning by and exposure to other and unspecified drugs, medicaments and biological substances",X44,Decedent's home,4.0,11.0,74214,124354,10.2,4.0,13.0,8.8457146533284,10.45402640847902
"Lake County, IN",18089,Female,F,2024.0,"Accidental poisoning by and exposure to narcotics and psychodysleptics [hallucinogens], not elsewhere classified",X42,Decedent's home,4.0,11.0,71493,500379,14.3,6.1,17.0,2.1983336630833827,3.397424752037955
"Lake County, IN",18089,Male,M,2024.0,"Accidental poisoning by and exposure to narcotics and psychodysleptics [hallucinogens], not elsewhere classified",X42,Decedent's home,4.0,31.0,71493,500379,14.3,6.1,17.0,6.195303959598625,3.397424752037955
"Lake County, IN",18089,Male,M,2024.0,"Accidental poisoning by and exposure to narcotics and psychodysleptics [hallucinogens], not elsewhere classified",X42,Other,7.0,12.0,71493,500379,14.3,6.1,17.0,2.3981821779091446,3.397424752037955
"Lake County, IN",18089,Male,M,2024.0,"Accidental poisoning by and exposure to other and unspecified drugs, medicaments and biological substances",X44,Decedent's home,4.0,10.0,71493,500379,14.3,6.1,17.0,1.9984851482576207,3.397424752037955
"Madison County, IN",18095,Male,M,2024.0,"Accidental poisoning by and exposure to other and unspecified drugs, medicaments and biological substances",X44,Decedent's home,4.0,11.0,63037,131900,13.4,5.9,7.0,8.339651250947687,5.307050796057619
"Marion County, IN",18097,Female,F,2024.0,"Accidental poisoning by and exposure to narcotics and psychodysleptics [hallucinogens], not elsewhere classified",X42,Medical Facility - Inpatient,1.0,12.0,66346,975809,15.3,5.0,46.0,1.2297488545401816,4.714037275737363
"Marion County, IN",18097,Female,F,2024.0,"Accidental poisoning by and exposure to narcotics and psychodysleptics [hallucinogens], not elsewhere classified",X42,Decedent's home,4.0,11.0,66346,975809,15.3,5.0,46.0,1.1272697833284997,4.714037275737363
"Marion County, IN",18097,Female,F,2024.0,"Accidental poisoning by and exposure to narcotics and psychodysleptics [hallucinogens], not elsewhere classified",X42,Other,7.0,16.0,66346,975809,15.3,5.0,46.0,1.6396651393869088,4.714037275737363
"Marion County, IN",18097,Female,F,2024.0,"Accidental poisoning by and exposure to other and unspecified drugs, medicaments and biological substances",X44,Decedent's home,4.0,27.0,66346,975809,15.3,5.0,46.0,2.7669349227154085,4.714037275737363
"Marion County, IN",18097,Female,F,2024.0,"Accidental poisoning by and exposure to other and unspecified drugs, medicaments and biological substances",X44,Other,7.0,31.0,66346,975809,15.3,5.0,46.0,3.176851207562136,4.714037275737363
"Marion County, IN",18097,Male,M,2024.0,"Accidental poisoning by and exposure to antiepileptic, sedative-hypnotic, antiparkinsonism and psychotropic drugs, not elsewhere classified",X41,Decedent's home,4.0,11.0,66346,975809,15.3,5.0,46.0,1.1272697833284997,4.714037275737363
"Marion County, IN",18097,Male,M,2024.0,"Accidental poisoning by and exposure to antiepileptic, sedative-hypnotic, antiparkinsonism and psychotropic drugs, not elsewhere classified",X41,Other,7.0,10.0,66346,975809,15.3,5.0,46.0,1.024790712116818,4.714037275737363
"Marion County, IN",18097,Male,M,2024.0,"Accidental poisoning by and exposure to narcotics and psychodysleptics [hallucinogens], not elsewhere classified",X42,Medical Facility - Inpatient,1.0,15.0,66346,975809,15.3,5.0,46.0,1.537186068175227,4.714037275737363
"Marion County, IN",18097,Male,M,2024.0,"Accidental poisoning by and exposure to narcotics and psychodysleptics [hallucinogens], not elsewhere classified",X42,Decedent's home,4.0,61.0,66346,975809,15.3,5.0,46.0,6.25122334391259,4.714037275737363
"Marion County, IN",18097,Male,M,2024.0,"Accidental poisoning by and exposure to narcotics and psychodysleptics [hallucinogens], not elsewhere classified",X42,Other,7.0,42.0,66346,975809,15.3,5.0,46.0,4.3041209908906355,4.714037275737363
"Marion County, IN",18097,Male,M,2024.0,"Accidental poisoning by and exposure to other and unspecified drugs, medicaments and biological substances",X44,Medical Facility - Inpatient,1.0,15.0,66346,975809,15.3,5.0,46.0,1.537186068175227,4.714037275737363
"Marion County, IN",18097,Male,M,2024.0,"Accidental poisoning by and exposure to other and unspecified drugs, medicaments and biological substances",X44,Decedent's home,4.0,57.0,66346,975809,15.3,5.0,46.0,5.841307059065862,4.714037275737363
"Marion County, IN",18097,Male,M,2024.0,"Accidental poisoning by and exposure to other and unspecified drugs, medicaments and biological substances",X44,Other,7.0,52.0,66346,975809,15.3,5.0,46.0,5.328911703007453,4.714037275737363
"Monroe County, IN",18105,Male,M,2024.0,"Accidental poisoning by and exposure to other and unspecified drugs, medicaments and biological substances",X44,Decedent's home,4.0,10.0,65868,140965,19.7,5.5,5.0,7.093959493491292,3.546979746745646
"St. Joseph County, IN",18141,Female,F,2024.0,"Accidental poisoning by and exposure to other and unspecified drugs, medicaments and biological substances",X44,Decedent's home,4.0,10.0,66868,273040,14.2,5.2,6.0,3.66246703779666,2.197480222677996
"St. Joseph County, IN",18141,Male,M,2024.0,"Accidental poisoning by and exposure to narcotics and psychodysleptics [hallucinogens], not elsewhere classified",X42,Decedent's home,4.0,11.0,66868,273040,14.2,5.2,6.0,4.028713741576326,2.197480222677996
"Polk County, IA",19153,Male,M,2024.0,"Accidental poisoning by and exposure to antiepileptic, sedative-hypnotic, antiparkinsonism and psychotropic drugs, not elsewhere classified",X41,Decedent's home,4.0,21.0,83576,503175,10.3,4.4,14.0,4.173498285884632,2.7823321905897553
"Polk County, IA",19153,Male,M,2024.0,"Accidental poisoning by and exposure to antiepileptic, sedative-hypnotic, antiparkinsonism and psychotropic drugs, not elsewhere classified",X41,Other,7.0,12.0,83576,503175,10.3,4.4,14.0,2.3848561633626475,2.7823321905897553
"Polk County, IA",19153,Male,M,2024.0,"Accidental poisoning by and exposure to other and unspecified drugs, medicaments and biological substances",X44,Decedent's home,4.0,17.0,83576,503175,10.3,4.4,14.0,3.378546231430417,2.7823321905897553
"Johnson County, KS",20091,Female,F,2024.0,"Accidental poisoning by and exposure to other and unspecified drugs, medicaments and biological substances",X44,Decedent's home,4.0,10.0,109208,620631,5.4,3.2,10.0,1.611263375500096,1.611263375500096
"Johnson County, KS",20091,Male,M,2024.0,"Accidental poisoning by and exposure to narcotics and psychodysleptics [hallucinogens], not elsewhere classified",X42,Decedent's home,4.0,11.0,109208,620631,5.4,3.2,10.0,1.7723897130501054,1.611263375500096
"Johnson County, KS",20091,Male,M,2024.0,"Accidental poisoning by and exposure to other and unspecified drugs, medicaments and biological substances",X44,Decedent's home,4.0,12.0,109208,620631,5.4,3.2,10.0,1.933516050600115,1.611263375500096
"Sedgwick County, KS",20173,Female,F,2024.0,"Accidental poisoning by and exposure to narcotics and psychodysleptics [hallucinogens], not elsewhere classified",X42,Decedent's home,4.0,13.0,69365,528226,13.9,5.0,8.0,2.4610678005247753,1.5145032618614003
"Sedgwick County, KS",20173,Female,F,2024.0,"Accidental poisoning by and exposure to other and unspecified drugs, medicaments and biological substances",X44,Decedent's home,4.0,18.0,69365,528226,13.9,5.0,8.0,3.407632339188151,1.5145032618614003
"Sedgwick County, KS",20173,Female,F,2024.0,"Accidental poisoning by and exposure to other and unspecified drugs, medicaments and biological substances",X44,Other,7.0,10.0,69365,528226,13.9,5.0,8.0,1.8931290773267504,1.5145032618614003
"Sedgwick County, KS",20173,Male,M,2024.0,"Accidental poisoning by and exposure to narcotics and psychodysleptics [hallucinogens], not elsewhere classified",X42,Decedent's home,4.0,25.0,69365,528226,13.9,5.0,8.0,4.7328226933168756,1.5145032618614003
"Sedgwick County, KS",20173,Male,M,2024.0,"Accidental poisoning by and exposure to narcotics and psychodysleptics [hallucinogens], not elsewhere classified",X42,Other,7.0,12.0,69365,528226,13.9,5.0,8.0,2.2717548927921003,1.5145032618614003
"Sedgwick County, KS",20173,Male,M,2024.0,"Accidental poisoning by and exposure to other and unspecified drugs, medicaments and biological substances",X44,Decedent's home,4.0,25.0,69365,528226,13.9,5.0,8.0,4.7328226933168756,1.5145032618614003
"Sedgwick County, KS",20173,Male,M,2024.0,"Accidental poisoning by and exposure to other and unspecified drugs, medicaments and biological substances",X44,Other,7.0,13.0,69365,528226,13.9,5.0,8.0,2.4610678005247753,1.5145032618614003
"Wyandotte County, KS",20209,Male,M,2024.0,"Accidental poisoning by and exposure to narcotics and psychodysleptics [hallucinogens], not elsewhere classified",X42,Decedent's home,4.0,11.0,63631,167654,15.8,5.7,3.0,6.561131854891621,1.789399596788624
"Boyd County, KY",21019,Male,M,2024.0,"Accidental poisoning by and exposure to other and unspecified drugs, medicaments and biological substances",X44,Decedent's home,4.0,10.0,61118,47911,16.9,6.4,10.0,20.87203356222997,20.87203356222997
"Fayette County, KY",21067,Female,F,2024.0,"Accidental poisoning by and exposure to narcotics and psychodysleptics [hallucinogens], not elsewhere classified",X42,Decedent's home,4.0,10.0,69479,323725,14.9,4.9,27.0,3.0890416248358945,8.340412387056915
"Fayette County, KY",21067,Male,M,2024.0,"Accidental poisoning by and exposure to narcotics and psychodysleptics [hallucinogens], not elsewhere classified",X42,Decedent's home,4.0,12.0,69479,323725,14.9,4.9,27.0,3.7068499498030736,8.340412387056915
"Fayette County, KY",21067,Male,M,2024.0,"Accidental poisoning by and exposure to narcotics and psychodysleptics [hallucinogens], not elsewhere classified",X42,Other,7.0,14.0,69479,323725,14.9,4.9,27.0,4.324658274770252,8.340412387056915
"Fayette County, KY",21067,Male,M,2024.0,"Accidental poisoning by and exposure to other and unspecified drugs, medicaments and biological substances",X44,Decedent's home,4.0,14.0,69479,323725,14.9,4.9,27.0,4.324658274770252,8.340412387056915
"Jefferson County, KY",21111,Female,F,2024.0,"Accidental poisoning by and exposure to narcotics and psychodysleptics [hallucinogens], not elsewhere classified",X42,Decedent's home,4.0,23.0,69866,783022,14.3,5.2,19.0,2.9373376482397684,2.426496318111113
"Jefferson County, KY",21111,Female,F,2024.0,"Accidental poisoning by and exposure to other and unspecified drugs, medicaments and biological substances",X44,Medical Facility - Outpatient or ER,2.0,14.0,69866,783022,14.3,5.2,19.0,1.7879446554502938,2.426496318111113
"Jefferson County, KY",21111,Female,F,2024.0,"Accidental poisoning by and exposure to other and unspecified drugs, medicaments and biological substances",X44,Decedent's home,4.0,32.0,69866,783022,14.3,5.2,19.0,4.086730641029243,2.426496318111113
"Jefferson County, KY",21111,Female,F,2024.0,"Accidental poisoning by and exposure to other and unspecified drugs, medicaments and biological substances",X44,Other,7.0,15.0,69866,783022,14.3,5.2,19.0,1.9156549879824576,2.426496318111113
"Jefferson County, KY",21111,Male,M,2024.0,"Accidental poisoning by and exposure to narcotics and psychodysleptics [hallucinogens], not elsewhere classified",X42,Medical Facility - Inpatient,1.0,13.0,69866,783022,14.3,5.2,19.0,1.66023432291813,2.426496318111113
"Jefferson County, KY",21111,Male,M,2024.0,"Accidental poisoning by and exposure to narcotics and psychodysleptics [hallucinogens], not elsewhere classified",X42,Medical Facility - Outpatient or ER,2.0,12.0,69866,783022,14.3,5.2,19.0,1.5325239903859662,2.426496318111113
"Jefferson County, KY",21111,Male,M,2024.0,"Accidental poisoning by and exposure to narcotics and psychodysleptics [hallucinogens], not elsewhere classified",X42,Decedent's home,4.0,39.0,69866,783022,14.3,5.2,19.0,4.98070296875439,2.426496318111113
"Jefferson County, KY",21111,Male,M,2024.0,"Accidental poisoning by and exposure to narcotics and psychodysleptics [hallucinogens], not elsewhere classified",X42,Other,7.0,21.0,69866,783022,14.3,5.2,19.0,2.681916983175441,2.426496318111113
"Jefferson County, KY",21111,Male,M,2024.0,"Accidental poisoning by and exposure to other and unspecified drugs, medicaments and biological substances",X44,Medical Facility - Inpatient,1.0,13.0,69866,783022,14.3,5.2,19.0,1.66023432291813,2.426496318111113
"Jefferson County, KY",21111,Male,M,2024.0,"Accidental poisoning by and exposure to other and unspecified drugs, medicaments and biological substances",X44,Medical Facility - Outpatient or ER,2.0,12.0,69866,783022,14.3,5.2,19.0,1.5325239903859662,2.426496318111113
"Jefferson County, KY",21111,Male,M,2024.0,"Accidental poisoning by and exposure to other and unspecified drugs, medicaments and biological substances",X44,Decedent's home,4.0,55.0,69866,783022,14.3,5.2,19.0,7.024068289269011,2.426496318111113
"Jefferson County, KY",21111,Male,M,2024.0,"Accidental poisoning by and exposure to other and unspecified drugs, medicaments and biological substances",X44,Other,7.0,32.0,69866,783022,14.3,5.2,19.0,4.086730641029243,2.426496318111113
"Kenton County, KY",21117,Male,M,2024.0,"Accidental poisoning by and exposure to other and unspecified drugs, medicaments and biological substances",X44,Decedent's home,4.0,11.0,80548,171288,11.8,4.3,7.0,6.421932651440848,4.086684414553266
"Madison County, KY",21151,Male,M,2024.0,"Accidental poisoning by and exposure to other and unspecified drugs, medicaments and biological substances",X44,Decedent's home,4.0,10.0,63351,95769,15.1,5.1,5.0,10.441792229218223,5.220896114609111
"Calcasieu Parish, LA",22019,Male,M,2024.0,"Poisoning by and exposure to narcotics and psychodysleptics [hallucinogens], not elsewhere classified, undetermined intent",Y12,Decedent's home,4.0,10.0,67564,207088,17.4,5.4,7.0,4.828865023564862,3.380205516495403
"East Baton Rouge Parish, LA",22033,Female,F,2024.0,"Accidental poisoning by and exposure to other and unspecified drugs, medicaments and biological substances",X44,Decedent's home,4.0,19.0,63071,452938,19.6,7.7,13.0,4.194834613125858,2.8701499984545347
"East Baton Rouge Parish, LA",22033,Male,M,2024.0,"Accidental poisoning by and exposure to other and unspecified drugs, medicaments and biological substances",X44,Decedent's home,4.0,60.0,63071,452938,19.6,7.7,13.0,13.246846146713237,2.8701499984545347
"East Baton Rouge Parish, LA",22033,Male,M,2024.0,"Accidental poisoning by and exposure to other and unspecified drugs, medicaments and biological substances",X44,Other,7.0,38.0,63071,452938,19.6,7.7,13.0,8.389669226251716,2.8701499984545347
"Jefferson Parish, LA",22051,Female,F,2024.0,"Accidental poisoning by and exposure to other and unspecified drugs, medicaments and biological substances",X44,Decedent's home,4.0,16.0,65252,430920,16.6,6.2,5.0,3.71298616912652,1.1603081778520374
"Jefferson Parish, LA",22051,Male,M,2024.0,"Accidental poisoning by and exposure to narcotics and psychodysleptics [hallucinogens], not elsewhere classified",X42,Decedent's home,4.0,28.0,65252,430920,16.6,6.2,5.0,6.49772579597141,1.1603081778520374
"Jefferson Parish, LA",22051,Male,M,2024.0,"Accidental poisoning by and exposure to narcotics and psychodysleptics [hallucinogens], not elsewhere classified",X42,Other,7.0,17.0,65252,430920,16.6,6.2,5.0,3.9450478046969275,1.1603081778520374
"Jefferson Parish, LA",22051,Male,M,2024.0,"Accidental poisoning by and exposure to other and unspecified drugs, medicaments and biological substances",X44,Decedent's home,4.0,32.0,65252,430920,16.6,6.2,5.0,7.42597233825304,1.1603081778520374
"Jefferson Parish, LA",22051,Male,M,2024.0,"Accidental poisoning by and exposure to other and unspecified drugs, medicaments and biological substances",X44,Other,7.0,23.0,65252,430920,16.6,6.2,5.0,5.337417618119373,1.1603081778520374
"Lafayette Parish, LA",22055,Male,M,2024.0,"Accidental poisoning by and exposure to narcotics and psychodysleptics [hallucinogens], not elsewhere classified",X42,Decedent's home,4.0,10.0,67451,247997,17.1,5.1,6.0,4.032306842421481,2.4193841054528886
"Livingston Parish, LA",22063,Male,M,2024.0,"Accidental poisoning by and exposure to narcotics and psychodysleptics [hallucinogens], not elsewhere classified",X42,Decedent's home,4.0,18.0,80122,148115,12.9,4.2,1.0,12.152719170914493,0.6751510650508051
"Livingston Parish, LA",22063,Male,M,2024.0,"Accidental poisoning by and exposure to other and unspecified drugs, medicaments and biological substances",X44,Decedent's home,4.0,13.0,80122,148115,12.9,4.2,1.0,8.776963845660466,0.6751510650508051
"Orleans Parish, LA",22071,Female,F,2024.0,"Accidental poisoning by and exposure to other and unspecified drugs, medicaments and biological substances",X44,Decedent's home,4.0,17.0,56631,371853,22.6,7.5,11.0,4.571699031606576,2.958158196921902
"Orleans Parish, LA",22071,Male,M,2024.0,"Accidental poisoning by and exposure to narcotics and psychodysleptics [hallucinogens], not elsewhere classified",X42,Decedent's home,4.0,20.0,56631,371853,22.6,7.5,11.0,5.378469448948913,2.958158196921902
"Orleans Parish, LA",22071,Male,M,2024.0,"Accidental poisoning by and exposure to other and unspecified drugs, medicaments and biological substances",X44,Medical Facility - Outpatient or ER,2.0,12.0,56631,371853,22.6,7.5,11.0,3.2270816693693476,2.958158196921902
"Orleans Parish, LA",22071,Male,M,2024.0,"Accidental poisoning by and exposure to other and unspecified drugs, medicaments and biological substances",X44,Decedent's home,4.0,55.0,56631,371853,22.6,7.5,11.0,14.79079098460951,2.958158196921902
"Orleans Parish, LA",22071,Male,M,2024.0,"Accidental poisoning by and exposure to other and unspecified drugs, medicaments and biological substances",X44,Other,7.0,38.0,56631,371853,22.6,7.5,11.0,10.219091953002934,2.958158196921902
"Rapides Parish, LA",22079,Male,M,2024.0,"Accidental poisoning by and exposure to other and unspecified drugs, medicaments and biological substances",X44,Decedent's home,4.0,12.0,54967,127527,19.9,5.1,7.0,9.409772048272131,5.48903369482541
"St. Tammany Parish, LA",22103,Male,M,2024.0,"Accidental poisoning by and exposure to narcotics and psychodysleptics [hallucinogens], not elsewhere classified",X42,Decedent's home,4.0,12.0,81202,272421,11.4,4.8,10.0,4.404946755206097,3.670788962671747
"St. Tammany Parish, LA",22103,Male,M,2024.0,"Accidental poisoning by and exposure to other and unspecified drugs, medicaments and biological substances",X44,Decedent's home,4.0,13.0,81202,272421,11.4,4.8,10.0,4.772025651473271,3.670788962671747
"St. Tammany Parish, LA",22103,Male,M,2024.0,"Accidental poisoning by and exposure to other and unspecified drugs, medicaments and biological substances",X44,Other,7.0,13.0,81202,272421,11.4,4.8,10.0,4.772025651473271,3.670788962671747
"Tangipahoa Parish, LA",22105,Male,M,2024.0,"Accidental poisoning by and exposure to other and unspecified drugs, medicaments and biological substances",X44,Decedent's home,4.0,12.0,56760,136738,19.2,6.0,1.0,8.775907209407773,0.731325600783981
"Aroostook County, ME",23003,Male,M,2024.0,"Accidental poisoning by and exposure to other and unspecified drugs, medicaments and biological substances",X44,Decedent's home,4.0,15.0,56700,67058,14.4,5.3,,22.368695755912793,
"Cumberland County, ME",23005,Female,F,2024.0,"Accidental poisoning by and exposure to other and unspecified drugs, medicaments and biological substances",X44,Decedent's home,4.0,12.0,95677,308827,7.3,3.1,,3.885670618177815,
"Cumberland County, ME",23005,Male,M,2024.0,"Accidental poisoning by and exposure to narcotics and psychodysleptics [hallucinogens], not elsewhere classified",X42,Decedent's home,4.0,11.0,95677,308827,7.3,3.1,,3.5618647333296636,
"Cumberland County, ME",23005,Male,M,2024.0,"Accidental poisoning by and exposure to narcotics and psychodysleptics [hallucinogens], not elsewhere classified",X42,Other,7.0,10.0,95677,308827,7.3,3.1,,3.2380588484815123,
"Cumberland County, ME",23005,Male,M,2024.0,"Accidental poisoning by and exposure to other and unspecified drugs, medicaments and biological substances",X44,Decedent's home,4.0,14.0,95677,308827,7.3,3.1,,4.5332823878741175,
"Penobscot County, ME",23019,Male,M,2024.0,"Accidental poisoning by and exposure to other and unspecified drugs, medicaments and biological substances",X44,Decedent's home,4.0,16.0,66356,154710,14.1,3.6,,10.341930062697951,
"Anne Arundel County, MD",24003,Male,M,2024.0,"Accidental poisoning by and exposure to narcotics and psychodysleptics [hallucinogens], not elsewhere classified",X42,Decedent's home,4.0,16.0,124911,598166,5.6,3.7,27.0,2.6748427693984613,4.513797173359904
"Anne Arundel County, MD",24003,Male,M,2024.0,"Accidental poisoning by and exposure to narcotics and psychodysleptics [hallucinogens], not elsewhere classified",X42,Other,7.0,16.0,124911,598166,5.6,3.7,27.0,2.6748427693984613,4.513797173359904
"Anne Arundel County, MD",24003,Male,M,2024.0,"Accidental poisoning by and exposure to other and unspecified drugs, medicaments and biological substances",X44,Decedent's home,4.0,10.0,124911,598166,5.6,3.7,27.0,1.6717767308740383,4.513797173359904
"Anne Arundel County, MD",24003,Male,M,2024.0,"Poisoning by and exposure to narcotics and psychodysleptics [hallucinogens], not elsewhere classified, undetermined intent",Y12,Decedent's home,4.0,10.0,124911,598166,5.6,3.7,27.0,1.6717767308740383,4.513797173359904
"Baltimore County, MD",24005,Female,F,2024.0,"Accidental poisoning by and exposure to narcotics and psychodysleptics [hallucinogens], not elsewhere classified",X42,Decedent's home,4.0,12.0,91768,850796,9.8,4.9,45.0,1.4104438666848458,5.289164500068171
"Baltimore County, MD",24005,Female,F,2024.0,"Accidental poisoning by and exposure to other and unspecified drugs, medicaments and biological substances",X44,Decedent's home,4.0,10.0,91768,850796,9.8,4.9,45.0,1.175369888904038,5.289164500068171
"Baltimore County, MD",24005,Male,M,2024.0,"Accidental poisoning by and exposure to narcotics and psychodysleptics [hallucinogens], not elsewhere classified",X42,Decedent's home,4.0,24.0,91768,850796,9.8,4.9,45.0,2.8208877333696916,5.289164500068171
"Baltimore County, MD",24005,Male,M,2024.0,"Accidental poisoning by and exposure to narcotics and psychodysleptics [hallucinogens], not elsewhere classified",X42,Other,7.0,26.0,91768,850796,9.8,4.9,45.0,3.0559617111504993,5.289164500068171
"Baltimore County, MD",24005,Male,M,2024.0,"Accidental poisoning by and exposure to other and unspecified drugs, medicaments and biological substances",X44,Decedent's home,4.0,13.0,91768,850796,9.8,4.9,45.0,1.5279808555752497,5.289164500068171
"Baltimore County, MD",24005,Male,M,2024.0,"Accidental poisoning by and exposure to other and unspecified drugs, medicaments and biological substances",X44,Other,7.0,10.0,91768,850796,9.8,4.9,45.0,1.175369888904038,5.289164500068171
"Baltimore County, MD",24005,Male,M,2024.0,"Poisoning by and exposure to narcotics and psychodysleptics [hallucinogens], not elsewhere classified, undetermined intent",Y12,Decedent's home,4.0,18.0,91768,850796,9.8,4.9,45.0,2.115665800027269,5.289164500068171
"Baltimore County, MD",24005,Male,M,2024.0,"Poisoning by and exposure to narcotics and psychodysleptics [hallucinogens], not elsewhere classified, undetermined intent",Y12,Other,7.0,17.0,91768,850796,9.8,4.9,45.0,1.998128811136865,5.289164500068171
"Harford County, MD",24025,Male,M,2024.0,"Accidental poisoning by and exposure to narcotics and psychodysleptics [hallucinogens], not elsewhere classified",X42,Decedent's home,4.0,10.0,112265,263757,7.1,3.8,9.0,3.7913685703128257,3.4122317132815434
"Montgomery County, MD",24031,Male,M,2024.0,"Accidental poisoning by and exposure to narcotics and psychodysleptics [hallucinogens], not elsewhere classified",X42,Decedent's home,4.0,13.0,132450,1065949,7.5,4.9,27.0,1.2195705423054948,2.532954203249874
"Prince George's County, MD",24033,Female,F,2024.0,"Accidental poisoning by and exposure to narcotics and psychodysleptics [hallucinogens], not elsewhere classified",X42,Decedent's home,4.0,10.0,101798,959754,10.8,6.4,41.0,1.0419336621675972,4.271928014887148
"Prince George's County, MD",24033,Male,M,2024.0,"Accidental poisoning by and exposure to narcotics and psychodysleptics [hallucinogens], not elsewhere classified",X42,Decedent's home,4.0,21.0,101798,959754,10.8,6.4,41.0,2.188060690551954,4.271928014887148
"Prince George's County, MD",24033,Male,M,2024.0,"Accidental poisoning by and exposure to narcotics and psychodysleptics [hallucinogens], not elsewhere classified",X42,Other,7.0,24.0,101798,959754,10.8,6.4,41.0,2.500640789202233,4.271928014887148
"Prince George's County, MD",24033,Male,M,2024.0,"Accidental poisoning by and exposure to other and unspecified drugs, medicaments and biological substances",X44,Decedent's home,4.0,11.0,101798,959754,10.8,6.4,41.0,1.1461270283843568,4.271928014887148
"Prince George's County, MD",24033,Male,M,2024.0,"Accidental poisoning by and exposure to other and unspecified drugs, medicaments and biological substances",X44,Other,7.0,10.0,101798,959754,10.8,6.4,41.0,1.0419336621675972,4.271928014887148
"Prince George's County, MD",24033,Male,M,2024.0,"Poisoning by and exposure to narcotics and psychodysleptics [hallucinogens], not elsewhere classified, undetermined intent",Y12,Decedent's home,4.0,12.0,101798,959754,10.8,6.4,41.0,1.2503203946011165,4.271928014887148
"Prince George's County, MD",24033,Male,M,2024.0,"Poisoning by and exposure to narcotics and psychodysleptics [hallucinogens], not elsewhere classified, undetermined intent",Y12,Other,7.0,14.0,101798,959754,10.8,6.4,41.0,1.458707127034636,4.271928014887148
"Washington County, MD",24043,Male,M,2024.0,"Accidental poisoning by and exposure to narcotics and psychodysleptics [hallucinogens], not elsewhere classified",X42,Decedent's home,4.0,10.0,77747,155709,12.4,4.2,13.0,6.422236351142194,8.348907256484852
"Baltimore city, MD",24510,Female,F,2024.0,"Accidental poisoning by and exposure to narcotics and psychodysleptics [hallucinogens], not elsewhere classified",X42,Medical Facility - Outpatient or ER,2.0,11.0,62177,573243,19.7,6.5,85.0,1.9189069905781666,14.827917654467653
"Baltimore city, MD",24510,Female,F,2024.0,"Accidental poisoning by and exposure to narcotics and psychodysleptics [hallucinogens], not elsewhere classified",X42,Decedent's home,4.0,27.0,62177,573243,19.7,6.5,85.0,4.710044431419136,14.827917654467653
"Baltimore city, MD",24510,Female,F,2024.0,"Accidental poisoning by and exposure to narcotics and psychodysleptics [hallucinogens], not elsewhere classified",X42,Other,7.0,14.0,62177,573243,19.7,6.5,85.0,2.4422452607358482,14.827917654467653
"Baltimore city, MD",24510,Female,F,2024.0,"Accidental poisoning by and exposure to other and unspecified drugs, medicaments and biological substances",X44,Decedent's home,4.0,29.0,62177,573243,19.7,6.5,85.0,5.058936611524257,14.827917654467653
"Baltimore city, MD",24510,Female,F,2024.0,"Accidental poisoning by and exposure to other and unspecified drugs, medicaments and biological substances",X44,Other,7.0,18.0,62177,573243,19.7,6.5,85.0,3.1400296209460907,14.827917654467653
"Baltimore city, MD",24510,Female,F,2024.0,"Poisoning by and exposure to narcotics and psychodysleptics [hallucinogens], not elsewhere classified, undetermined intent",Y12,Decedent's home,4.0,23.0,62177,573243,19.7,6.5,85.0,4.012260071208893,14.827917654467653
"Baltimore city, MD",24510,Female,F,2024.0,"Poisoning by and exposure to other and unspecified drugs, medicaments and biological substances, undetermined intent",Y14,Decedent's home,4.0,19.0,62177,573243,19.7,6.5,85.0,3.3144757109986513,14.827917654467653
"Baltimore city, MD",24510,Male,M,2024.0,"Accidental poisoning by and exposure to narcotics and psychodysleptics [hallucinogens], not elsewhere classified",X42,Medical Facility - Inpatient,1.0,14.0,62177,573243,19.7,6.5,85.0,2.4422452607358482,14.827917654467653
"Baltimore city, MD",24510,Male,M,2024.0,"Accidental poisoning by and exposure to narcotics and psychodysleptics [hallucinogens], not elsewhere classified",X42,Medical Facility - Outpatient or ER,2.0,22.0,62177,573243,19.7,6.5,85.0,3.837813981156333,14.827917654467653
"Baltimore city, MD",24510,Male,M,2024.0,"Accidental poisoning by and exposure to narcotics and psychodysleptics [hallucinogens], not elsewhere classified",X42,Decedent's home,4.0,88.0,62177,573243,19.7,6.5,85.0,15.351255924625333,14.827917654467653
"Baltimore city, MD",24510,Male,M,2024.0,"Accidental poisoning by and exposure to narcotics and psychodysleptics [hallucinogens], not elsewhere classified",X42,Other,7.0,52.0,62177,573243,19.7,6.5,85.0,9.07119668273315,14.827917654467653
"Baltimore city, MD",24510,Male,M,2024.0,"Accidental poisoning by and exposure to other and unspecified drugs, medicaments and biological substances",X44,Medical Facility - Outpatient or ER,2.0,12.0,62177,573243,19.7,6.5,85.0,2.093353080630727,14.827917654467653
"Baltimore city, MD",24510,Male,M,2024.0,"Accidental poisoning by and exposure to other and unspecified drugs, medicaments and biological substances",X44,Decedent's home,4.0,58.0,62177,573243,19.7,6.5,85.0,10.117873223048514,14.827917654467653
"Baltimore city, MD",24510,Male,M,2024.0,"Accidental poisoning by and exposure to other and unspecified drugs, medicaments and biological substances",X44,Other,7.0,25.0,62177,573243,19.7,6.5,85.0,4.361152251314015,14.827917654467653
"Baltimore city, MD",24510,Male,M,2024.0,"Poisoning by and exposure to narcotics and psychodysleptics [hallucinogens], not elsewhere classified, undetermined intent",Y12,Decedent's home,4.0,54.0,62177,573243,19.7,6.5,85.0,9.420088862838272,14.827917654467653
"Baltimore city, MD",24510,Male,M,2024.0,"Poisoning by and exposure to narcotics and psychodysleptics [hallucinogens], not elsewhere classified, undetermined intent",Y12,Other,7.0,36.0,62177,573243,19.7,6.5,85.0,6.2800592418921815,14.827917654467653
"Baltimore city, MD",24510,Male,M,2024.0,"Poisoning by and exposure to other and unspecified drugs, medicaments and biological substances, undetermined intent",Y14,Decedent's home,4.0,38.0,62177,573243,19.7,6.5,85.0,6.628951421997303,14.827917654467653
"Baltimore city, MD",24510,Male,M,2024.0,"Poisoning by and exposure to other and unspecified drugs, medicaments and biological substances, undetermined intent",Y14,Other,7.0,16.0,62177,573243,19.7,6.5,85.0,2.7911374408409695,14.827917654467653
"Berkshire County, MA",25003,Male,M,2024.0,"Accidental poisoning by and exposure to narcotics and psychodysleptics [hallucinogens], not elsewhere classified",X42,Decedent's home,4.0,11.0,76013,129430,11.4,5.4,,8.498802441474156,
"Bristol County, MA",25005,Female,F,2024.0,"Accidental poisoning by and exposure to other and unspecified drugs, medicaments and biological substances",X44,Medical Facility - Outpatient or ER,2.0,10.0,85625,582270,11.3,5.5,,1.7174163188898621,
"Bristol County, MA",25005,Female,F,2024.0,"Accidental poisoning by and exposure to other and unspecified drugs, medicaments and biological substances",X44,Decedent's home,4.0,12.0,85625,582270,11.3,5.5,,2.0608995826678345,
"Bristol County, MA",25005,Male,M,2024.0,"Accidental poisoning by and exposure to narcotics and psychodysleptics [hallucinogens], not elsewhere classified",X42,Medical Facility - Outpatient or ER,2.0,12.0,85625,582270,11.3,5.5,,2.0608995826678345,
"Bristol County, MA",25005,Male,M,2024.0,"Accidental poisoning by and exposure to narcotics and psychodysleptics [hallucinogens], not elsewhere classified",X42,Decedent's home,4.0,23.0,85625,582270,11.3,5.5,,3.9500575334466825,
"Bristol County, MA",25005,Male,M,2024.0,"Accidental poisoning by and exposure to narcotics and psychodysleptics [hallucinogens], not elsewhere classified",X42,Other,7.0,10.0,85625,582270,11.3,5.5,,1.7174163188898621,
"Bristol County, MA",25005,Male,M,2024.0,"Accidental poisoning by and exposure to other and unspecified drugs, medicaments and biological substances",X44,Medical Facility - Outpatient or ER,2.0,15.0,85625,582270,11.3,5.5,,2.576124478334793,
"Bristol County, MA",25005,Male,M,2024.0,"Accidental poisoning by and exposure to other and unspecified drugs, medicaments and biological substances",X44,Decedent's home,4.0,16.0,85625,582270,11.3,5.5,,2.747866110223779,
"Essex County, MA",25009,Female,F,2024.0,"Accidental poisoning by and exposure to other and unspecified drugs, medicaments and biological substances",X44,Decedent's home,4.0,15.0,101883,813054,9.4,5.1,,1.844895910972703,
"Essex County, MA",25009,Male,M,2024.0,"Accidental poisoning by and exposure to narcotics and psychodysleptics [hallucinogens], not elsewhere classified",X42,Decedent's home,4.0,44.0,101883,813054,9.4,5.1,,5.411694672186595,
"Essex County, MA",25009,Male,M,2024.0,"Accidental poisoning by and exposure to narcotics and psychodysleptics [hallucinogens], not elsewhere classified",X42,Other,7.0,14.0,101883,813054,9.4,5.1,,1.7219028502411893,
"Essex County, MA",25009,Male,M,2024.0,"Accidental poisoning by and exposure to other and unspecified drugs, medicaments and biological substances",X44,Decedent's home,4.0,27.0,101883,813054,9.4,5.1,,3.3208126397508653,
"Essex County, MA",25009,Male,M,2024.0,"Accidental poisoning by and exposure to other and unspecified drugs, medicaments and biological substances",X44,Other,7.0,12.0,101883,813054,9.4,5.1,,1.4759167287781623,
"Hampden County, MA",25013,Female,F,2024.0,"Accidental poisoning by and exposure to narcotics and psychodysleptics [hallucinogens], not elsewhere classified",X42,Decedent's home,4.0,14.0,71306,462815,16.3,6.0,,3.024966779382691,
"Hampden County, MA",25013,Female,F,2024.0,"Accidental poisoning by and exposure to other and unspecified drugs, medicaments and biological substances",X44,Decedent's home,4.0,10.0,71306,462815,16.3,6.0,,2.1606905567019217,
"Hampden County, MA",25013,Male,M,2024.0,"Accidental poisoning by and exposure to narcotics and psychodysleptics [hallucinogens], not elsewhere classified",X42,Medical Facility - Outpatient or ER,2.0,14.0,71306,462815,16.3,6.0,,3.024966779382691,
"Hampden County, MA",25013,Male,M,2024.0,"Accidental poisoning by and exposure to narcotics and psychodysleptics [hallucinogens], not elsewhere classified",X42,Decedent's home,4.0,44.0,71306,462815,16.3,6.0,,9.507038449488457,
"Hampden County, MA",25013,Male,M,2024.0,"Accidental poisoning by and exposure to narcotics and psychodysleptics [hallucinogens], not elsewhere classified",X42,Other,7.0,14.0,71306,462815,16.3,6.0,,3.024966779382691,
"Hampden County, MA",25013,Male,M,2024.0,"Accidental poisoning by and exposure to other and unspecified drugs, medicaments and biological substances",X44,Decedent's home,4.0,19.0,71306,462815,16.3,6.0,,4.105312057733651,
"Hampden County, MA",25013,Male,M,2024.0,"Accidental poisoning by and exposure to other and unspecified drugs, medicaments and biological substances",X44,Other,7.0,12.0,71306,462815,16.3,6.0,,2.5928286680423063,
"Middlesex County, MA",25017,Female,F,2024.0,"Accidental poisoning by and exposure to other and unspecified drugs, medicaments and biological substances",X44,Decedent's home,4.0,13.0,130847,1638365,7.7,4.4,,0.7934739816829582,
"Middlesex County, MA",25017,Female,F,2024.0,"Accidental poisoning by and exposure to other and unspecified drugs, medicaments and biological substances",X44,Other,7.0,10.0,130847,1638365,7.7,4.4,,0.6103646012945834,
"Middlesex County, MA",25017,Male,M,2024.0,"Accidental poisoning by and exposure to narcotics and psychodysleptics [hallucinogens], not elsewhere classified",X42,Medical Facility - Inpatient,1.0,11.0,130847,1638365,7.7,4.4,,0.6714010614240417,
"Middlesex County, MA",25017,Male,M,2024.0,"Accidental poisoning by and exposure to narcotics and psychodysleptics [hallucinogens], not elsewhere classified",X42,Decedent's home,4.0,50.0,130847,1638365,7.7,4.4,,3.0518230064729166,
"Middlesex County, MA",25017,Male,M,2024.0,"Accidental poisoning by and exposure to narcotics and psychodysleptics [hallucinogens], not elsewhere classified",X42,Other,7.0,13.0,130847,1638365,7.7,4.4,,0.7934739816829582,
"Middlesex County, MA",25017,Male,M,2024.0,"Accidental poisoning by and exposure to other and unspecified drugs, medicaments and biological substances",X44,Decedent's home,4.0,43.0,130847,1638365,7.7,4.4,,2.624567785566708,
"Middlesex County, MA",25017,Male,M,2024.0,"Accidental poisoning by and exposure to other and unspecified drugs, medicaments and biological substances",X44,Other,7.0,13.0,130847,1638365,7.7,4.4,,0.7934739816829582,
"Norfolk County, MA",25021,Male,M,2024.0,"Accidental poisoning by and exposure to narcotics and psychodysleptics [hallucinogens], not elsewhere classified",X42,Decedent's home,4.0,17.0,130739,730082,6.7,4.9,,2.3285055651283004,
"Norfolk County, MA",25021,Male,M,2024.0,"Accidental poisoning by and exposure to other and unspecified drugs, medicaments and biological substances",X44,Decedent's home,4.0,18.0,130739,730082,6.7,4.9,,2.465476480724083,
"Plymouth County, MA",25023,Male,M,2024.0,"Accidental poisoning by and exposure to narcotics and psychodysleptics [hallucinogens], not elsewhere classified",X42,Medical Facility - Outpatient or ER,2.0,11.0,114201,535075,7.1,5.1,,2.055786571975891,
"Plymouth County, MA",25023,Male,M,2024.0,"Accidental poisoning by and exposure to narcotics and psychodysleptics [hallucinogens], not elsewhere classified",X42,Decedent's home,4.0,13.0,114201,535075,7.1,5.1,,2.4295659486987806,
"Plymouth County, MA",25023,Male,M,2024.0,"Accidental poisoning by and exposure to other and unspecified drugs, medicaments and biological substances",X44,Decedent's home,4.0,21.0,114201,535075,7.1,5.1,,3.924683455590338,
"Suffolk County, MA",25025,Female,F,2024.0,"Accidental poisoning by and exposure to narcotics and psychodysleptics [hallucinogens], not elsewhere classified",X42,Decedent's home,4.0,14.0,95631,785121,16.2,6.3,,1.7831646332221402,
"Suffolk County, MA",25025,Female,F,2024.0,"Accidental poisoning by and exposure to other and unspecified drugs, medicaments and biological substances",X44,Decedent's home,4.0,17.0,95631,785121,16.2,6.3,,2.16527134034117,
"Suffolk County, MA",25025,Male,M,2024.0,"Accidental poisoning by and exposure to narcotics and psychodysleptics [hallucinogens], not elsewhere classified",X42,Medical Facility - Inpatient,1.0,13.0,95631,785121,16.2,6.3,,1.6557957308491302,
"Suffolk County, MA",25025,Male,M,2024.0,"Accidental poisoning by and exposure to narcotics and psychodysleptics [hallucinogens], not elsewhere classified",X42,Medical Facility - Outpatient or ER,2.0,11.0,95631,785121,16.2,6.3,,1.4010579261031102,
"Suffolk County, MA",25025,Male,M,2024.0,"Accidental poisoning by and exposure to narcotics and psychodysleptics [hallucinogens], not elsewhere classified",X42,Medical Facility - Dead on Arrival,3.0,10.0,95631,785121,16.2,6.3,,1.2736890237301002,
"Suffolk County, MA",25025,Male,M,2024.0,"Accidental poisoning by and exposure to narcotics and psychodysleptics [hallucinogens], not elsewhere classified",X42,Decedent's home,4.0,42.0,95631,785121,16.2,6.3,,5.349493899666421,
"Suffolk County, MA",25025,Male,M,2024.0,"Accidental poisoning by and exposure to narcotics and psychodysleptics [hallucinogens], not elsewhere classified",X42,Other,7.0,24.0,95631,785121,16.2,6.3,,3.0568536569522404,
"Suffolk County, MA",25025,Male,M,2024.0,"Accidental poisoning by and exposure to other and unspecified drugs, medicaments and biological substances",X44,Decedent's home,4.0,43.0,95631,785121,16.2,6.3,,5.476862802039431,
"Suffolk County, MA",25025,Male,M,2024.0,"Accidental poisoning by and exposure to other and unspecified drugs, medicaments and biological substances",X44,Other,7.0,20.0,95631,785121,16.2,6.3,,2.5473780474602004,
"Worcester County, MA",25027,Female,F,2024.0,"Accidental poisoning by and exposure to other and unspecified drugs, medicaments and biological substances",X44,Decedent's home,4.0,19.0,95939,867788,10.3,5.3,,2.189474848695764,
"Worcester County, MA",25027,Female,F,2024.0,"Accidental poisoning by and exposure to other and unspecified drugs, medicaments and biological substances",X44,Other,7.0,10.0,95939,867788,10.3,5.3,,1.1523551835240864,
"Worcester County, MA",25027,Male,M,2024.0,"Accidental poisoning by and exposure to narcotics and psychodysleptics [hallucinogens], not elsewhere classified",X42,Medical Facility - Outpatient or ER,2.0,16.0,95939,867788,10.3,5.3,,1.8437682936385384,
"Worcester County, MA",25027,Male,M,2024.0,"Accidental poisoning by and exposure to narcotics and psychodysleptics [hallucinogens], not elsewhere classified",X42,Decedent's home,4.0,43.0,95939,867788,10.3,5.3,,4.955127289153572,
"Worcester County, MA",25027,Male,M,2024.0,"Accidental poisoning by and exposure to narcotics and psychodysleptics [hallucinogens], not elsewhere classified",X42,Other,7.0,19.0,95939,867788,10.3,5.3,,2.189474848695764,
"Worcester County, MA",25027,Male,M,2024.0,"Accidental poisoning by and exposure to other and unspecified drugs, medicaments and biological substances",X44,Medical Facility - Outpatient or ER,2.0,12.0,95939,867788,10.3,5.3,,1.382826220228904,
"Worcester County, MA",25027,Male,M,2024.0,"Accidental poisoning by and exposure to other and unspecified drugs, medicaments and biological substances",X44,Decedent's home,4.0,25.0,95939,867788,10.3,5.3,,2.880887958810216,
"Worcester County, MA",25027,Male,M,2024.0,"Accidental poisoning by and exposure to other and unspecified drugs, medicaments and biological substances",X44,Other,7.0,12.0,95939,867788,10.3,5.3,,1.382826220228904,
"Genesee County, MI",26049,Female,F,2024.0,"Accidental poisoning by and exposure to narcotics and psychodysleptics [hallucinogens], not elsewhere classified",X42,Decedent's home,4.0,19.0,62281,403305,16.4,8.1,10.0,4.711074744920098,2.4795130236421565
"Genesee County, MI",26049,Female,F,2024.0,"Accidental poisoning by and exposure to other and unspecified drugs, medicaments and biological substances",X44,Decedent's home,4.0,20.0,62281,403305,16.4,8.1,10.0,4.959026047284313,2.4795130236421565
"Genesee County, MI",26049,Male,M,2024.0,"Accidental poisoning by and exposure to narcotics and psychodysleptics [hallucinogens], not elsewhere classified",X42,Decedent's home,4.0,39.0,62281,403305,16.4,8.1,10.0,9.67010079220441,2.4795130236421565
"Genesee County, MI",26049,Male,M,2024.0,"Accidental poisoning by and exposure to narcotics and psychodysleptics [hallucinogens], not elsewhere classified",X42,Other,7.0,10.0,62281,403305,16.4,8.1,10.0,2.4795130236421565,2.4795130236421565
"Genesee County, MI",26049,Male,M,2024.0,"Accidental poisoning by and exposure to other and unspecified drugs, medicaments and biological substances",X44,Decedent's home,4.0,17.0,62281,403305,16.4,8.1,10.0,4.215172140191666,2.4795130236421565
"Ingham County, MI",26065,Male,M,2024.0,"Accidental poisoning by and exposure to narcotics and psychodysleptics [hallucinogens], not elsewhere classified",X42,Decedent's home,4.0,17.0,65526,283913,16.7,6.2,9.0,5.987749768414972,3.169985171513809
"Kalamazoo County, MI",26077,Male,M,2024.0,"Accidental poisoning by and exposure to other and unspecified drugs, medicaments and biological substances",X44,Decedent's home,4.0,11.0,72532,262375,12.7,5.5,7.0,4.192472606002859,2.66793711291091
"Kent County, MI",26081,Female,F,2024.0,"Accidental poisoning by and exposure to narcotics and psychodysleptics [hallucinogens], not elsewhere classified",X42,Decedent's home,4.0,10.0,82631,663150,10.1,4.2,23.0,1.5079544597753147,3.4682952574832235
"Kent County, MI",26081,Male,M,2024.0,"Accidental poisoning by and exposure to narcotics and psychodysleptics [hallucinogens], not elsewhere classified",X42,Decedent's home,4.0,20.0,82631,663150,10.1,4.2,23.0,3.0159089195506295,3.4682952574832235
"Macomb County, MI",26099,Female,F,2024.0,"Accidental poisoning by and exposure to narcotics and psychodysleptics [hallucinogens], not elsewhere classified",X42,Decedent's home,4.0,10.0,77837,879853,10.4,5.7,14.0,1.1365534924583993,1.591174889441759
"Macomb County, MI",26099,Female,F,2024.0,"Accidental poisoning by and exposure to other and unspecified drugs, medicaments and biological substances",X44,Decedent's home,4.0,15.0,77837,879853,10.4,5.7,14.0,1.7048302386875989,1.591174889441759
"Macomb County, MI",26099,Male,M,2024.0,"Accidental poisoning by and exposure to narcotics and psychodysleptics [hallucinogens], not elsewhere classified",X42,Decedent's home,4.0,34.0,77837,879853,10.4,5.7,14.0,3.8642818743585576,1.591174889441759
"Macomb County, MI",26099,Male,M,2024.0,"Accidental poisoning by and exposure to narcotics and psychodysleptics [hallucinogens], not elsewhere classified",X42,Other,7.0,15.0,77837,879853,10.4,5.7,14.0,1.7048302386875989,1.591174889441759
"Macomb County, MI",26099,Male,M,2024.0,"Accidental poisoning by and exposure to other and unspecified drugs, medicaments and biological substances",X44,Decedent's home,4.0,25.0,77837,879853,10.4,5.7,14.0,2.841383731145998,1.591174889441759
"Macomb County, MI",26099,Male,M,2024.0,"Poisoning by and exposure to narcotics and psychodysleptics [hallucinogens], not elsewhere classified, undetermined intent",Y12,Decedent's home,4.0,14.0,77837,879853,10.4,5.7,14.0,1.591174889441759,1.591174889441759
"Muskegon County, MI",26121,Male,M,2024.0,"Accidental poisoning by and exposure to narcotics and psychodysleptics [hallucinogens], not elsewhere classified",X42,Decedent's home,4.0,10.0,65024,175961,14.1,6.4,9.0,5.683077500127869,5.114769750115082
"Oakland County, MI",26125,Female,F,2024.0,"Poisoning by and exposure to narcotics and psychodysleptics [hallucinogens], not elsewhere classified, undetermined intent",Y12,Decedent's home,4.0,28.0,97760,1279825,7.7,4.8,39.0,2.1877991131600023,3.047291621901432
"Oakland County, MI",26125,Male,M,2024.0,"Poisoning by and exposure to narcotics and psychodysleptics [hallucinogens], not elsewhere classified, undetermined intent",Y12,Decedent's home,4.0,43.0,97760,1279825,7.7,4.8,39.0,3.3598343523528604,3.047291621901432
"Saginaw County, MI",26145,Male,M,2024.0,"Accidental poisoning by and exposure to narcotics and psychodysleptics [hallucinogens], not elsewhere classified",X42,Decedent's home,4.0,19.0,60622,188665,18.2,6.4,8.0,10.070760342405851,4.240320144170885
"Washtenaw County, MI",26161,Female,F,2024.0,"Accidental poisoning by and exposure to narcotics and psychodysleptics [hallucinogens], not elsewhere classified",X42,Decedent's home,4.0,11.0,89180,369822,14.2,4.6,5.0,2.97440390241792,1.3520017738263272
"Washtenaw County, MI",26161,Male,M,2024.0,"Accidental poisoning by and exposure to narcotics and psychodysleptics [hallucinogens], not elsewhere classified",X42,Decedent's home,4.0,12.0,89180,369822,14.2,4.6,5.0,3.2448042571831857,1.3520017738263272
"Wayne County, MI",26163,Female,F,2024.0,"Accidental poisoning by and exposure to narcotics and psychodysleptics [hallucinogens], not elsewhere classified",X42,Medical Facility - Inpatient,1.0,13.0,60539,1772259,20.8,8.7,59.0,0.7335270973373531,3.3290845186849096
"Wayne County, MI",26163,Female,F,2024.0,"Accidental poisoning by and exposure to narcotics and psychodysleptics [hallucinogens], not elsewhere classified",X42,Decedent's home,4.0,62.0,60539,1772259,20.8,8.7,59.0,3.498360002685838,3.3290845186849096
"Wayne County, MI",26163,Female,F,2024.0,"Accidental poisoning by and exposure to narcotics and psychodysleptics [hallucinogens], not elsewhere classified",X42,Other,7.0,17.0,60539,1772259,20.8,8.7,59.0,0.9592277426719232,3.3290845186849096
"Wayne County, MI",26163,Female,F,2024.0,"Accidental poisoning by and exposure to other and unspecified drugs, medicaments and biological substances",X44,Decedent's home,4.0,21.0,60539,1772259,20.8,8.7,59.0,1.1849283880064934,3.3290845186849096
"Wayne County, MI",26163,Male,M,2024.0,"Accidental poisoning by and exposure to narcotics and psychodysleptics [hallucinogens], not elsewhere classified",X42,Medical Facility - Inpatient,1.0,19.0,60539,1772259,20.8,8.7,59.0,1.0720780653392084,3.3290845186849096
"Wayne County, MI",26163,Male,M,2024.0,"Accidental poisoning by and exposure to narcotics and psychodysleptics [hallucinogens], not elsewhere classified",X42,Medical Facility - Outpatient or ER,2.0,25.0,60539,1772259,20.8,8.7,59.0,1.4106290333410636,3.3290845186849096
"Wayne County, MI",26163,Male,M,2024.0,"Accidental poisoning by and exposure to narcotics and psychodysleptics [hallucinogens], not elsewhere classified",X42,Decedent's home,4.0,185.0,60539,1772259,20.8,8.7,59.0,10.438654846723871,3.3290845186849096
"Wayne County, MI",26163,Male,M,2024.0,"Accidental poisoning by and exposure to narcotics and psychodysleptics [hallucinogens], not elsewhere classified",X42,Other,7.0,58.0,60539,1772259,20.8,8.7,59.0,3.2726593573512672,3.3290845186849096
"Wayne County, MI",26163,Male,M,2024.0,"Accidental poisoning by and exposure to other and unspecified drugs, medicaments and biological substances",X44,Decedent's home,4.0,42.0,60539,1772259,20.8,8.7,59.0,2.3698567760129867,3.3290845186849096
"Wayne County, MI",26163,Male,M,2024.0,"Accidental poisoning by and exposure to other and unspecified drugs, medicaments and biological substances",X44,Other,7.0,12.0,60539,1772259,20.8,8.7,59.0,0.6771019360037105,3.3290845186849096
"Hennepin County, MN",27053,Female,F,2024.0,"Accidental poisoning by and exposure to narcotics and psychodysleptics [hallucinogens], not elsewhere classified",X42,Decedent's home,4.0,19.0,97653,1269496,10.0,4.5,57.0,1.4966569410222639,4.489970823066792
"Hennepin County, MN",27053,Female,F,2024.0,"Accidental poisoning by and exposure to other and unspecified drugs, medicaments and biological substances",X44,Decedent's home,4.0,21.0,97653,1269496,10.0,4.5,57.0,1.6541997769193442,4.489970823066792
"Hennepin County, MN",27053,Female,F,2024.0,"Accidental poisoning by and exposure to other and unspecified drugs, medicaments and biological substances",X44,Other,7.0,16.0,97653,1269496,10.0,4.5,57.0,1.2603426871766432,4.489970823066792
"Hennepin County, MN",27053,Male,M,2024.0,"Accidental poisoning by and exposure to antiepileptic, sedative-hypnotic, antiparkinsonism and psychotropic drugs, not elsewhere classified",X41,Decedent's home,4.0,10.0,97653,1269496,10.0,4.5,57.0,0.787714179485402,4.489970823066792
"Hennepin County, MN",27053,Male,M,2024.0,"Accidental poisoning by and exposure to narcotics and psychodysleptics [hallucinogens], not elsewhere classified",X42,Decedent's home,4.0,57.0,97653,1269496,10.0,4.5,57.0,4.489970823066792,4.489970823066792
"Hennepin County, MN",27053,Male,M,2024.0,"Accidental poisoning by and exposure to narcotics and psychodysleptics [hallucinogens], not elsewhere classified",X42,Other,7.0,33.0,97653,1269496,10.0,4.5,57.0,2.599456792301827,4.489970823066792
"Hennepin County, MN",27053,Male,M,2024.0,"Accidental poisoning by and exposure to other and unspecified drugs, medicaments and biological substances",X44,Medical Facility - Outpatient or ER,2.0,14.0,97653,1269496,10.0,4.5,57.0,1.102799851279563,4.489970823066792
"Hennepin County, MN",27053,Male,M,2024.0,"Accidental poisoning by and exposure to other and unspecified drugs, medicaments and biological substances",X44,Decedent's home,4.0,55.0,97653,1269496,10.0,4.5,57.0,4.332427987169711,4.489970823066792
"Hennepin County, MN",27053,Male,M,2024.0,"Accidental poisoning by and exposure to other and unspecified drugs, medicaments and biological substances",X44,Other,7.0,27.0,97653,1269496,10.0,4.5,57.0,2.1268282846105855,4.489970823066792
"Ramsey County, MN",27123,Female,F,2024.0,"Accidental poisoning by and exposure to narcotics and psychodysleptics [hallucinogens], not elsewhere classified",X42,Decedent's home,4.0,18.0,81568,542945,12.3,4.9,31.0,3.315252926171159,5.709602261739219
"Ramsey County, MN",27123,Female,F,2024.0,"Accidental poisoning by and exposure to other and unspecified drugs, medicaments and biological substances",X44,Decedent's home,4.0,10.0,81568,542945,12.3,4.9,31.0,1.8418071812061996,5.709602261739219
"Ramsey County, MN",27123,Male,M,2024.0,"Accidental poisoning by and exposure to antiepileptic, sedative-hypnotic, antiparkinsonism and psychotropic drugs, not elsewhere classified",X41,Decedent's home,4.0,11.0,81568,542945,12.3,4.9,31.0,2.0259878993268194,5.709602261739219
"Ramsey County, MN",27123,Male,M,2024.0,"Accidental poisoning by and exposure to narcotics and psychodysleptics [hallucinogens], not elsewhere classified",X42,Decedent's home,4.0,29.0,81568,542945,12.3,4.9,31.0,5.341240825497978,5.709602261739219
"Ramsey County, MN",27123,Male,M,2024.0,"Accidental poisoning by and exposure to other and unspecified drugs, medicaments and biological substances",X44,Decedent's home,4.0,17.0,81568,542945,12.3,4.9,31.0,3.131072208050539,5.709602261739219
"Ramsey County, MN",27123,Male,M,2024.0,"Accidental poisoning by and exposure to other and unspecified drugs, medicaments and biological substances",X44,Other,7.0,14.0,81568,542945,12.3,4.9,31.0,2.5785300536886795,5.709602261739219
"Jackson County, MS",28059,Female,F,2024.0,"Accidental poisoning by and exposure to other and unspecified drugs, medicaments and biological substances",X44,Decedent's home,4.0,11.0,66201,145249,13.8,6.7,1.0,7.573201880907958,0.6884728982643599
"Jackson County, MS",28059,Male,M,2024.0,"Accidental poisoning by and exposure to other and unspecified drugs, medicaments and biological substances",X44,Decedent's home,4.0,12.0,66201,145249,13.8,6.7,1.0,8.261674779172319,0.6884728982643599
"Greene County, MO",29077,Male,M,2024.0,"Accidental poisoning by and exposure to narcotics and psychodysleptics [hallucinogens], not elsewhere classified",X42,Decedent's home,4.0,10.0,61479,303375,13.6,3.4,5.0,3.2962505150391426,1.6481252575195713
"Greene County, MO",29077,Male,M,2024.0,"Accidental poisoning by and exposure to other and unspecified drugs, medicaments and biological substances",X44,Decedent's home,4.0,11.0,61479,303375,13.6,3.4,5.0,3.625875566543057,1.6481252575195713
"Jackson County, MO",29095,Female,F,2024.0,"Accidental poisoning by and exposure to narcotics and psychodysleptics [hallucinogens], not elsewhere classified",X42,Decedent's home,4.0,20.0,68577,719976,14.1,4.7,22.0,2.777870373456893,3.0556574108025827
"Jackson County, MO",29095,Female,F,2024.0,"Accidental poisoning by and exposure to other and unspecified drugs, medicaments and biological substances",X44,Decedent's home,4.0,14.0,68577,719976,14.1,4.7,22.0,1.944509261419825,3.0556574108025827
"Jackson County, MO",29095,Male,M,2024.0,"Accidental poisoning by and exposure to antiepileptic, sedative-hypnotic, antiparkinsonism and psychotropic drugs, not elsewhere classified",X41,Decedent's home,4.0,15.0,68577,719976,14.1,4.7,22.0,2.08340278009267,3.0556574108025827
"Jackson County, MO",29095,Male,M,2024.0,"Accidental poisoning by and exposure to antiepileptic, sedative-hypnotic, antiparkinsonism and psychotropic drugs, not elsewhere classified",X41,Other,7.0,14.0,68577,719976,14.1,4.7,22.0,1.944509261419825,3.0556574108025827
"Jackson County, MO",29095,Male,M,2024.0,"Accidental poisoning by and exposure to narcotics and psychodysleptics [hallucinogens], not elsewhere classified",X42,Decedent's home,4.0,42.0,68577,719976,14.1,4.7,22.0,5.833527784259475,3.0556574108025827
"Jackson County, MO",29095,Male,M,2024.0,"Accidental poisoning by and exposure to narcotics and psychodysleptics [hallucinogens], not elsewhere classified",X42,Other,7.0,21.0,68577,719976,14.1,4.7,22.0,2.9167638921297376,3.0556574108025827
"Jackson County, MO",29095,Male,M,2024.0,"Accidental poisoning by and exposure to other and unspecified drugs, medicaments and biological substances",X44,Decedent's home,4.0,26.0,68577,719976,14.1,4.7,22.0,3.6112314854939607,3.0556574108025827
"Jackson County, MO",29095,Male,M,2024.0,"Accidental poisoning by and exposure to other and unspecified drugs, medicaments and biological substances",X44,Other,7.0,24.0,68577,719976,14.1,4.7,22.0,3.333444448148272,3.0556574108025827
"Jefferson County, MO",29099,Male,M,2024.0,"Accidental poisoning by and exposure to other and unspecified drugs, medicaments and biological substances",X44,Decedent's home,4.0,11.0,82851,229458,9.0,3.2,4.0,4.793905638504651,1.743238414001691
"St. Charles County, MO",29183,Male,M,2024.0,"Accidental poisoning by and exposure to narcotics and psychodysleptics [hallucinogens], not elsewhere classified",X42,Decedent's home,4.0,10.0,104692,414535,5.2,2.9,7.0,2.412341539315136,1.6886390775205953
"St. Louis County, MO",29189,Female,F,2024.0,"Accidental poisoning by and exposure to narcotics and psychodysleptics [hallucinogens], not elsewhere classified",X42,Decedent's home,4.0,12.0,82936,995569,9.8,4.3,12.0,1.2053408653744742,1.2053408653744742
"St. Louis County, MO",29189,Female,F,2024.0,"Accidental poisoning by and exposure to other and unspecified drugs, medicaments and biological substances",X44,Decedent's home,4.0,13.0,82936,995569,9.8,4.3,12.0,1.305785937489014,1.2053408653744742
"St. Louis County, MO",29189,Female,F,2024.0,"Accidental poisoning by and exposure to other and unspecified drugs, medicaments and biological substances",X44,Other,7.0,10.0,82936,995569,9.8,4.3,12.0,1.0044507211453952,1.2053408653744742
"St. Louis County, MO",29189,Male,M,2024.0,"Accidental poisoning by and exposure to narcotics and psychodysleptics [hallucinogens], not elsewhere classified",X42,Decedent's home,4.0,23.0,82936,995569,9.8,4.3,12.0,2.310236658634409,1.2053408653744742
"St. Louis County, MO",29189,Male,M,2024.0,"Accidental poisoning by and exposure to narcotics and psychodysleptics [hallucinogens], not elsewhere classified",X42,Other,7.0,26.0,82936,995569,9.8,4.3,12.0,2.611571874978028,1.2053408653744742
"St. Louis County, MO",29189,Male,M,2024.0,"Accidental poisoning by and exposure to other and unspecified drugs, medicaments and biological substances",X44,Decedent's home,4.0,25.0,82936,995569,9.8,4.3,12.0,2.511126802863488,1.2053408653744742
"St. Louis County, MO",29189,Male,M,2024.0,"Accidental poisoning by and exposure to other and unspecified drugs, medicaments and biological substances",X44,Other,7.0,32.0,82936,995569,9.8,4.3,12.0,3.214242307665265,1.2053408653744742
"St. Louis city, MO",29510,Female,F,2024.0,"Accidental poisoning by and exposure to other and unspecified drugs, medicaments and biological substances",X44,Decedent's home,4.0,16.0,56160,288512,20.6,5.0,9.0,5.54569653948536,3.119454303460514
"St. Louis city, MO",29510,Female,F,2024.0,"Accidental poisoning by and exposure to other and unspecified drugs, medicaments and biological substances",X44,Other,7.0,13.0,56160,288512,20.6,5.0,9.0,4.505878438331854,3.119454303460514
"St. Louis city, MO",29510,Male,M,2024.0,"Accidental poisoning by and exposure to narcotics and psychodysleptics [hallucinogens], not elsewhere classified",X42,Decedent's home,4.0,25.0,56160,288512,20.6,5.0,9.0,8.665150842945874,3.119454303460514
"St. Louis city, MO",29510,Male,M,2024.0,"Accidental poisoning by and exposure to narcotics and psychodysleptics [hallucinogens], not elsewhere classified",X42,Other,7.0,13.0,56160,288512,20.6,5.0,9.0,4.505878438331854,3.119454303460514
"St. Louis city, MO",29510,Male,M,2024.0,"Accidental poisoning by and exposure to other and unspecified drugs, medicaments and biological substances",X44,Decedent's home,4.0,38.0,56160,288512,20.6,5.0,9.0,13.171029281277727,3.119454303460514
"St. Louis city, MO",29510,Male,M,2024.0,"Accidental poisoning by and exposure to other and unspecified drugs, medicaments and biological substances",X44,Other,7.0,20.0,56160,288512,20.6,5.0,9.0,6.932120674356699,3.119454303460514
"Douglas County, NE",31055,Male,M,2024.0,"Accidental poisoning by and exposure to other and unspecified drugs, medicaments and biological substances",X44,Decedent's home,4.0,12.0,80391,590736,11.8,3.8,27.0,2.0313642642398633,4.570569594539693
"Clark County, NV",32003,Female,F,2024.0,"Accidental poisoning by and exposure to antiepileptic, sedative-hypnotic, antiparkinsonism and psychotropic drugs, not elsewhere classified",X41,Medical Facility - Inpatient,1.0,11.0,76472,2329548,13.0,7.6,78.0,0.47219460599223545,3.348289024308578
"Clark County, NV",32003,Female,F,2024.0,"Accidental poisoning by and exposure to antiepileptic, sedative-hypnotic, antiparkinsonism and psychotropic drugs, not elsewhere classified",X41,Decedent's home,4.0,23.0,76472,2329548,13.0,7.6,78.0,0.9873159943474012,3.348289024308578
"Clark County, NV",32003,Female,F,2024.0,"Accidental poisoning by and exposure to antiepileptic, sedative-hypnotic, antiparkinsonism and psychotropic drugs, not elsewhere classified",X41,Other,7.0,16.0,76472,2329548,13.0,7.6,78.0,0.6868285178068878,3.348289024308578
"Clark County, NV",32003,Female,F,2024.0,"Accidental poisoning by and exposure to narcotics and psychodysleptics [hallucinogens], not elsewhere classified",X42,Medical Facility - Inpatient,1.0,10.0,76472,2329548,13.0,7.6,78.0,0.42926782362930493,3.348289024308578
"Clark County, NV",32003,Female,F,2024.0,"Accidental poisoning by and exposure to narcotics and psychodysleptics [hallucinogens], not elsewhere classified",X42,Decedent's home,4.0,28.0,76472,2329548,13.0,7.6,78.0,1.2019499061620538,3.348289024308578
"Clark County, NV",32003,Female,F,2024.0,"Accidental poisoning by and exposure to narcotics and psychodysleptics [hallucinogens], not elsewhere classified",X42,Other,7.0,14.0,76472,2329548,13.0,7.6,78.0,0.6009749530810269,3.348289024308578
"Clark County, NV",32003,Female,F,2024.0,"Accidental poisoning by and exposure to other and unspecified drugs, medicaments and biological substances",X44,Medical Facility - Inpatient,1.0,20.0,76472,2329548,13.0,7.6,78.0,0.8585356472586099,3.348289024308578
"Clark County, NV",32003,Female,F,2024.0,"Accidental poisoning by and exposure to other and unspecified drugs, medicaments and biological substances",X44,Medical Facility - Outpatient or ER,2.0,16.0,76472,2329548,13.0,7.6,78.0,0.6868285178068878,3.348289024308578
"Clark County, NV",32003,Female,F,2024.0,"Accidental poisoning by and exposure to other and unspecified drugs, medicaments and biological substances",X44,Decedent's home,4.0,48.0,76472,2329548,13.0,7.6,78.0,2.0604855534206634,3.348289024308578
"Clark County, NV",32003,Female,F,2024.0,"Accidental poisoning by and exposure to other and unspecified drugs, medicaments and biological substances",X44,Other,7.0,38.0,76472,2329548,13.0,7.6,78.0,1.6312177297913586,3.348289024308578
"Clark County, NV",32003,Female,F,2024.0,"Intentional self-poisoning by and exposure to other and unspecified drugs, medicaments and biological substances",X64,Decedent's home,4.0,10.0,76472,2329548,13.0,7.6,78.0,0.42926782362930493,3.348289024308578
"Clark County, NV",32003,Male,M,2024.0,"Accidental poisoning by and exposure to antiepileptic, sedative-hypnotic, antiparkinsonism and psychotropic drugs, not elsewhere classified",X41,Medical Facility - Inpatient,1.0,15.0,76472,2329548,13.0,7.6,78.0,0.6439017354439573,3.348289024308578
"Clark County, NV",32003,Male,M,2024.0,"Accidental poisoning by and exposure to antiepileptic, sedative-hypnotic, antiparkinsonism and psychotropic drugs, not elsewhere classified",X41,Medical Facility - Outpatient or ER,2.0,30.0,76472,2329548,13.0,7.6,78.0,1.2878034708879147,3.348289024308578
"Clark County, NV",32003,Male,M,2024.0,"Accidental poisoning by and exposure to antiepileptic, sedative-hypnotic, antiparkinsonism and psychotropic drugs, not elsewhere classified",X41,Decedent's home,4.0,50.0,76472,2329548,13.0,7.6,78.0,2.146339118146525,3.348289024308578
"Clark County, NV",32003,Male,M,2024.0,"Accidental poisoning by and exposure to antiepileptic, sedative-hypnotic, antiparkinsonism and psychotropic drugs, not elsewhere classified",X41,Other,7.0,51.0,76472,2329548,13.0,7.6,78.0,2.189265900509455,3.348289024308578
"Clark County, NV",32003,Male,M,2024.0,"Accidental poisoning by and exposure to narcotics and psychodysleptics [hallucinogens], not elsewhere classified",X42,Medical Facility - Inpatient,1.0,21.0,76472,2329548,13.0,7.6,78.0,0.9014624296215403,3.348289024308578
"Clark County, NV",32003,Male,M,2024.0,"Accidental poisoning by and exposure to narcotics and psychodysleptics [hallucinogens], not elsewhere classified",X42,Medical Facility - Outpatient or ER,2.0,21.0,76472,2329548,13.0,7.6,78.0,0.9014624296215403,3.348289024308578
"Clark County, NV",32003,Male,M,2024.0,"Accidental poisoning by and exposure to narcotics and psychodysleptics [hallucinogens], not elsewhere classified",X42,Decedent's home,4.0,72.0,76472,2329548,13.0,7.6,78.0,3.090728330130996,3.348289024308578
"Clark County, NV",32003,Male,M,2024.0,"Accidental poisoning by and exposure to narcotics and psychodysleptics [hallucinogens], not elsewhere classified",X42,Other,7.0,57.0,76472,2329548,13.0,7.6,78.0,2.446826594687038,3.348289024308578
"Clark County, NV",32003,Male,M,2024.0,"Accidental poisoning by and exposure to other and unspecified drugs, medicaments and biological substances",X44,Medical Facility - Inpatient,1.0,24.0,76472,2329548,13.0,7.6,78.0,1.0302427767103317,3.348289024308578
"Clark County, NV",32003,Male,M,2024.0,"Accidental poisoning by and exposure to other and unspecified drugs, medicaments and biological substances",X44,Medical Facility - Outpatient or ER,2.0,32.0,76472,2329548,13.0,7.6,78.0,1.3736570356137756,3.348289024308578
"Clark County, NV",32003,Male,M,2024.0,"Accidental poisoning by and exposure to other and unspecified drugs, medicaments and biological substances",X44,Decedent's home,4.0,119.0,76472,2329548,13.0,7.6,78.0,5.108287101188728,3.348289024308578
"Clark County, NV",32003,Male,M,2024.0,"Accidental poisoning by and exposure to other and unspecified drugs, medicaments and biological substances",X44,Other,7.0,127.0,76472,2329548,13.0,7.6,78.0,5.451701360092173,3.348289024308578
"Clark County, NV",32003,Male,M,2024.0,"Intentional self-poisoning by and exposure to other and unspecified drugs, medicaments and biological substances",X64,Decedent's home,4.0,10.0,76472,2329548,13.0,7.6,78.0,0.42926782362930493,3.348289024308578
"Washoe County, NV",32031,Female,F,2024.0,"Accidental poisoning by and exposure to other and unspecified drugs, medicaments and biological substances",X44,Decedent's home,4.0,19.0,88096,497200,10.7,5.1,14.0,3.821399839098954,2.815768302493966
"Washoe County, NV",32031,Male,M,2024.0,"Accidental poisoning by and exposure to antiepileptic, sedative-hypnotic, antiparkinsonism and psychotropic drugs, not elsewhere classified",X41,Decedent's home,4.0,22.0,88096,497200,10.7,5.1,14.0,4.424778761061947,2.815768302493966
"Washoe County, NV",32031,Male,M,2024.0,"Accidental poisoning by and exposure to narcotics and psychodysleptics [hallucinogens], not elsewhere classified",X42,Decedent's home,4.0,16.0,88096,497200,10.7,5.1,14.0,3.2180209171359615,2.815768302493966
"Washoe County, NV",32031,Male,M,2024.0,"Accidental poisoning by and exposure to other and unspecified drugs, medicaments and biological substances",X44,Medical Facility - Inpatient,1.0,10.0,88096,497200,10.7,5.1,14.0,2.011263073209976,2.815768302493966
"Washoe County, NV",32031,Male,M,2024.0,"Accidental poisoning by and exposure to other and unspecified drugs, medicaments and biological substances",X44,Decedent's home,4.0,35.0,88096,497200,10.7,5.1,14.0,7.039420756234916,2.815768302493966
"Washoe County, NV",32031,Male,M,2024.0,"Accidental poisoning by and exposure to other and unspecified drugs, medicaments and biological substances",X44,Other,7.0,19.0,88096,497200,10.7,5.1,14.0,3.821399839098954,2.815768302493966
"Hillsborough County, NH",33011,Female,F,2024.0,"Accidental poisoning by and exposure to narcotics and psychodysleptics [hallucinogens], not elsewhere classified",X42,Decedent's home,4.0,16.0,103545,426378,6.7,3.1,,3.752538827050176,
"Hillsborough County, NH",33011,Male,M,2024.0,"Accidental poisoning by and exposure to narcotics and psychodysleptics [hallucinogens], not elsewhere classified",X42,Decedent's home,4.0,31.0,103545,426378,6.7,3.1,,7.270543977409716,
"Hillsborough County, NH",33011,Male,M,2024.0,"Accidental poisoning by and exposure to narcotics and psychodysleptics [hallucinogens], not elsewhere classified",X42,Other,7.0,15.0,103545,426378,6.7,3.1,,3.51800515035954,
"Rockingham County, NH",33015,Male,M,2024.0,"Accidental poisoning by and exposure to narcotics and psychodysleptics [hallucinogens], not elsewhere classified",X42,Decedent's home,4.0,12.0,118331,319082,4.8,3.6,,3.760788762763177,
"Atlantic County, NJ",34001,Female,F,2024.0,"Accidental poisoning by and exposure to narcotics and psychodysleptics [hallucinogens], not elsewhere classified",X42,Decedent's home,4.0,18.0,78050,276270,13.2,8.8,,6.515365403409708,
"Atlantic County, NJ",34001,Male,M,2024.0,"Accidental poisoning by and exposure to narcotics and psychodysleptics [hallucinogens], not elsewhere classified",X42,Decedent's home,4.0,51.0,78050,276270,13.2,8.8,,18.460201976327504,
"Atlantic County, NJ",34001,Male,M,2024.0,"Accidental poisoning by and exposure to narcotics and psychodysleptics [hallucinogens], not elsewhere classified",X42,Other,7.0,18.0,78050,276270,13.2,8.8,,6.515365403409708,
"Bergen County, NJ",34003,Male,M,2024.0,"Accidental poisoning by and exposure to narcotics and psychodysleptics [hallucinogens], not elsewhere classified",X42,Decedent's home,4.0,12.0,124884,962316,6.8,5.8,,1.2469916326861448,
"Bergen County, NJ",34003,Male,M,2024.0,"Accidental poisoning by and exposure to narcotics and psychodysleptics [hallucinogens], not elsewhere classified",X42,Other,7.0,16.0,124884,962316,6.8,5.8,,1.6626555102481928,
"Bergen County, NJ",34003,Male,M,2024.0,"Accidental poisoning by and exposure to other and unspecified drugs, medicaments and biological substances",X44,Decedent's home,4.0,30.0,124884,962316,6.8,5.8,,3.1174790817153615,
"Burlington County, NJ",34005,Male,M,2024.0,"Accidental poisoning by and exposure to narcotics and psychodysleptics [hallucinogens], not elsewhere classified",X42,Decedent's home,4.0,11.0,108111,467805,6.6,5.3,,2.351407103387095,
"Burlington County, NJ",34005,Male,M,2024.0,"Accidental poisoning by and exposure to narcotics and psychodysleptics [hallucinogens], not elsewhere classified",X42,Other,7.0,10.0,108111,467805,6.6,5.3,,2.1376428212609957,
"Burlington County, NJ",34005,Male,M,2024.0,"Accidental poisoning by and exposure to other and unspecified drugs, medicaments and biological substances",X44,Decedent's home,4.0,18.0,108111,467805,6.6,5.3,,3.847757078269792,
"Camden County, NJ",34007,Female,F,2024.0,"Accidental poisoning by and exposure to narcotics and psychodysleptics [hallucinogens], not elsewhere classified",X42,Decedent's home,4.0,10.0,88755,527257,12.4,6.9,,1.8966082953853622,
"Camden County, NJ",34007,Female,F,2024.0,"Accidental poisoning by and exposure to other and unspecified drugs, medicaments and biological substances",X44,Decedent's home,4.0,15.0,88755,527257,12.4,6.9,,2.8449124430780435,
"Camden County, NJ",34007,Male,M,2024.0,"Accidental poisoning by and exposure to narcotics and psychodysleptics [hallucinogens], not elsewhere classified",X42,Decedent's home,4.0,38.0,88755,527257,12.4,6.9,,7.207111522464377,
"Camden County, NJ",34007,Male,M,2024.0,"Accidental poisoning by and exposure to narcotics and psychodysleptics [hallucinogens], not elsewhere classified",X42,Other,7.0,22.0,88755,527257,12.4,6.9,,4.172538249847797,
"Camden County, NJ",34007,Male,M,2024.0,"Accidental poisoning by and exposure to other and unspecified drugs, medicaments and biological substances",X44,Medical Facility - Outpatient or ER,2.0,10.0,88755,527257,12.4,6.9,,1.8966082953853622,
"Camden County, NJ",34007,Male,M,2024.0,"Accidental poisoning by and exposure to other and unspecified drugs, medicaments and biological substances",X44,Decedent's home,4.0,18.0,88755,527257,12.4,6.9,,3.413894931693652,
"Camden County, NJ",34007,Male,M,2024.0,"Accidental poisoning by and exposure to other and unspecified drugs, medicaments and biological substances",X44,Other,7.0,19.0,88755,527257,12.4,6.9,,3.6035557612321885,
"Cumberland County, NJ",34011,Female,F,2024.0,"Accidental poisoning by and exposure to narcotics and psychodysleptics [hallucinogens], not elsewhere classified",X42,Decedent's home,4.0,10.0,67436,153305,15.6,6.8,,6.522944457127947,
"Cumberland County, NJ",34011,Male,M,2024.0,"Accidental poisoning by and exposure to narcotics and psychodysleptics [hallucinogens], not elsewhere classified",X42,Decedent's home,4.0,16.0,67436,153305,15.6,6.8,,10.436711131404715,
"Cumberland County, NJ",34011,Male,M,2024.0,"Accidental poisoning by and exposure to narcotics and psychodysleptics [hallucinogens], not elsewhere classified",X42,Other,7.0,11.0,67436,153305,15.6,6.8,,7.175238902840743,
"Essex County, NJ",34013,Female,F,2024.0,"Accidental poisoning by and exposure to narcotics and psychodysleptics [hallucinogens], not elsewhere classified",X42,Medical Facility - Outpatient or ER,2.0,13.0,80789,863002,14.6,8.7,,1.5063696260263593,
"Essex County, NJ",34013,Female,F,2024.0,"Accidental poisoning by and exposure to narcotics and psychodysleptics [hallucinogens], not elsewhere classified",X42,Decedent's home,4.0,25.0,80789,863002,14.6,8.7,,2.8968646654353063,
"Essex County, NJ",34013,Female,F,2024.0,"Accidental poisoning by and exposure to narcotics and psychodysleptics [hallucinogens], not elsewhere classified",X42,Other,7.0,13.0,80789,863002,14.6,8.7,,1.5063696260263593,
"Essex County, NJ",34013,Male,M,2024.0,"Accidental poisoning by and exposure to narcotics and psychodysleptics [hallucinogens], not elsewhere classified",X42,Medical Facility - Outpatient or ER,2.0,34.0,80789,863002,14.6,8.7,,3.9397359449920164,
"Essex County, NJ",34013,Male,M,2024.0,"Accidental poisoning by and exposure to narcotics and psychodysleptics [hallucinogens], not elsewhere classified",X42,Decedent's home,4.0,80.0,80789,863002,14.6,8.7,,9.269966929392979,
"Essex County, NJ",34013,Male,M,2024.0,"Accidental poisoning by and exposure to narcotics and psychodysleptics [hallucinogens], not elsewhere classified",X42,Other,7.0,34.0,80789,863002,14.6,8.7,,3.9397359449920164,
"Gloucester County, NJ",34015,Male,M,2024.0,"Accidental poisoning by and exposure to narcotics and psychodysleptics [hallucinogens], not elsewhere classified",X42,Decedent's home,4.0,10.0,105115,306954,7.7,5.3,,3.257817132208735,
"Gloucester County, NJ",34015,Male,M,2024.0,"Accidental poisoning by and exposure to other and unspecified drugs, medicaments and biological substances",X44,Decedent's home,4.0,20.0,105115,306954,7.7,5.3,,6.51563426441747,
"Hudson County, NJ",34017,Female,F,2024.0,"Accidental poisoning by and exposure to narcotics and psychodysleptics [hallucinogens], not elsewhere classified",X42,Decedent's home,4.0,10.0,91795,718323,14.9,6.0,,1.392131394929579,
"Hudson County, NJ",34017,Male,M,2024.0,"Accidental poisoning by and exposure to narcotics and psychodysleptics [hallucinogens], not elsewhere classified",X42,Decedent's home,4.0,38.0,91795,718323,14.9,6.0,,5.2900993007324,
"Hudson County, NJ",34017,Male,M,2024.0,"Accidental poisoning by and exposure to other and unspecified drugs, medicaments and biological substances",X44,Other,7.0,11.0,91795,718323,14.9,6.0,,1.531344534422537,
"Mercer County, NJ",34021,Female,F,2024.0,"Accidental poisoning by and exposure to other and unspecified drugs, medicaments and biological substances",X44,Decedent's home,4.0,14.0,100645,385864,10.3,6.3,,3.6282213422345695,
"Mercer County, NJ",34021,Male,M,2024.0,"Accidental poisoning by and exposure to narcotics and psychodysleptics [hallucinogens], not elsewhere classified",X42,Decedent's home,4.0,15.0,100645,385864,10.3,6.3,,3.8873800095370385,
"Mercer County, NJ",34021,Male,M,2024.0,"Accidental poisoning by and exposure to other and unspecified drugs, medicaments and biological substances",X44,Decedent's home,4.0,15.0,100645,385864,10.3,6.3,,3.8873800095370385,
"Middlesex County, NJ",34023,Male,M,2024.0,"Accidental poisoning by and exposure to narcotics and psychodysleptics [hallucinogens], not elsewhere classified",X42,Decedent's home,4.0,19.0,111549,871290,8.6,6.7,,2.1806746318676904,
"Middlesex County, NJ",34023,Male,M,2024.0,"Accidental poisoning by and exposure to narcotics and psychodysleptics [hallucinogens], not elsewhere classified",X42,Other,7.0,13.0,111549,871290,8.6,6.7,,1.492040537593683,
"Middlesex County, NJ",34023,Male,M,2024.0,"Accidental poisoning by and exposure to other and unspecified drugs, medicaments and biological substances",X44,Decedent's home,4.0,35.0,111549,871290,8.6,6.7,,4.017032216598378,
"Middlesex County, NJ",34023,Male,M,2024.0,"Accidental poisoning by and exposure to other and unspecified drugs, medicaments and biological substances",X44,Other,7.0,16.0,111549,871290,8.6,6.7,,1.8363575847306868,
"Monmouth County, NJ",34025,Male,M,2024.0,"Accidental poisoning by and exposure to narcotics and psychodysleptics [hallucinogens], not elsewhere classified",X42,Decedent's home,4.0,10.0,124845,645353,6.5,5.4,,1.5495395543214334,
"Monmouth County, NJ",34025,Male,M,2024.0,"Accidental poisoning by and exposure to other and unspecified drugs, medicaments and biological substances",X44,Decedent's home,4.0,30.0,124845,645353,6.5,5.4,,4.6486186629643,
"Monmouth County, NJ",34025,Male,M,2024.0,"Accidental poisoning by and exposure to other and unspecified drugs, medicaments and biological substances",X44,Other,7.0,12.0,124845,645353,6.5,5.4,,1.8594474651857202,
"Morris County, NJ",34027,Female,F,2024.0,"Accidental poisoning by and exposure to other and unspecified drugs, medicaments and biological substances",X44,Decedent's home,4.0,11.0,137326,514528,4.9,5.2,,2.1378817090615088,
"Morris County, NJ",34027,Male,M,2024.0,"Accidental poisoning by and exposure to other and unspecified drugs, medicaments and biological substances",X44,Decedent's home,4.0,17.0,137326,514528,4.9,5.2,,3.303999004913241,
"Ocean County, NJ",34029,Female,F,2024.0,"Accidental poisoning by and exposure to narcotics and psychodysleptics [hallucinogens], not elsewhere classified",X42,Decedent's home,4.0,18.0,89863,654362,10.5,5.4,,2.750770979977444,
"Ocean County, NJ",34029,Male,M,2024.0,"Accidental poisoning by and exposure to narcotics and psychodysleptics [hallucinogens], not elsewhere classified",X42,Decedent's home,4.0,25.0,89863,654362,10.5,5.4,,3.820515249968672,
"Ocean County, NJ",34029,Male,M,2024.0,"Accidental poisoning by and exposure to narcotics and psychodysleptics [hallucinogens], not elsewhere classified",X42,Other,7.0,20.0,89863,654362,10.5,5.4,,3.0564121999749374,
"Ocean County, NJ",34029,Male,M,2024.0,"Accidental poisoning by and exposure to other and unspecified drugs, medicaments and biological substances",X44,Decedent's home,4.0,28.0,89863,654362,10.5,5.4,,4.278977079964912,
"Ocean County, NJ",34029,Male,M,2024.0,"Accidental poisoning by and exposure to other and unspecified drugs, medicaments and biological substances",X44,Other,7.0,13.0,89863,654362,10.5,5.4,,1.9866679299837093,
"Passaic County, NJ",34031,Male,M,2024.0,"Accidental poisoning by and exposure to narcotics and psychodysleptics [hallucinogens], not elsewhere classified",X42,Medical Facility - Outpatient or ER,2.0,10.0,87522,521012,13.0,8.0,,1.9193415890612884,
"Passaic County, NJ",34031,Male,M,2024.0,"Accidental poisoning by and exposure to narcotics and psychodysleptics [hallucinogens], not elsewhere classified",X42,Decedent's home,4.0,35.0,87522,521012,13.0,8.0,,6.717695561714509,
"Passaic County, NJ",34031,Male,M,2024.0,"Accidental poisoning by and exposure to narcotics and psychodysleptics [hallucinogens], not elsewhere classified",X42,Other,7.0,11.0,87522,521012,13.0,8.0,,2.1112757479674173,
"Somerset County, NJ",34035,Male,M,2024.0,"Accidental poisoning by and exposure to narcotics and psychodysleptics [hallucinogens], not elsewhere classified",X42,Decedent's home,4.0,14.0,140374,349846,5.4,4.7,,4.0017607747408865,
"Union County, NJ",34039,Male,M,2024.0,"Accidental poisoning by and exposure to narcotics and psychodysleptics [hallucinogens], not elsewhere classified",X42,Decedent's home,4.0,33.0,103202,579290,9.2,6.5,,5.696628631600753,
"Union County, NJ",34039,Male,M,2024.0,"Accidental poisoning by and exposure to narcotics and psychodysleptics [hallucinogens], not elsewhere classified",X42,Other,7.0,18.0,103202,579290,9.2,6.5,,3.107251980873138,
"Bernalillo County, NM",35001,Female,F,2024.0,"Accidental poisoning by and exposure to narcotics and psychodysleptics [hallucinogens], not elsewhere classified",X42,Decedent's home,4.0,20.0,69473,673930,15.2,5.3,32.0,2.9676672651462317,4.748267624233971
"Bernalillo County, NM",35001,Female,F,2024.0,"Accidental poisoning by and exposure to other and unspecified drugs, medicaments and biological substances",X44,Decedent's home,4.0,21.0,69473,673930,15.2,5.3,32.0,3.1160506284035434,4.748267624233971
"Bernalillo County, NM",35001,Female,F,2024.0,"Accidental poisoning by and exposure to other and unspecified drugs, medicaments and biological substances",X44,Other,7.0,21.0,69473,673930,15.2,5.3,32.0,3.1160506284035434,4.748267624233971
"Bernalillo County, NM",35001,Male,M,2024.0,"Accidental poisoning by and exposure to antiepileptic, sedative-hypnotic, antiparkinsonism and psychotropic drugs, not elsewhere classified",X41,Decedent's home,4.0,30.0,69473,673930,15.2,5.3,32.0,4.451500897719348,4.748267624233971
"Bernalillo County, NM",35001,Male,M,2024.0,"Accidental poisoning by and exposure to antiepileptic, sedative-hypnotic, antiparkinsonism and psychotropic drugs, not elsewhere classified",X41,Other,7.0,21.0,69473,673930,15.2,5.3,32.0,3.1160506284035434,4.748267624233971
"Bernalillo County, NM",35001,Male,M,2024.0,"Accidental poisoning by and exposure to narcotics and psychodysleptics [hallucinogens], not elsewhere classified",X42,Decedent's home,4.0,38.0,69473,673930,15.2,5.3,32.0,5.638567803777841,4.748267624233971
"Bernalillo County, NM",35001,Male,M,2024.0,"Accidental poisoning by and exposure to narcotics and psychodysleptics [hallucinogens], not elsewhere classified",X42,Other,7.0,19.0,69473,673930,15.2,5.3,32.0,2.8192839018889204,4.748267624233971
"Bernalillo County, NM",35001,Male,M,2024.0,"Accidental poisoning by and exposure to other and unspecified drugs, medicaments and biological substances",X44,Decedent's home,4.0,44.0,69473,673930,15.2,5.3,32.0,6.528867983321709,4.748267624233971
"Bernalillo County, NM",35001,Male,M,2024.0,"Accidental poisoning by and exposure to other and unspecified drugs, medicaments and biological substances",X44,Other,7.0,39.0,69473,673930,15.2,5.3,32.0,5.786951167035152,4.748267624233971
"Santa Fe County, NM",35049,Male,M,2024.0,"Accidental poisoning by and exposure to narcotics and psychodysleptics [hallucinogens], not elsewhere classified",X42,Decedent's home,4.0,11.0,79071,156105,12.0,5.3,14.0,7.046539188366805,8.968322603375933
"Santa Fe County, NM",35049,Male,M,2024.0,"Accidental poisoning by and exposure to other and unspecified drugs, medicaments and biological substances",X44,Decedent's home,4.0,12.0,79071,156105,12.0,5.3,14.0,7.687133660036514,8.968322603375933
"Santa Fe County, NM",35049,Male,M,2024.0,"Accidental poisoning by and exposure to other and unspecified drugs, medicaments and biological substances",X44,Other,7.0,13.0,79071,156105,12.0,5.3,14.0,8.327728131706223,8.968322603375933
"Albany County, NY",36001,Male,M,2024.0,"Accidental poisoning by and exposure to narcotics and psychodysleptics [hallucinogens], not elsewhere classified",X42,Decedent's home,4.0,10.0,85333,317018,13.0,5.0,11.0,3.154395018579387,3.469834520437325
"Albany County, NY",36001,Male,M,2024.0,"Poisoning by and exposure to narcotics and psychodysleptics [hallucinogens], not elsewhere classified, undetermined intent",Y12,Decedent's home,4.0,12.0,85333,317018,13.0,5.0,11.0,3.7852740222952637,3.469834520437325
"Bronx County, NY",36005,Female,F,2024.0,"Accidental poisoning by and exposure to narcotics and psychodysleptics [hallucinogens], not elsewhere classified",X42,Medical Facility - Inpatient,1.0,13.0,48676,1404779,27.8,11.4,58.0,0.9254124670143844,4.128763314371869
"Bronx County, NY",36005,Female,F,2024.0,"Accidental poisoning by and exposure to narcotics and psychodysleptics [hallucinogens], not elsewhere classified",X42,Medical Facility - Outpatient or ER,2.0,10.0,48676,1404779,27.8,11.4,58.0,0.7118557438572188,4.128763314371869
"Bronx County, NY",36005,Female,F,2024.0,"Accidental poisoning by and exposure to narcotics and psychodysleptics [hallucinogens], not elsewhere classified",X42,Decedent's home,4.0,58.0,48676,1404779,27.8,11.4,58.0,4.128763314371869,4.128763314371869
"Bronx County, NY",36005,Female,F,2024.0,"Accidental poisoning by and exposure to narcotics and psychodysleptics [hallucinogens], not elsewhere classified",X42,Other,7.0,12.0,48676,1404779,27.8,11.4,58.0,0.8542268926286626,4.128763314371869
"Bronx County, NY",36005,Female,F,2024.0,"Accidental poisoning by and exposure to other and unspecified drugs, medicaments and biological substances",X44,Medical Facility - Outpatient or ER,2.0,14.0,48676,1404779,27.8,11.4,58.0,0.9965980414001064,4.128763314371869
"Bronx County, NY",36005,Female,F,2024.0,"Accidental poisoning by and exposure to other and unspecified drugs, medicaments and biological substances",X44,Decedent's home,4.0,49.0,48676,1404779,27.8,11.4,58.0,3.488093144900372,4.128763314371869
"Bronx County, NY",36005,Male,M,2024.0,"Accidental poisoning by and exposure to narcotics and psychodysleptics [hallucinogens], not elsewhere classified",X42,Medical Facility - Inpatient,1.0,23.0,48676,1404779,27.8,11.4,58.0,1.6372682108716032,4.128763314371869
"Bronx County, NY",36005,Male,M,2024.0,"Accidental poisoning by and exposure to narcotics and psychodysleptics [hallucinogens], not elsewhere classified",X42,Medical Facility - Outpatient or ER,2.0,56.0,48676,1404779,27.8,11.4,58.0,3.9863921656004258,4.128763314371869
"Bronx County, NY",36005,Male,M,2024.0,"Accidental poisoning by and exposure to narcotics and psychodysleptics [hallucinogens], not elsewhere classified",X42,Decedent's home,4.0,185.0,48676,1404779,27.8,11.4,58.0,13.169331261358549,4.128763314371869
"Bronx County, NY",36005,Male,M,2024.0,"Accidental poisoning by and exposure to narcotics and psychodysleptics [hallucinogens], not elsewhere classified",X42,Other,7.0,26.0,48676,1404779,27.8,11.4,58.0,1.8508249340287688,4.128763314371869
"Bronx County, NY",36005,Male,M,2024.0,"Accidental poisoning by and exposure to other and unspecified drugs, medicaments and biological substances",X44,Medical Facility - Inpatient,1.0,14.0,48676,1404779,27.8,11.4,58.0,0.9965980414001064,4.128763314371869
"Bronx County, NY",36005,Male,M,2024.0,"Accidental poisoning by and exposure to other and unspecified drugs, medicaments and biological substances",X44,Medical Facility - Outpatient or ER,2.0,41.0,48676,1404779,27.8,11.4,58.0,2.9186085498145973,4.128763314371869
"Bronx County, NY",36005,Male,M,2024.0,"Accidental poisoning by and exposure to other and unspecified drugs, medicaments and biological substances",X44,Decedent's home,4.0,110.0,48676,1404779,27.8,11.4,58.0,7.830413182429408,4.128763314371869
"Bronx County, NY",36005,Male,M,2024.0,"Accidental poisoning by and exposure to other and unspecified drugs, medicaments and biological substances",X44,Other,7.0,21.0,48676,1404779,27.8,11.4,58.0,1.4948970621001596,4.128763314371869
"Broome County, NY",36007,Female,F,2024.0,"Accidental poisoning by and exposure to narcotics and psychodysleptics [hallucinogens], not elsewhere classified",X42,Decedent's home,4.0,11.0,62616,197378,18.5,7.1,2.0,5.573062854016152,1.013284155275664
"Broome County, NY",36007,Female,F,2024.0,"Accidental poisoning by and exposure to other and unspecified drugs, medicaments and biological substances",X44,Decedent's home,4.0,11.0,62616,197378,18.5,7.1,2.0,5.573062854016152,1.013284155275664
"Broome County, NY",36007,Male,M,2024.0,"Accidental poisoning by and exposure to narcotics and psychodysleptics [hallucinogens], not elsewhere classified",X42,Decedent's home,4.0,12.0,62616,197378,18.5,7.1,2.0,6.079704931653984,1.013284155275664
"Broome County, NY",36007,Male,M,2024.0,"Accidental poisoning by and exposure to other and unspecified drugs, medicaments and biological substances",X44,Decedent's home,4.0,19.0,62616,197378,18.5,7.1,2.0,9.626199475118806,1.013284155275664
"Dutchess County, NY",36027,Female,F,2024.0,"Accidental poisoning by and exposure to other and unspecified drugs, medicaments and biological substances",X44,Decedent's home,4.0,10.0,99478,298220,8.4,5.2,11.0,3.3532291596807724,3.68855207564885
"Dutchess County, NY",36027,Male,M,2024.0,"Accidental poisoning by and exposure to narcotics and psychodysleptics [hallucinogens], not elsewhere classified",X42,Decedent's home,4.0,12.0,99478,298220,8.4,5.2,11.0,4.023874991616927,3.68855207564885
"Dutchess County, NY",36027,Male,M,2024.0,"Accidental poisoning by and exposure to other and unspecified drugs, medicaments and biological substances",X44,Decedent's home,4.0,12.0,99478,298220,8.4,5.2,11.0,4.023874991616927,3.68855207564885
"Erie County, NY",36029,Female,F,2024.0,"Accidental poisoning by and exposure to narcotics and psychodysleptics [hallucinogens], not elsewhere classified",X42,Decedent's home,4.0,25.0,72839,950622,13.9,4.9,46.0,2.6298570830466788,4.838937032805889
"Erie County, NY",36029,Female,F,2024.0,"Accidental poisoning by and exposure to other and unspecified drugs, medicaments and biological substances",X44,Decedent's home,4.0,36.0,72839,950622,13.9,4.9,46.0,3.7869941995872174,4.838937032805889
"Erie County, NY",36029,Male,M,2024.0,"Accidental poisoning by and exposure to narcotics and psychodysleptics [hallucinogens], not elsewhere classified",X42,Decedent's home,4.0,97.0,72839,950622,13.9,4.9,46.0,10.203845482221114,4.838937032805889
"Erie County, NY",36029,Male,M,2024.0,"Accidental poisoning by and exposure to narcotics and psychodysleptics [hallucinogens], not elsewhere classified",X42,Other,7.0,16.0,72839,950622,13.9,4.9,46.0,1.6831085331498745,4.838937032805889
"Erie County, NY",36029,Male,M,2024.0,"Accidental poisoning by and exposure to other and unspecified drugs, medicaments and biological substances",X44,Decedent's home,4.0,55.0,72839,950622,13.9,4.9,46.0,5.785685582702694,4.838937032805889
"Erie County, NY",36029,Male,M,2024.0,"Accidental poisoning by and exposure to other and unspecified drugs, medicaments and biological substances",X44,Other,7.0,22.0,72839,950622,13.9,4.9,46.0,2.3142742330810773,4.838937032805889
"Kings County, NY",36047,Female,F,2024.0,"Accidental poisoning by and exposure to narcotics and psychodysleptics [hallucinogens], not elsewhere classified",X42,Decedent's home,4.0,42.0,80263,2631580,19.1,7.9,57.0,1.5959993616002552,2.1659991336003466
"Kings County, NY",36047,Female,F,2024.0,"Accidental poisoning by and exposure to other and unspecified drugs, medicaments and biological substances",X44,Decedent's home,4.0,29.0,80263,2631580,19.1,7.9,57.0,1.1019995592001763,2.1659991336003466
"Kings County, NY",36047,Male,M,2024.0,"Accidental poisoning by and exposure to narcotics and psychodysleptics [hallucinogens], not elsewhere classified",X42,Medical Facility - Inpatient,1.0,27.0,80263,2631580,19.1,7.9,57.0,1.0259995896001641,2.1659991336003466
"Kings County, NY",36047,Male,M,2024.0,"Accidental poisoning by and exposure to narcotics and psychodysleptics [hallucinogens], not elsewhere classified",X42,Medical Facility - Outpatient or ER,2.0,39.0,80263,2631580,19.1,7.9,57.0,1.4819994072002372,2.1659991336003466
"Kings County, NY",36047,Male,M,2024.0,"Accidental poisoning by and exposure to narcotics and psychodysleptics [hallucinogens], not elsewhere classified",X42,Decedent's home,4.0,129.0,80263,2631580,19.1,7.9,57.0,4.901998039200785,2.1659991336003466
"Kings County, NY",36047,Male,M,2024.0,"Accidental poisoning by and exposure to narcotics and psychodysleptics [hallucinogens], not elsewhere classified",X42,Other,7.0,30.0,80263,2631580,19.1,7.9,57.0,1.1399995440001824,2.1659991336003466
"Kings County, NY",36047,Male,M,2024.0,"Accidental poisoning by and exposure to other and unspecified drugs, medicaments and biological substances",X44,Medical Facility - Outpatient or ER,2.0,37.0,80263,2631580,19.1,7.9,57.0,1.405999437600225,2.1659991336003466
"Kings County, NY",36047,Male,M,2024.0,"Accidental poisoning by and exposure to other and unspecified drugs, medicaments and biological substances",X44,Decedent's home,4.0,72.0,80263,2631580,19.1,7.9,57.0,2.7359989056004377,2.1659991336003466
"Kings County, NY",36047,Male,M,2024.0,"Accidental poisoning by and exposure to other and unspecified drugs, medicaments and biological substances",X44,Other,7.0,14.0,80263,2631580,19.1,7.9,57.0,0.5319997872000851,2.1659991336003466
"Monroe County, NY",36055,Female,F,2024.0,"Accidental poisoning by and exposure to narcotics and psychodysleptics [hallucinogens], not elsewhere classified",X42,Decedent's home,4.0,21.0,76382,753753,13.6,4.9,16.0,2.786058562950993,2.1227112860578994
"Monroe County, NY",36055,Female,F,2024.0,"Accidental poisoning by and exposure to other and unspecified drugs, medicaments and biological substances",X44,Decedent's home,4.0,21.0,76382,753753,13.6,4.9,16.0,2.786058562950993,2.1227112860578994
"Monroe County, NY",36055,Male,M,2024.0,"Accidental poisoning by and exposure to narcotics and psychodysleptics [hallucinogens], not elsewhere classified",X42,Medical Facility - Inpatient,1.0,14.0,76382,753753,13.6,4.9,16.0,1.8573723753006623,2.1227112860578994
"Monroe County, NY",36055,Male,M,2024.0,"Accidental poisoning by and exposure to narcotics and psychodysleptics [hallucinogens], not elsewhere classified",X42,Decedent's home,4.0,77.0,76382,753753,13.6,4.9,16.0,10.215548064153642,2.1227112860578994
"Monroe County, NY",36055,Male,M,2024.0,"Accidental poisoning by and exposure to narcotics and psychodysleptics [hallucinogens], not elsewhere classified",X42,Other,7.0,20.0,76382,753753,13.6,4.9,16.0,2.6533891075723743,2.1227112860578994
"Monroe County, NY",36055,Male,M,2024.0,"Accidental poisoning by and exposure to other and unspecified drugs, medicaments and biological substances",X44,Decedent's home,4.0,63.0,76382,753753,13.6,4.9,16.0,8.35817568885298,2.1227112860578994
"Monroe County, NY",36055,Male,M,2024.0,"Accidental poisoning by and exposure to other and unspecified drugs, medicaments and biological substances",X44,Other,7.0,11.0,76382,753753,13.6,4.9,16.0,1.459364009164806,2.1227112860578994
"Nassau County, NY",36059,Male,M,2024.0,"Accidental poisoning by and exposure to narcotics and psychodysleptics [hallucinogens], not elsewhere classified",X42,Medical Facility - Outpatient or ER,2.0,19.0,146202,1389591,5.4,4.8,32.0,1.3673087980564065,2.30283587041079
"Nassau County, NY",36059,Male,M,2024.0,"Accidental poisoning by and exposure to narcotics and psychodysleptics [hallucinogens], not elsewhere classified",X42,Decedent's home,4.0,35.0,146202,1389591,5.4,4.8,32.0,2.5187267332618015,2.30283587041079
"Nassau County, NY",36059,Male,M,2024.0,"Accidental poisoning by and exposure to narcotics and psychodysleptics [hallucinogens], not elsewhere classified",X42,Other,7.0,15.0,146202,1389591,5.4,4.8,32.0,1.0794543142550577,2.30283587041079
"Nassau County, NY",36059,Male,M,2024.0,"Accidental poisoning by and exposure to other and unspecified drugs, medicaments and biological substances",X44,Decedent's home,4.0,25.0,146202,1389591,5.4,4.8,32.0,1.7990905237584296,2.30283587041079
"New York County, NY",36061,Female,F,2024.0,"Accidental poisoning by and exposure to narcotics and psychodysleptics [hallucinogens], not elsewhere classified",X42,Decedent's home,4.0,38.0,103931,1629477,16.5,7.6,67.0,2.3320365982459403,4.111748739012579
"New York County, NY",36061,Female,F,2024.0,"Accidental poisoning by and exposure to other and unspecified drugs, medicaments and biological substances",X44,Decedent's home,4.0,28.0,103931,1629477,16.5,7.6,67.0,1.718342756602272,4.111748739012579
"New York County, NY",36061,Male,M,2024.0,"Accidental poisoning by and exposure to antiepileptic, sedative-hypnotic, antiparkinsonism and psychotropic drugs, not elsewhere classified",X41,Decedent's home,4.0,13.0,103931,1629477,16.5,7.6,67.0,0.797801994136769,4.111748739012579
"New York County, NY",36061,Male,M,2024.0,"Accidental poisoning by and exposure to narcotics and psychodysleptics [hallucinogens], not elsewhere classified",X42,Medical Facility - Inpatient,1.0,10.0,103931,1629477,16.5,7.6,67.0,0.6136938416436685,4.111748739012579
"New York County, NY",36061,Male,M,2024.0,"Accidental poisoning by and exposure to narcotics and psychodysleptics [hallucinogens], not elsewhere classified",X42,Medical Facility - Outpatient or ER,2.0,22.0,103931,1629477,16.5,7.6,67.0,1.3501264516160707,4.111748739012579
"New York County, NY",36061,Male,M,2024.0,"Accidental poisoning by and exposure to narcotics and psychodysleptics [hallucinogens], not elsewhere classified",X42,Decedent's home,4.0,95.0,103931,1629477,16.5,7.6,67.0,5.830091495614851,4.111748739012579
"New York County, NY",36061,Male,M,2024.0,"Accidental poisoning by and exposure to narcotics and psychodysleptics [hallucinogens], not elsewhere classified",X42,Other,7.0,15.0,103931,1629477,16.5,7.6,67.0,0.9205407624655028,4.111748739012579
"New York County, NY",36061,Male,M,2024.0,"Accidental poisoning by and exposure to other and unspecified drugs, medicaments and biological substances",X44,Medical Facility - Outpatient or ER,2.0,23.0,103931,1629477,16.5,7.6,67.0,1.4114958357804375,4.111748739012579
"New York County, NY",36061,Male,M,2024.0,"Accidental poisoning by and exposure to other and unspecified drugs, medicaments and biological substances",X44,Decedent's home,4.0,81.0,103931,1629477,16.5,7.6,67.0,4.970920117313715,4.111748739012579
"Niagara County, NY",36063,Female,F,2024.0,"Accidental poisoning by and exposure to other and unspecified drugs, medicaments and biological substances",X44,Decedent's home,4.0,12.0,69633,210721,13.5,5.9,6.0,5.6947337949231445,2.8473668974615722
"Niagara County, NY",36063,Male,M,2024.0,"Accidental poisoning by and exposure to narcotics and psychodysleptics [hallucinogens], not elsewhere classified",X42,Decedent's home,4.0,18.0,69633,210721,13.5,5.9,6.0,8.542100692384718,2.8473668974615722
"Niagara County, NY",36063,Male,M,2024.0,"Accidental poisoning by and exposure to other and unspecified drugs, medicaments and biological substances",X44,Decedent's home,4.0,11.0,69633,210721,13.5,5.9,6.0,5.220172645346216,2.8473668974615722
"Oneida County, NY",36065,Male,M,2024.0,"Accidental poisoning by and exposure to other and unspecified drugs, medicaments and biological substances",X44,Decedent's home,4.0,14.0,70154,229124,15.5,4.6,5.0,6.110228522546743,2.1822244723381226
"Onondaga County, NY",36067,Female,F,2024.0,"Accidental poisoning by and exposure to narcotics and psychodysleptics [hallucinogens], not elsewhere classified",X42,Decedent's home,4.0,15.0,76945,471129,13.8,5.2,12.0,3.1838413682876667,2.547073094630133
"Onondaga County, NY",36067,Male,M,2024.0,"Accidental poisoning by and exposure to narcotics and psychodysleptics [hallucinogens], not elsewhere classified",X42,Decedent's home,4.0,33.0,76945,471129,13.8,5.2,12.0,7.004451010232866,2.547073094630133
"Onondaga County, NY",36067,Male,M,2024.0,"Accidental poisoning by and exposure to other and unspecified drugs, medicaments and biological substances",X44,Decedent's home,4.0,24.0,76945,471129,13.8,5.2,12.0,5.094146189260266,2.547073094630133
"Orange County, NY",36071,Male,M,2024.0,"Accidental poisoning by and exposure to narcotics and psychodysleptics [hallucinogens], not elsewhere classified",X42,Decedent's home,4.0,16.0,97178,406616,12.6,5.5,11.0,3.9349164813976825,2.7052550809609066
"Orange County, NY",36071,Male,M,2024.0,"Accidental poisoning by and exposure to other and unspecified drugs, medicaments and biological substances",X44,Decedent's home,4.0,12.0,97178,406616,12.6,5.5,11.0,2.951187361048262,2.7052550809609066
"Queens County, NY",36081,Female,F,2024.0,"Accidental poisoning by and exposure to narcotics and psychodysleptics [hallucinogens], not elsewhere classified",X42,Decedent's home,4.0,21.0,86136,2323052,12.9,7.2,68.0,0.9039832082966718,2.9271837221035084
"Queens County, NY",36081,Female,F,2024.0,"Accidental poisoning by and exposure to other and unspecified drugs, medicaments and biological substances",X44,Decedent's home,4.0,14.0,86136,2323052,12.9,7.2,68.0,0.6026554721977812,2.9271837221035084
"Queens County, NY",36081,Male,M,2024.0,"Accidental poisoning by and exposure to narcotics and psychodysleptics [hallucinogens], not elsewhere classified",X42,Medical Facility - Inpatient,1.0,22.0,86136,2323052,12.9,7.2,68.0,0.9470300277393705,2.9271837221035084
"Queens County, NY",36081,Male,M,2024.0,"Accidental poisoning by and exposure to narcotics and psychodysleptics [hallucinogens], not elsewhere classified",X42,Medical Facility - Outpatient or ER,2.0,36.0,86136,2323052,12.9,7.2,68.0,1.5496854999371517,2.9271837221035084
"Queens County, NY",36081,Male,M,2024.0,"Accidental poisoning by and exposure to narcotics and psychodysleptics [hallucinogens], not elsewhere classified",X42,Decedent's home,4.0,89.0,86136,2323052,12.9,7.2,68.0,3.83116693040018,2.9271837221035084
"Queens County, NY",36081,Male,M,2024.0,"Accidental poisoning by and exposure to narcotics and psychodysleptics [hallucinogens], not elsewhere classified",X42,Other,7.0,30.0,86136,2323052,12.9,7.2,68.0,1.2914045832809598,2.9271837221035084
"Queens County, NY",36081,Male,M,2024.0,"Accidental poisoning by and exposure to other and unspecified drugs, medicaments and biological substances",X44,Medical Facility - Outpatient or ER,2.0,13.0,86136,2323052,12.9,7.2,68.0,0.5596086527550825,2.9271837221035084
"Queens County, NY",36081,Male,M,2024.0,"Accidental poisoning by and exposure to other and unspecified drugs, medicaments and biological substances",X44,Decedent's home,4.0,63.0,86136,2323052,12.9,7.2,68.0,2.7119496248900155,2.9271837221035084
"Rensselaer County, NY",36083,Male,M,2024.0,"Accidental poisoning by and exposure to narcotics and psychodysleptics [hallucinogens], not elsewhere classified",X42,Decedent's home,4.0,12.0,87915,160332,11.8,5.3,3.0,7.484469725319961,1.8711174313299903
"Richmond County, NY",36085,Male,M,2024.0,"Accidental poisoning by and exposure to narcotics and psychodysleptics [hallucinogens], not elsewhere classified",X42,Decedent's home,4.0,19.0,98333,494956,11.5,5.6,10.0,3.8387250583890284,2.020381609678436
"Richmond County, NY",36085,Male,M,2024.0,"Accidental poisoning by and exposure to other and unspecified drugs, medicaments and biological substances",X44,Decedent's home,4.0,25.0,98333,494956,11.5,5.6,10.0,5.05095402419609,2.020381609678436
"Rockland County, NY",36087,Male,M,2024.0,"Accidental poisoning by and exposure to narcotics and psychodysleptics [hallucinogens], not elsewhere classified",X42,Decedent's home,4.0,12.0,109959,341883,16.2,5.6,7.0,3.50997270996218,2.0474840808112718
"Schenectady County, NY",36093,Male,M,2024.0,"Poisoning by and exposure to narcotics and psychodysleptics [hallucinogens], not elsewhere classified, undetermined intent",Y12,Decedent's home,4.0,10.0,79623,160369,13.3,5.8,2.0,6.235619103442685,1.247123820688537
"Suffolk County, NY",36103,Female,F,2024.0,"Accidental poisoning by and exposure to narcotics and psychodysleptics [hallucinogens], not elsewhere classified",X42,Decedent's home,4.0,13.0,130686,1530146,6.4,4.7,48.0,0.8495921304241556,3.13695555848919
"Suffolk County, NY",36103,Female,F,2024.0,"Accidental poisoning by and exposure to other and unspecified drugs, medicaments and biological substances",X44,Medical Facility - Outpatient or ER,2.0,11.0,130686,1530146,6.4,4.7,48.0,0.7188856488204394,3.13695555848919
"Suffolk County, NY",36103,Female,F,2024.0,"Accidental poisoning by and exposure to other and unspecified drugs, medicaments and biological substances",X44,Decedent's home,4.0,43.0,130686,1530146,6.4,4.7,48.0,2.810189354479899,3.13695555848919
"Suffolk County, NY",36103,Male,M,2024.0,"Accidental poisoning by and exposure to narcotics and psychodysleptics [hallucinogens], not elsewhere classified",X42,Medical Facility - Inpatient,1.0,16.0,130686,1530146,6.4,4.7,48.0,1.04565185282973,3.13695555848919
"Suffolk County, NY",36103,Male,M,2024.0,"Accidental poisoning by and exposure to narcotics and psychodysleptics [hallucinogens], not elsewhere classified",X42,Medical Facility - Outpatient or ER,2.0,21.0,130686,1530146,6.4,4.7,48.0,1.3724180568390205,3.13695555848919
"Suffolk County, NY",36103,Male,M,2024.0,"Accidental poisoning by and exposure to narcotics and psychodysleptics [hallucinogens], not elsewhere classified",X42,Decedent's home,4.0,49.0,130686,1530146,6.4,4.7,48.0,3.202308799291048,3.13695555848919
"Suffolk County, NY",36103,Male,M,2024.0,"Accidental poisoning by and exposure to narcotics and psychodysleptics [hallucinogens], not elsewhere classified",X42,Other,7.0,18.0,130686,1530146,6.4,4.7,48.0,1.1763583344334463,3.13695555848919
"Suffolk County, NY",36103,Male,M,2024.0,"Accidental poisoning by and exposure to other and unspecified drugs, medicaments and biological substances",X44,Medical Facility - Outpatient or ER,2.0,21.0,130686,1530146,6.4,4.7,48.0,1.3724180568390205,3.13695555848919
"Suffolk County, NY",36103,Male,M,2024.0,"Accidental poisoning by and exposure to other and unspecified drugs, medicaments and biological substances",X44,Decedent's home,4.0,78.0,130686,1530146,6.4,4.7,48.0,5.097552782544933,3.13695555848919
"Suffolk County, NY",36103,Male,M,2024.0,"Accidental poisoning by and exposure to other and unspecified drugs, medicaments and biological substances",X44,Other,7.0,12.0,130686,1530146,6.4,4.7,48.0,0.7842388896222975,3.13695555848919
"Ulster County, NY",36111,Male,M,2024.0,"Accidental poisoning by and exposure to other and unspecified drugs, medicaments and biological substances",X44,Decedent's home,4.0,11.0,86271,182601,14.6,5.4,8.0,6.024063395052601,4.38113701458371
"Westchester County, NY",36119,Male,M,2024.0,"Accidental poisoning by and exposure to narcotics and psychodysleptics [hallucinogens], not elsewhere classified",X42,Decedent's home,4.0,16.0,118976,999677,9.0,6.1,31.0,1.6005169669803347,3.101001623524399
"Westchester County, NY",36119,Male,M,2024.0,"Accidental poisoning by and exposure to other and unspecified drugs, medicaments and biological substances",X44,Decedent's home,4.0,17.0,118976,999677,9.0,6.1,31.0,1.7005492774166058,3.101001623524399
"Buncombe County, NC",37021,Male,M,2024.0,"Accidental poisoning by and exposure to other and unspecified drugs, medicaments and biological substances",X44,Decedent's home,4.0,14.0,74436,274360,11.8,4.3,12.0,5.1027846624872435,4.373815424989065
"Catawba County, NC",37035,Male,M,2024.0,"Accidental poisoning by and exposure to narcotics and psychodysleptics [hallucinogens], not elsewhere classified",X42,Other,7.0,10.0,67864,163573,12.7,3.7,4.0,6.113478385797167,2.445391354318867
"Catawba County, NC",37035,Male,M,2024.0,"Accidental poisoning by and exposure to other and unspecified drugs, medicaments and biological substances",X44,Decedent's home,4.0,12.0,67864,163573,12.7,3.7,4.0,7.336174062956601,2.445391354318867
"Cumberland County, NC",37051,Male,M,2024.0,"Accidental poisoning by and exposure to narcotics and psychodysleptics [hallucinogens], not elsewhere classified",X42,Medical Facility - Outpatient or ER,2.0,15.0,61291,338545,16.7,7.6,8.0,4.430725605163272,2.3630536560870787
"Cumberland County, NC",37051,Male,M,2024.0,"Accidental poisoning by and exposure to narcotics and psychodysleptics [hallucinogens], not elsewhere classified",X42,Decedent's home,4.0,27.0,61291,338545,16.7,7.6,8.0,7.97530608929389,2.3630536560870787
"Cumberland County, NC",37051,Male,M,2024.0,"Accidental poisoning by and exposure to other and unspecified drugs, medicaments and biological substances",X44,Decedent's home,4.0,10.0,61291,338545,16.7,7.6,8.0,2.953817070108848,2.3630536560870787
"Davidson County, NC",37057,Male,M,2024.0,"Accidental poisoning by and exposure to narcotics and psychodysleptics [hallucinogens], not elsewhere classified",X42,Decedent's home,4.0,10.0,64172,172954,12.8,4.1,3.0,5.781884200423233,1.7345652601269703
"Davidson County, NC",37057,Male,M,2024.0,"Accidental poisoning by and exposure to other and unspecified drugs, medicaments and biological substances",X44,Other,7.0,10.0,64172,172954,12.8,4.1,3.0,5.781884200423233,1.7345652601269703
"Durham County, NC",37063,Male,M,2024.0,"Accidental poisoning by and exposure to narcotics and psychodysleptics [hallucinogens], not elsewhere classified",X42,Decedent's home,4.0,28.0,82316,332353,11.5,3.9,10.0,8.424777269950926,3.0088490249824735
"Durham County, NC",37063,Male,M,2024.0,"Accidental poisoning by and exposure to narcotics and psychodysleptics [hallucinogens], not elsewhere classified",X42,Other,7.0,12.0,82316,332353,11.5,3.9,10.0,3.6106188299789683,3.0088490249824735
"Forsyth County, NC",37067,Male,M,2024.0,"Accidental poisoning by and exposure to narcotics and psychodysleptics [hallucinogens], not elsewhere classified",X42,Decedent's home,4.0,28.0,67165,389977,14.5,5.0,11.0,7.179910610112905,2.820679168258641
"Forsyth County, NC",37067,Male,M,2024.0,"Accidental poisoning by and exposure to other and unspecified drugs, medicaments and biological substances",X44,Decedent's home,4.0,12.0,67165,389977,14.5,5.0,11.0,3.077104547191244,2.820679168258641
"Gaston County, NC",37071,Male,M,2024.0,"Accidental poisoning by and exposure to narcotics and psychodysleptics [hallucinogens], not elsewhere classified",X42,Decedent's home,4.0,10.0,67478,234881,13.5,4.8,10.0,4.257475061839825,4.257475061839825
"Guilford County, NC",37081,Male,M,2024.0,"Accidental poisoning by and exposure to narcotics and psychodysleptics [hallucinogens], not elsewhere classified",X42,Medical Facility - Inpatient,1.0,14.0,68642,547940,14.6,4.6,14.0,2.555024272730591,2.555024272730591
"Guilford County, NC",37081,Male,M,2024.0,"Accidental poisoning by and exposure to narcotics and psychodysleptics [hallucinogens], not elsewhere classified",X42,Decedent's home,4.0,36.0,68642,547940,14.6,4.6,14.0,6.570062415592948,2.555024272730591
"Guilford County, NC",37081,Male,M,2024.0,"Accidental poisoning by and exposure to narcotics and psychodysleptics [hallucinogens], not elsewhere classified",X42,Other,7.0,17.0,68642,547940,14.6,4.6,14.0,3.1025294740300033,2.555024272730591
"Guilford County, NC",37081,Male,M,2024.0,"Accidental poisoning by and exposure to other and unspecified drugs, medicaments and biological substances",X44,Decedent's home,4.0,20.0,68642,547940,14.6,4.6,14.0,3.6500346753294153,2.555024272730591
"Guilford County, NC",37081,Male,M,2024.0,"Accidental poisoning by and exposure to other and unspecified drugs, medicaments and biological substances",X44,Other,7.0,17.0,68642,547940,14.6,4.6,14.0,3.1025294740300033,2.555024272730591
"Mecklenburg County, NC",37119,Female,F,2024.0,"Accidental poisoning by and exposure to narcotics and psychodysleptics [hallucinogens], not elsewhere classified",X42,Decedent's home,4.0,19.0,87005,1154681,10.4,4.3,23.0,1.6454761098519852,1.9918921329787187
"Mecklenburg County, NC",37119,Female,F,2024.0,"Accidental poisoning by and exposure to narcotics and psychodysleptics [hallucinogens], not elsewhere classified",X42,Other,7.0,14.0,87005,1154681,10.4,4.3,23.0,1.212456080943568,1.9918921329787187
"Mecklenburg County, NC",37119,Male,M,2024.0,"Accidental poisoning by and exposure to narcotics and psychodysleptics [hallucinogens], not elsewhere classified",X42,Medical Facility - Inpatient,1.0,21.0,87005,1154681,10.4,4.3,23.0,1.818684121415352,1.9918921329787187
"Mecklenburg County, NC",37119,Male,M,2024.0,"Accidental poisoning by and exposure to narcotics and psychodysleptics [hallucinogens], not elsewhere classified",X42,Medical Facility - Outpatient or ER,2.0,17.0,87005,1154681,10.4,4.3,23.0,1.4722680982886183,1.9918921329787187
"Mecklenburg County, NC",37119,Male,M,2024.0,"Accidental poisoning by and exposure to narcotics and psychodysleptics [hallucinogens], not elsewhere classified",X42,Decedent's home,4.0,57.0,87005,1154681,10.4,4.3,23.0,4.936428329555955,1.9918921329787187
"Mecklenburg County, NC",37119,Male,M,2024.0,"Accidental poisoning by and exposure to narcotics and psychodysleptics [hallucinogens], not elsewhere classified",X42,Other,7.0,38.0,87005,1154681,10.4,4.3,23.0,3.2909522197039704,1.9918921329787187
"Mecklenburg County, NC",37119,Male,M,2024.0,"Accidental poisoning by and exposure to other and unspecified drugs, medicaments and biological substances",X44,Decedent's home,4.0,13.0,87005,1154681,10.4,4.3,23.0,1.1258520751618846,1.9918921329787187
"Mecklenburg County, NC",37119,Male,M,2024.0,"Accidental poisoning by and exposure to other and unspecified drugs, medicaments and biological substances",X44,Other,7.0,17.0,87005,1154681,10.4,4.3,23.0,1.4722680982886183,1.9918921329787187
"New Hanover County, NC",37129,Male,M,2024.0,"Accidental poisoning by and exposure to narcotics and psychodysleptics [hallucinogens], not elsewhere classified",X42,Decedent's home,4.0,18.0,75166,235229,12.3,4.5,8.0,7.652117723580001,3.4009412104800005
"New Hanover County, NC",37129,Male,M,2024.0,"Accidental poisoning by and exposure to other and unspecified drugs, medicaments and biological substances",X44,Decedent's home,4.0,14.0,75166,235229,12.3,4.5,8.0,5.95164711834,3.4009412104800005
"Onslow County, NC",37133,Male,M,2024.0,"Accidental poisoning by and exposure to other and unspecified drugs, medicaments and biological substances",X44,Decedent's home,4.0,12.0,68148,207906,11.6,5.4,4.0,5.771839196559984,1.923946398853328
"Rockingham County, NC",37157,Male,M,2024.0,"Accidental poisoning by and exposure to other and unspecified drugs, medicaments and biological substances",X44,Decedent's home,4.0,11.0,57053,92131,16.3,5.8,3.0,11.93952089958863,3.2562329726150807
"Rowan County, NC",37159,Male,M,2024.0,"Accidental poisoning by and exposure to narcotics and psychodysleptics [hallucinogens], not elsewhere classified",X42,Decedent's home,4.0,13.0,65725,149875,16.0,5.3,5.0,8.673894912427022,3.3361134278565467
"Wake County, NC",37183,Female,F,2024.0,"Accidental poisoning by and exposure to narcotics and psychodysleptics [hallucinogens], not elsewhere classified",X42,Decedent's home,4.0,12.0,105768,1178653,8.1,4.1,22.0,1.018111352535479,1.8665374796483785
"Wake County, NC",37183,Male,M,2024.0,"Accidental poisoning by and exposure to narcotics and psychodysleptics [hallucinogens], not elsewhere classified",X42,Decedent's home,4.0,42.0,105768,1178653,8.1,4.1,22.0,3.563389733874177,1.8665374796483785
"Wake County, NC",37183,Male,M,2024.0,"Accidental poisoning by and exposure to narcotics and psychodysleptics [hallucinogens], not elsewhere classified",X42,Other,7.0,17.0,105768,1178653,8.1,4.1,22.0,1.4423244160919286,1.8665374796483785
"Wake County, NC",37183,Male,M,2024.0,"Accidental poisoning by and exposure to other and unspecified drugs, medicaments and biological substances",X44,Decedent's home,4.0,18.0,105768,1178653,8.1,4.1,22.0,1.5271670288032184,1.8665374796483785
"Butler County, OH",39017,Female,F,2024.0,"Accidental poisoning by and exposure to other and unspecified drugs, medicaments and biological substances",X44,Decedent's home,4.0,12.0,81590,392876,11.8,5.1,22.0,3.0543988434009712,5.599731212901781
"Butler County, OH",39017,Male,M,2024.0,"Accidental poisoning by and exposure to narcotics and psychodysleptics [hallucinogens], not elsewhere classified",X42,Decedent's home,4.0,12.0,81590,392876,11.8,5.1,22.0,3.0543988434009712,5.599731212901781
"Butler County, OH",39017,Male,M,2024.0,"Accidental poisoning by and exposure to other and unspecified drugs, medicaments and biological substances",X44,Decedent's home,4.0,11.0,81590,392876,11.8,5.1,22.0,2.7998656064508904,5.599731212901781
"Cuyahoga County, OH",39035,Female,F,2024.0,"Accidental poisoning by and exposure to narcotics and psychodysleptics [hallucinogens], not elsewhere classified",X42,Decedent's home,4.0,16.0,64468,1245873,16.1,6.6,47.0,1.2842400469389739,3.7724551378832354
"Cuyahoga County, OH",39035,Female,F,2024.0,"Accidental poisoning by and exposure to other and unspecified drugs, medicaments and biological substances",X44,Medical Facility - Outpatient or ER,2.0,10.0,64468,1245873,16.1,6.6,47.0,0.8026500293368586,3.7724551378832354
"Cuyahoga County, OH",39035,Female,F,2024.0,"Accidental poisoning by and exposure to other and unspecified drugs, medicaments and biological substances",X44,Decedent's home,4.0,35.0,64468,1245873,16.1,6.6,47.0,2.809275102679005,3.7724551378832354
"Cuyahoga County, OH",39035,Female,F,2024.0,"Accidental poisoning by and exposure to other and unspecified drugs, medicaments and biological substances",X44,Other,7.0,13.0,64468,1245873,16.1,6.6,47.0,1.0434450381379161,3.7724551378832354
"Cuyahoga County, OH",39035,Male,M,2024.0,"Accidental poisoning by and exposure to narcotics and psychodysleptics [hallucinogens], not elsewhere classified",X42,Medical Facility - Inpatient,1.0,16.0,64468,1245873,16.1,6.6,47.0,1.2842400469389739,3.7724551378832354
"Cuyahoga County, OH",39035,Male,M,2024.0,"Accidental poisoning by and exposure to narcotics and psychodysleptics [hallucinogens], not elsewhere classified",X42,Medical Facility - Outpatient or ER,2.0,19.0,64468,1245873,16.1,6.6,47.0,1.5250350557400312,3.7724551378832354
"Cuyahoga County, OH",39035,Male,M,2024.0,"Accidental poisoning by and exposure to narcotics and psychodysleptics [hallucinogens], not elsewhere classified",X42,Decedent's home,4.0,72.0,64468,1245873,16.1,6.6,47.0,5.779080211225382,3.7724551378832354
"Cuyahoga County, OH",39035,Male,M,2024.0,"Accidental poisoning by and exposure to narcotics and psychodysleptics [hallucinogens], not elsewhere classified",X42,Other,7.0,27.0,64468,1245873,16.1,6.6,47.0,2.167155079209518,3.7724551378832354
"Cuyahoga County, OH",39035,Male,M,2024.0,"Accidental poisoning by and exposure to other and unspecified drugs, medicaments and biological substances",X44,Medical Facility - Outpatient or ER,2.0,28.0,64468,1245873,16.1,6.6,47.0,2.2474200821432038,3.7724551378832354
"Cuyahoga County, OH",39035,Male,M,2024.0,"Accidental poisoning by and exposure to other and unspecified drugs, medicaments and biological substances",X44,Decedent's home,4.0,55.0,64468,1245873,16.1,6.6,47.0,4.414575161352722,3.7724551378832354
"Cuyahoga County, OH",39035,Male,M,2024.0,"Accidental poisoning by and exposure to other and unspecified drugs, medicaments and biological substances",X44,Other,7.0,30.0,64468,1245873,16.1,6.6,47.0,2.4079500880105758,3.7724551378832354
"Franklin County, OH",39049,Female,F,2024.0,"Accidental poisoning by and exposure to narcotics and psychodysleptics [hallucinogens], not elsewhere classified",X42,Medical Facility - Inpatient,1.0,17.0,75176,1333048,14.7,4.6,59.0,1.2752729084023982,4.425947152690676
"Franklin County, OH",39049,Female,F,2024.0,"Accidental poisoning by and exposure to narcotics and psychodysleptics [hallucinogens], not elsewhere classified",X42,Decedent's home,4.0,41.0,75176,1333048,14.7,4.6,59.0,3.0756581908528426,4.425947152690676
"Franklin County, OH",39049,Female,F,2024.0,"Accidental poisoning by and exposure to narcotics and psychodysleptics [hallucinogens], not elsewhere classified",X42,Other,7.0,14.0,75176,1333048,14.7,4.6,59.0,1.0502247480960927,4.425947152690676
"Franklin County, OH",39049,Female,F,2024.0,"Accidental poisoning by and exposure to other and unspecified drugs, medicaments and biological substances",X44,Decedent's home,4.0,22.0,75176,1333048,14.7,4.6,59.0,1.650353175579574,4.425947152690676
"Franklin County, OH",39049,Male,M,2024.0,"Accidental poisoning by and exposure to narcotics and psychodysleptics [hallucinogens], not elsewhere classified",X42,Medical Facility - Inpatient,1.0,20.0,75176,1333048,14.7,4.6,59.0,1.5003210687087036,4.425947152690676
"Franklin County, OH",39049,Male,M,2024.0,"Accidental poisoning by and exposure to narcotics and psychodysleptics [hallucinogens], not elsewhere classified",X42,Medical Facility - Outpatient or ER,2.0,27.0,75176,1333048,14.7,4.6,59.0,2.02543344275675,4.425947152690676
"Franklin County, OH",39049,Male,M,2024.0,"Accidental poisoning by and exposure to narcotics and psychodysleptics [hallucinogens], not elsewhere classified",X42,Decedent's home,4.0,106.0,75176,1333048,14.7,4.6,59.0,7.951701664156129,4.425947152690676
"Franklin County, OH",39049,Male,M,2024.0,"Accidental poisoning by and exposure to narcotics and psychodysleptics [hallucinogens], not elsewhere classified",X42,Other,7.0,57.0,75176,1333048,14.7,4.6,59.0,4.275915045819805,4.425947152690676
"Franklin County, OH",39049,Male,M,2024.0,"Accidental poisoning by and exposure to other and unspecified drugs, medicaments and biological substances",X44,Medical Facility - Outpatient or ER,2.0,16.0,75176,1333048,14.7,4.6,59.0,1.200256854966963,4.425947152690676
"Franklin County, OH",39049,Male,M,2024.0,"Accidental poisoning by and exposure to other and unspecified drugs, medicaments and biological substances",X44,Decedent's home,4.0,54.0,75176,1333048,14.7,4.6,59.0,4.0508668855135,4.425947152690676
"Franklin County, OH",39049,Male,M,2024.0,"Accidental poisoning by and exposure to other and unspecified drugs, medicaments and biological substances",X44,Other,7.0,24.0,75176,1333048,14.7,4.6,59.0,1.8003852824504443,4.425947152690676
"Hamilton County, OH",39061,Female,F,2024.0,"Accidental poisoning by and exposure to narcotics and psychodysleptics [hallucinogens], not elsewhere classified",X42,Decedent's home,4.0,17.0,72470,830774,15.0,5.0,32.0,2.0462845491072184,3.85182973949594
"Hamilton County, OH",39061,Female,F,2024.0,"Accidental poisoning by and exposure to other and unspecified drugs, medicaments and biological substances",X44,Decedent's home,4.0,20.0,72470,830774,15.0,5.0,32.0,2.4073935871849628,3.85182973949594
"Hamilton County, OH",39061,Male,M,2024.0,"Accidental poisoning by and exposure to narcotics and psychodysleptics [hallucinogens], not elsewhere classified",X42,Decedent's home,4.0,24.0,72470,830774,15.0,5.0,32.0,2.888872304621955,3.85182973949594
"Hamilton County, OH",39061,Male,M,2024.0,"Accidental poisoning by and exposure to narcotics and psychodysleptics [hallucinogens], not elsewhere classified",X42,Other,7.0,13.0,72470,830774,15.0,5.0,32.0,1.5648058316702256,3.85182973949594
"Hamilton County, OH",39061,Male,M,2024.0,"Accidental poisoning by and exposure to other and unspecified drugs, medicaments and biological substances",X44,Decedent's home,4.0,49.0,72470,830774,15.0,5.0,32.0,5.898114288603158,3.85182973949594
"Hamilton County, OH",39061,Male,M,2024.0,"Accidental poisoning by and exposure to other and unspecified drugs, medicaments and biological substances",X44,Other,7.0,17.0,72470,830774,15.0,5.0,32.0,2.0462845491072184,3.85182973949594
"Lorain County, OH",39093,Female,F,2024.0,"Accidental poisoning by and exposure to narcotics and psychodysleptics [hallucinogens], not elsewhere classified",X42,Decedent's home,4.0,10.0,73347,317129,12.1,4.3,8.0,3.1532909320812665,2.522632745665013
"Lorain County, OH",39093,Male,M,2024.0,"Accidental poisoning by and exposure to narcotics and psychodysleptics [hallucinogens], not elsewhere classified",X42,Decedent's home,4.0,13.0,73347,317129,12.1,4.3,8.0,4.099278211705647,2.522632745665013
"Lorain County, OH",39093,Male,M,2024.0,"Accidental poisoning by and exposure to other and unspecified drugs, medicaments and biological substances",X44,Decedent's home,4.0,11.0,73347,317129,12.1,4.3,8.0,3.4686200252893933,2.522632745665013
"Lucas County, OH",39095,Female,F,2024.0,"Accidental poisoning by and exposure to narcotics and psychodysleptics [hallucinogens], not elsewhere classified",X42,Decedent's home,4.0,23.0,62224,428018,17.7,6.3,19.0,5.373605782934362,4.439065646771865
"Lucas County, OH",39095,Male,M,2024.0,"Accidental poisoning by and exposure to narcotics and psychodysleptics [hallucinogens], not elsewhere classified",X42,Decedent's home,4.0,47.0,62224,428018,17.7,6.3,19.0,10.98084659990935,4.439065646771865
"Lucas County, OH",39095,Male,M,2024.0,"Accidental poisoning by and exposure to narcotics and psychodysleptics [hallucinogens], not elsewhere classified",X42,Other,7.0,17.0,62224,428018,17.7,6.3,19.0,3.9717955786906156,4.439065646771865
"Lucas County, OH",39095,Male,M,2024.0,"Accidental poisoning by and exposure to other and unspecified drugs, medicaments and biological substances",X44,Decedent's home,4.0,19.0,62224,428018,17.7,6.3,19.0,4.439065646771865,4.439065646771865
"Mahoning County, OH",39099,Female,F,2024.0,"Accidental poisoning by and exposure to other and unspecified drugs, medicaments and biological substances",X44,Decedent's home,4.0,14.0,56942,226491,18.9,6.4,18.0,6.181261065561103,7.947335655721419
"Mahoning County, OH",39099,Male,M,2024.0,"Accidental poisoning by and exposure to narcotics and psychodysleptics [hallucinogens], not elsewhere classified",X42,Decedent's home,4.0,21.0,56942,226491,18.9,6.4,18.0,9.271891598341655,7.947335655721419
"Mahoning County, OH",39099,Male,M,2024.0,"Accidental poisoning by and exposure to other and unspecified drugs, medicaments and biological substances",X44,Decedent's home,4.0,14.0,56942,226491,18.9,6.4,18.0,6.181261065561103,7.947335655721419
"Mahoning County, OH",39099,Male,M,2024.0,"Accidental poisoning by and exposure to other and unspecified drugs, medicaments and biological substances",X44,Other,7.0,10.0,56942,226491,18.9,6.4,18.0,4.415186475400788,7.947335655721419
"Montgomery County, OH",39113,Female,F,2024.0,"Accidental poisoning by and exposure to other and unspecified drugs, medicaments and biological substances",X44,Decedent's home,4.0,16.0,66139,536096,15.0,5.7,33.0,2.9845400823733064,6.155613919894944
"Montgomery County, OH",39113,Male,M,2024.0,"Accidental poisoning by and exposure to narcotics and psychodysleptics [hallucinogens], not elsewhere classified",X42,Decedent's home,4.0,14.0,66139,536096,15.0,5.7,33.0,2.611472572076643,6.155613919894944
"Montgomery County, OH",39113,Male,M,2024.0,"Accidental poisoning by and exposure to other and unspecified drugs, medicaments and biological substances",X44,Medical Facility - Inpatient,1.0,10.0,66139,536096,15.0,5.7,33.0,1.8653375514833164,6.155613919894944
"Montgomery County, OH",39113,Male,M,2024.0,"Accidental poisoning by and exposure to other and unspecified drugs, medicaments and biological substances",X44,Decedent's home,4.0,32.0,66139,536096,15.0,5.7,33.0,5.969080164746613,6.155613919894944
"Montgomery County, OH",39113,Male,M,2024.0,"Accidental poisoning by and exposure to other and unspecified drugs, medicaments and biological substances",X44,Other,7.0,26.0,66139,536096,15.0,5.7,33.0,4.849877633856623,6.155613919894944
"Scioto County, OH",39145,Male,M,2024.0,"Accidental poisoning by and exposure to other and unspecified drugs, medicaments and biological substances",X44,Decedent's home,4.0,12.0,50609,72627,21.8,5.9,11.0,16.52278078400595,15.145882385338787
"Stark County, OH",39151,Male,M,2024.0,"Accidental poisoning by and exposure to narcotics and psychodysleptics [hallucinogens], not elsewhere classified",X42,Decedent's home,4.0,18.0,67934,373713,12.5,3.9,20.0,4.8165303320997666,5.351700368999741
"Stark County, OH",39151,Male,M,2024.0,"Accidental poisoning by and exposure to other and unspecified drugs, medicaments and biological substances",X44,Decedent's home,4.0,26.0,67934,373713,12.5,3.9,20.0,6.957210479699662,5.351700368999741
"Summit County, OH",39153,Female,F,2024.0,"Accidental poisoning by and exposure to other and unspecified drugs, medicaments and biological substances",X44,Decedent's home,4.0,10.0,71622,537864,12.8,5.1,28.0,1.8592060446506924,5.205776925021938
"Summit County, OH",39153,Male,M,2024.0,"Accidental poisoning by and exposure to narcotics and psychodysleptics [hallucinogens], not elsewhere classified",X42,Decedent's home,4.0,26.0,71622,537864,12.8,5.1,28.0,4.8339357160918,5.205776925021938
"Summit County, OH",39153,Male,M,2024.0,"Accidental poisoning by and exposure to narcotics and psychodysleptics [hallucinogens], not elsewhere classified",X42,Other,7.0,12.0,71622,537864,12.8,5.1,28.0,2.231047253580831,5.205776925021938
"Summit County, OH",39153,Male,M,2024.0,"Accidental poisoning by and exposure to other and unspecified drugs, medicaments and biological substances",X44,Decedent's home,4.0,13.0,71622,537864,12.8,5.1,28.0,2.4169678580459,5.205776925021938
"Summit County, OH",39153,Male,M,2024.0,"Accidental poisoning by and exposure to other and unspecified drugs, medicaments and biological substances",X44,Other,7.0,13.0,71622,537864,12.8,5.1,28.0,2.4169678580459,5.205776925021938
"Trumbull County, OH",39155,Male,M,2024.0,"Accidental poisoning by and exposure to narcotics and psychodysleptics [hallucinogens], not elsewhere classified",X42,Decedent's home,4.0,10.0,56435,200929,16.6,4.7,12.0,4.976882381338682,5.972258857606418
"Oklahoma County, OK",40109,Female,F,2024.0,"Accidental poisoning by and exposure to narcotics and psychodysleptics [hallucinogens], not elsewhere classified",X42,Decedent's home,4.0,12.0,66679,806199,16.0,4.8,19.0,1.4884662471672627,2.356738224681499
"Oklahoma County, OK",40109,Female,F,2024.0,"Accidental poisoning by and exposure to other and unspecified drugs, medicaments and biological substances",X44,Decedent's home,4.0,12.0,66679,806199,16.0,4.8,19.0,1.4884662471672627,2.356738224681499
"Oklahoma County, OK",40109,Female,F,2024.0,"Accidental poisoning by and exposure to other and unspecified drugs, medicaments and biological substances",X44,Other,7.0,11.0,66679,806199,16.0,4.8,19.0,1.3644273932366573,2.356738224681499
"Oklahoma County, OK",40109,Male,M,2024.0,"Accidental poisoning by and exposure to antiepileptic, sedative-hypnotic, antiparkinsonism and psychotropic drugs, not elsewhere classified",X41,Medical Facility - Outpatient or ER,2.0,10.0,66679,806199,16.0,4.8,19.0,1.2403885393060523,2.356738224681499
"Oklahoma County, OK",40109,Male,M,2024.0,"Accidental poisoning by and exposure to antiepileptic, sedative-hypnotic, antiparkinsonism and psychotropic drugs, not elsewhere classified",X41,Other,7.0,11.0,66679,806199,16.0,4.8,19.0,1.3644273932366573,2.356738224681499
"Oklahoma County, OK",40109,Male,M,2024.0,"Accidental poisoning by and exposure to narcotics and psychodysleptics [hallucinogens], not elsewhere classified",X42,Decedent's home,4.0,28.0,66679,806199,16.0,4.8,19.0,3.4730879100569463,2.356738224681499
"Oklahoma County, OK",40109,Male,M,2024.0,"Accidental poisoning by and exposure to narcotics and psychodysleptics [hallucinogens], not elsewhere classified",X42,Other,7.0,27.0,66679,806199,16.0,4.8,19.0,3.3490490561263413,2.356738224681499
"Oklahoma County, OK",40109,Male,M,2024.0,"Accidental poisoning by and exposure to other and unspecified drugs, medicaments and biological substances",X44,Medical Facility - Outpatient or ER,2.0,10.0,66679,806199,16.0,4.8,19.0,1.2403885393060523,2.356738224681499
"Oklahoma County, OK",40109,Male,M,2024.0,"Accidental poisoning by and exposure to other and unspecified drugs, medicaments and biological substances",X44,Decedent's home,4.0,28.0,66679,806199,16.0,4.8,19.0,3.4730879100569463,2.356738224681499
"Oklahoma County, OK",40109,Male,M,2024.0,"Accidental poisoning by and exposure to other and unspecified drugs, medicaments and biological substances",X44,Other,7.0,28.0,66679,806199,16.0,4.8,19.0,3.4730879100569463,2.356738224681499
"Tulsa County, OK",40143,Female,F,2024.0,"Accidental poisoning by and exposure to antiepileptic, sedative-hypnotic, antiparkinsonism and psychotropic drugs, not elsewhere classified",X41,Decedent's home,4.0,10.0,69009,680794,14.7,5.4,11.0,1.4688731099275258,1.6157604209202783
"Tulsa County, OK",40143,Female,F,2024.0,"Accidental poisoning by and exposure to narcotics and psychodysleptics [hallucinogens], not elsewhere classified",X42,Decedent's home,4.0,11.0,69009,680794,14.7,5.4,11.0,1.6157604209202783,1.6157604209202783
"Tulsa County, OK",40143,Female,F,2024.0,"Accidental poisoning by and exposure to other and unspecified drugs, medicaments and biological substances",X44,Decedent's home,4.0,13.0,69009,680794,14.7,5.4,11.0,1.9095350429057834,1.6157604209202783
"Tulsa County, OK",40143,Male,M,2024.0,"Accidental poisoning by and exposure to narcotics and psychodysleptics [hallucinogens], not elsewhere classified",X42,Decedent's home,4.0,22.0,69009,680794,14.7,5.4,11.0,3.2315208418405565,1.6157604209202783
"Tulsa County, OK",40143,Male,M,2024.0,"Accidental poisoning by and exposure to narcotics and psychodysleptics [hallucinogens], not elsewhere classified",X42,Other,7.0,12.0,69009,680794,14.7,5.4,11.0,1.762647731913031,1.6157604209202783
"Tulsa County, OK",40143,Male,M,2024.0,"Accidental poisoning by and exposure to other and unspecified drugs, medicaments and biological substances",X44,Decedent's home,4.0,21.0,69009,680794,14.7,5.4,11.0,3.084633530847804,1.6157604209202783
"Tulsa County, OK",40143,Male,M,2024.0,"Accidental poisoning by and exposure to other and unspecified drugs, medicaments and biological substances",X44,Other,7.0,19.0,69009,680794,14.7,5.4,11.0,2.790858908862299,1.6157604209202783
"Clackamas County, OR",41005,Male,M,2024.0,"Accidental poisoning by and exposure to other and unspecified drugs, medicaments and biological substances",X44,Decedent's home,4.0,25.0,103517,423975,7.7,4.4,14.0,5.896574090453447,3.30208149065393
"Clackamas County, OR",41005,Male,M,2024.0,"Accidental poisoning by and exposure to other and unspecified drugs, medicaments and biological substances",X44,Other,7.0,16.0,103517,423975,7.7,4.4,14.0,3.7738074178902057,3.30208149065393
"Douglas County, OR",41019,Male,M,2024.0,"Accidental poisoning by and exposure to other and unspecified drugs, medicaments and biological substances",X44,Decedent's home,4.0,11.0,61310,112072,16.3,5.4,4.0,9.815118852166464,3.5691341280605324
"Jackson County, OR",41029,Male,M,2024.0,"Accidental poisoning by and exposure to narcotics and psychodysleptics [hallucinogens], not elsewhere classified",X42,Decedent's home,4.0,12.0,73999,222645,12.4,5.4,5.0,5.389746008219363,2.2457275034247344
"Jackson County, OR",41029,Male,M,2024.0,"Accidental poisoning by and exposure to other and unspecified drugs, medicaments and biological substances",X44,Decedent's home,4.0,15.0,73999,222645,12.4,5.4,5.0,6.737182510274203,2.2457275034247344
"Jackson County, OR",41029,Male,M,2024.0,"Accidental poisoning by and exposure to other and unspecified drugs, medicaments and biological substances",X44,Other,7.0,13.0,73999,222645,12.4,5.4,5.0,5.83889150890431,2.2457275034247344
"Josephine County, OR",41033,Male,M,2024.0,"Accidental poisoning by and exposure to other and unspecified drugs, medicaments and biological substances",X44,Decedent's home,4.0,10.0,60098,88179,15.6,6.4,4.0,11.340568616110412,4.5362274464441645
"Lane County, OR",41039,Male,M,2024.0,"Accidental poisoning by and exposure to antiepileptic, sedative-hypnotic, antiparkinsonism and psychotropic drugs, not elsewhere classified",X41,Decedent's home,4.0,16.0,71544,384207,15.3,6.4,13.0,4.164421783049241,3.3835926987275093
"Lane County, OR",41039,Male,M,2024.0,"Accidental poisoning by and exposure to antiepileptic, sedative-hypnotic, antiparkinsonism and psychotropic drugs, not elsewhere classified",X41,Other,7.0,12.0,71544,384207,15.3,6.4,13.0,3.1233163372869313,3.3835926987275093
"Lane County, OR",41039,Male,M,2024.0,"Accidental poisoning by and exposure to narcotics and psychodysleptics [hallucinogens], not elsewhere classified",X42,Decedent's home,4.0,19.0,71544,384207,15.3,6.4,13.0,4.945250867370974,3.3835926987275093
"Lane County, OR",41039,Male,M,2024.0,"Accidental poisoning by and exposure to other and unspecified drugs, medicaments and biological substances",X44,Decedent's home,4.0,17.0,71544,384207,15.3,6.4,13.0,4.4246981444898195,3.3835926987275093
"Lane County, OR",41039,Male,M,2024.0,"Accidental poisoning by and exposure to other and unspecified drugs, medicaments and biological substances",X44,Other,7.0,21.0,71544,384207,15.3,6.4,13.0,5.46580359025213,3.3835926987275093
"Marion County, OR",41047,Male,M,2024.0,"Accidental poisoning by and exposure to narcotics and psychodysleptics [hallucinogens], not elsewhere classified",X42,Decedent's home,4.0,14.0,77351,349244,13.0,5.3,5.0,4.008658702798044,1.4316638224278728
"Marion County, OR",41047,Male,M,2024.0,"Accidental poisoning by and exposure to other and unspecified drugs, medicaments and biological substances",X44,Decedent's home,4.0,15.0,77351,349244,13.0,5.3,5.0,4.2949914672836185,1.4316638224278728
"Marion County, OR",41047,Male,M,2024.0,"Accidental poisoning by and exposure to other and unspecified drugs, medicaments and biological substances",X44,Other,7.0,19.0,77351,349244,13.0,5.3,5.0,5.440322525225917,1.4316638224278728
"Multnomah County, OR",41051,Female,F,2024.0,"Accidental poisoning by and exposure to antiepileptic, sedative-hypnotic, antiparkinsonism and psychotropic drugs, not elsewhere classified",X41,Decedent's home,4.0,11.0,88766,801477,12.6,5.7,20.0,1.3724660844915075,2.49539288089365
"Multnomah County, OR",41051,Female,F,2024.0,"Accidental poisoning by and exposure to narcotics and psychodysleptics [hallucinogens], not elsewhere classified",X42,Decedent's home,4.0,16.0,88766,801477,12.6,5.7,20.0,1.99631430471492,2.49539288089365
"Multnomah County, OR",41051,Female,F,2024.0,"Accidental poisoning by and exposure to other and unspecified drugs, medicaments and biological substances",X44,Decedent's home,4.0,40.0,88766,801477,12.6,5.7,20.0,4.9907857617873,2.49539288089365
"Multnomah County, OR",41051,Female,F,2024.0,"Accidental poisoning by and exposure to other and unspecified drugs, medicaments and biological substances",X44,Other,7.0,32.0,88766,801477,12.6,5.7,20.0,3.99262860942984,2.49539288089365
"Multnomah County, OR",41051,Male,M,2024.0,"Accidental poisoning by and exposure to antiepileptic, sedative-hypnotic, antiparkinsonism and psychotropic drugs, not elsewhere classified",X41,Decedent's home,4.0,24.0,88766,801477,12.6,5.7,20.0,2.99447145707238,2.49539288089365
"Multnomah County, OR",41051,Male,M,2024.0,"Accidental poisoning by and exposure to antiepileptic, sedative-hypnotic, antiparkinsonism and psychotropic drugs, not elsewhere classified",X41,Other,7.0,21.0,88766,801477,12.6,5.7,20.0,2.620162524938333,2.49539288089365
"Multnomah County, OR",41051,Male,M,2024.0,"Accidental poisoning by and exposure to narcotics and psychodysleptics [hallucinogens], not elsewhere classified",X42,Decedent's home,4.0,50.0,88766,801477,12.6,5.7,20.0,6.238482202234125,2.49539288089365
"Multnomah County, OR",41051,Male,M,2024.0,"Accidental poisoning by and exposure to narcotics and psychodysleptics [hallucinogens], not elsewhere classified",X42,Other,7.0,37.0,88766,801477,12.6,5.7,20.0,4.616476829653252,2.49539288089365
"Multnomah County, OR",41051,Male,M,2024.0,"Accidental poisoning by and exposure to other and unspecified drugs, medicaments and biological substances",X44,Medical Facility - Inpatient,1.0,25.0,88766,801477,12.6,5.7,20.0,3.1192411011170624,2.49539288089365
"Multnomah County, OR",41051,Male,M,2024.0,"Accidental poisoning by and exposure to other and unspecified drugs, medicaments and biological substances",X44,Decedent's home,4.0,93.0,88766,801477,12.6,5.7,20.0,11.603576896155474,2.49539288089365
"Multnomah County, OR",41051,Male,M,2024.0,"Accidental poisoning by and exposure to other and unspecified drugs, medicaments and biological substances",X44,Other,7.0,106.0,88766,801477,12.6,5.7,20.0,13.225582268736344,2.49539288089365
"Washington County, OR",41067,Female,F,2024.0,"Accidental poisoning by and exposure to other and unspecified drugs, medicaments and biological substances",X44,Decedent's home,4.0,12.0,107772,603947,8.1,4.5,15.0,1.9869293166453348,2.4836616458066687
"Washington County, OR",41067,Male,M,2024.0,"Accidental poisoning by and exposure to other and unspecified drugs, medicaments and biological substances",X44,Decedent's home,4.0,15.0,107772,603947,8.1,4.5,15.0,2.4836616458066687,2.4836616458066687
"Washington County, OR",41067,Male,M,2024.0,"Accidental poisoning by and exposure to other and unspecified drugs, medicaments and biological substances",X44,Other,7.0,11.0,107772,603947,8.1,4.5,15.0,1.8213518735915568,2.4836616458066687
"Allegheny County, PA",42003,Female,F,2024.0,"Accidental poisoning by and exposure to narcotics and psychodysleptics [hallucinogens], not elsewhere classified",X42,Medical Facility - Inpatient,1.0,13.0,78548,1238177,11.5,5.0,16.0,1.0499306641942145,1.292222355931341
"Allegheny County, PA",42003,Female,F,2024.0,"Accidental poisoning by and exposure to narcotics and psychodysleptics [hallucinogens], not elsewhere classified",X42,Decedent's home,4.0,24.0,78548,1238177,11.5,5.0,16.0,1.9383335338970114,1.292222355931341
"Allegheny County, PA",42003,Female,F,2024.0,"Accidental poisoning by and exposure to narcotics and psychodysleptics [hallucinogens], not elsewhere classified",X42,Other,7.0,12.0,78548,1238177,11.5,5.0,16.0,0.9691667669485057,1.292222355931341
"Allegheny County, PA",42003,Female,F,2024.0,"Accidental poisoning by and exposure to other and unspecified drugs, medicaments and biological substances",X44,Decedent's home,4.0,37.0,78548,1238177,11.5,5.0,16.0,2.988264198091226,1.292222355931341
"Allegheny County, PA",42003,Female,F,2024.0,"Accidental poisoning by and exposure to other and unspecified drugs, medicaments and biological substances",X44,Other,7.0,24.0,78548,1238177,11.5,5.0,16.0,1.9383335338970114,1.292222355931341
"Allegheny County, PA",42003,Male,M,2024.0,"Accidental poisoning by and exposure to narcotics and psychodysleptics [hallucinogens], not elsewhere classified",X42,Medical Facility - Inpatient,1.0,11.0,78548,1238177,11.5,5.0,16.0,0.8884028697027969,1.292222355931341
"Allegheny County, PA",42003,Male,M,2024.0,"Accidental poisoning by and exposure to narcotics and psychodysleptics [hallucinogens], not elsewhere classified",X42,Decedent's home,4.0,75.0,78548,1238177,11.5,5.0,16.0,6.05729229342816,1.292222355931341
"Allegheny County, PA",42003,Male,M,2024.0,"Accidental poisoning by and exposure to narcotics and psychodysleptics [hallucinogens], not elsewhere classified",X42,Other,7.0,33.0,78548,1238177,11.5,5.0,16.0,2.665208609108391,1.292222355931341
"Allegheny County, PA",42003,Male,M,2024.0,"Accidental poisoning by and exposure to other and unspecified drugs, medicaments and biological substances",X44,Medical Facility - Inpatient,1.0,12.0,78548,1238177,11.5,5.0,16.0,0.9691667669485057,1.292222355931341
"Allegheny County, PA",42003,Male,M,2024.0,"Accidental poisoning by and exposure to other and unspecified drugs, medicaments and biological substances",X44,Decedent's home,4.0,68.0,78548,1238177,11.5,5.0,16.0,5.491945012708199,1.292222355931341
"Allegheny County, PA",42003,Male,M,2024.0,"Accidental poisoning by and exposure to other and unspecified drugs, medicaments and biological substances",X44,Other,7.0,40.0,78548,1238177,11.5,5.0,16.0,3.2305558898283526,1.292222355931341
"Beaver County, PA",42007,Male,M,2024.0,"Accidental poisoning by and exposure to narcotics and psychodysleptics [hallucinogens], not elsewhere classified",X42,Decedent's home,4.0,15.0,71089,166324,9.9,5.3,5.0,9.018542122604073,3.0061807075346914
"Berks County, PA",42011,Male,M,2024.0,"Accidental poisoning by and exposure to narcotics and psychodysleptics [hallucinogens], not elsewhere classified",X42,Decedent's home,4.0,19.0,79777,433015,12.2,5.4,10.0,4.38783875847257,2.309388820248721
"Blair County, PA",42013,Male,M,2024.0,"Accidental poisoning by and exposure to other and unspecified drugs, medicaments and biological substances",X44,Decedent's home,4.0,11.0,62382,121277,12.0,4.4,5.0,9.070145204779143,4.12279327489961
"Bucks County, PA",42017,Female,F,2024.0,"Accidental poisoning by and exposure to other and unspecified drugs, medicaments and biological substances",X44,Decedent's home,4.0,11.0,114764,647461,6.1,4.4,15.0,1.69894402906121,2.3167418578107406
"Bucks County, PA",42017,Female,F,2024.0,"Accidental poisoning by and exposure to other and unspecified drugs, medicaments and biological substances",X44,Other,7.0,11.0,114764,647461,6.1,4.4,15.0,1.69894402906121,2.3167418578107406
"Bucks County, PA",42017,Male,M,2024.0,"Accidental poisoning by and exposure to narcotics and psychodysleptics [hallucinogens], not elsewhere classified",X42,Decedent's home,4.0,12.0,114764,647461,6.1,4.4,15.0,1.8533934862485928,2.3167418578107406
"Bucks County, PA",42017,Male,M,2024.0,"Accidental poisoning by and exposure to other and unspecified drugs, medicaments and biological substances",X44,Decedent's home,4.0,22.0,114764,647461,6.1,4.4,15.0,3.39788805812242,2.3167418578107406
"Chester County, PA",42029,Female,F,2024.0,"Accidental poisoning by and exposure to other and unspecified drugs, medicaments and biological substances",X44,Decedent's home,4.0,10.0,127208,547840,6.0,3.8,15.0,1.8253504672897194,2.738025700934579
"Chester County, PA",42029,Male,M,2024.0,"Accidental poisoning by and exposure to narcotics and psychodysleptics [hallucinogens], not elsewhere classified",X42,Decedent's home,4.0,10.0,127208,547840,6.0,3.8,15.0,1.8253504672897194,2.738025700934579
"Chester County, PA",42029,Male,M,2024.0,"Accidental poisoning by and exposure to other and unspecified drugs, medicaments and biological substances",X44,Decedent's home,4.0,12.0,127208,547840,6.0,3.8,15.0,2.1904205607476634,2.738025700934579
"Dauphin County, PA",42043,Male,M,2024.0,"Accidental poisoning by and exposure to other and unspecified drugs, medicaments and biological substances",X44,Decedent's home,4.0,19.0,76242,289593,12.9,4.5,6.0,6.560932066728132,2.0718732842299366
"Delaware County, PA",42045,Female,F,2024.0,"Accidental poisoning by and exposure to other and unspecified drugs, medicaments and biological substances",X44,Decedent's home,4.0,16.0,89546,579222,10.2,6.9,12.0,2.762326016622297,2.0717445124667226
"Delaware County, PA",42045,Male,M,2024.0,"Accidental poisoning by and exposure to narcotics and psychodysleptics [hallucinogens], not elsewhere classified",X42,Decedent's home,4.0,21.0,89546,579222,10.2,6.9,12.0,3.6255528968167647,2.0717445124667226
"Delaware County, PA",42045,Male,M,2024.0,"Accidental poisoning by and exposure to other and unspecified drugs, medicaments and biological substances",X44,Decedent's home,4.0,18.0,89546,579222,10.2,6.9,12.0,3.1076167687000837,2.0717445124667226
"Delaware County, PA",42045,Male,M,2024.0,"Accidental poisoning by and exposure to other and unspecified drugs, medicaments and biological substances",X44,Other,7.0,10.0,89546,579222,10.2,6.9,12.0,1.7264537603889356,2.0717445124667226
"Erie County, PA",42049,Male,M,2024.0,"Accidental poisoning by and exposure to narcotics and psychodysleptics [hallucinogens], not elsewhere classified",X42,Decedent's home,4.0,12.0,63354,269052,15.0,5.4,7.0,4.460104366442175,2.6017275470912686
"Erie County, PA",42049,Male,M,2024.0,"Accidental poisoning by and exposure to narcotics and psychodysleptics [hallucinogens], not elsewhere classified",X42,Other,7.0,10.0,63354,269052,15.0,5.4,7.0,3.716753638701812,2.6017275470912686
"Fayette County, PA",42051,Female,F,2024.0,"Accidental poisoning by and exposure to other and unspecified drugs, medicaments and biological substances",X44,Decedent's home,4.0,10.0,58236,125997,16.8,6.3,1.0,7.936696905481877,0.7936696905481877
"Fayette County, PA",42051,Male,M,2024.0,"Accidental poisoning by and exposure to other and unspecified drugs, medicaments and biological substances",X44,Decedent's home,4.0,14.0,58236,125997,16.8,6.3,1.0,11.111375667674627,0.7936696905481877
"Lackawanna County, PA",42069,Male,M,2024.0,"Accidental poisoning by and exposure to narcotics and psychodysleptics [hallucinogens], not elsewhere classified",X42,Decedent's home,4.0,11.0,66223,216146,14.4,4.9,4.0,5.089152702340085,1.8506009826691217
"Lancaster County, PA",42071,Male,M,2024.0,"Accidental poisoning by and exposure to narcotics and psychodysleptics [hallucinogens], not elsewhere classified",X42,Decedent's home,4.0,14.0,86959,557931,8.2,3.4,6.0,2.5092708596582733,1.0754017969964027
"Lehigh County, PA",42077,Male,M,2024.0,"Accidental poisoning by and exposure to narcotics and psychodysleptics [hallucinogens], not elsewhere classified",X42,Decedent's home,4.0,12.0,80079,378792,11.6,5.9,1.0,3.1679655325350065,0.2639971277112505
"Lehigh County, PA",42077,Male,M,2024.0,"Accidental poisoning by and exposure to other and unspecified drugs, medicaments and biological substances",X44,Decedent's home,4.0,19.0,80079,378792,11.6,5.9,1.0,5.01594542651376,0.2639971277112505
"Luzerne County, PA",42079,Female,F,2024.0,"Accidental poisoning by and exposure to other and unspecified drugs, medicaments and biological substances",X44,Decedent's home,4.0,22.0,63691,327675,15.3,5.8,8.0,6.713969634546425,2.4414435034714272
"Luzerne County, PA",42079,Male,M,2024.0,"Accidental poisoning by and exposure to other and unspecified drugs, medicaments and biological substances",X44,Decedent's home,4.0,14.0,63691,327675,15.3,5.8,8.0,4.272526131074998,2.4414435034714272
"Monroe County, PA",42089,Male,M,2024.0,"Accidental poisoning by and exposure to other and unspecified drugs, medicaments and biological substances",X44,Decedent's home,4.0,12.0,83565,167515,10.7,6.9,3.0,7.16353759364833,1.7908843984120826
"Montgomery County, PA",42091,Male,M,2024.0,"Accidental poisoning by and exposure to antiepileptic, sedative-hypnotic, antiparkinsonism and psychotropic drugs, not elsewhere classified",X41,Decedent's home,4.0,10.0,113915,867573,6.5,4.5,14.0,1.1526407576077171,1.613697060650804
"Montgomery County, PA",42091,Male,M,2024.0,"Accidental poisoning by and exposure to other and unspecified drugs, medicaments and biological substances",X44,Decedent's home,4.0,27.0,113915,867573,6.5,4.5,14.0,3.1121300455408365,1.613697060650804
"Montgomery County, PA",42091,Male,M,2024.0,"Accidental poisoning by and exposure to other and unspecified drugs, medicaments and biological substances",X44,Other,7.0,17.0,113915,867573,6.5,4.5,14.0,1.959489287933119,1.613697060650804
"Northampton County, PA",42095,Male,M,2024.0,"Accidental poisoning by and exposure to other and unspecified drugs, medicaments and biological substances",X44,Decedent's home,4.0,10.0,89184,318580,8.8,4.6,5.0,3.1389289974260786,1.5694644987130393
"Philadelphia County, PA",42101,Female,F,2024.0,"Accidental poisoning by and exposure to narcotics and psychodysleptics [hallucinogens], not elsewhere classified",X42,Medical Facility - Inpatient,1.0,10.0,61953,1579706,21.4,8.1,38.0,0.6330291839114367,2.4055108988634593
"Philadelphia County, PA",42101,Female,F,2024.0,"Accidental poisoning by and exposure to narcotics and psychodysleptics [hallucinogens], not elsewhere classified",X42,Decedent's home,4.0,59.0,61953,1579706,21.4,8.1,38.0,3.7348721850774766,2.4055108988634593
"Philadelphia County, PA",42101,Female,F,2024.0,"Accidental poisoning by and exposure to narcotics and psychodysleptics [hallucinogens], not elsewhere classified",X42,Other,7.0,22.0,61953,1579706,21.4,8.1,38.0,1.3926642046051607,2.4055108988634593
"Philadelphia County, PA",42101,Female,F,2024.0,"Accidental poisoning by and exposure to other and unspecified drugs, medicaments and biological substances",X44,Medical Facility - Inpatient,1.0,17.0,61953,1579706,21.4,8.1,38.0,1.0761496126494423,2.4055108988634593
"Philadelphia County, PA",42101,Female,F,2024.0,"Accidental poisoning by and exposure to other and unspecified drugs, medicaments and biological substances",X44,Medical Facility - Outpatient or ER,2.0,13.0,61953,1579706,21.4,8.1,38.0,0.8229379390848677,2.4055108988634593
"Philadelphia County, PA",42101,Female,F,2024.0,"Accidental poisoning by and exposure to other and unspecified drugs, medicaments and biological substances",X44,Decedent's home,4.0,85.0,61953,1579706,21.4,8.1,38.0,5.3807480632472116,2.4055108988634593
"Philadelphia County, PA",42101,Female,F,2024.0,"Accidental poisoning by and exposure to other and unspecified drugs, medicaments and biological substances",X44,Other,7.0,36.0,61953,1579706,21.4,8.1,38.0,2.2789050620811717,2.4055108988634593
"Philadelphia County, PA",42101,Male,M,2024.0,"Accidental poisoning by and exposure to narcotics and psychodysleptics [hallucinogens], not elsewhere classified",X42,Medical Facility - Inpatient,1.0,47.0,61953,1579706,21.4,8.1,38.0,2.9752371643837523,2.4055108988634593
"Philadelphia County, PA",42101,Male,M,2024.0,"Accidental poisoning by and exposure to narcotics and psychodysleptics [hallucinogens], not elsewhere classified",X42,Medical Facility - Outpatient or ER,2.0,17.0,61953,1579706,21.4,8.1,38.0,1.0761496126494423,2.4055108988634593
"Philadelphia County, PA",42101,Male,M,2024.0,"Accidental poisoning by and exposure to narcotics and psychodysleptics [hallucinogens], not elsewhere classified",X42,Decedent's home,4.0,147.0,61953,1579706,21.4,8.1,38.0,9.305529003498119,2.4055108988634593
"Philadelphia County, PA",42101,Male,M,2024.0,"Accidental poisoning by and exposure to narcotics and psychodysleptics [hallucinogens], not elsewhere classified",X42,Other,7.0,52.0,61953,1579706,21.4,8.1,38.0,3.2917517563394707,2.4055108988634593
"Philadelphia County, PA",42101,Male,M,2024.0,"Accidental poisoning by and exposure to other and unspecified drugs, medicaments and biological substances",X44,Medical Facility - Inpatient,1.0,32.0,61953,1579706,21.4,8.1,38.0,2.0256933885165975,2.4055108988634593
"Philadelphia County, PA",42101,Male,M,2024.0,"Accidental poisoning by and exposure to other and unspecified drugs, medicaments and biological substances",X44,Medical Facility - Outpatient or ER,2.0,47.0,61953,1579706,21.4,8.1,38.0,2.9752371643837523,2.4055108988634593
"Philadelphia County, PA",42101,Male,M,2024.0,"Accidental poisoning by and exposure to other and unspecified drugs, medicaments and biological substances",X44,Medical Facility - Dead on Arrival,3.0,10.0,61953,1579706,21.4,8.1,38.0,0.6330291839114367,2.4055108988634593
"Philadelphia County, PA",42101,Male,M,2024.0,"Accidental poisoning by and exposure to other and unspecified drugs, medicaments and biological substances",X44,Decedent's home,4.0,184.0,61953,1579706,21.4,8.1,38.0,11.647736983970436,2.4055108988634593
"Philadelphia County, PA",42101,Male,M,2024.0,"Accidental poisoning by and exposure to other and unspecified drugs, medicaments and biological substances",X44,Other,7.0,94.0,61953,1579706,21.4,8.1,38.0,5.950474328767505,2.4055108988634593
"Schuylkill County, PA",42107,Male,M,2024.0,"Assault by drugs, medicaments and biological substances",X85,Decedent's home,4.0,10.0,68313,143558,12.8,5.6,2.0,6.965825659315398,1.3931651318630798
"Washington County, PA",42125,Male,M,2024.0,"Accidental poisoning by and exposure to narcotics and psychodysleptics [hallucinogens], not elsewhere classified",X42,Decedent's home,4.0,14.0,78958,210042,9.6,4.8,3.0,6.665333599946678,1.428285771417145
"Westmoreland County, PA",42129,Female,F,2024.0,"Accidental poisoning by and exposure to other and unspecified drugs, medicaments and biological substances",X44,Decedent's home,4.0,14.0,74109,352500,10.3,4.8,7.0,3.9716312056737593,1.9858156028368796
"Westmoreland County, PA",42129,Male,M,2024.0,"Accidental poisoning by and exposure to other and unspecified drugs, medicaments and biological substances",X44,Decedent's home,4.0,35.0,74109,352500,10.3,4.8,7.0,9.929078014184396,1.9858156028368796
"York County, PA",42133,Female,F,2024.0,"Accidental poisoning by and exposure to other and unspecified drugs, medicaments and biological substances",X44,Decedent's home,4.0,16.0,84829,462924,8.4,4.5,6.0,3.4562908814405824,1.2961090805402182
"York County, PA",42133,Male,M,2024.0,"Accidental poisoning by and exposure to narcotics and psychodysleptics [hallucinogens], not elsewhere classified",X42,Decedent's home,4.0,14.0,84829,462924,8.4,4.5,6.0,3.0242545212605094,1.2961090805402182
"York County, PA",42133,Male,M,2024.0,"Accidental poisoning by and exposure to other and unspecified drugs, medicaments and biological substances",X44,Decedent's home,4.0,19.0,84829,462924,8.4,4.5,6.0,4.104345421710692,1.2961090805402182
"York County, PA",42133,Male,M,2024.0,"Accidental poisoning by and exposure to other and unspecified drugs, medicaments and biological substances",X44,Other,7.0,13.0,84829,462924,8.4,4.5,6.0,2.8082363411704727,1.2961090805402182
"Providence County, RI",44007,Female,F,2024.0,"Accidental poisoning by and exposure to other and unspecified drugs, medicaments and biological substances",X44,Decedent's home,4.0,10.0,78787,664854,13.4,6.6,,1.5040896196758986,
"Providence County, RI",44007,Female,F,2024.0,"Accidental poisoning by and exposure to other and unspecified drugs, medicaments and biological substances",X44,Other,7.0,11.0,78787,664854,13.4,6.6,,1.6544985816434885,
"Providence County, RI",44007,Male,M,2024.0,"Accidental poisoning by and exposure to narcotics and psychodysleptics [hallucinogens], not elsewhere classified",X42,Medical Facility - Inpatient,1.0,23.0,78787,664854,13.4,6.6,,3.459406125254567,
"Providence County, RI",44007,Male,M,2024.0,"Accidental poisoning by and exposure to narcotics and psychodysleptics [hallucinogens], not elsewhere classified",X42,Decedent's home,4.0,20.0,78787,664854,13.4,6.6,,3.008179239351797,
"Providence County, RI",44007,Male,M,2024.0,"Accidental poisoning by and exposure to narcotics and psychodysleptics [hallucinogens], not elsewhere classified",X42,Other,7.0,25.0,78787,664854,13.4,6.6,,3.760224049189747,
"Providence County, RI",44007,Male,M,2024.0,"Accidental poisoning by and exposure to other and unspecified drugs, medicaments and biological substances",X44,Medical Facility - Inpatient,1.0,19.0,78787,664854,13.4,6.6,,2.8577702773842075,
"Providence County, RI",44007,Male,M,2024.0,"Accidental poisoning by and exposure to other and unspecified drugs, medicaments and biological substances",X44,Decedent's home,4.0,24.0,78787,664854,13.4,6.6,,3.609815087222157,
"Providence County, RI",44007,Male,M,2024.0,"Accidental poisoning by and exposure to other and unspecified drugs, medicaments and biological substances",X44,Other,7.0,23.0,78787,664854,13.4,6.6,,3.459406125254567,
"Aiken County, SC",45003,Male,M,2024.0,"Accidental poisoning by and exposure to other and unspecified drugs, medicaments and biological substances",X44,Decedent's home,4.0,12.0,70609,174160,14.3,6.1,3.0,6.890215893431328,1.722553973357832
"Anderson County, SC",45007,Male,M,2024.0,"Accidental poisoning by and exposure to other and unspecified drugs, medicaments and biological substances",X44,Decedent's home,4.0,11.0,66651,210478,14.6,5.3,,5.226199412765229,
"Charleston County, SC",45019,Male,M,2024.0,"Accidental poisoning by and exposure to narcotics and psychodysleptics [hallucinogens], not elsewhere classified",X42,Decedent's home,4.0,31.0,88494,420264,11.3,3.5,2.0,7.37631583956751,0.47589134448822645
"Charleston County, SC",45019,Male,M,2024.0,"Accidental poisoning by and exposure to narcotics and psychodysleptics [hallucinogens], not elsewhere classified",X42,Other,7.0,12.0,88494,420264,11.3,3.5,2.0,2.8553480669293587,0.47589134448822645
"Charleston County, SC",45019,Male,M,2024.0,"Accidental poisoning by and exposure to other and unspecified drugs, medicaments and biological substances",X44,Decedent's home,4.0,25.0,88494,420264,11.3,3.5,2.0,5.948641806102831,0.47589134448822645
"Charleston County, SC",45019,Male,M,2024.0,"Accidental poisoning by and exposure to other and unspecified drugs, medicaments and biological substances",X44,Other,7.0,13.0,88494,420264,11.3,3.5,2.0,3.093293739173472,0.47589134448822645
"Dorchester County, SC",45035,Male,M,2024.0,"Accidental poisoning by and exposure to other and unspecified drugs, medicaments and biological substances",X44,Other,7.0,10.0,78198,167201,11.4,4.9,,5.980825473531857,
"Greenville County, SC",45045,Female,F,2024.0,"Accidental poisoning by and exposure to other and unspecified drugs, medicaments and biological substances",X44,Decedent's home,4.0,14.0,76932,548166,10.8,4.4,2.0,2.5539708774349377,0.36485298249070536
"Greenville County, SC",45045,Male,M,2024.0,"Accidental poisoning by and exposure to narcotics and psychodysleptics [hallucinogens], not elsewhere classified",X42,Decedent's home,4.0,26.0,76932,548166,10.8,4.4,2.0,4.74308877237917,0.36485298249070536
"Greenville County, SC",45045,Male,M,2024.0,"Accidental poisoning by and exposure to narcotics and psychodysleptics [hallucinogens], not elsewhere classified",X42,Other,7.0,14.0,76932,548166,10.8,4.4,2.0,2.5539708774349377,0.36485298249070536
"Greenville County, SC",45045,Male,M,2024.0,"Accidental poisoning by and exposure to other and unspecified drugs, medicaments and biological substances",X44,Decedent's home,4.0,26.0,76932,548166,10.8,4.4,2.0,4.74308877237917,0.36485298249070536
"Greenville County, SC",45045,Male,M,2024.0,"Accidental poisoning by and exposure to other and unspecified drugs, medicaments and biological substances",X44,Other,7.0,10.0,76932,548166,10.8,4.4,2.0,1.8242649124535268,0.36485298249070536
"Horry County, SC",45051,Female,F,2024.0,"Accidental poisoning by and exposure to other and unspecified drugs, medicaments and biological substances",X44,Decedent's home,4.0,16.0,66880,383016,13.2,4.9,3.0,4.177371180316227,0.7832570963092925
"Horry County, SC",45051,Female,F,2024.0,"Accidental poisoning by and exposure to other and unspecified drugs, medicaments and biological substances",X44,Other,7.0,11.0,66880,383016,13.2,4.9,3.0,2.8719426864674062,0.7832570963092925
"Horry County, SC",45051,Male,M,2024.0,"Accidental poisoning by and exposure to narcotics and psychodysleptics [hallucinogens], not elsewhere classified",X42,Decedent's home,4.0,17.0,66880,383016,13.2,4.9,3.0,4.438456879085991,0.7832570963092925
"Horry County, SC",45051,Male,M,2024.0,"Accidental poisoning by and exposure to narcotics and psychodysleptics [hallucinogens], not elsewhere classified",X42,Other,7.0,15.0,66880,383016,13.2,4.9,3.0,3.916285481546463,0.7832570963092925
"Horry County, SC",45051,Male,M,2024.0,"Accidental poisoning by and exposure to other and unspecified drugs, medicaments and biological substances",X44,Decedent's home,4.0,23.0,66880,383016,13.2,4.9,3.0,6.004971071704576,0.7832570963092925
"Horry County, SC",45051,Male,M,2024.0,"Accidental poisoning by and exposure to other and unspecified drugs, medicaments and biological substances",X44,Other,7.0,14.0,66880,383016,13.2,4.9,3.0,3.655199782776698,0.7832570963092925
"Lexington County, SC",45063,Female,F,2024.0,"Accidental poisoning by and exposure to other and unspecified drugs, medicaments and biological substances",X44,Decedent's home,4.0,15.0,77408,304887,11.1,4.5,,4.919855553040963,
"Lexington County, SC",45063,Male,M,2024.0,"Accidental poisoning by and exposure to other and unspecified drugs, medicaments and biological substances",X44,Other,7.0,13.0,77408,304887,11.1,4.5,,4.263874812635501,
"Pickens County, SC",45077,Male,M,2024.0,"Accidental poisoning by and exposure to other and unspecified drugs, medicaments and biological substances",X44,Decedent's home,4.0,11.0,61064,134629,17.2,3.6,1.0,8.170602173380178,0.7427820157618343
"Richland County, SC",45079,Male,M,2024.0,"Accidental poisoning by and exposure to other and unspecified drugs, medicaments and biological substances",X44,Decedent's home,4.0,14.0,63784,422117,17.2,6.4,2.0,3.3166160093054766,0.4738022870436396
"Spartanburg County, SC",45083,Female,F,2024.0,"Accidental poisoning by and exposure to other and unspecified drugs, medicaments and biological substances",X44,Other,7.0,14.0,66234,347852,14.5,4.3,2.0,4.024700159838092,0.5749571656911561
"Spartanburg County, SC",45083,Male,M,2024.0,"Accidental poisoning by and exposure to other and unspecified drugs, medicaments and biological substances",X44,Decedent's home,4.0,15.0,66234,347852,14.5,4.3,2.0,4.31217874268367,0.5749571656911561
"York County, SC",45091,Female,F,2024.0,"Accidental poisoning by and exposure to other and unspecified drugs, medicaments and biological substances",X44,Decedent's home,4.0,11.0,89095,293673,8.4,4.1,,3.745662692859064,
"York County, SC",45091,Male,M,2024.0,"Accidental poisoning by and exposure to narcotics and psychodysleptics [hallucinogens], not elsewhere classified",X42,Decedent's home,4.0,11.0,89095,293673,8.4,4.1,,3.745662692859064,
"York County, SC",45091,Male,M,2024.0,"Accidental poisoning by and exposure to other and unspecified drugs, medicaments and biological substances",X44,Decedent's home,4.0,14.0,89095,293673,8.4,4.1,,4.767207063638809,
"York County, SC",45091,Male,M,2024.0,"Accidental poisoning by and exposure to other and unspecified drugs, medicaments and biological substances",X44,Other,7.0,13.0,89095,293673,8.4,4.1,,4.426692273378894,
"Campbell County, TN",47013,Male,M,2024.0,"Accidental poisoning by and exposure to narcotics and psychodysleptics [hallucinogens], not elsewhere classified",X42,Decedent's home,4.0,10.0,51557,39761,18.5,5.0,4.0,25.15027288046075,10.060109152184301
"Davidson County, TN",47037,Female,F,2024.0,"Accidental poisoning by and exposure to narcotics and psychodysleptics [hallucinogens], not elsewhere classified",X42,Decedent's home,4.0,32.0,77853,715388,13.9,4.5,17.0,4.473097116529771,2.376332843156441
"Davidson County, TN",47037,Female,F,2024.0,"Accidental poisoning by and exposure to other and unspecified drugs, medicaments and biological substances",X44,Decedent's home,4.0,27.0,77853,715388,13.9,4.5,17.0,3.7741756920719944,2.376332843156441
"Davidson County, TN",47037,Male,M,2024.0,"Accidental poisoning by and exposure to narcotics and psychodysleptics [hallucinogens], not elsewhere classified",X42,Medical Facility - Inpatient,1.0,17.0,77853,715388,13.9,4.5,17.0,2.376332843156441,2.376332843156441
"Davidson County, TN",47037,Male,M,2024.0,"Accidental poisoning by and exposure to narcotics and psychodysleptics [hallucinogens], not elsewhere classified",X42,Medical Facility - Outpatient or ER,2.0,31.0,77853,715388,13.9,4.5,17.0,4.3333128316382155,2.376332843156441
"Davidson County, TN",47037,Male,M,2024.0,"Accidental poisoning by and exposure to narcotics and psychodysleptics [hallucinogens], not elsewhere classified",X42,Decedent's home,4.0,58.0,77853,715388,13.9,4.5,17.0,8.107488523710211,2.376332843156441
"Davidson County, TN",47037,Male,M,2024.0,"Accidental poisoning by and exposure to narcotics and psychodysleptics [hallucinogens], not elsewhere classified",X42,Other,7.0,40.0,77853,715388,13.9,4.5,17.0,5.591371395662214,2.376332843156441
"Davidson County, TN",47037,Male,M,2024.0,"Accidental poisoning by and exposure to other and unspecified drugs, medicaments and biological substances",X44,Medical Facility - Outpatient or ER,2.0,15.0,77853,715388,13.9,4.5,17.0,2.09676427337333,2.376332843156441
"Davidson County, TN",47037,Male,M,2024.0,"Accidental poisoning by and exposure to other and unspecified drugs, medicaments and biological substances",X44,Decedent's home,4.0,36.0,77853,715388,13.9,4.5,17.0,5.032234256095993,2.376332843156441
"Davidson County, TN",47037,Male,M,2024.0,"Accidental poisoning by and exposure to other and unspecified drugs, medicaments and biological substances",X44,Other,7.0,42.0,77853,715388,13.9,4.5,17.0,5.8709399654453245,2.376332843156441
"Greene County, TN",47059,Male,M,2024.0,"Accidental poisoning by and exposure to other and unspecified drugs, medicaments and biological substances",X44,Decedent's home,4.0,10.0,56194,71628,15.4,5.7,2.0,13.961020829843077,2.7922041659686156
"Hamilton County, TN",47065,Female,F,2024.0,"Accidental poisoning by and exposure to other and unspecified drugs, medicaments and biological substances",X44,Decedent's home,4.0,10.0,76183,376192,13.1,4.4,14.0,2.658217080639673,3.721503912895543
"Hamilton County, TN",47065,Male,M,2024.0,"Accidental poisoning by and exposure to antiepileptic, sedative-hypnotic, antiparkinsonism and psychotropic drugs, not elsewhere classified",X41,Decedent's home,4.0,10.0,76183,376192,13.1,4.4,14.0,2.658217080639673,3.721503912895543
"Hamilton County, TN",47065,Male,M,2024.0,"Accidental poisoning by and exposure to narcotics and psychodysleptics [hallucinogens], not elsewhere classified",X42,Decedent's home,4.0,18.0,76183,376192,13.1,4.4,14.0,4.784790745151413,3.721503912895543
"Hamilton County, TN",47065,Male,M,2024.0,"Accidental poisoning by and exposure to other and unspecified drugs, medicaments and biological substances",X44,Decedent's home,4.0,12.0,76183,376192,13.1,4.4,14.0,3.189860496767608,3.721503912895543
"Hamilton County, TN",47065,Male,M,2024.0,"Accidental poisoning by and exposure to other and unspecified drugs, medicaments and biological substances",X44,Other,7.0,11.0,76183,376192,13.1,4.4,14.0,2.9240387887036405,3.721503912895543
"Knox County, TN",47093,Female,F,2024.0,"Accidental poisoning by and exposure to narcotics and psychodysleptics [hallucinogens], not elsewhere classified",X42,Decedent's home,4.0,22.0,74222,494148,12.2,3.5,17.0,4.452107465779483,3.44026485992051
"Knox County, TN",47093,Female,F,2024.0,"Accidental poisoning by and exposure to other and unspecified drugs, medicaments and biological substances",X44,Decedent's home,4.0,24.0,74222,494148,12.2,3.5,17.0,4.856844508123073,3.44026485992051
"Knox County, TN",47093,Female,F,2024.0,"Accidental poisoning by and exposure to other and unspecified drugs, medicaments and biological substances",X44,Other,7.0,15.0,74222,494148,12.2,3.5,17.0,3.0355278175769205,3.44026485992051
"Knox County, TN",47093,Male,M,2024.0,"Accidental poisoning by and exposure to antiepileptic, sedative-hypnotic, antiparkinsonism and psychotropic drugs, not elsewhere classified",X41,Decedent's home,4.0,14.0,74222,494148,12.2,3.5,17.0,2.8331592964051255,3.44026485992051
"Knox County, TN",47093,Male,M,2024.0,"Accidental poisoning by and exposure to narcotics and psychodysleptics [hallucinogens], not elsewhere classified",X42,Decedent's home,4.0,24.0,74222,494148,12.2,3.5,17.0,4.856844508123073,3.44026485992051
"Knox County, TN",47093,Male,M,2024.0,"Accidental poisoning by and exposure to narcotics and psychodysleptics [hallucinogens], not elsewhere classified",X42,Other,7.0,15.0,74222,494148,12.2,3.5,17.0,3.0355278175769205,3.44026485992051
"Knox County, TN",47093,Male,M,2024.0,"Accidental poisoning by and exposure to other and unspecified drugs, medicaments and biological substances",X44,Medical Facility - Inpatient,1.0,14.0,74222,494148,12.2,3.5,17.0,2.8331592964051255,3.44026485992051
"Knox County, TN",47093,Male,M,2024.0,"Accidental poisoning by and exposure to other and unspecified drugs, medicaments and biological substances",X44,Decedent's home,4.0,51.0,74222,494148,12.2,3.5,17.0,10.320794579761529,3.44026485992051
"Knox County, TN",47093,Male,M,2024.0,"Accidental poisoning by and exposure to other and unspecified drugs, medicaments and biological substances",X44,Other,7.0,33.0,74222,494148,12.2,3.5,17.0,6.678161198669225,3.44026485992051
"Roane County, TN",47145,Female,F,2024.0,"Accidental poisoning by and exposure to other and unspecified drugs, medicaments and biological substances",X44,Decedent's home,4.0,10.0,71885,55208,12.0,4.9,2.0,18.11331691059267,3.622663382118534
"Roane County, TN",47145,Male,M,2024.0,"Accidental poisoning by and exposure to narcotics and psychodysleptics [hallucinogens], not elsewhere classified",X42,Decedent's home,4.0,10.0,71885,55208,12.0,4.9,2.0,18.11331691059267,3.622663382118534
"Rutherford County, TN",47149,Male,M,2024.0,"Accidental poisoning by and exposure to narcotics and psychodysleptics [hallucinogens], not elsewhere classified",X42,Decedent's home,4.0,18.0,85470,360646,9.3,3.6,7.0,4.991043849093017,1.9409614968695064
"Rutherford County, TN",47149,Male,M,2024.0,"Accidental poisoning by and exposure to other and unspecified drugs, medicaments and biological substances",X44,Decedent's home,4.0,11.0,85470,360646,9.3,3.6,7.0,3.05008235222351,1.9409614968695064
"Shelby County, TN",47157,Female,F,2024.0,"Accidental poisoning by and exposure to narcotics and psychodysleptics [hallucinogens], not elsewhere classified",X42,Decedent's home,4.0,18.0,63767,919173,17.8,7.2,22.0,1.9582820644209522,2.393455856514497
"Shelby County, TN",47157,Female,F,2024.0,"Accidental poisoning by and exposure to narcotics and psychodysleptics [hallucinogens], not elsewhere classified",X42,Other,7.0,13.0,63767,919173,17.8,7.2,22.0,1.4143148243040211,2.393455856514497
"Shelby County, TN",47157,Female,F,2024.0,"Accidental poisoning by and exposure to other and unspecified drugs, medicaments and biological substances",X44,Medical Facility - Outpatient or ER,2.0,11.0,63767,919173,17.8,7.2,22.0,1.1967279282572485,2.393455856514497
"Shelby County, TN",47157,Female,F,2024.0,"Accidental poisoning by and exposure to other and unspecified drugs, medicaments and biological substances",X44,Decedent's home,4.0,22.0,63767,919173,17.8,7.2,22.0,2.393455856514497,2.393455856514497
"Shelby County, TN",47157,Female,F,2024.0,"Accidental poisoning by and exposure to other and unspecified drugs, medicaments and biological substances",X44,Other,7.0,18.0,63767,919173,17.8,7.2,22.0,1.9582820644209522,2.393455856514497
"Shelby County, TN",47157,Male,M,2024.0,"Accidental poisoning by and exposure to narcotics and psychodysleptics [hallucinogens], not elsewhere classified",X42,Medical Facility - Outpatient or ER,2.0,23.0,63767,919173,17.8,7.2,22.0,2.5022493045378837,2.393455856514497
"Shelby County, TN",47157,Male,M,2024.0,"Accidental poisoning by and exposure to narcotics and psychodysleptics [hallucinogens], not elsewhere classified",X42,Decedent's home,4.0,62.0,63767,919173,17.8,7.2,22.0,6.745193777449947,2.393455856514497
"Shelby County, TN",47157,Male,M,2024.0,"Accidental poisoning by and exposure to narcotics and psychodysleptics [hallucinogens], not elsewhere classified",X42,Other,7.0,33.0,63767,919173,17.8,7.2,22.0,3.5901837847717464,2.393455856514497
"Shelby County, TN",47157,Male,M,2024.0,"Accidental poisoning by and exposure to other and unspecified drugs, medicaments and biological substances",X44,Medical Facility - Inpatient,1.0,11.0,63767,919173,17.8,7.2,22.0,1.1967279282572485,2.393455856514497
"Shelby County, TN",47157,Male,M,2024.0,"Accidental poisoning by and exposure to other and unspecified drugs, medicaments and biological substances",X44,Decedent's home,4.0,40.0,63767,919173,17.8,7.2,22.0,4.35173792093545,2.393455856514497
"Shelby County, TN",47157,Male,M,2024.0,"Accidental poisoning by and exposure to other and unspecified drugs, medicaments and biological substances",X44,Other,7.0,34.0,63767,919173,17.8,7.2,22.0,3.6989772327951322,2.393455856514497
"Sullivan County, TN",47163,Male,M,2024.0,"Accidental poisoning by and exposure to other and unspecified drugs, medicaments and biological substances",X44,Decedent's home,4.0,11.0,58807,160624,15.4,5.4,6.0,6.8482916625161865,3.73543181591792
"Bexar County, TX",48029,Female,F,2024.0,"Accidental poisoning by and exposure to antiepileptic, sedative-hypnotic, antiparkinsonism and psychotropic drugs, not elsewhere classified",X41,Decedent's home,4.0,13.0,72341,2067341,14.6,5.8,13.0,0.628827077874429,0.628827077874429
"Bexar County, TX",48029,Female,F,2024.0,"Accidental poisoning by and exposure to antiepileptic, sedative-hypnotic, antiparkinsonism and psychotropic drugs, not elsewhere classified",X41,Other,7.0,12.0,72341,2067341,14.6,5.8,13.0,0.5804557641917806,0.628827077874429
"Bexar County, TX",48029,Female,F,2024.0,"Accidental poisoning by and exposure to narcotics and psychodysleptics [hallucinogens], not elsewhere classified",X42,Decedent's home,4.0,18.0,72341,2067341,14.6,5.8,13.0,0.870683646287671,0.628827077874429
"Bexar County, TX",48029,Female,F,2024.0,"Accidental poisoning by and exposure to other and unspecified drugs, medicaments and biological substances",X44,Decedent's home,4.0,23.0,72341,2067341,14.6,5.8,13.0,1.112540214700913,0.628827077874429
"Bexar County, TX",48029,Female,F,2024.0,"Accidental poisoning by and exposure to other and unspecified drugs, medicaments and biological substances",X44,Other,7.0,19.0,72341,2067341,14.6,5.8,13.0,0.9190549599703195,0.628827077874429
"Bexar County, TX",48029,Male,M,2024.0,"Accidental poisoning by and exposure to antiepileptic, sedative-hypnotic, antiparkinsonism and psychotropic drugs, not elsewhere classified",X41,Medical Facility - Outpatient or ER,2.0,11.0,72341,2067341,14.6,5.8,13.0,0.5320844505091322,0.628827077874429
"Bexar County, TX",48029,Male,M,2024.0,"Accidental poisoning by and exposure to antiepileptic, sedative-hypnotic, antiparkinsonism and psychotropic drugs, not elsewhere classified",X41,Decedent's home,4.0,45.0,72341,2067341,14.6,5.8,13.0,2.1767091157191776,0.628827077874429
"Bexar County, TX",48029,Male,M,2024.0,"Accidental poisoning by and exposure to antiepileptic, sedative-hypnotic, antiparkinsonism and psychotropic drugs, not elsewhere classified",X41,Other,7.0,31.0,72341,2067341,14.6,5.8,13.0,1.4995107241621,0.628827077874429
"Bexar County, TX",48029,Male,M,2024.0,"Accidental poisoning by and exposure to narcotics and psychodysleptics [hallucinogens], not elsewhere classified",X42,Decedent's home,4.0,45.0,72341,2067341,14.6,5.8,13.0,2.1767091157191776,0.628827077874429
"Bexar County, TX",48029,Male,M,2024.0,"Accidental poisoning by and exposure to narcotics and psychodysleptics [hallucinogens], not elsewhere classified",X42,Other,7.0,28.0,72341,2067341,14.6,5.8,13.0,1.3543967831141548,0.628827077874429
"Bexar County, TX",48029,Male,M,2024.0,"Accidental poisoning by and exposure to other and unspecified drugs, medicaments and biological substances",X44,Medical Facility - Inpatient,1.0,10.0,72341,2067341,14.6,5.8,13.0,0.48371313682648387,0.628827077874429
"Bexar County, TX",48029,Male,M,2024.0,"Accidental poisoning by and exposure to other and unspecified drugs, medicaments and biological substances",X44,Decedent's home,4.0,42.0,72341,2067341,14.6,5.8,13.0,2.0315951746712324,0.628827077874429
"Bexar County, TX",48029,Male,M,2024.0,"Accidental poisoning by and exposure to other and unspecified drugs, medicaments and biological substances",X44,Other,7.0,42.0,72341,2067341,14.6,5.8,13.0,2.0315951746712324,0.628827077874429
"Brazoria County, TX",48039,Male,M,2024.0,"Accidental poisoning by and exposure to narcotics and psychodysleptics [hallucinogens], not elsewhere classified",X42,Decedent's home,4.0,11.0,97993,391255,7.4,4.7,7.0,2.8114656681703747,1.7891145161084205
"Collin County, TX",48085,Female,F,2024.0,"Accidental poisoning by and exposure to other and unspecified drugs, medicaments and biological substances",X44,Decedent's home,4.0,11.0,121600,1163337,6.2,4.2,10.0,0.9455557589933098,0.8595961445393726
"Collin County, TX",48085,Male,M,2024.0,"Accidental poisoning by and exposure to narcotics and psychodysleptics [hallucinogens], not elsewhere classified",X42,Decedent's home,4.0,14.0,121600,1163337,6.2,4.2,10.0,1.2034346023551217,0.8595961445393726
"Collin County, TX",48085,Male,M,2024.0,"Accidental poisoning by and exposure to other and unspecified drugs, medicaments and biological substances",X44,Other,7.0,10.0,121600,1163337,6.2,4.2,10.0,0.8595961445393726,0.8595961445393726
"Dallas County, TX",48113,Female,F,2024.0,"Accidental poisoning by and exposure to narcotics and psychodysleptics [hallucinogens], not elsewhere classified",X42,Medical Facility - Outpatient or ER,2.0,10.0,76547,2621179,13.9,5.0,24.0,0.3815077108430977,0.9156185060234345
"Dallas County, TX",48113,Female,F,2024.0,"Accidental poisoning by and exposure to narcotics and psychodysleptics [hallucinogens], not elsewhere classified",X42,Decedent's home,4.0,16.0,76547,2621179,13.9,5.0,24.0,0.6104123373489564,0.9156185060234345
"Dallas County, TX",48113,Female,F,2024.0,"Accidental poisoning by and exposure to narcotics and psychodysleptics [hallucinogens], not elsewhere classified",X42,Other,7.0,13.0,76547,2621179,13.9,5.0,24.0,0.495960024096027,0.9156185060234345
"Dallas County, TX",48113,Female,F,2024.0,"Accidental poisoning by and exposure to other and unspecified drugs, medicaments and biological substances",X44,Decedent's home,4.0,27.0,76547,2621179,13.9,5.0,24.0,1.0300708192763637,0.9156185060234345
"Dallas County, TX",48113,Female,F,2024.0,"Accidental poisoning by and exposure to other and unspecified drugs, medicaments and biological substances",X44,Other,7.0,23.0,76547,2621179,13.9,5.0,24.0,0.8774677349391248,0.9156185060234345
"Dallas County, TX",48113,Male,M,2024.0,"Accidental poisoning by and exposure to antiepileptic, sedative-hypnotic, antiparkinsonism and psychotropic drugs, not elsewhere classified",X41,Medical Facility - Outpatient or ER,2.0,16.0,76547,2621179,13.9,5.0,24.0,0.6104123373489564,0.9156185060234345
"Dallas County, TX",48113,Male,M,2024.0,"Accidental poisoning by and exposure to antiepileptic, sedative-hypnotic, antiparkinsonism and psychotropic drugs, not elsewhere classified",X41,Decedent's home,4.0,32.0,76547,2621179,13.9,5.0,24.0,1.2208246746979128,0.9156185060234345
"Dallas County, TX",48113,Male,M,2024.0,"Accidental poisoning by and exposure to antiepileptic, sedative-hypnotic, antiparkinsonism and psychotropic drugs, not elsewhere classified",X41,Other,7.0,21.0,76547,2621179,13.9,5.0,24.0,0.8011661927705052,0.9156185060234345
"Dallas County, TX",48113,Male,M,2024.0,"Accidental poisoning by and exposure to narcotics and psychodysleptics [hallucinogens], not elsewhere classified",X42,Medical Facility - Inpatient,1.0,17.0,76547,2621179,13.9,5.0,24.0,0.6485631084332661,0.9156185060234345
"Dallas County, TX",48113,Male,M,2024.0,"Accidental poisoning by and exposure to narcotics and psychodysleptics [hallucinogens], not elsewhere classified",X42,Medical Facility - Outpatient or ER,2.0,26.0,76547,2621179,13.9,5.0,24.0,0.991920048192054,0.9156185060234345
"Dallas County, TX",48113,Male,M,2024.0,"Accidental poisoning by and exposure to narcotics and psychodysleptics [hallucinogens], not elsewhere classified",X42,Decedent's home,4.0,72.0,76547,2621179,13.9,5.0,24.0,2.7468555180703036,0.9156185060234345
"Dallas County, TX",48113,Male,M,2024.0,"Accidental poisoning by and exposure to narcotics and psychodysleptics [hallucinogens], not elsewhere classified",X42,Other,7.0,50.0,76547,2621179,13.9,5.0,24.0,1.9075385542154886,0.9156185060234345
"Dallas County, TX",48113,Male,M,2024.0,"Accidental poisoning by and exposure to other and unspecified drugs, medicaments and biological substances",X44,Medical Facility - Inpatient,1.0,15.0,76547,2621179,13.9,5.0,24.0,0.5722615662646465,0.9156185060234345
"Dallas County, TX",48113,Male,M,2024.0,"Accidental poisoning by and exposure to other and unspecified drugs, medicaments and biological substances",X44,Medical Facility - Outpatient or ER,2.0,15.0,76547,2621179,13.9,5.0,24.0,0.5722615662646465,0.9156185060234345
"Dallas County, TX",48113,Male,M,2024.0,"Accidental poisoning by and exposure to other and unspecified drugs, medicaments and biological substances",X44,Decedent's home,4.0,69.0,76547,2621179,13.9,5.0,24.0,2.632403204817374,0.9156185060234345
"Dallas County, TX",48113,Male,M,2024.0,"Accidental poisoning by and exposure to other and unspecified drugs, medicaments and biological substances",X44,Other,7.0,53.0,76547,2621179,13.9,5.0,24.0,2.021990867468418,0.9156185060234345
"Denton County, TX",48121,Male,M,2024.0,"Accidental poisoning by and exposure to other and unspecified drugs, medicaments and biological substances",X44,Decedent's home,4.0,12.0,111498,979561,7.1,4.0,12.0,1.2250385631931038,1.2250385631931038
"El Paso County, TX",48141,Male,M,2024.0,"Accidental poisoning by and exposure to narcotics and psychodysleptics [hallucinogens], not elsewhere classified",X42,Medical Facility - Inpatient,1.0,14.0,59806,870779,18.7,6.0,19.0,1.6077558140469626,2.1819543190637347
"El Paso County, TX",48141,Male,M,2024.0,"Accidental poisoning by and exposure to narcotics and psychodysleptics [hallucinogens], not elsewhere classified",X42,Decedent's home,4.0,16.0,59806,870779,18.7,6.0,19.0,1.8374352160536715,2.1819543190637347
"El Paso County, TX",48141,Male,M,2024.0,"Accidental poisoning by and exposure to narcotics and psychodysleptics [hallucinogens], not elsewhere classified",X42,Other,7.0,10.0,59806,870779,18.7,6.0,19.0,1.1483970100335448,2.1819543190637347
"El Paso County, TX",48141,Male,M,2024.0,"Accidental poisoning by and exposure to other and unspecified drugs, medicaments and biological substances",X44,Decedent's home,4.0,13.0,59806,870779,18.7,6.0,19.0,1.492916113043608,2.1819543190637347
"El Paso County, TX",48141,Male,M,2024.0,"Accidental poisoning by and exposure to other and unspecified drugs, medicaments and biological substances",X44,Other,7.0,10.0,59806,870779,18.7,6.0,19.0,1.1483970100335448,2.1819543190637347
"Fort Bend County, TX",48157,Male,M,2024.0,"Accidental poisoning by and exposure to other and unspecified drugs, medicaments and biological substances",X44,Decedent's home,4.0,14.0,114041,893767,7.6,5.1,7.0,1.5664037719002828,0.7832018859501414
"Galveston County, TX",48167,Male,M,2024.0,"Accidental poisoning by and exposure to other and unspecified drugs, medicaments and biological substances",X44,Decedent's home,4.0,13.0,86105,358990,11.7,5.7,6.0,3.6212707874871164,1.6713557480709769
"Harris County, TX",48201,Female,F,2024.0,"Accidental poisoning by and exposure to narcotics and psychodysleptics [hallucinogens], not elsewhere classified",X42,Medical Facility - Inpatient,1.0,11.0,74983,4838303,16.3,6.7,42.0,0.22735244154820397,0.868072958638597
"Harris County, TX",48201,Female,F,2024.0,"Accidental poisoning by and exposure to narcotics and psychodysleptics [hallucinogens], not elsewhere classified",X42,Medical Facility - Outpatient or ER,2.0,10.0,74983,4838303,16.3,6.7,42.0,0.20668403777109454,0.868072958638597
"Harris County, TX",48201,Female,F,2024.0,"Accidental poisoning by and exposure to narcotics and psychodysleptics [hallucinogens], not elsewhere classified",X42,Decedent's home,4.0,36.0,74983,4838303,16.3,6.7,42.0,0.7440625359759403,0.868072958638597
"Harris County, TX",48201,Female,F,2024.0,"Accidental poisoning by and exposure to narcotics and psychodysleptics [hallucinogens], not elsewhere classified",X42,Other,7.0,24.0,74983,4838303,16.3,6.7,42.0,0.4960416906506269,0.868072958638597
"Harris County, TX",48201,Female,F,2024.0,"Accidental poisoning by and exposure to other and unspecified drugs, medicaments and biological substances",X44,Medical Facility - Inpatient,1.0,18.0,74983,4838303,16.3,6.7,42.0,0.37203126798797015,0.868072958638597
"Harris County, TX",48201,Female,F,2024.0,"Accidental poisoning by and exposure to other and unspecified drugs, medicaments and biological substances",X44,Medical Facility - Outpatient or ER,2.0,14.0,74983,4838303,16.3,6.7,42.0,0.28935765287953236,0.868072958638597
"Harris County, TX",48201,Female,F,2024.0,"Accidental poisoning by and exposure to other and unspecified drugs, medicaments and biological substances",X44,Decedent's home,4.0,65.0,74983,4838303,16.3,6.7,42.0,1.3434462455121143,0.868072958638597
"Harris County, TX",48201,Female,F,2024.0,"Accidental poisoning by and exposure to other and unspecified drugs, medicaments and biological substances",X44,Other,7.0,42.0,74983,4838303,16.3,6.7,42.0,0.868072958638597,0.868072958638597
"Harris County, TX",48201,Female,F,2024.0,"Intentional self-poisoning by and exposure to other and unspecified drugs, medicaments and biological substances",X64,Decedent's home,4.0,11.0,74983,4838303,16.3,6.7,42.0,0.22735244154820397,0.868072958638597
"Harris County, TX",48201,Male,M,2024.0,"Accidental poisoning by and exposure to antiepileptic, sedative-hypnotic, antiparkinsonism and psychotropic drugs, not elsewhere classified",X41,Medical Facility - Inpatient,1.0,12.0,74983,4838303,16.3,6.7,42.0,0.24802084532531346,0.868072958638597
"Harris County, TX",48201,Male,M,2024.0,"Accidental poisoning by and exposure to antiepileptic, sedative-hypnotic, antiparkinsonism and psychotropic drugs, not elsewhere classified",X41,Medical Facility - Outpatient or ER,2.0,15.0,74983,4838303,16.3,6.7,42.0,0.31002605665664185,0.868072958638597
"Harris County, TX",48201,Male,M,2024.0,"Accidental poisoning by and exposure to antiepileptic, sedative-hypnotic, antiparkinsonism and psychotropic drugs, not elsewhere classified",X41,Decedent's home,4.0,35.0,74983,4838303,16.3,6.7,42.0,0.7233941321988309,0.868072958638597
"Harris County, TX",48201,Male,M,2024.0,"Accidental poisoning by and exposure to antiepileptic, sedative-hypnotic, antiparkinsonism and psychotropic drugs, not elsewhere classified",X41,Other,7.0,32.0,74983,4838303,16.3,6.7,42.0,0.6613889208675026,0.868072958638597
"Harris County, TX",48201,Male,M,2024.0,"Accidental poisoning by and exposure to narcotics and psychodysleptics [hallucinogens], not elsewhere classified",X42,Medical Facility - Inpatient,1.0,23.0,74983,4838303,16.3,6.7,42.0,0.4753732868735174,0.868072958638597
"Harris County, TX",48201,Male,M,2024.0,"Accidental poisoning by and exposure to narcotics and psychodysleptics [hallucinogens], not elsewhere classified",X42,Medical Facility - Outpatient or ER,2.0,60.0,74983,4838303,16.3,6.7,42.0,1.2401042266265674,0.868072958638597
"Harris County, TX",48201,Male,M,2024.0,"Accidental poisoning by and exposure to narcotics and psychodysleptics [hallucinogens], not elsewhere classified",X42,Decedent's home,4.0,129.0,74983,4838303,16.3,6.7,42.0,2.6662240872471195,0.868072958638597
"Harris County, TX",48201,Male,M,2024.0,"Accidental poisoning by and exposure to narcotics and psychodysleptics [hallucinogens], not elsewhere classified",X42,Other,7.0,85.0,74983,4838303,16.3,6.7,42.0,1.7568143210543035,0.868072958638597
"Harris County, TX",48201,Male,M,2024.0,"Accidental poisoning by and exposure to other and unspecified drugs, medicaments and biological substances",X44,Medical Facility - Inpatient,1.0,25.0,74983,4838303,16.3,6.7,42.0,0.5167100944277364,0.868072958638597
"Harris County, TX",48201,Male,M,2024.0,"Accidental poisoning by and exposure to other and unspecified drugs, medicaments and biological substances",X44,Medical Facility - Outpatient or ER,2.0,32.0,74983,4838303,16.3,6.7,42.0,0.6613889208675026,0.868072958638597
"Harris County, TX",48201,Male,M,2024.0,"Accidental poisoning by and exposure to other and unspecified drugs, medicaments and biological substances",X44,Decedent's home,4.0,106.0,74983,4838303,16.3,6.7,42.0,2.190850800373602,0.868072958638597
"Harris County, TX",48201,Male,M,2024.0,"Accidental poisoning by and exposure to other and unspecified drugs, medicaments and biological substances",X44,Other,7.0,58.0,74983,4838303,16.3,6.7,42.0,1.1987674190723483,0.868072958638597
"Jefferson County, TX",48245,Male,M,2024.0,"Accidental poisoning by and exposure to narcotics and psychodysleptics [hallucinogens], not elsewhere classified",X42,Decedent's home,4.0,10.0,60026,253878,19.5,6.3,4.0,3.938899786511632,1.5755599146046524
"Montgomery County, TX",48339,Female,F,2024.0,"Accidental poisoning by and exposure to other and unspecified drugs, medicaments and biological substances",X44,Decedent's home,4.0,13.0,97701,684432,9.4,4.6,5.0,1.8993851836267153,0.730532762933352
"Montgomery County, TX",48339,Male,M,2024.0,"Accidental poisoning by and exposure to antiepileptic, sedative-hypnotic, antiparkinsonism and psychotropic drugs, not elsewhere classified",X41,Decedent's home,4.0,10.0,97701,684432,9.4,4.6,5.0,1.461065525866704,0.730532762933352
"Montgomery County, TX",48339,Male,M,2024.0,"Accidental poisoning by and exposure to narcotics and psychodysleptics [hallucinogens], not elsewhere classified",X42,Decedent's home,4.0,15.0,97701,684432,9.4,4.6,5.0,2.1915982888000562,0.730532762933352
"Montgomery County, TX",48339,Male,M,2024.0,"Accidental poisoning by and exposure to other and unspecified drugs, medicaments and biological substances",X44,Decedent's home,4.0,18.0,97701,684432,9.4,4.6,5.0,2.629917946560067,0.730532762933352
"Nueces County, TX",48355,Male,M,2024.0,"Accidental poisoning by and exposure to antiepileptic, sedative-hypnotic, antiparkinsonism and psychotropic drugs, not elsewhere classified",X41,Decedent's home,4.0,11.0,66897,352955,17.4,5.2,8.0,3.1165446020030885,2.2665778923658824
"Nueces County, TX",48355,Male,M,2024.0,"Accidental poisoning by and exposure to narcotics and psychodysleptics [hallucinogens], not elsewhere classified",X42,Decedent's home,4.0,12.0,66897,352955,17.4,5.2,8.0,3.3998668385488235,2.2665778923658824
"Tarrant County, TX",48439,Female,F,2024.0,"Accidental poisoning by and exposure to narcotics and psychodysleptics [hallucinogens], not elsewhere classified",X42,Decedent's home,4.0,13.0,84207,2167390,11.1,4.7,15.0,0.5997997591573274,0.6920766451815317
"Tarrant County, TX",48439,Female,F,2024.0,"Accidental poisoning by and exposure to narcotics and psychodysleptics [hallucinogens], not elsewhere classified",X42,Other,7.0,14.0,84207,2167390,11.1,4.7,15.0,0.6459382021694297,0.6920766451815317
"Tarrant County, TX",48439,Female,F,2024.0,"Accidental poisoning by and exposure to other and unspecified drugs, medicaments and biological substances",X44,Decedent's home,4.0,39.0,84207,2167390,11.1,4.7,15.0,1.7993992774719825,0.6920766451815317
"Tarrant County, TX",48439,Female,F,2024.0,"Accidental poisoning by and exposure to other and unspecified drugs, medicaments and biological substances",X44,Other,7.0,17.0,84207,2167390,11.1,4.7,15.0,0.7843535312057359,0.6920766451815317
"Tarrant County, TX",48439,Male,M,2024.0,"Accidental poisoning by and exposure to antiepileptic, sedative-hypnotic, antiparkinsonism and psychotropic drugs, not elsewhere classified",X41,Medical Facility - Inpatient,1.0,14.0,84207,2167390,11.1,4.7,15.0,0.6459382021694297,0.6920766451815317
"Tarrant County, TX",48439,Male,M,2024.0,"Accidental poisoning by and exposure to antiepileptic, sedative-hypnotic, antiparkinsonism and psychotropic drugs, not elsewhere classified",X41,Decedent's home,4.0,29.0,84207,2167390,11.1,4.7,15.0,1.3380148473509612,0.6920766451815317
"Tarrant County, TX",48439,Male,M,2024.0,"Accidental poisoning by and exposure to antiepileptic, sedative-hypnotic, antiparkinsonism and psychotropic drugs, not elsewhere classified",X41,Other,7.0,27.0,84207,2167390,11.1,4.7,15.0,1.2457379613267572,0.6920766451815317
"Tarrant County, TX",48439,Male,M,2024.0,"Accidental poisoning by and exposure to narcotics and psychodysleptics [hallucinogens], not elsewhere classified",X42,Medical Facility - Outpatient or ER,2.0,23.0,84207,2167390,11.1,4.7,15.0,1.0611841892783487,0.6920766451815317
"Tarrant County, TX",48439,Male,M,2024.0,"Accidental poisoning by and exposure to narcotics and psychodysleptics [hallucinogens], not elsewhere classified",X42,Decedent's home,4.0,48.0,84207,2167390,11.1,4.7,15.0,2.2146452645809016,0.6920766451815317
"Tarrant County, TX",48439,Male,M,2024.0,"Accidental poisoning by and exposure to narcotics and psychodysleptics [hallucinogens], not elsewhere classified",X42,Other,7.0,23.0,84207,2167390,11.1,4.7,15.0,1.0611841892783487,0.6920766451815317
"Tarrant County, TX",48439,Male,M,2024.0,"Accidental poisoning by and exposure to other and unspecified drugs, medicaments and biological substances",X44,Medical Facility - Outpatient or ER,2.0,15.0,84207,2167390,11.1,4.7,15.0,0.6920766451815317,0.6920766451815317
"Tarrant County, TX",48439,Male,M,2024.0,"Accidental poisoning by and exposure to other and unspecified drugs, medicaments and biological substances",X44,Decedent's home,4.0,40.0,84207,2167390,11.1,4.7,15.0,1.8455377204840844,0.6920766451815317
"Tarrant County, TX",48439,Male,M,2024.0,"Accidental poisoning by and exposure to other and unspecified drugs, medicaments and biological substances",X44,Other,7.0,39.0,84207,2167390,11.1,4.7,15.0,1.7993992774719825,0.6920766451815317
"Travis County, TX",48453,Female,F,2024.0,"Accidental poisoning by and exposure to narcotics and psychodysleptics [hallucinogens], not elsewhere classified",X42,Decedent's home,4.0,12.0,99611,1330015,10.9,4.6,16.0,0.9022454633970293,1.202993951196039
"Travis County, TX",48453,Female,F,2024.0,"Accidental poisoning by and exposure to other and unspecified drugs, medicaments and biological substances",X44,Decedent's home,4.0,16.0,99611,1330015,10.9,4.6,16.0,1.202993951196039,1.202993951196039
"Travis County, TX",48453,Male,M,2024.0,"Accidental poisoning by and exposure to antiepileptic, sedative-hypnotic, antiparkinsonism and psychotropic drugs, not elsewhere classified",X41,Decedent's home,4.0,13.0,99611,1330015,10.9,4.6,16.0,0.9774325853467818,1.202993951196039
"Travis County, TX",48453,Male,M,2024.0,"Accidental poisoning by and exposure to antiepileptic, sedative-hypnotic, antiparkinsonism and psychotropic drugs, not elsewhere classified",X41,Other,7.0,23.0,99611,1330015,10.9,4.6,16.0,1.7293038048443063,1.202993951196039
"Travis County, TX",48453,Male,M,2024.0,"Accidental poisoning by and exposure to narcotics and psychodysleptics [hallucinogens], not elsewhere classified",X42,Medical Facility - Inpatient,1.0,10.0,99611,1330015,10.9,4.6,16.0,0.7518712194975244,1.202993951196039
"Travis County, TX",48453,Male,M,2024.0,"Accidental poisoning by and exposure to narcotics and psychodysleptics [hallucinogens], not elsewhere classified",X42,Decedent's home,4.0,40.0,99611,1330015,10.9,4.6,16.0,3.007484877990098,1.202993951196039
"Travis County, TX",48453,Male,M,2024.0,"Accidental poisoning by and exposure to narcotics and psychodysleptics [hallucinogens], not elsewhere classified",X42,Other,7.0,20.0,99611,1330015,10.9,4.6,16.0,1.503742438995049,1.202993951196039
"Travis County, TX",48453,Male,M,2024.0,"Accidental poisoning by and exposure to other and unspecified drugs, medicaments and biological substances",X44,Decedent's home,4.0,47.0,99611,1330015,10.9,4.6,16.0,3.5337947316383653,1.202993951196039
"Travis County, TX",48453,Male,M,2024.0,"Accidental poisoning by and exposure to other and unspecified drugs, medicaments and biological substances",X44,Other,7.0,36.0,99611,1330015,10.9,4.6,16.0,2.706736390191088,1.202993951196039
"Williamson County, TX",48491,Male,M,2024.0,"Accidental poisoning by and exposure to other and unspecified drugs, medicaments and biological substances",X44,Decedent's home,4.0,22.0,111340,672688,6.4,3.9,11.0,3.270461194491354,1.635230597245677
"Salt Lake County, UT",49035,Female,F,2024.0,"Accidental poisoning by and exposure to antiepileptic, sedative-hypnotic, antiparkinsonism and psychotropic drugs, not elsewhere classified",X41,Decedent's home,4.0,11.0,97494,1196523,8.1,3.8,121.0,0.9193304265776755,10.11263469235443
"Salt Lake County, UT",49035,Female,F,2024.0,"Accidental poisoning by and exposure to narcotics and psychodysleptics [hallucinogens], not elsewhere classified",X42,Decedent's home,4.0,12.0,97494,1196523,8.1,3.8,121.0,1.0029059199029187,10.11263469235443
"Salt Lake County, UT",49035,Female,F,2024.0,"Accidental poisoning by and exposure to other and unspecified drugs, medicaments and biological substances",X44,Decedent's home,4.0,32.0,97494,1196523,8.1,3.8,121.0,2.674415786407783,10.11263469235443
"Salt Lake County, UT",49035,Female,F,2024.0,"Accidental poisoning by and exposure to other and unspecified drugs, medicaments and biological substances",X44,Other,7.0,14.0,97494,1196523,8.1,3.8,121.0,1.170056906553405,10.11263469235443
"Salt Lake County, UT",49035,Male,M,2024.0,"Accidental poisoning by and exposure to narcotics and psychodysleptics [hallucinogens], not elsewhere classified",X42,Decedent's home,4.0,26.0,97494,1196523,8.1,3.8,121.0,2.172962826456324,10.11263469235443
"Salt Lake County, UT",49035,Male,M,2024.0,"Accidental poisoning by and exposure to other and unspecified drugs, medicaments and biological substances",X44,Decedent's home,4.0,51.0,97494,1196523,8.1,3.8,121.0,4.262350159587404,10.11263469235443
"Salt Lake County, UT",49035,Male,M,2024.0,"Accidental poisoning by and exposure to other and unspecified drugs, medicaments and biological substances",X44,Other,7.0,29.0,97494,1196523,8.1,3.8,121.0,2.4236893064320535,10.11263469235443
"Utah County, UT",49049,Male,M,2024.0,"Accidental poisoning by and exposure to other and unspecified drugs, medicaments and biological substances",X44,Decedent's home,4.0,16.0,100671,705400,8.7,3.8,60.0,2.2682166146867027,8.505812305075136
"Washington County, UT",49053,Male,M,2024.0,"Accidental poisoning by and exposure to other and unspecified drugs, medicaments and biological substances",X44,Decedent's home,4.0,13.0,80632,196431,9.8,3.6,11.0,6.61809999440007,5.599930764492367
"Weber County, UT",49057,Male,M,2024.0,"Accidental poisoning by and exposure to other and unspecified drugs, medicaments and biological substances",X44,Decedent's home,4.0,14.0,90005,269648,8.1,3.0,12.0,5.1919539547854985,4.450246246958998
"Chittenden County, VT",50007,Male,M,2024.0,"Accidental poisoning by and exposure to other and unspecified drugs, medicaments and biological substances",X44,Other,7.0,12.0,96759,169758,9.7,3.2,,7.068886296963913,
"Chesterfield County, VA",51041,Male,M,2024.0,"Accidental poisoning by and exposure to other and unspecified drugs, medicaments and biological substances",X44,Decedent's home,4.0,10.0,101931,377869,7.1,4.6,4.0,2.646419790985765,1.058567916394306
"Fairfax County, VA",51059,Male,M,2024.0,"Accidental poisoning by and exposure to narcotics and psychodysleptics [hallucinogens], not elsewhere classified",X42,Decedent's home,4.0,14.0,153637,1147837,5.9,4.2,21.0,1.2196853734458812,1.829528060168822
"Fairfax County, VA",51059,Male,M,2024.0,"Accidental poisoning by and exposure to narcotics and psychodysleptics [hallucinogens], not elsewhere classified",X42,Other,7.0,13.0,153637,1147837,5.9,4.2,21.0,1.1325649896283183,1.829528060168822
"Fairfax County, VA",51059,Male,M,2024.0,"Accidental poisoning by and exposure to other and unspecified drugs, medicaments and biological substances",X44,Other,7.0,11.0,153637,1147837,5.9,4.2,21.0,0.9583242219931923,1.829528060168822
"Henrico County, VA",51087,Male,M,2024.0,"Accidental poisoning by and exposure to narcotics and psychodysleptics [hallucinogens], not elsewhere classified",X42,Decedent's home,4.0,12.0,88783,335744,8.8,3.9,12.0,3.574151734654975,3.574151734654975
"Henrico County, VA",51087,Male,M,2024.0,"Accidental poisoning by and exposure to narcotics and psychodysleptics [hallucinogens], not elsewhere classified",X42,Other,7.0,12.0,88783,335744,8.8,3.9,12.0,3.574151734654975,3.574151734654975
"Henrico County, VA",51087,Male,M,2024.0,"Accidental poisoning by and exposure to other and unspecified drugs, medicaments and biological substances",X44,Decedent's home,4.0,10.0,88783,335744,8.8,3.9,12.0,2.978459778879146,3.574151734654975
"Prince William County, VA",51153,Male,M,2024.0,"Accidental poisoning by and exposure to other and unspecified drugs, medicaments and biological substances",X44,Decedent's home,4.0,14.0,131402,488880,6.2,4.8,6.0,2.86368843069874,1.2272950417280315
"Chesapeake city, VA",51550,Male,M,2024.0,"Accidental poisoning by and exposure to narcotics and psychodysleptics [hallucinogens], not elsewhere classified",X42,Other,7.0,15.0,95373,252583,9.4,4.9,2.0,5.938641951358563,0.7918189268478085
"Hampton city, VA",51650,Male,M,2024.0,"Accidental poisoning by and exposure to narcotics and psychodysleptics [hallucinogens], not elsewhere classified",X42,Other,7.0,11.0,69621,137557,12.7,6.3,6.0,7.996685010577433,4.361828187587691
"Newport News city, VA",51700,Male,M,2024.0,"Accidental poisoning by and exposure to narcotics and psychodysleptics [hallucinogens], not elsewhere classified",X42,Other,7.0,12.0,69634,184216,14.5,5.8,2.0,6.51409215269032,1.0856820254483868
"Norfolk city, VA",51710,Male,M,2024.0,"Accidental poisoning by and exposure to narcotics and psychodysleptics [hallucinogens], not elsewhere classified",X42,Other,7.0,26.0,66109,233596,16.5,5.7,8.0,11.130327574102296,3.42471617664686
"Portsmouth city, VA",51740,Male,M,2024.0,"Accidental poisoning by and exposure to narcotics and psychodysleptics [hallucinogens], not elsewhere classified",X42,Other,7.0,24.0,60491,97190,17.3,6.6,2.0,24.69389854923346,2.0578248791027884
"Richmond city, VA",51760,Female,F,2024.0,"Accidental poisoning by and exposure to narcotics and psychodysleptics [hallucinogens], not elsewhere classified",X42,Decedent's home,4.0,11.0,64587,229359,18.2,5.7,4.0,4.795974869091686,1.7439908614878858
"Richmond city, VA",51760,Male,M,2024.0,"Accidental poisoning by and exposure to narcotics and psychodysleptics [hallucinogens], not elsewhere classified",X42,Decedent's home,4.0,27.0,64587,229359,18.2,5.7,4.0,11.77193831504323,1.7439908614878858
"Richmond city, VA",51760,Male,M,2024.0,"Accidental poisoning by and exposure to narcotics and psychodysleptics [hallucinogens], not elsewhere classified",X42,Other,7.0,14.0,64587,229359,18.2,5.7,4.0,6.1039680152076,1.7439908614878858
"Richmond city, VA",51760,Male,M,2024.0,"Accidental poisoning by and exposure to other and unspecified drugs, medicaments and biological substances",X44,Decedent's home,4.0,17.0,64587,229359,18.2,5.7,4.0,7.411961161323514,1.7439908614878858
"Richmond city, VA",51760,Male,M,2024.0,"Accidental poisoning by and exposure to other and unspecified drugs, medicaments and biological substances",X44,Other,7.0,13.0,64587,229359,18.2,5.7,4.0,5.667970299835629,1.7439908614878858
"Roanoke city, VA",51770,Male,M,2024.0,"Accidental poisoning by and exposure to other and unspecified drugs, medicaments and biological substances",X44,Other,7.0,15.0,55378,98355,18.3,5.6,6.0,15.250876925423213,6.1003507701692845
"Virginia Beach city, VA",51810,Male,M,2024.0,"Accidental poisoning by and exposure to narcotics and psychodysleptics [hallucinogens], not elsewhere classified",X42,Other,7.0,23.0,92968,456349,8.6,4.0,9.0,5.0400022789575525,1.9721748048094772
"Virginia Beach city, VA",51810,Male,M,2024.0,"Accidental poisoning by and exposure to other and unspecified drugs, medicaments and biological substances",X44,Other,7.0,16.0,92968,456349,8.6,4.0,9.0,3.5060885418835146,1.9721748048094772
"Benton County, WA",53005,Male,M,2024.0,"Accidental poisoning by and exposure to other and unspecified drugs, medicaments and biological substances",X44,Other,7.0,13.0,89874,212905,11.0,5.3,1.0,6.106009722646251,0.46969305558817315
"Chelan County, WA",53007,Male,M,2024.0,"Accidental poisoning by and exposure to other and unspecified drugs, medicaments and biological substances",X44,Decedent's home,4.0,13.0,82381,80172,8.3,3.7,3.0,16.215137454472885,3.7419547971860503
"Clark County, WA",53011,Female,F,2024.0,"Accidental poisoning by and exposure to other and unspecified drugs, medicaments and biological substances",X44,Decedent's home,4.0,17.0,97536,516959,8.0,5.3,8.0,3.288461947659292,1.5475115047808434
"Clark County, WA",53011,Male,M,2024.0,"Accidental poisoning by and exposure to narcotics and psychodysleptics [hallucinogens], not elsewhere classified",X42,Decedent's home,4.0,13.0,97536,516959,8.0,5.3,8.0,2.5147061952688703,1.5475115047808434
"Clark County, WA",53011,Male,M,2024.0,"Accidental poisoning by and exposure to narcotics and psychodysleptics [hallucinogens], not elsewhere classified",X42,Other,7.0,15.0,97536,516959,8.0,5.3,8.0,2.9015840714640815,1.5475115047808434
"Clark County, WA",53011,Male,M,2024.0,"Accidental poisoning by and exposure to other and unspecified drugs, medicaments and biological substances",X44,Decedent's home,4.0,16.0,97536,516959,8.0,5.3,8.0,3.095023009561687,1.5475115047808434
"Clark County, WA",53011,Male,M,2024.0,"Accidental poisoning by and exposure to other and unspecified drugs, medicaments and biological substances",X44,Other,7.0,20.0,97536,516959,8.0,5.3,8.0,3.868778761952109,1.5475115047808434
"Cowlitz County, WA",53015,Male,M,2024.0,"Accidental poisoning by and exposure to other and unspecified drugs, medicaments and biological substances",X44,Decedent's home,4.0,13.0,76531,112360,12.2,5.9,11.0,11.569953720185119,9.78996084015664
"Grays Harbor County, WA",53027,Male,M,2024.0,"Accidental poisoning by and exposure to other and unspecified drugs, medicaments and biological substances",X44,Other,7.0,11.0,64414,77053,15.3,7.0,5.0,14.275888025125564,6.489040011420711
"King County, WA",53033,Female,F,2024.0,"Accidental poisoning by and exposure to narcotics and psychodysleptics [hallucinogens], not elsewhere classified",X42,Medical Facility - Inpatient,1.0,12.0,124746,2287171,8.6,4.8,58.0,0.5246656240394794,2.5358838495241502
"King County, WA",53033,Female,F,2024.0,"Accidental poisoning by and exposure to narcotics and psychodysleptics [hallucinogens], not elsewhere classified",X42,Decedent's home,4.0,26.0,124746,2287171,8.6,4.8,58.0,1.1367755187522053,2.5358838495241502
"King County, WA",53033,Female,F,2024.0,"Accidental poisoning by and exposure to narcotics and psychodysleptics [hallucinogens], not elsewhere classified",X42,Other,7.0,11.0,124746,2287171,8.6,4.8,58.0,0.480943488702856,2.5358838495241502
"King County, WA",53033,Female,F,2024.0,"Accidental poisoning by and exposure to other and unspecified drugs, medicaments and biological substances",X44,Medical Facility - Inpatient,1.0,16.0,124746,2287171,8.6,4.8,58.0,0.6995541653859725,2.5358838495241502
"King County, WA",53033,Female,F,2024.0,"Accidental poisoning by and exposure to other and unspecified drugs, medicaments and biological substances",X44,Decedent's home,4.0,72.0,124746,2287171,8.6,4.8,58.0,3.147993744236876,2.5358838495241502
"King County, WA",53033,Female,F,2024.0,"Accidental poisoning by and exposure to other and unspecified drugs, medicaments and biological substances",X44,Other,7.0,56.0,124746,2287171,8.6,4.8,58.0,2.4484395788509037,2.5358838495241502
"King County, WA",53033,Female,F,2024.0,"Intentional self-poisoning by and exposure to other and unspecified drugs, medicaments and biological substances",X64,Decedent's home,4.0,12.0,124746,2287171,8.6,4.8,58.0,0.5246656240394794,2.5358838495241502
"King County, WA",53033,Male,M,2024.0,"Accidental poisoning by and exposure to antiepileptic, sedative-hypnotic, antiparkinsonism and psychotropic drugs, not elsewhere classified",X41,Decedent's home,4.0,30.0,124746,2287171,8.6,4.8,58.0,1.3116640600986984,2.5358838495241502
"King County, WA",53033,Male,M,2024.0,"Accidental poisoning by and exposure to antiepileptic, sedative-hypnotic, antiparkinsonism and psychotropic drugs, not elsewhere classified",X41,Other,7.0,14.0,124746,2287171,8.6,4.8,58.0,0.6121098947127259,2.5358838495241502
"King County, WA",53033,Male,M,2024.0,"Accidental poisoning by and exposure to narcotics and psychodysleptics [hallucinogens], not elsewhere classified",X42,Medical Facility - Inpatient,1.0,39.0,124746,2287171,8.6,4.8,58.0,1.7051632781283077,2.5358838495241502
"King County, WA",53033,Male,M,2024.0,"Accidental poisoning by and exposure to narcotics and psychodysleptics [hallucinogens], not elsewhere classified",X42,Decedent's home,4.0,113.0,124746,2287171,8.6,4.8,58.0,4.94060129303843,2.5358838495241502
"King County, WA",53033,Male,M,2024.0,"Accidental poisoning by and exposure to narcotics and psychodysleptics [hallucinogens], not elsewhere classified",X42,Other,7.0,60.0,124746,2287171,8.6,4.8,58.0,2.623328120197397,2.5358838495241502
"King County, WA",53033,Male,M,2024.0,"Accidental poisoning by and exposure to other and unspecified drugs, medicaments and biological substances",X44,Medical Facility - Inpatient,1.0,33.0,124746,2287171,8.6,4.8,58.0,1.442830466108568,2.5358838495241502
"King County, WA",53033,Male,M,2024.0,"Accidental poisoning by and exposure to other and unspecified drugs, medicaments and biological substances",X44,Decedent's home,4.0,190.0,124746,2287171,8.6,4.8,58.0,8.307205713958423,2.5358838495241502
"King County, WA",53033,Male,M,2024.0,"Accidental poisoning by and exposure to other and unspecified drugs, medicaments and biological substances",X44,Other,7.0,195.0,124746,2287171,8.6,4.8,58.0,8.52581639064154,2.5358838495241502
"Kitsap County, WA",53035,Male,M,2024.0,"Accidental poisoning by and exposure to narcotics and psychodysleptics [hallucinogens], not elsewhere classified",X42,Decedent's home,4.0,11.0,104158,277881,8.2,4.7,2.0,3.958529010619654,0.7197325473853916
"Kitsap County, WA",53035,Male,M,2024.0,"Accidental poisoning by and exposure to other and unspecified drugs, medicaments and biological substances",X44,Decedent's home,4.0,22.0,104158,277881,8.2,4.7,2.0,7.917058021239308,0.7197325473853916
"Pierce County, WA",53053,Female,F,2024.0,"Accidental poisoning by and exposure to narcotics and psychodysleptics [hallucinogens], not elsewhere classified",X42,Decedent's home,4.0,17.0,99564,930319,8.8,5.2,16.0,1.827330195341598,1.7198401838509156
"Pierce County, WA",53053,Female,F,2024.0,"Accidental poisoning by and exposure to other and unspecified drugs, medicaments and biological substances",X44,Decedent's home,4.0,35.0,99564,930319,8.8,5.2,16.0,3.762150402173878,1.7198401838509156
"Pierce County, WA",53053,Female,F,2024.0,"Accidental poisoning by and exposure to other and unspecified drugs, medicaments and biological substances",X44,Other,7.0,16.0,99564,930319,8.8,5.2,16.0,1.7198401838509156,1.7198401838509156
"Pierce County, WA",53053,Male,M,2024.0,"Accidental poisoning by and exposure to antiepileptic, sedative-hypnotic, antiparkinsonism and psychotropic drugs, not elsewhere classified",X41,Decedent's home,4.0,23.0,99564,930319,8.8,5.2,16.0,2.4722702642856915,1.7198401838509156
"Pierce County, WA",53053,Male,M,2024.0,"Accidental poisoning by and exposure to antiepileptic, sedative-hypnotic, antiparkinsonism and psychotropic drugs, not elsewhere classified",X41,Other,7.0,18.0,99564,930319,8.8,5.2,16.0,1.93482020683228,1.7198401838509156
"Pierce County, WA",53053,Male,M,2024.0,"Accidental poisoning by and exposure to narcotics and psychodysleptics [hallucinogens], not elsewhere classified",X42,Decedent's home,4.0,41.0,99564,930319,8.8,5.2,16.0,4.4070904711179715,1.7198401838509156
"Pierce County, WA",53053,Male,M,2024.0,"Accidental poisoning by and exposure to narcotics and psychodysleptics [hallucinogens], not elsewhere classified",X42,Other,7.0,21.0,99564,930319,8.8,5.2,16.0,2.257290241304327,1.7198401838509156
"Pierce County, WA",53053,Male,M,2024.0,"Accidental poisoning by and exposure to other and unspecified drugs, medicaments and biological substances",X44,Medical Facility - Inpatient,1.0,13.0,99564,930319,8.8,5.2,16.0,1.3973701493788688,1.7198401838509156
"Pierce County, WA",53053,Male,M,2024.0,"Accidental poisoning by and exposure to other and unspecified drugs, medicaments and biological substances",X44,Decedent's home,4.0,65.0,99564,930319,8.8,5.2,16.0,6.986850746894344,1.7198401838509156
"Pierce County, WA",53053,Male,M,2024.0,"Accidental poisoning by and exposure to other and unspecified drugs, medicaments and biological substances",X44,Other,7.0,61.0,99564,930319,8.8,5.2,16.0,6.556890700931616,1.7198401838509156
"Snohomish County, WA",53061,Female,F,2024.0,"Accidental poisoning by and exposure to other and unspecified drugs, medicaments and biological substances",X44,Decedent's home,4.0,23.0,111246,844430,8.0,4.5,11.0,2.723730800658432,1.3026538611844676
"Snohomish County, WA",53061,Female,F,2024.0,"Accidental poisoning by and exposure to other and unspecified drugs, medicaments and biological substances",X44,Other,7.0,12.0,111246,844430,8.0,4.5,11.0,1.4210769394739646,1.3026538611844676
"Snohomish County, WA",53061,Male,M,2024.0,"Accidental poisoning by and exposure to antiepileptic, sedative-hypnotic, antiparkinsonism and psychotropic drugs, not elsewhere classified",X41,Decedent's home,4.0,10.0,111246,844430,8.0,4.5,11.0,1.1842307828949705,1.3026538611844676
"Snohomish County, WA",53061,Male,M,2024.0,"Accidental poisoning by and exposure to narcotics and psychodysleptics [hallucinogens], not elsewhere classified",X42,Decedent's home,4.0,40.0,111246,844430,8.0,4.5,11.0,4.736923131579882,1.3026538611844676
"Snohomish County, WA",53061,Male,M,2024.0,"Accidental poisoning by and exposure to narcotics and psychodysleptics [hallucinogens], not elsewhere classified",X42,Other,7.0,26.0,111246,844430,8.0,4.5,11.0,3.0790000355269234,1.3026538611844676
"Snohomish County, WA",53061,Male,M,2024.0,"Accidental poisoning by and exposure to other and unspecified drugs, medicaments and biological substances",X44,Medical Facility - Inpatient,1.0,18.0,111246,844430,8.0,4.5,11.0,2.131615409210947,1.3026538611844676
"Snohomish County, WA",53061,Male,M,2024.0,"Accidental poisoning by and exposure to other and unspecified drugs, medicaments and biological substances",X44,Decedent's home,4.0,54.0,111246,844430,8.0,4.5,11.0,6.394846227632842,1.3026538611844676
"Snohomish County, WA",53061,Male,M,2024.0,"Accidental poisoning by and exposure to other and unspecified drugs, medicaments and biological substances",X44,Other,7.0,52.0,111246,844430,8.0,4.5,11.0,6.158000071053847,1.3026538611844676
"Spokane County, WA",53063,Female,F,2024.0,"Accidental poisoning by and exposure to narcotics and psychodysleptics [hallucinogens], not elsewhere classified",X42,Decedent's home,4.0,10.0,78582,549056,11.7,5.3,14.0,1.821307844737149,2.5498309826320087
"Spokane County, WA",53063,Female,F,2024.0,"Accidental poisoning by and exposure to other and unspecified drugs, medicaments and biological substances",X44,Decedent's home,4.0,29.0,78582,549056,11.7,5.3,14.0,5.281792749737732,2.5498309826320087
"Spokane County, WA",53063,Female,F,2024.0,"Accidental poisoning by and exposure to other and unspecified drugs, medicaments and biological substances",X44,Other,7.0,26.0,78582,549056,11.7,5.3,14.0,4.735400396316587,2.5498309826320087
"Spokane County, WA",53063,Male,M,2024.0,"Accidental poisoning by and exposure to antiepileptic, sedative-hypnotic, antiparkinsonism and psychotropic drugs, not elsewhere classified",X41,Decedent's home,4.0,11.0,78582,549056,11.7,5.3,14.0,2.003438629210864,2.5498309826320087
"Spokane County, WA",53063,Male,M,2024.0,"Accidental poisoning by and exposure to narcotics and psychodysleptics [hallucinogens], not elsewhere classified",X42,Medical Facility - Inpatient,1.0,16.0,78582,549056,11.7,5.3,14.0,2.914092551579438,2.5498309826320087
"Spokane County, WA",53063,Male,M,2024.0,"Accidental poisoning by and exposure to narcotics and psychodysleptics [hallucinogens], not elsewhere classified",X42,Decedent's home,4.0,24.0,78582,549056,11.7,5.3,14.0,4.371138827369157,2.5498309826320087
"Spokane County, WA",53063,Male,M,2024.0,"Accidental poisoning by and exposure to narcotics and psychodysleptics [hallucinogens], not elsewhere classified",X42,Other,7.0,16.0,78582,549056,11.7,5.3,14.0,2.914092551579438,2.5498309826320087
"Spokane County, WA",53063,Male,M,2024.0,"Accidental poisoning by and exposure to other and unspecified drugs, medicaments and biological substances",X44,Medical Facility - Inpatient,1.0,19.0,78582,549056,11.7,5.3,14.0,3.460484905000583,2.5498309826320087
"Spokane County, WA",53063,Male,M,2024.0,"Accidental poisoning by and exposure to other and unspecified drugs, medicaments and biological substances",X44,Decedent's home,4.0,60.0,78582,549056,11.7,5.3,14.0,10.927847068422894,2.5498309826320087
"Spokane County, WA",53063,Male,M,2024.0,"Accidental poisoning by and exposure to other and unspecified drugs, medicaments and biological substances",X44,Other,7.0,51.0,78582,549056,11.7,5.3,14.0,9.288670008159459,2.5498309826320087
"Thurston County, WA",53067,Female,F,2024.0,"Accidental poisoning by and exposure to other and unspecified drugs, medicaments and biological substances",X44,Decedent's home,4.0,13.0,96563,299067,9.5,5.2,11.0,4.346852043187647,3.6781055750049316
"Thurston County, WA",53067,Male,M,2024.0,"Accidental poisoning by and exposure to antiepileptic, sedative-hypnotic, antiparkinsonism and psychotropic drugs, not elsewhere classified",X41,Decedent's home,4.0,10.0,96563,299067,9.5,5.2,11.0,3.343732340913575,3.6781055750049316
"Thurston County, WA",53067,Male,M,2024.0,"Accidental poisoning by and exposure to narcotics and psychodysleptics [hallucinogens], not elsewhere classified",X42,Decedent's home,4.0,15.0,96563,299067,9.5,5.2,11.0,5.015598511370362,3.6781055750049316
"Thurston County, WA",53067,Male,M,2024.0,"Accidental poisoning by and exposure to other and unspecified drugs, medicaments and biological substances",X44,Decedent's home,4.0,18.0,96563,299067,9.5,5.2,11.0,6.0187182136444335,3.6781055750049316
"Thurston County, WA",53067,Male,M,2024.0,"Accidental poisoning by and exposure to other and unspecified drugs, medicaments and biological substances",X44,Other,7.0,22.0,96563,299067,9.5,5.2,11.0,7.356211150009863,3.6781055750049316
"Whatcom County, WA",53073,Female,F,2024.0,"Accidental poisoning by and exposure to other and unspecified drugs, medicaments and biological substances",X44,Decedent's home,4.0,12.0,81784,230503,12.9,4.8,5.0,5.206005995583571,2.169169164826488
"Whatcom County, WA",53073,Female,F,2024.0,"Accidental poisoning by and exposure to other and unspecified drugs, medicaments and biological substances",X44,Other,7.0,10.0,81784,230503,12.9,4.8,5.0,4.338338329652976,2.169169164826488
"Whatcom County, WA",53073,Male,M,2024.0,"Accidental poisoning by and exposure to other and unspecified drugs, medicaments and biological substances",X44,Decedent's home,4.0,12.0,81784,230503,12.9,4.8,5.0,5.206005995583571,2.169169164826488
"Whatcom County, WA",53073,Male,M,2024.0,"Accidental poisoning by and exposure to other and unspecified drugs, medicaments and biological substances",X44,Other,7.0,23.0,81784,230503,12.9,4.8,5.0,9.978178158201844,2.169169164826488
"Yakima County, WA",53077,Female,F,2024.0,"Accidental poisoning by and exposure to narcotics and psychodysleptics [hallucinogens], not elsewhere classified",X42,Decedent's home,4.0,10.0,70656,257152,15.5,7.3,16.0,3.8887506222000994,6.222000995520159
"Yakima County, WA",53077,Male,M,2024.0,"Accidental poisoning by and exposure to narcotics and psychodysleptics [hallucinogens], not elsewhere classified",X42,Decedent's home,4.0,16.0,70656,257152,15.5,7.3,16.0,6.222000995520159,6.222000995520159
"Yakima County, WA",53077,Male,M,2024.0,"Accidental poisoning by and exposure to narcotics and psychodysleptics [hallucinogens], not elsewhere classified",X42,Other,7.0,20.0,70656,257152,15.5,7.3,16.0,7.777501244400199,6.222000995520159
"Yakima County, WA",53077,Male,M,2024.0,"Accidental poisoning by and exposure to other and unspecified drugs, medicaments and biological substances",X44,Decedent's home,4.0,15.0,70656,257152,15.5,7.3,16.0,5.833125933300149,6.222000995520159
"Yakima County, WA",53077,Male,M,2024.0,"Accidental poisoning by and exposure to other and unspecified drugs, medicaments and biological substances",X44,Other,7.0,22.0,70656,257152,15.5,7.3,16.0,8.555251368840219,6.222000995520159
"Cabell County, WV",54011,Female,F,2024.0,"Accidental poisoning by and exposure to other and unspecified drugs, medicaments and biological substances",X44,Decedent's home,4.0,15.0,55832,92739,19.2,5.1,8.0,16.17442499919128,8.626359999568683
"Cabell County, WV",54011,Male,M,2024.0,"Accidental poisoning by and exposure to other and unspecified drugs, medicaments and biological substances",X44,Decedent's home,4.0,21.0,55832,92739,19.2,5.1,8.0,22.644194998867793,8.626359999568683
"Cabell County, WV",54011,Male,M,2024.0,"Accidental poisoning by and exposure to other and unspecified drugs, medicaments and biological substances",X44,Other,7.0,10.0,55832,92739,19.2,5.1,8.0,10.782949999460852,8.626359999568683
"Kanawha County, WV",54039,Female,F,2024.0,"Accidental poisoning by and exposure to other and unspecified drugs, medicaments and biological substances",X44,Decedent's home,4.0,19.0,60943,176537,15.7,5.6,11.0,10.762616335385783,6.230988404697033
"Kanawha County, WV",54039,Male,M,2024.0,"Accidental poisoning by and exposure to other and unspecified drugs, medicaments and biological substances",X44,Medical Facility - Outpatient or ER,2.0,10.0,60943,176537,15.7,5.6,11.0,5.664534913360939,6.230988404697033
"Kanawha County, WV",54039,Male,M,2024.0,"Accidental poisoning by and exposure to other and unspecified drugs, medicaments and biological substances",X44,Decedent's home,4.0,31.0,60943,176537,15.7,5.6,11.0,17.56005823141891,6.230988404697033
"Kanawha County, WV",54039,Male,M,2024.0,"Accidental poisoning by and exposure to other and unspecified drugs, medicaments and biological substances",X44,Other,7.0,14.0,60943,176537,15.7,5.6,11.0,7.930348878705313,6.230988404697033
"Raleigh County, WV",54081,Male,M,2024.0,"Accidental poisoning by and exposure to other and unspecified drugs, medicaments and biological substances",X44,Decedent's home,4.0,22.0,52150,73195,22.8,5.0,1.0,30.05669786187581,1.3662135391761732
"Wood County, WV",54107,Male,M,2024.0,"Accidental poisoning by and exposure to other and unspecified drugs, medicaments and biological substances",X44,Decedent's home,4.0,14.0,57810,83407,14.7,5.4,4.0,16.78516191686549,4.7957605476758545
"Dane County, WI",55025,Female,F,2024.0,"Accidental poisoning by and exposure to other and unspecified drugs, medicaments and biological substances",X44,Decedent's home,4.0,23.0,89975,572674,10.6,2.4,15.0,4.016246590555884,2.619291254710359
"Dane County, WI",55025,Male,M,2024.0,"Accidental poisoning by and exposure to narcotics and psychodysleptics [hallucinogens], not elsewhere classified",X42,Decedent's home,4.0,14.0,89975,572674,10.6,2.4,15.0,2.444671837729668,2.619291254710359
"Dane County, WI",55025,Male,M,2024.0,"Accidental poisoning by and exposure to other and unspecified drugs, medicaments and biological substances",X44,Decedent's home,4.0,24.0,89975,572674,10.6,2.4,15.0,4.190866007536574,2.619291254710359
"Dane County, WI",55025,Male,M,2024.0,"Accidental poisoning by and exposure to other and unspecified drugs, medicaments and biological substances",X44,Other,7.0,11.0,89975,572674,10.6,2.4,15.0,1.9208135867875964,2.619291254710359
"Milwaukee County, WI",55079,Female,F,2024.0,"Accidental poisoning by and exposure to narcotics and psychodysleptics [hallucinogens], not elsewhere classified",X42,Decedent's home,4.0,18.0,64435,926331,17.2,4.8,33.0,1.9431499107770331,3.5624415030912275
"Milwaukee County, WI",55079,Female,F,2024.0,"Accidental poisoning by and exposure to narcotics and psychodysleptics [hallucinogens], not elsewhere classified",X42,Other,7.0,11.0,64435,926331,17.2,4.8,33.0,1.1874805010304093,3.5624415030912275
"Milwaukee County, WI",55079,Female,F,2024.0,"Accidental poisoning by and exposure to other and unspecified drugs, medicaments and biological substances",X44,Decedent's home,4.0,46.0,64435,926331,17.2,4.8,33.0,4.96582754976353,3.5624415030912275
"Milwaukee County, WI",55079,Male,M,2024.0,"Accidental poisoning by and exposure to narcotics and psychodysleptics [hallucinogens], not elsewhere classified",X42,Medical Facility - Inpatient,1.0,23.0,64435,926331,17.2,4.8,33.0,2.482913774881765,3.5624415030912275
"Milwaukee County, WI",55079,Male,M,2024.0,"Accidental poisoning by and exposure to narcotics and psychodysleptics [hallucinogens], not elsewhere classified",X42,Medical Facility - Outpatient or ER,2.0,11.0,64435,926331,17.2,4.8,33.0,1.1874805010304093,3.5624415030912275
"Milwaukee County, WI",55079,Male,M,2024.0,"Accidental poisoning by and exposure to narcotics and psychodysleptics [hallucinogens], not elsewhere classified",X42,Decedent's home,4.0,78.0,64435,926331,17.2,4.8,33.0,8.420316280033811,3.5624415030912275
"Milwaukee County, WI",55079,Male,M,2024.0,"Accidental poisoning by and exposure to narcotics and psychodysleptics [hallucinogens], not elsewhere classified",X42,Other,7.0,44.0,64435,926331,17.2,4.8,33.0,4.749922004121637,3.5624415030912275
"Milwaukee County, WI",55079,Male,M,2024.0,"Accidental poisoning by and exposure to other and unspecified drugs, medicaments and biological substances",X44,Decedent's home,4.0,73.0,64435,926331,17.2,4.8,33.0,7.8805524159290785,3.5624415030912275
"Milwaukee County, WI",55079,Male,M,2024.0,"Accidental poisoning by and exposure to other and unspecified drugs, medicaments and biological substances",X44,Other,7.0,43.0,64435,926331,17.2,4.8,33.0,4.641969231300691,3.5624415030912275
"Racine County, WI",55101,Male,M,2024.0,"Accidental poisoning by and exposure to other and unspecified drugs, medicaments and biological substances",X44,Decedent's home,4.0,11.0,78096,197532,10.3,4.4,4.0,5.568717979871615,2.024988356316951
"Waukesha County, WI",55133,Male,M,2024.0,"Accidental poisoning by and exposure to narcotics and psychodysleptics [hallucinogens], not elsewhere classified",X42,Decedent's home,4.0,10.0,106076,411762,5.2,2.3,18.0,2.4285873878599773,4.371457298147959
