county_state,fips,deaths,Population,median_income,population,poverty_rate,unemployment_rate,facility_count,overdose_rate,facility_rate,rucc,is_rural
"Abbeville County, SC",45001,45.0,171168,52935.0,24420.0,15.7,4.0,,184.27518427518427,,6.0,1
"Acadia Parish, LA",22001,151.0,413278,45562.0,56955.0,25.0,7.7,1.0,265.12158721797914,1.7557721007813185,2.0,0
"Accomack County, VA",51001,55.0,230053,58993.0,33335.0,13.9,3.4,2.0,164.99175041247938,5.9997000149992505,9.0,1
"Ada County, ID",16001,676.0,3537262,91502.0,518935.0,8.3,3.1,36.0,130.26679641959012,6.937285016427876,2.0,0
"Adair County, KY",21001,35.0,134474,53553.0,19089.0,18.4,6.8,2.0,183.35166850018337,10.477238200010477,7.0,1
"Adair County, MO",29001,14.0,177213,61536.0,25301.0,22.0,4.1,2.0,55.333781273467444,7.904825896209636,7.0,1
"Adair County, OK",40001,44.0,144669,48041.0,19575.0,21.5,6.9,1.0,224.7765006385696,5.108556832694764,8.0,1
"Adams County, CO",08001,1107.0,3675225,94571.0,530225.0,9.8,4.6,13.0,208.77929181008062,2.451789334716394,1.0,0
"Adams County, IL",17001,78.0,454138,66220.0,64754.0,12.8,3.9,4.0,120.45587917348735,6.177224572999352,5.0,1
"Adams County, IN",18001,37.0,252153,65289.0,36227.0,11.2,2.8,2.0,102.13376763187676,5.520744196317664,6.0,1
"Adams County, MS",28001,37.0,206730,43644.0,28803.0,27.0,6.4,,128.45884109294173,,7.0,1
"Adams County, NE",31001,24.0,218287,68365.0,31052.0,12.7,2.4,2.0,77.28970758727296,6.44080896560608,4.0,1
"Adams County, OH",39001,118.0,193107,50264.0,27540.0,20.2,6.4,,428.46768336964413,,8.0,1
"Adams County, PA",42001,116.0,733378,84092.0,106115.0,8.2,3.4,,109.31536540545635,,3.0,0
"Adams County, WA",53001,17.0,143210,66136.0,20800.0,19.5,3.6,1.0,81.73076923076923,4.8076923076923075,6.0,1
"Adams County, WI",55001,43.0,145968,59442.0,21123.0,14.1,4.5,,203.56956871656487,,8.0,1
"Addison County, VT",50001,39.0,261206,89639.0,37664.0,7.6,3.8,,103.54715378079864,,6.0,1
"Aiken County, SC",45003,498.0,1214469,70609.0,174160.0,14.3,6.1,3.0,285.9439595774001,1.722553973357832,2.0,0
"Aitkin County, MN",27001,30.0,112086,60833.0,16056.0,13.1,5.8,,186.84603886397608,,8.0,1
"Alachua County, FL",12001,337.0,1951261,61949.0,285492.0,21.2,4.4,7.0,118.04183654883501,2.45190758410043,2.0,0
"Alamance County, NC",37001,338.0,1219726,65651.0,176893.0,13.4,5.1,2.0,191.07596117426917,1.1306269891968592,3.0,0
"Alameda County, CA",06001,2301.0,11549206,129367.0,1649473.0,9.2,5.4,10.0,139.49910062183497,0.6062542399905909,1.0,0
"Alamosa County, CO",08003,52.0,115579,55397.0,16581.0,17.2,3.7,2.0,313.6119655026838,12.061998673180145,7.0,1
"Albany County, NY",36001,618.0,2182454,85333.0,317018.0,13.0,5.0,11.0,194.9416121482061,3.469834520437325,2.0,0
"Albany County, WY",56001,31.0,269615,61917.0,38249.0,20.9,3.7,2.0,81.04787053256294,5.228894873068577,4.0,1
"Albemarle County, VA",51003,103.0,789758,104392.0,114919.0,7.7,3.4,3.0,89.62834692261505,2.6105343763868465,3.0,0
"Alcona County, MI",26001,10.0,73037,54993.0,10397.0,12.3,4.5,1.0,96.18159084351255,9.618159084351255,9.0,1
"Alcorn County, MS",28003,42.0,247683,51260.0,34289.0,15.8,4.6,4.0,122.48826154160227,11.665548718247834,7.0,1
"Alexander County, NC",37003,56.0,258613,65354.0,36412.0,12.6,5.0,1.0,153.79545204877513,2.7463473580138418,2.0,0
"Alexandria city, VA",51510,139.0,1103247,119681.0,156976.0,7.9,3.3,1.0,88.54856793395169,0.6370400570787891,1.0,0
"Allegan County, MI",26005,104.0,840863,83283.0,121456.0,8.4,3.0,3.0,85.62771703332893,2.470030299038335,4.0,1
"Allegany County, MD",24001,257.0,480814,59603.0,67452.0,16.9,5.0,5.0,381.01168238154537,7.412678645555358,4.0,1
"Allegany County, NY",36003,58.0,324858,62869.0,47159.0,16.2,7.1,2.0,122.98818889289426,4.2409720307894565,7.0,1
"Alleghany County, NC",37005,16.0,78447,47172.0,11174.0,16.0,3.7,1.0,143.1895471630571,8.94934669769107,9.0,1
"Alleghany County, VA",51005,26.0,103519,56188.0,14859.0,11.6,2.3,2.0,174.97812773403325,13.459855979541018,6.0,1
"Allegheny County, PA",42003,3975.0,8573837,78548.0,1238177.0,11.5,5.0,16.0,321.0364915516925,1.292222355931341,1.0,0
"Allen County, IN",18003,779.0,2710734,70737.0,392378.0,12.5,4.7,13.0,198.53304721467566,3.313131725020261,2.0,0
"Allen County, KS",20001,13.0,87092,60689.0,12483.0,9.9,7.9,1.0,104.1416326203637,8.010894816951053,7.0,1
"Allen County, KY",21003,42.0,149637,61403.0,21293.0,13.5,6.9,2.0,197.24792185225192,9.392758183440566,3.0,0
"Allen County, OH",39003,215.0,711483,64038.0,101348.0,13.3,5.7,7.0,212.14034810751076,6.90689505466314,3.0,0
"Allen Parish, LA",22003,62.0,166292,46469.0,22477.0,23.1,9.8,1.0,275.8375228010855,4.448992303243315,6.0,1
"Allendale County, SC",45005,12.0,56279,32328.0,7661.0,28.2,8.5,,156.63751468476698,,8.0,1
"Alpena County, MI",26007,23.0,200550,53950.0,28880.0,18.0,6.2,2.0,79.63988919667591,6.9252077562326875,7.0,1
"Alpine County, CA",06003,11.0,8014,105521.0,1616.0,10.0,4.4,1.0,680.6930693069307,61.881188118811885,8.0,1
"Amador County, CA",06005,60.0,285726,88044.0,41428.0,8.2,5.4,1.0,144.82958385632904,2.4138263976054843,6.0,1
"Amelia County, VA",51007,31.0,93091,76717.0,13462.0,9.7,3.8,1.0,230.27781904620412,7.42831674342594,1.0,0
"Amherst County, VA",51009,52.0,220846,68724.0,31485.0,10.8,4.7,,165.15801175162775,,2.0,0
"Amite County, MS",28005,11.0,86977,37222.0,12565.0,27.6,5.8,1.0,87.54476721050537,7.958615200955034,8.0,1
"Anchorage Borough, AK",02020,893.0,2017574,,,,,,,,2.0,0
"Anderson County, KY",21005,63.0,165998,74488.0,24353.0,11.5,2.2,2.0,258.69502730669734,8.212540549418962,6.0,1
"Anderson County, SC",45007,517.0,1454141,66651.0,210478.0,14.6,5.3,,245.63137239996578,,2.0,0
"Anderson County, TN",47001,423.0,549190,66183.0,79153.0,13.4,3.7,2.0,534.4080451783256,2.52675198665875,2.0,0
"Anderson County, TX",48001,80.0,407311,62068.0,58439.0,17.4,6.0,1.0,136.89488184260512,1.7111860230325637,7.0,1
"Andrew County, MO",29003,19.0,125128,75625.0,18065.0,6.2,3.6,,105.17575422086908,,3.0,0
"Andrews County, TX",48003,15.0,130073,72242.0,18610.0,15.6,3.3,,80.60182697474477,,6.0,1
"Androscoggin County, ME",23001,359.0,777597,67873.0,113423.0,14.4,4.3,,316.51428722569494,,3.0,0
"Angelina County, TX",48005,116.0,609623,60960.0,87275.0,15.8,6.4,1.0,132.91320538527643,1.1458034947006588,5.0,1
"Anne Arundel County, MD",24003,1631.0,4118596,124911.0,598166.0,5.6,3.7,27.0,272.66678480555566,4.513797173359904,1.0,0
"Anoka County, MN",27003,476.0,2555818,101869.0,370349.0,7.0,4.3,7.0,128.52741603190503,1.890109059292721,1.0,0
"Anson County, NC",37007,45.0,162011,47302.0,22289.0,21.7,5.5,2.0,201.89331060164207,8.973036026739647,1.0,0
"Antrim County, MI",26009,30.0,167145,72054.0,24127.0,9.9,3.9,1.0,124.34202345919509,4.144734115306503,8.0,1
"Apache County, AZ",04001,167.0,476471,41438.0,65341.0,30.5,10.7,5.0,255.58225310295222,7.652163266555456,8.0,1
"Appanoose County, IA",19007,17.0,85869,54934.0,12184.0,17.5,3.9,2.0,139.52724885095208,16.414970453053183,7.0,1
"Appling County, GA",13001,25.0,129260,46651.0,18493.0,22.5,3.1,2.0,135.18628670307686,10.814902936246147,7.0,1
"Appomattox County, VA",51011,18.0,114717,62853.0,16610.0,14.0,5.1,1.0,108.36845273931367,6.020469596628537,2.0,0
"Aransas County, TX",48007,47.0,171539,69466.0,24876.0,14.2,4.1,,188.93712815565203,,2.0,0
"Arapahoe County, CO",08005,1089.0,4598944,101087.0,659844.0,8.6,5.0,23.0,165.03900922036118,3.4856723710452773,1.0,0
"Archuleta County, CO",08007,18.0,98084,83065.0,13900.0,8.2,1.3,1.0,129.49640287769785,7.194244604316546,7.0,1
"Arenac County, MI",26011,19.0,105173,58811.0,15077.0,11.7,6.0,2.0,126.01976520527957,13.265238442661007,8.0,1
"Arkansas County, AR",05001,14.0,118229,53164.0,16515.0,19.0,8.1,1.0,84.77141992128368,6.055101422948835,6.0,1
"Arlington County, VA",51013,171.0,1655416,142114.0,236254.0,7.4,3.3,4.0,72.37972690409475,1.6930930269963684,1.0,0
"Armstrong County, PA",42005,177.0,451753,65008.0,64622.0,11.8,4.3,,273.90052923153104,,1.0,0
"Aroostook County, ME",23003,211.0,469211,56700.0,67058.0,14.4,5.3,,314.6529869665066,,7.0,1
"Ascension Parish, LA",22005,388.0,903934,91549.0,130314.0,10.3,4.4,2.0,297.7423761069417,1.5347545160151634,2.0,0
"Ashe County, NC",37009,39.0,189628,56866.0,26950.0,13.5,4.8,1.0,144.71243042671614,3.7105751391465676,9.0,1
"Ashland County, OH",39005,81.0,369698,69860.0,52256.0,13.3,3.6,4.0,155.00612369871402,7.654623392529087,6.0,1
"Ashland County, WI",55003,52.0,110998,62462.0,16080.0,13.4,3.8,3.0,323.3830845771144,18.65671641791045,7.0,1
"Ashley County, AR",05003,33.0,132316,44266.0,18429.0,22.1,5.5,2.0,179.06560312550872,10.852460795485376,7.0,1
"Ashtabula County, OH",39007,261.0,679349,57728.0,97167.0,17.6,6.6,8.0,268.6097131742258,8.233247913386231,1.0,0
"Asotin County, WA",53003,49.0,157989,72283.0,22467.0,14.2,5.0,1.0,218.09765433747273,4.450972537499443,3.0,0
"Assumption Parish, LA",22007,43.0,147315,51423.0,20484.0,15.3,4.8,,209.91993751220465,,2.0,0
"Atascosa County, TX",48013,43.0,358557,70770.0,51008.0,15.8,4.1,1.0,84.30050188205772,1.9604767879548304,1.0,0
"Atchison County, KS",20005,28.0,112893,61112.0,16208.0,13.0,4.6,1.0,172.7541954590326,6.169792694965449,6.0,1
"Athens County, OH",39009,146.0,443585,56001.0,61737.0,21.5,6.5,4.0,236.48703370750118,6.4790968139041425,4.0,1
"Atlantic County, NJ",34001,1164.0,1896975,78050.0,276270.0,13.2,8.8,,421.3269627538278,,2.0,0
"Atoka County, OK",40005,20.0,99219,54785.0,14379.0,17.3,4.6,1.0,139.09173099659225,6.954586549829613,9.0,1
"Attala County, MS",28007,18.0,124375,51639.0,17526.0,18.0,5.4,1.0,102.70455323519343,5.705808513066301,6.0,1
"Audrain County, MO",29007,28.0,173810,59448.0,24548.0,17.8,4.3,2.0,114.06224539677366,8.147303242626691,6.0,1
"Auglaize County, OH",39011,33.0,321201,78660.0,46125.0,7.1,2.7,2.0,71.54471544715447,4.336043360433604,4.0,1
"Augusta County, VA",51015,74.0,540055,82049.0,78033.0,6.6,2.4,1.0,94.8316737790422,1.2815091051221918,3.0,0
"Austin County, TX",48015,26.0,215693,75789.0,31170.0,12.0,4.3,,83.41353865896696,,1.0,0
"Autauga County, AL",01001,50.0,408275,72481.0,59947.0,11.3,2.4,,83.40700952508048,,2.0,0
"Avery County, NC",37011,37.0,123440,61428.0,17680.0,10.2,4.8,2.0,209.2760180995475,11.312217194570136,9.0,1
"Avoyelles Parish, LA",22009,122.0,275340,39325.0,38905.0,27.8,6.9,2.0,313.5843721886647,5.140727412928929,6.0,1
"Bacon County, GA",13005,22.0,77824,44694.0,11109.0,24.5,2.6,1.0,198.03762714915834,9.001710324961742,9.0,1
"Baker County, FL",12003,63.0,201342,79836.0,28430.0,11.8,4.5,1.0,221.59690467815685,3.5174111853675694,1.0,0
"Baker County, OR",41001,29.0,115861,60936.0,16840.0,14.9,5.6,,172.20902612826603,,7.0,1
"Baldwin County, AL",01003,427.0,1671387,78775.0,246989.0,10.1,3.0,2.0,172.88219313410718,0.8097526610496825,3.0,0
"Baldwin County, GA",13009,38.0,309268,54403.0,43642.0,21.7,6.2,,87.07208652215755,,4.0,1
"Baltimore County, MD",24005,2768.0,5874423,91768.0,850796.0,9.8,4.9,45.0,325.34238524863775,5.289164500068171,1.0,0
"Baltimore city, MD",24510,5488.0,4062055,62177.0,573243.0,19.7,6.5,85.0,957.3601422084527,14.827917654467653,1.0,0
"Bamberg County, SC",45009,20.0,94188,44370.0,13042.0,24.3,15.0,1.0,153.35071308081584,7.667535654040791,9.0,1
"Bandera County, TX",48019,17.0,158944,75813.0,22021.0,13.5,8.7,1.0,77.19903728259389,4.541119840152581,1.0,0
"Banks County, GA",13011,38.0,135571,77063.0,19264.0,11.3,2.9,,197.25913621262458,,8.0,1
"Bannock County, ID",16005,175.0,622931,66499.0,89454.0,12.3,4.3,10.0,195.63127417443604,11.178929952824916,3.0,0
"Baraga County, MI",26013,11.0,57664,55327.0,8191.0,15.2,5.1,,134.29373702844586,,9.0,1
"Barbour County, AL",01005,33.0,172769,46042.0,24643.0,21.4,7.8,1.0,133.91226717526277,4.057947490159477,6.0,1
"Barbour County, WV",54001,41.0,111049,51394.0,15424.0,20.0,8.5,1.0,265.8195020746888,6.483402489626556,9.0,1
"Barnes County, ND",38003,14.0,74447,68038.0,10773.0,12.1,3.8,,129.9545159194282,,6.0,1
"Barnstable County, MA",25001,593.0,1568740,95241.0,231668.0,7.7,5.0,,255.96974981438956,,3.0,0
"Barnwell County, SC",45011,59.0,144719,46626.0,20521.0,25.0,7.0,,287.51035524584574,,8.0,1
"Barren County, KY",21009,61.0,312740,50628.0,44938.0,19.4,4.1,4.0,135.74257866393697,8.901152699274556,6.0,1
"Barron County, WI",55005,38.0,322703,65933.0,46797.0,11.0,2.8,4.0,81.20178643930167,8.547556467294912,6.0,1
"Barrow County, GA",13013,147.0,614680,80653.0,89886.0,9.6,3.7,3.0,163.5404846138442,3.3375609104866166,1.0,0
"Barry County, MI",26015,56.0,439147,77500.0,63409.0,8.4,4.3,1.0,88.31553880363987,1.5770631929221404,1.0,0
"Barry County, MO",29009,38.0,248014,58346.0,35033.0,15.2,4.6,3.0,108.46915765135728,8.563354551422943,6.0,1
"Bartholomew County, IN",18005,196.0,585738,79901.0,83536.0,10.5,4.1,3.0,234.62938134457,3.5912660409883164,3.0,0
"Barton County, KS",20009,20.0,177578,58851.0,25097.0,15.4,3.9,1.0,79.69079969717497,3.984539984858748,7.0,1
"Barton County, MO",29011,12.0,81944,51635.0,11690.0,20.2,3.3,1.0,102.6518391787853,8.554319931565441,8.0,1
"Bartow County, GA",13015,261.0,779780,82243.0,113113.0,10.3,4.7,,230.74270861881482,,1.0,0
"Bastrop County, TX",48021,109.0,701255,86226.0,106582.0,10.2,4.3,1.0,102.26867576138561,0.9382447317558312,1.0,0
"Bates County, MO",29013,35.0,113652,60733.0,16186.0,15.9,5.9,1.0,216.23625355245272,6.178178672927221,1.0,0
"Bath County, KY",21011,65.0,88897,56541.0,12851.0,25.3,2.5,2.0,505.79721422457396,15.562991206909967,8.0,1
"Baxter County, AR",05005,44.0,296254,48452.0,42407.0,15.5,6.3,3.0,103.75645530219069,7.074303770603909,7.0,1
"Bay County, FL",12005,429.0,1286103,73533.0,186393.0,11.9,3.9,2.0,230.15885789702403,1.0730016685175945,3.0,0
"Bay County, MI",26017,223.0,720393,61763.0,103008.0,13.2,4.3,4.0,216.4880397639018,3.883193538365952,3.0,0
"Bayfield County, WI",55007,23.0,111855,71151.0,16575.0,9.8,3.6,2.0,138.76319758672702,12.066365007541478,8.0,1
"Beadle County, SD",46005,13.0,133396,67681.0,19309.0,13.6,1.9,3.0,67.32611735460148,15.536796312600341,7.0,1
"Beaufort County, NC",37013,121.0,318943,58357.0,44499.0,17.8,3.9,1.0,271.91622283646825,2.247241511045192,6.0,1
"Beaufort County, SC",45013,265.0,1365366,86573.0,195289.0,9.6,2.6,1.0,135.6963269820625,0.512061611253066,3.0,0
"Beauregard Parish, LA",22011,49.0,259307,65944.0,36676.0,14.3,6.8,2.0,133.60235576398736,5.453157378121933,6.0,1
"Beaver County, PA",42007,466.0,1154718,71089.0,166324.0,9.9,5.3,5.0,280.1760419422332,3.0061807075346914,1.0,0
"Beaver County, UT",49001,15.0,49284,79360.0,7273.0,6.6,1.7,2.0,206.2422659150282,27.498968788670425,9.0,1
"Becker County, MN",27005,49.0,244567,71388.0,35343.0,12.9,4.3,,138.64131511190334,,6.0,1
"Beckham County, OK",40009,37.0,153381,53328.0,22148.0,21.7,7.9,1.0,167.05797363193065,4.515080368430558,7.0,1
"Bedford County, PA",42009,94.0,333753,59992.0,47513.0,11.6,3.9,,197.84059099614842,,8.0,1
"Bedford County, TN",47003,119.0,359282,67225.0,52237.0,12.6,4.2,4.0,227.80787564370084,7.657407584662213,4.0,1
"Bedford County, VA",51019,128.0,562241,78937.0,80894.0,8.1,3.1,2.0,158.2317600810938,2.4723712512670906,2.0,0
"Bee County, TX",48025,33.0,221059,57673.0,31083.0,17.6,5.2,,106.16735836309238,,6.0,1
"Belknap County, NH",33001,157.0,443401,92783.0,64659.0,8.5,3.1,,242.81229217896967,,4.0,1
"Bell County, KY",21013,90.0,171877,31354.0,23509.0,28.8,10.1,3.0,382.8321068526947,12.761070228423156,7.0,1
"Bell County, TX",48027,390.0,2649267,68865.0,386897.0,14.5,6.8,4.0,100.80202224364623,1.033866894806628,2.0,0
"Belmont County, OH",39013,173.0,461411,57017.0,65473.0,15.8,5.4,3.0,264.231057076963,4.582041452201671,3.0,0
"Beltrami County, MN",27007,159.0,328136,68975.0,46512.0,16.1,4.7,2.0,341.8472652218782,4.299965600275198,7.0,1
"Ben Hill County, GA",13017,21.0,118401,41758.0,17089.0,25.2,3.1,,122.88606706068231,,7.0,1
"Benewah County, ID",16009,16.0,69153,59794.0,10142.0,12.9,3.7,2.0,157.7598106882272,19.7199763360284,8.0,1
"Bennington County, VT",50003,106.0,255365,73325.0,37269.0,11.3,4.4,,284.41868577101616,,6.0,1
"Benson County, ND",38005,16.0,43636,64033.0,5808.0,25.6,3.4,,275.4820936639118,,9.0,1
"Benton County, AR",05007,271.0,2069657,93506.0,303632.0,7.6,3.1,8.0,89.25277968066608,2.634768403857301,2.0,0
"Benton County, IA",19011,12.0,179698,86962.0,25724.0,7.4,2.0,,46.64904369460426,,2.0,0
"Benton County, MN",27009,54.0,288795,74410.0,41593.0,9.9,3.9,1.0,129.82953862428775,2.404250715264588,3.0,0
"Benton County, MO",29015,30.0,139646,52567.0,20151.0,19.9,3.8,1.0,148.87598630340926,4.962532876780309,9.0,1
"Benton County, MS",28009,15.0,55081,46016.0,7589.0,21.5,3.1,1.0,197.65449993411517,13.176966662274344,1.0,0
"Benton County, OR",41003,78.0,668652,77702.0,96303.0,18.2,7.0,1.0,80.99436154636928,1.0383892505944778,3.0,0
"Benton County, TN",47005,37.0,112625,51746.0,16006.0,17.8,5.3,3.0,231.163313757341,18.74297138573035,9.0,1
"Benton County, WA",53005,324.0,1468918,89874.0,212905.0,11.0,5.3,1.0,152.1805500105681,0.46969305558817315,2.0,0
"Benzie County, MI",26019,26.0,126852,74834.0,18310.0,9.7,3.1,2.0,141.99890770071,10.922992900054615,3.0,0
"Bergen County, NJ",34003,1107.0,6642481,124884.0,962316.0,6.8,5.8,,115.03497811529684,,1.0,0
"Berkeley County, SC",45015,488.0,1686296,84358.0,246802.0,9.9,3.2,,197.72935389502518,,2.0,0
"Berkeley County, WV",54003,531.0,882705,80815.0,129514.0,11.1,4.7,6.0,409.99428633197954,4.632703800361351,2.0,0
"Berks County, PA",42011,868.0,2994062,79777.0,433015.0,12.2,5.4,10.0,200.454949597589,2.309388820248721,2.0,0
"Berkshire County, MA",25003,422.0,887923,76013.0,129430.0,11.4,5.4,,326.0449663910994,,3.0,0
"Bernalillo County, NM",35001,2487.0,4729722,69473.0,673930.0,15.2,5.3,32.0,369.02942442093394,4.748267624233971,2.0,0
"Berrien County, GA",13019,35.0,131654,52876.0,18352.0,20.6,3.7,,190.71490845684394,,8.0,1
"Berrien County, MI",26021,262.0,1071532,65425.0,153288.0,15.1,6.2,8.0,170.92009811596472,5.218934293617243,3.0,0
"Bertie County, NC",37015,40.0,125291,48750.0,17170.0,16.1,5.1,2.0,232.96447291788004,11.648223645894001,9.0,1
"Bethel Census Area, AK",02050,37.0,128314,73996.0,18394.0,25.6,15.9,2.0,201.1525497444819,10.873110796999022,7.0,1
"Bexar County, TX",48029,2597.0,14319608,72341.0,2067341.0,14.6,5.8,13.0,125.62030163383785,0.628827077874429,1.0,0
"Bibb County, AL",01007,49.0,155538,52541.0,22130.0,22.5,12.1,1.0,221.41888838680524,4.518752824220515,1.0,0
"Bibb County, GA",13021,196.0,1085518,51234.0,156578.0,24.7,8.1,2.0,125.17722796305995,1.2773186526842852,3.0,0
"Bienville Parish, LA",22013,14.0,89727,35011.0,12638.0,29.2,6.3,,110.77702168064567,,8.0,1
"Big Horn County, MT",30003,17.0,91075,58750.0,12891.0,22.1,13.2,1.0,131.87495151656196,7.757350089209526,8.0,1
"Big Horn County, WY",56003,17.0,82835,62101.0,11828.0,12.7,3.3,2.0,143.72675008454513,16.909029421711192,9.0,1
"Bingham County, ID",16011,72.0,340332,77878.0,49664.0,11.7,5.4,3.0,144.9742268041237,6.040592783505155,6.0,1
"Black Hawk County, IA",19013,115.0,917883,66417.0,131049.0,14.9,4.6,5.0,87.75343573777748,3.8153667712077164,3.0,0
"Blackford County, IN",18009,28.0,83189,51326.0,11950.0,16.2,3.7,1.0,234.30962343096235,8.368200836820085,6.0,1
"Bladen County, NC",37017,109.0,217055,42422.0,29566.0,22.0,5.4,1.0,368.6667117635121,3.3822634106744234,8.0,1
"Blaine County, ID",16013,19.0,168982,92566.0,24951.0,6.6,2.1,,76.14925253496854,,7.0,1
"Blaine County, MT",30005,13.0,47774,64813.0,6949.0,18.3,13.6,1.0,187.0772773060872,14.390559792775939,9.0,1
"Blaine County, OK",40011,14.0,62444,61642.0,8570.0,17.4,8.4,1.0,163.3605600933489,11.668611435239207,8.0,1
"Blair County, PA",42013,292.0,848669,62382.0,121277.0,12.0,4.4,5.0,240.7711272541372,4.12279327489961,3.0,0
"Blanco County, TX",48031,12.0,86612,92425.0,12446.0,8.4,5.9,1.0,96.41651936365098,8.034709946970914,8.0,1
"Bland County, VA",51021,14.0,43498,61216.0,6199.0,13.6,2.3,,225.8428778835296,,8.0,1
"Bleckley County, GA",13023,14.0,88621,62008.0,12430.0,19.3,5.9,,112.63073209975866,,6.0,1
"Bledsoe County, TN",47007,30.0,105725,54720.0,15032.0,20.7,1.8,,199.57424161788185,,8.0,1
"Blount County, AL",01009,106.0,412077,64190.0,59518.0,12.9,5.0,,178.0973823045129,,1.0,0
"Blount County, TN",47009,471.0,960418,77365.0,139333.0,8.4,3.5,5.0,338.0390862179096,3.588525331400314,2.0,0
"Blue Earth County, MN",27013,74.0,482938,74477.0,69871.0,15.7,4.9,5.0,105.90946172231685,7.156044710967354,3.0,0
"Bolivar County, MS",28011,27.0,209144,39585.0,29534.0,32.6,7.1,,91.42005823796303,,7.0,1
"Bollinger County, MO",29017,15.0,78641,63814.0,10559.0,13.6,3.5,1.0,142.05890709347474,9.470593806231651,3.0,0
"Bond County, IL",17005,26.0,115506,65959.0,16716.0,10.9,4.5,1.0,155.53960277578366,5.982292414453219,1.0,0
"Bonner County, ID",16017,41.0,344690,66979.0,51049.0,11.1,4.8,5.0,80.31499147877528,9.794511155948207,6.0,1
"Bonneville County, ID",16019,198.0,880486,79068.0,129523.0,9.8,4.6,20.0,152.86860248758907,15.441272978544351,3.0,0
"Boone County, AR",05009,41.0,265817,55143.0,38138.0,11.7,2.5,2.0,107.50432639362315,5.244113482615764,7.0,1
"Boone County, IA",19015,22.0,185508,83531.0,26668.0,6.2,1.5,1.0,82.49587520623969,3.7498125093745314,3.0,0
"Boone County, IL",17007,61.0,372726,84571.0,53230.0,9.9,7.4,1.0,114.59703174901371,1.8786398647379297,2.0,0
"Boone County, IN",18011,126.0,506298,111250.0,74718.0,4.5,2.8,2.0,168.63406408094434,2.6767311758880057,1.0,0
"Boone County, KY",21015,297.0,961646,99414.0,139841.0,6.3,3.1,3.0,212.3840647592623,2.1452935834268922,1.0,0
"Boone County, MO",29019,301.0,1298606,72758.0,188043.0,16.6,3.8,11.0,160.06977127571884,5.849725860574443,3.0,0
"Boone County, WV",54005,153.0,147815,57093.0,21026.0,16.2,8.9,2.0,727.6705031865309,9.512032721392561,3.0,0
"Bosque County, TX",48035,30.0,131188,68914.0,18687.0,9.3,3.6,,160.5394124257505,,2.0,0
"Bossier Parish, LA",22015,134.0,900816,69617.0,129789.0,15.9,5.9,1.0,103.2444968371742,0.7704813196804043,2.0,0
"Botetourt County, VA",51023,66.0,236584,81213.0,34004.0,6.2,2.4,,194.09481237501473,,2.0,0
"Boulder County, CO",08013,367.0,2293549,103994.0,328961.0,11.2,4.8,15.0,111.56337681366485,4.559811041430443,2.0,0
"Boundary County, ID",16021,13.0,90352,67237.0,13172.0,13.6,2.6,1.0,98.69419981779531,7.591861524445795,9.0,1
"Bourbon County, KS",20011,15.0,101270,59238.0,14394.0,13.6,5.3,2.0,104.21008753647354,13.894678338196472,6.0,1
"Bourbon County, KY",21017,77.0,140662,61354.0,20240.0,14.2,4.2,3.0,380.4347826086957,14.82213438735178,2.0,0
"Bowie County, TX",48037,88.0,649345,59803.0,92115.0,16.2,4.4,2.0,95.5327579655865,2.1711990446724205,3.0,0
"Box Elder County, UT",49003,94.0,415993,84550.0,61246.0,8.4,3.2,7.0,153.4794109003037,11.42931783300134,4.0,1
"Boyd County, KY",21019,294.0,332086,61118.0,47911.0,16.9,6.4,10.0,613.6377867295611,20.87203356222997,2.0,0
"Boyle County, KY",21021,86.0,214560,61159.0,30941.0,15.6,5.8,4.0,277.9483533176045,12.927830386865326,7.0,1
"Bracken County, KY",21023,26.0,58642,66319.0,8444.0,19.5,4.8,,307.9109426811937,,1.0,0
"Bradford County, FL",12007,44.0,196312,63050.0,27885.0,16.8,4.7,1.0,157.79092702169623,3.5861574323112784,6.0,1
"Bradford County, PA",42015,81.0,420529,63675.0,59858.0,12.6,6.3,,135.32025794380033,,6.0,1
"Bradley County, TN",47011,264.0,770047,66552.0,111065.0,12.7,6.6,4.0,237.6986449376491,3.6014946202674114,3.0,0
"Branch County, MI",26023,48.0,311481,63724.0,45300.0,16.4,5.7,1.0,105.96026490066225,2.207505518763797,6.0,1
"Brantley County, GA",13025,44.0,130688,58239.0,18315.0,17.1,2.8,1.0,240.24024024024024,5.46000546000546,3.0,0
"Braxton County, WV",54007,42.0,90393,50331.0,12208.0,20.4,9.4,1.0,344.03669724770646,8.191349934469201,8.0,1
"Brazoria County, TX",48039,431.0,2705014,97993.0,391255.0,7.4,4.7,7.0,110.1583366346756,1.7891145161084205,1.0,0
"Brazos County, TX",48041,136.0,1661897,58553.0,242311.0,24.3,4.7,2.0,56.12621795956436,0.8253855582288877,2.0,0
"Breathitt County, KY",21025,70.0,90567,34808.0,13276.0,33.1,9.3,5.0,527.2672491714371,37.661946369388374,9.0,1
"Breckinridge County, KY",21027,32.0,145341,55843.0,20881.0,21.4,4.5,1.0,153.2493654518462,4.789042670370193,8.0,1
"Bremer County, IA",19017,11.0,176295,86784.0,25204.0,7.3,3.3,1.0,43.64386605300746,3.9676241866370416,3.0,0
"Brevard County, FL",12009,2016.0,4356997,78476.0,632780.0,10.2,4.8,12.0,318.5941401434938,1.89639369133032,2.0,0
"Brewster County, TX",48043,18.0,65521,56212.0,9503.0,8.9,3.0,1.0,189.41386930443016,10.52299273913501,7.0,1
"Bristol County, MA",25005,1921.0,4026670,85625.0,582270.0,11.3,5.5,,329.91567485874253,,1.0,0
"Bristol County, RI",44001,83.0,347056,114490.0,50490.0,6.5,3.0,,164.3889879183997,,1.0,0
"Bristol city, VA",51520,37.0,117725,50404.0,16849.0,18.0,6.3,1.0,219.59760223158645,5.935070330583418,2.0,0
"Bronx County, NY",36005,4806.0,9797575,48676.0,1404779.0,27.8,11.4,58.0,342.11787049777934,4.128763314371869,1.0,0
"Brooke County, WV",54009,75.0,152347,54316.0,21805.0,13.1,6.3,,343.957807842238,,3.0,0
"Brookings County, SD",46011,11.0,248374,70064.0,35353.0,13.2,3.7,,31.114756880604194,,5.0,1
"Brooks County, GA",13027,18.0,111439,46807.0,16293.0,25.4,5.0,1.0,110.47689191677408,6.137605106487449,3.0,0
"Brooks County, TX",48047,10.0,48659,47764.0,6943.0,19.4,19.9,,144.0299582313121,,9.0,1
"Broome County, NY",36007,535.0,1358398,62616.0,197378.0,18.5,7.1,2.0,271.0535115362401,1.013284155275664,3.0,0
"Broomfield County, CO",08014,76.0,518597,123874.0,76304.0,6.2,3.8,1.0,99.60159362549801,1.3105472845460264,1.0,0
"Broward County, FL",12011,4020.0,13740155,77633.0,1977129.0,12.2,5.4,63.0,203.32512446077115,3.1864385176688015,1.0,0
"Brown County, IN",18013,33.0,107863,78528.0,15606.0,7.8,2.2,1.0,211.4571318723568,6.407791874919902,1.0,0
"Brown County, KS",20013,12.0,65855,62233.0,9343.0,13.8,5.2,1.0,128.43840308252166,10.703200256876807,8.0,1
"Brown County, MN",27015,20.0,177845,69378.0,25800.0,8.5,2.9,1.0,77.51937984496124,3.8759689922480622,6.0,1
"Brown County, OH",39015,164.0,305859,71270.0,43845.0,19.6,4.9,4.0,374.04493100695635,9.123047097730643,1.0,0
"Brown County, SD",46013,13.0,268194,70898.0,37877.0,11.7,3.3,1.0,34.321619980463076,2.6401246138817753,5.0,1
"Brown County, TX",48049,37.0,267326,57470.0,38347.0,15.3,5.3,1.0,96.48733929642475,2.6077659269303988,5.0,1
"Brown County, WI",55009,344.0,1877483,79649.0,270892.0,9.1,2.6,12.0,126.98787708754782,4.429809665844691,2.0,0
"Brunswick County, NC",37019,328.0,1052958,77024.0,152568.0,9.2,4.7,2.0,214.9861045566567,1.3108908814430287,2.0,0
"Brunswick County, VA",51025,42.0,112012,53084.0,15841.0,14.9,3.3,1.0,265.1347768448962,6.312732782021336,8.0,1
"Bryan County, GA",13029,61.0,314498,103408.0,48263.0,6.7,5.3,,126.39081698195304,,2.0,0
"Bryan County, OK",40013,72.0,338744,57225.0,48253.0,16.6,4.6,2.0,149.21352040287653,4.1448200111910145,6.0,1
"Buchanan County, IA",19019,17.0,146456,78236.0,20694.0,8.6,2.8,,82.14941528945589,,6.0,1
"Buchanan County, MO",29021,197.0,595759,62158.0,83568.0,16.0,4.2,2.0,235.73616695385792,2.3932605782117555,3.0,0
"Buchanan County, VA",51027,77.0,139725,42886.0,19415.0,25.2,3.9,6.0,396.600566572238,30.903940252382178,9.0,1
"Buckingham County, VA",51029,28.0,119337,60828.0,16976.0,12.5,4.7,,164.9387370405278,,8.0,1
"Bucks County, PA",42017,1479.0,4471719,114764.0,647461.0,6.1,4.4,15.0,228.43074718013904,2.3167418578107406,1.0,0
"Buena Vista County, IA",19021,10.0,142020,71719.0,20753.0,7.8,5.5,3.0,48.18580446200549,14.45574133860165,7.0,1
"Buena Vista city, VA",51530,11.0,45456,57833.0,6593.0,18.8,1.4,,166.8436220233581,,6.0,1
"Buffalo County, NE",31019,30.0,352166,75911.0,50579.0,9.9,2.6,1.0,59.31315368038119,1.977105122679373,4.0,1
"Bullitt County, KY",21029,264.0,582346,80558.0,84027.0,9.7,4.3,4.0,314.1847263379628,4.760374641484285,1.0,0
"Bulloch County, GA",13031,58.0,573025,58810.0,82683.0,23.0,8.2,1.0,70.14743054799656,1.2094384577240787,4.0,1
"Bullock County, AL",01011,26.0,70535,31310.0,10058.0,33.3,7.2,,258.5006959634122,,8.0,1
"Buncombe County, NC",37021,829.0,1884005,74436.0,274360.0,11.8,4.3,12.0,302.1577489429946,4.373815424989065,2.0,0
"Bureau County, IL",17011,33.0,228850,69257.0,32866.0,10.8,4.3,2.0,100.4077161808556,6.085316132173066,7.0,1
"Burke County, GA",13033,34.0,165062,53014.0,24470.0,18.3,5.0,1.0,138.94564773191664,4.086636697997548,2.0,0
"Burke County, NC",37023,294.0,623660,58592.0,87795.0,15.6,4.4,5.0,334.8710063215445,5.695085141522866,2.0,0
"Burleigh County, ND",38015,104.0,688443,86851.0,100600.0,7.9,2.3,6.0,103.37972166998013,5.964214711729623,3.0,0
"Burleson County, TX",48051,20.0,131708,70000.0,18857.0,12.7,5.0,,106.061409556133,,2.0,0
"Burlington County, NJ",34005,1059.0,3212383,108111.0,467805.0,6.6,5.3,,226.37637477153942,,1.0,0
"Burnet County, TX",48053,53.0,358519,78732.0,52652.0,8.0,2.6,1.0,100.66094355390108,1.899263085922662,6.0,1
"Burnett County, WI",55013,24.0,114422,62819.0,16916.0,12.8,4.9,2.0,141.87751241428234,11.823126034523527,8.0,1
"Butler County, AL",01013,23.0,132804,44755.0,18630.0,22.4,6.5,1.0,123.45679012345678,5.367686527106817,6.0,1
"Butler County, KS",20015,86.0,474587,81610.0,68287.0,8.5,3.4,2.0,125.9390513567736,2.9288151478319446,2.0,0
"Butler County, KY",21031,21.0,87869,56092.0,12393.0,20.5,4.4,1.0,169.4504962478819,8.069071249899137,3.0,0
"Butler County, MO",29023,109.0,295337,49089.0,42020.0,20.5,4.8,3.0,259.400285578296,7.139457401237506,5.0,1
"Butler County, OH",39017,1257.0,2722399,81590.0,392876.0,11.8,5.1,22.0,319.94827884625175,5.599731212901781,1.0,0
"Butler County, PA",42019,432.0,1354203,89843.0,197254.0,8.1,4.4,2.0,219.00696563821265,1.0139211372139474,1.0,0
"Butte County, CA",06007,710.0,1494304,67928.0,207929.0,19.2,7.5,8.0,341.46271082917724,3.8474671642724196,3.0,0
"Butts County, GA",13035,46.0,180999,69241.0,26496.0,10.4,3.2,,173.61111111111111,,1.0,0
"Cabarrus County, NC",37025,401.0,1601290,89005.0,236133.0,9.3,4.6,4.0,169.81955084634507,1.6939606069460855,1.0,0
"Cabell County, WV",54011,846.0,646477,55832.0,92739.0,19.2,5.1,8.0,912.2375699543882,8.626359999568683,2.0,0
"Cache County, UT",49005,99.0,950831,81665.0,140046.0,12.0,2.6,6.0,70.69105865215715,4.284306584979221,3.0,0
"Caddo County, OK",40015,62.0,191540,55353.0,26447.0,18.3,5.8,,234.43112640375088,,6.0,1
"Caddo Parish, LA",22017,248.0,1634001,50705.0,230004.0,22.4,8.7,11.0,107.82421175283908,4.782525521295282,2.0,0
"Calaveras County, CA",06009,83.0,323669,78647.0,46248.0,13.0,4.5,2.0,179.46722020411693,4.324511330219686,6.0,1
"Calcasieu Parish, LA",22019,430.0,1428180,67564.0,207088.0,17.4,5.4,7.0,207.64119601328906,3.380205516495403,2.0,0
"Caldwell County, KY",21033,19.0,88505,59583.0,12618.0,15.1,4.4,1.0,150.578538595657,7.925186241876684,7.0,1
"Caldwell County, NC",37027,228.0,568575,56425.0,80536.0,13.4,5.0,2.0,283.1032085030297,2.483361478096752,2.0,0
"Caldwell County, TX",48055,35.0,327818,69758.0,48669.0,13.2,3.4,2.0,71.91436027039799,4.109392015451314,1.0,0
"Caldwell Parish, LA",22021,18.0,67624,47028.0,9500.0,29.8,10.1,1.0,189.4736842105263,10.526315789473685,8.0,1
"Caledonia County, VT",50005,87.0,212127,69970.0,30475.0,11.7,2.2,,285.4799015586546,,9.0,1
"Calhoun County, AL",01015,262.0,805967,55029.0,116090.0,17.9,6.0,3.0,225.6869670083556,2.5842019123094153,3.0,0
"Calhoun County, FL",12013,13.0,96623,50517.0,13492.0,20.7,8.0,1.0,96.35339460420991,7.411799584939223,8.0,1
"Calhoun County, MI",26025,346.0,936485,63177.0,133778.0,13.9,6.4,6.0,258.63744412384693,4.4850423836505255,3.0,0
"Calhoun County, MS",28013,16.0,94276,43125.0,12922.0,20.4,4.7,1.0,123.8198421297013,7.738740133106331,9.0,1
"Calhoun County, SC",45017,22.0,100406,58682.0,14182.0,12.9,5.8,,155.12621633055988,,2.0,0
"Calhoun County, TX",48057,15.0,142923,79959.0,19868.0,7.7,7.4,,75.498288705456,,6.0,1
"Calhoun County, WV",54013,15.0,45384,43980.0,6048.0,32.9,8.9,,248.015873015873,,8.0,1
"Callahan County, TX",48059,13.0,99361,72436.0,14241.0,9.6,4.7,,91.28572431711255,,3.0,0
"Callaway County, MO",29027,72.0,313776,74176.0,44741.0,11.6,5.1,4.0,160.9262197983952,8.940345544355289,3.0,0
"Calloway County, KY",21035,51.0,269936,52706.0,38224.0,17.2,4.4,5.0,133.42402678945166,13.080786940142318,7.0,1
"Calumet County, WI",55015,41.0,362515,88810.0,52942.0,5.9,2.1,,77.44323977182577,,3.0,0
"Calvert County, MD",24009,220.0,655742,133922.0,94313.0,3.9,2.7,5.0,233.2658276165534,5.301496082194395,3.0,0
"Cambria County, PA",42021,479.0,914978,58418.0,131538.0,14.2,4.7,2.0,364.1533245145889,1.5204731712508932,3.0,0
"Camden County, GA",13039,83.0,393625,74378.0,56970.0,12.9,5.4,1.0,145.69071441109355,1.75530981218185,4.0,1
"Camden County, MO",29029,66.0,313917,66387.0,43667.0,12.6,4.3,4.0,151.14388439782903,9.160235418050243,7.0,1
"Camden County, NC",37029,13.0,76805,91078.0,10927.0,6.1,5.5,,118.97135535828681,,1.0,0
"Camden County, NJ",34007,2010.0,3630220,88755.0,527257.0,12.4,6.9,,381.21826737245783,,1.0,0
"Cameron County, TX",48061,213.0,2978072,52601.0,426120.0,24.8,5.9,3.0,49.98591945930724,0.7040270346381301,2.0,0
"Cameron Parish, LA",22023,15.0,40372,75278.0,5015.0,7.4,2.1,,299.1026919242273,,2.0,0
"Camp County, TX",48063,15.0,90683,58843.0,12798.0,19.9,5.7,,117.20581340834507,,8.0,1
"Campbell County, KY",21037,289.0,654816,77567.0,93426.0,11.1,4.0,4.0,309.3357309528397,4.281463404191553,1.0,0
"Campbell County, TN",47013,183.0,278885,51557.0,39761.0,18.5,5.0,4.0,460.2499937124318,10.060109152184301,2.0,0
"Campbell County, VA",51031,65.0,386407,66165.0,55312.0,10.8,3.7,,117.51518657795778,,2.0,0
"Campbell County, WY",56005,46.0,328060,89869.0,47240.0,9.4,3.5,3.0,97.37510584250636,6.350550381033023,5.0,1
"Canadian County, OK",40017,184.0,1134420,87751.0,168985.0,8.0,4.5,3.0,108.88540402994347,1.775305500488209,1.0,0
"Candler County, GA",13043,13.0,76850,49581.0,11043.0,16.3,2.5,1.0,117.72163361405414,9.055510278004165,9.0,1
"Cannon County, TN",47015,59.0,103533,59443.0,14818.0,18.3,2.8,1.0,398.1643946551492,6.748549061951681,1.0,0
"Canyon County, ID",16027,283.0,1709147,76488.0,250790.0,10.5,3.7,15.0,112.84341480920291,5.981099724869412,2.0,0
"Cape Girardeau County, MO",29031,92.0,568790,68464.0,82735.0,13.9,2.3,5.0,111.19840454463043,6.043391551338611,3.0,0
"Cape May County, NJ",34009,340.0,655925,91128.0,94941.0,8.7,5.3,,358.1171464383143,,2.0,0
"Carbon County, MT",30009,10.0,77303,80261.0,11116.0,7.8,4.5,1.0,89.96041741633681,8.99604174163368,3.0,0
"Carbon County, PA",42025,252.0,454563,67554.0,65382.0,12.3,7.5,,385.4271817931541,,2.0,0
"Carbon County, UT",49007,54.0,143657,58377.0,20517.0,17.0,5.9,6.0,263.1963737388507,29.244041526538965,7.0,1
"Carbon County, WY",56007,22.0,102257,70511.0,14463.0,12.2,5.0,1.0,152.11228652423426,6.914194842010648,7.0,1
"Carlton County, MN",27017,63.0,254164,80573.0,36518.0,11.9,4.8,5.0,172.5176625225916,13.69187797798346,2.0,0
"Caroline County, MD",24011,105.0,234862,68457.0,33669.0,12.2,5.7,1.0,311.85957408892455,2.970091181799281,6.0,1
"Caroline County, VA",51033,77.0,221763,87407.0,32098.0,11.2,5.3,2.0,239.89033584647018,6.23091781419403,8.0,1
"Carroll County, AR",05015,51.0,199838,54230.0,28626.0,17.2,4.7,2.0,178.15971494445608,6.9866554880178855,6.0,1
"Carroll County, GA",13045,278.0,863315,73714.0,124569.0,15.4,5.9,5.0,223.1694883959894,4.013839719352327,1.0,0
"Carroll County, IA",19027,12.0,142421,72930.0,20594.0,7.9,1.8,4.0,58.26939885403516,19.423132951345053,7.0,1
"Carroll County, IN",18015,27.0,142883,65645.0,20535.0,8.8,3.1,1.0,131.4828341855369,4.869734599464329,3.0,0
"Carroll County, KY",21041,47.0,75997,56466.0,10954.0,23.1,6.1,1.0,429.06700748584996,9.129085265656382,6.0,1
"Carroll County, MD",24013,409.0,1208893,118211.0,175321.0,5.2,3.5,9.0,233.28637185505443,5.133440945465746,1.0,0
"Carroll County, NH",33003,100.0,355583,86463.0,51804.0,7.6,5.1,,193.03528685043625,,6.0,1
"Carroll County, OH",39019,43.0,187460,64835.0,26659.0,12.9,5.6,1.0,161.2963727071533,3.7510784350500765,2.0,0
"Carroll County, TN",47017,33.0,198423,51787.0,28641.0,17.0,4.5,2.0,115.21944066198806,6.982996403756852,6.0,1
"Carroll County, VA",51035,51.0,206177,54484.0,29157.0,15.3,5.5,1.0,174.91511472373702,3.4297081318379807,6.0,1
"Carson City, NV",32510,126.0,400671,72355.0,58384.0,10.3,5.5,7.0,215.8125513839408,11.98958618799671,3.0,0
"Carter County, KY",21043,126.0,185614,51235.0,26341.0,19.2,5.3,8.0,478.34174860483654,30.370904673322958,2.0,0
"Carter County, OK",40019,87.0,339173,60723.0,48555.0,16.2,3.8,1.0,179.1782514674081,2.0595201318092884,5.0,1
"Carter County, TN",47019,164.0,396160,50135.0,56712.0,17.1,6.2,3.0,289.1804203695867,5.289885738468049,3.0,0
"Carteret County, NC",37031,188.0,486350,72322.0,69148.0,10.1,4.0,8.0,271.8806039220223,11.56938740093712,4.0,1
"Carver County, MN",27019,75.0,757550,125946.0,110041.0,4.4,3.1,3.0,68.1564144273498,2.7262565770939924,1.0,0
"Cascade County, MT",30013,86.0,583153,67690.0,84606.0,13.1,3.3,4.0,101.64763728340779,4.7277970829492,3.0,0
"Casey County, KY",21045,31.0,111765,45510.0,15914.0,21.7,8.9,1.0,194.79703405806208,6.283775292195552,9.0,1
"Cass County, IA",19029,14.0,90891,63013.0,13096.0,14.3,1.4,1.0,106.90287110568111,7.635919364691509,6.0,1
"Cass County, IL",17017,11.0,87071,68125.0,12784.0,11.1,4.2,3.0,86.0450563204005,23.466833541927407,6.0,1
"Cass County, IN",18017,64.0,263360,56403.0,37680.0,13.2,4.6,1.0,169.85138004246286,2.6539278131634823,4.0,1
"Cass County, MI",26027,66.0,361102,70443.0,51520.0,11.9,5.0,2.0,128.1055900621118,3.8819875776397517,2.0,0
"Cass County, MN",27021,85.0,214027,68874.0,30992.0,12.8,6.6,,274.2643262777491,,9.0,1
"Cass County, MO",29037,143.0,763177,87535.0,110773.0,6.2,4.2,5.0,129.09282948010795,4.513735296507272,1.0,0
"Cass County, ND",38017,195.0,1323946,75555.0,193400.0,11.0,3.0,12.0,100.82730093071355,6.204756980351602,3.0,0
"Cass County, NE",31025,17.0,187716,91836.0,27161.0,5.2,1.7,,62.58974264570524,,2.0,0
"Cass County, TX",48067,36.0,204404,53813.0,28568.0,17.5,6.4,,126.01512181461774,,6.0,1
"Cassia County, ID",16031,31.0,174662,70830.0,25483.0,12.4,2.4,2.0,121.64972726915983,7.848369501236118,6.0,1
"Caswell County, NC",37033,47.0,158243,59755.0,22404.0,18.6,5.2,,209.78396714872346,,8.0,1
"Catahoula Parish, LA",22025,10.0,62393,50275.0,8583.0,24.3,8.9,,116.5093790050099,,9.0,1
"Catawba County, NC",37035,395.0,1135394,67864.0,163573.0,12.7,3.7,4.0,241.4823962389881,2.445391354318867,2.0,0
"Catoosa County, GA",13047,127.0,478069,74639.0,68634.0,9.9,4.3,1.0,185.03948480345016,1.4570038173500015,2.0,0
"Cattaraugus County, NY",36009,160.0,532760,59540.0,76145.0,19.1,5.0,6.0,210.12541860923238,7.879703197846214,4.0,1
"Cayuga County, NY",36011,130.0,529680,67904.0,75102.0,13.5,3.8,4.0,173.09792016191312,5.326089851135789,4.0,1
"Cecil County, MD",24015,533.0,729924,92007.0,104960.0,10.8,5.5,6.0,507.8125,5.716463414634147,1.0,0
"Cedar County, MO",29039,17.0,101628,48181.0,14615.0,17.0,2.6,,116.31885049606569,,8.0,1
"Centre County, PA",42027,102.0,1120238,74291.0,158576.0,16.3,4.3,4.0,64.32246998284735,2.5224498032489153,3.0,0
"Cerro Gordo County, IA",19033,46.0,297214,68189.0,42632.0,10.6,2.6,2.0,107.90016888722086,4.6913116907487336,5.0,1
"Chaffee County, CO",08015,33.0,142738,84132.0,20178.0,8.3,4.8,,163.54445435622958,,6.0,1
"Chambers County, AL",01017,40.0,236255,49656.0,34192.0,15.7,5.1,1.0,116.9864295741694,2.924660739354235,6.0,1
"Chambers County, TX",48071,61.0,342089,109804.0,51498.0,11.9,7.3,,118.45120198842673,,1.0,0
"Champaign County, IL",17019,327.0,1459367,63683.0,208741.0,19.1,4.3,4.0,156.65346050847702,1.9162502814492601,3.0,0
"Champaign County, OH",39021,81.0,271759,75556.0,38804.0,8.0,4.8,1.0,208.74136686939488,2.5770539119678384,6.0,1
"Charles City County, VA",51036,15.0,47098,75417.0,6627.0,9.4,3.9,,226.34676324128563,,1.0,0
"Charles County, MD",24017,345.0,1174447,122816.0,170527.0,6.9,4.8,10.0,202.31400306109882,5.864174001770981,1.0,0
"Charleston County, SC",45019,1012.0,2922963,88494.0,420264.0,11.3,3.5,2.0,240.8010203110426,0.47589134448822645,2.0,0
"Charlevoix County, MI",26029,38.0,183135,76531.0,26108.0,8.7,3.4,1.0,145.54925693274092,3.830243603493182,7.0,1
"Charlotte County, FL",12015,323.0,1384379,69952.0,201064.0,9.0,5.4,3.0,160.64536664942506,1.4920622289420284,3.0,0
"Charlotte County, VA",51037,36.0,81155,58000.0,11422.0,18.9,2.4,1.0,315.18122920679394,8.755034144633164,8.0,1
"Charlottesville city, VA",51540,63.0,323128,74824.0,45437.0,19.6,3.7,2.0,138.6535202588199,4.401699055835553,3.0,0
"Charlton County, GA",13049,22.0,91292,61276.0,12818.0,18.1,14.0,,171.63364019347793,,8.0,1
"Chatham County, GA",13051,495.0,2076515,71097.0,300879.0,14.3,5.9,8.0,164.51796237025516,2.658876159519275,2.0,0
"Chatham County, NC",37037,133.0,546608,94317.0,80151.0,11.0,2.9,3.0,165.93679430075733,3.7429352097915185,2.0,0
"Chattahoochee County, GA",13053,10.0,67218,61042.0,8887.0,13.9,9.1,,112.52391133115788,,2.0,0
"Chattooga County, GA",13055,58.0,174818,50285.0,25036.0,21.2,5.4,1.0,231.66640038344784,3.9942482824732384,6.0,1
"Chautauqua County, NY",36013,357.0,882704,58351.0,125544.0,17.4,5.9,12.0,284.3624545975913,9.558401835213152,4.0,1
"Chaves County, NM",35005,159.0,449796,52938.0,64217.0,24.3,5.0,1.0,247.5979880716944,1.5572200507653737,5.0,1
"Cheatham County, TN",47021,215.0,290418,89852.0,41829.0,7.7,4.3,,513.997465872959,,1.0,0
"Cheboygan County, MI",26031,28.0,179758,62875.0,25865.0,12.4,6.1,1.0,108.25439783491206,3.8662284941040017,7.0,1
"Chelan County, WA",53007,141.0,552607,82381.0,80172.0,8.3,3.7,3.0,175.87187546774433,3.7419547971860503,3.0,0
"Chemung County, NY",36015,224.0,577243,63716.0,82147.0,16.3,6.1,6.0,272.68189952158934,7.303979451471143,3.0,0
"Chenango County, NY",36017,95.0,326164,62948.0,46321.0,11.8,6.4,1.0,205.0905636752229,2.158848038686557,6.0,1
"Cherokee County, AL",01019,51.0,180624,53863.0,25443.0,14.8,3.9,2.0,200.44806037023935,7.8607082498133085,8.0,1
"Cherokee County, GA",13057,350.0,1914204,108115.0,281032.0,7.0,3.2,1.0,124.54097753992427,0.35583136439978363,1.0,0
"Cherokee County, KS",20021,26.0,136040,57668.0,19151.0,14.1,3.3,3.0,135.76314552764867,15.66497833011331,3.0,0
"Cherokee County, NC",37039,103.0,205079,53628.0,29562.0,12.4,4.1,,348.42026926459647,,9.0,1
"Cherokee County, OK",40021,81.0,338990,53218.0,47942.0,18.2,5.1,3.0,168.9541529347962,6.257561219807267,6.0,1
"Cherokee County, SC",45021,103.0,398351,50288.0,56647.0,18.4,6.3,1.0,181.82781082846398,1.76531855173266,6.0,1
"Cherokee County, TX",48073,41.0,366295,61261.0,51886.0,18.2,5.2,,79.01938865975407,,6.0,1
"Chesapeake city, VA",51550,401.0,1747120,95373.0,252583.0,9.4,4.9,2.0,158.7596948329856,0.7918189268478085,1.0,0
"Cheshire County, NH",33005,167.0,539266,83329.0,77297.0,8.7,3.3,,216.0497820096511,,4.0,1
"Chester County, PA",42029,814.0,3768795,127208.0,547840.0,6.0,3.8,15.0,148.5835280373832,2.738025700934579,1.0,0
"Chester County, SC",45023,83.0,225416,52458.0,32182.0,18.7,5.6,,257.90814741159653,,1.0,0
"Chester County, TN",47023,19.0,122600,59341.0,17611.0,16.1,4.1,1.0,107.88711600704106,5.678269263528477,3.0,0
"Chesterfield County, SC",45025,99.0,312480,49235.0,43784.0,20.3,7.5,1.0,226.1099945185456,2.2839393385711677,6.0,1
"Chesterfield County, VA",51041,716.0,2582368,101931.0,377869.0,7.1,4.6,4.0,189.48365703458077,1.058567916394306,1.0,0
"Chickasaw County, MS",28017,17.0,118688,43586.0,16915.0,23.5,4.9,1.0,100.50251256281408,5.911912503694945,9.0,1
"Chicot County, AR",05017,13.0,69182,39045.0,9765.0,22.6,9.1,1.0,133.1285202252944,10.240655401945725,9.0,1
"Chilton County, AL",01021,79.0,317829,65603.0,45992.0,14.0,5.5,1.0,171.7690033049226,2.1742911810749694,1.0,0
"Chippewa County, MI",26033,32.0,257450,62217.0,36295.0,14.0,5.2,4.0,88.16641410662626,11.020801763328283,7.0,1
"Chippewa County, MN",27023,11.0,84594,71458.0,12377.0,14.5,4.4,2.0,88.87452532923972,16.159004605316312,7.0,1
"Chippewa County, WI",55017,72.0,461495,74680.0,66799.0,10.2,3.1,3.0,107.78604470126798,4.491085195886166,3.0,0
"Chisago County, MN",27025,57.0,402392,99400.0,57991.0,6.0,4.1,4.0,98.2911141384008,6.897622044800055,1.0,0
"Chittenden County, VT",50007,315.0,1171150,96759.0,169758.0,9.7,3.2,,185.55826529530273,,3.0,0
"Choctaw County, OK",40023,39.0,101101,44081.0,14297.0,23.2,4.8,2.0,272.7845002448066,13.988948730502903,9.0,1
"Chowan County, NC",37041,40.0,97231,53864.0,13836.0,19.1,4.1,,289.10089621277825,,8.0,1
"Christian County, IL",17021,33.0,230613,62611.0,33538.0,10.2,4.6,1.0,98.3958494841672,2.981692408611128,6.0,1
"Christian County, KY",21047,138.0,502042,55494.0,72069.0,17.1,6.3,5.0,191.48316196977896,6.937795723542717,2.0,0
"Christian County, MO",29043,109.0,641313,83437.0,92915.0,8.2,3.4,2.0,117.31152128289295,2.152504977667761,2.0,0
"Churchill County, NV",32001,41.0,178114,79163.0,25805.0,8.1,5.3,2.0,158.8839372214687,7.750435962022864,6.0,1
"Cibola County, NM",35006,67.0,187375,50759.0,26845.0,28.4,10.5,2.0,249.58092754702923,7.450176941702365,6.0,1
"Citrus County, FL",12017,505.0,1108078,56546.0,162472.0,15.6,6.4,5.0,310.82278792653506,3.0774533458072773,3.0,0
"Clackamas County, OR",41005,592.0,2950602,103517.0,423975.0,7.7,4.4,14.0,139.63087446193762,3.30208149065393,1.0,0
"Claiborne County, TN",47025,131.0,226160,49379.0,32466.0,17.4,4.5,1.0,403.4990451549313,3.0801453828620713,6.0,1
"Claiborne Parish, LA",22027,15.0,102111,32831.0,13833.0,32.0,5.1,,108.43634786380395,,9.0,1
"Clallam County, WA",53009,235.0,543723,70370.0,77813.0,10.6,5.1,6.0,302.0060915271227,7.71079382622441,5.0,1
"Clare County, MI",26035,57.0,217616,49384.0,31218.0,21.6,9.5,2.0,182.58696905631365,6.406560317765392,8.0,1
"Clarendon County, SC",45027,44.0,224831,52401.0,30986.0,15.4,6.8,1.0,141.9996127283289,3.227263925643839,8.0,1
"Clarion County, PA",42031,67.0,263849,62649.0,37179.0,13.1,5.1,1.0,180.20925791441405,2.6896904166330455,6.0,1
"Clark County, AR",05019,18.0,151249,52034.0,21125.0,21.6,3.8,,85.20710059171599,,7.0,1
"Clark County, IL",17023,19.0,106998,72927.0,15266.0,9.1,3.7,1.0,124.45958338792087,6.5505043888379415,8.0,1
"Clark County, IN",18019,418.0,854849,74214.0,124354.0,10.2,4.0,13.0,336.13715682647927,10.45402640847902,1.0,0
"Clark County, KY",21049,179.0,257884,64348.0,37192.0,14.6,4.4,4.0,481.2862981286298,10.755001075500108,2.0,0
"Clark County, NV",32003,4875.0,16165230,76472.0,2329548.0,13.0,7.6,78.0,209.26806401928613,3.348289024308578,1.0,0
"Clark County, OH",39023,450.0,942320,63132.0,135158.0,15.2,6.7,5.0,332.94366593172435,3.6993740659080485,3.0,0
"Clark County, WA",53011,870.0,3543565,97536.0,516959.0,8.0,5.3,8.0,168.29187614491673,1.5475115047808434,1.0,0
"Clark County, WI",55019,23.0,243215,67400.0,34739.0,12.1,3.7,3.0,66.20800829039408,8.635827168312272,8.0,1
"Clarke County, AL",01025,27.0,160587,49249.0,22543.0,20.1,9.2,,119.77110411214124,,9.0,1
"Clarke County, GA",13059,178.0,901970,53625.0,129609.0,26.0,5.2,7.0,137.33614178027761,5.4008595082131645,3.0,0
"Clarke County, MS",28023,18.0,107519,46108.0,15314.0,17.4,7.0,1.0,117.5395063340734,6.529972574115189,9.0,1
"Clarke County, VA",51043,23.0,104975,117111.0,15216.0,7.0,2.7,,151.15667718191378,,1.0,0
"Clatsop County, OR",41007,97.0,286061,71822.0,41363.0,12.3,4.7,,234.5091023378382,,4.0,1
"Clay County, AL",01027,16.0,96360,55250.0,14192.0,17.6,2.4,,112.73957158962796,,9.0,1
"Clay County, AR",05021,24.0,100701,51481.0,14280.0,17.2,6.3,1.0,168.0672268907563,7.002801120448178,9.0,1
"Clay County, FL",12019,468.0,1575243,87820.0,227584.0,9.2,3.8,1.0,205.63835770528684,0.43939820022497195,1.0,0
"Clay County, IA",19041,11.0,114026,65428.0,16461.0,11.4,3.5,4.0,66.82461575845939,24.299860275803415,7.0,1
"Clay County, IL",17025,16.0,91526,60417.0,13052.0,17.5,4.8,1.0,122.5865767698437,7.661661048115231,9.0,1
"Clay County, IN",18021,31.0,184314,70010.0,26409.0,11.7,3.2,1.0,117.3842250747851,3.7865879056382297,3.0,0
"Clay County, KS",20027,13.0,56120,66176.0,8048.0,13.4,1.0,1.0,161.53081510934393,12.425447316103378,8.0,1
"Clay County, KY",21051,87.0,138996,40900.0,19921.0,32.4,9.3,2.0,436.7250640028111,10.039656643742784,9.0,1
"Clay County, MN",27027,81.0,457476,81172.0,66059.0,13.3,4.1,2.0,122.6176599706323,3.0275965424847486,3.0,0
"Clay County, MO",29047,358.0,1785469,88468.0,258122.0,8.5,3.8,2.0,138.69410588791348,0.7748274071950473,1.0,0
"Clay County, NC",37043,22.0,80704,56971.0,11610.0,12.9,2.6,,189.49181739879415,,9.0,1
"Clay County, TN",47027,19.0,53707,39972.0,7670.0,24.2,10.0,1.0,247.71838331160367,13.03780964797914,8.0,1
"Clay County, TX",48077,12.0,73694,80114.0,10495.0,8.4,2.0,,114.34016198189614,,3.0,0
"Clay County, WV",54015,39.0,56659,42318.0,7835.0,26.4,11.9,,497.76643267389915,,3.0,0
"Clayton County, GA",13063,317.0,2064184,59806.0,298924.0,17.9,7.2,3.0,106.04702198552141,1.0035995771500448,1.0,0
"Clear Creek County, CO",08019,19.0,65915,94577.0,9262.0,6.4,4.8,1.0,205.13927877348306,10.796804145972793,1.0,0
"Clearfield County, PA",42033,150.0,550463,62152.0,78635.0,14.6,5.9,7.0,190.7547529725949,8.901888472054429,4.0,1
"Clearwater County, ID",16035,14.0,62635,60000.0,9012.0,13.2,4.5,,155.3484243231247,,8.0,1
"Clearwater County, MN",27029,13.0,61144,64475.0,8616.0,12.6,7.7,,150.8820798514392,,8.0,1
"Cleburne County, AR",05023,27.0,176209,55798.0,25226.0,13.9,6.4,1.0,107.03242686117497,3.9641639578212957,6.0,1
"Clermont County, OH",39025,538.0,1465885,85510.0,211181.0,9.1,4.2,5.0,254.7577670339661,2.367637240092622,1.0,0
"Cleveland County, NC",37045,199.0,699228,58534.0,100991.0,16.6,5.2,6.0,197.04726163717558,5.941123466447505,4.0,1
"Cleveland County, OK",40027,358.0,2055078,77068.0,300047.0,12.9,4.8,5.0,119.31464070628935,1.666405596456555,1.0,0
"Clinton County, IA",19045,72.0,324319,66981.0,46268.0,13.2,3.4,,155.61511195642777,,4.0,1
"Clinton County, IL",17027,28.0,260173,86588.0,36954.0,7.4,3.4,1.0,75.7698760621313,2.7060670022189752,1.0,0
"Clinton County, IN",18023,78.0,228388,65019.0,32944.0,9.8,2.6,,236.76542010684798,,6.0,1
"Clinton County, KY",21053,29.0,67253,44844.0,9202.0,17.5,5.0,2.0,315.14888067811347,21.734405564007826,9.0,1
"Clinton County, MI",26037,66.0,557624,88210.0,79626.0,9.7,3.8,,82.88749905809661,,2.0,0
"Clinton County, MO",29049,23.0,147294,70627.0,21414.0,12.3,3.0,1.0,107.40636966470532,4.669842159335015,1.0,0
"Clinton County, NY",36019,102.0,555293,71224.0,78493.0,13.7,4.1,5.0,129.94789344272738,6.369994776604282,4.0,1
"Clinton County, OH",39027,145.0,293871,70407.0,42012.0,12.9,4.5,4.0,345.1394839569647,9.521089212605922,6.0,1
"Clinton County, PA",42035,43.0,266141,60816.0,37798.0,14.8,5.6,1.0,113.76263294354197,2.645642626594,6.0,1
"Coahoma County, MS",28027,31.0,147505,37461.0,20540.0,35.5,9.9,1.0,150.92502434274587,4.868549172346641,6.0,1
"Coal County, OK",40029,10.0,37871,50423.0,5320.0,20.8,7.5,,187.96992481203006,,9.0,1
"Cobb County, GA",13067,1060.0,5382985,102738.0,775208.0,8.7,4.5,13.0,136.73749496909215,1.6769692779228282,1.0,0
"Cochise County, AZ",04003,280.0,882268,59742.0,125566.0,15.4,7.4,17.0,222.9902999219534,13.538696780975743,3.0,0
"Cocke County, TN",47029,162.0,256300,48016.0,36813.0,21.9,4.2,2.0,440.0619346426534,5.432863390650042,6.0,1
"Coconino County, AZ",04005,277.0,1007556,72966.0,144508.0,16.8,5.6,14.0,191.6848894178869,9.688044952528578,3.0,0
"Codington County, SD",46029,16.0,199607,72727.0,28767.0,8.8,1.9,1.0,55.61928598741614,3.476205374213509,5.0,1
"Coffee County, AL",01031,48.0,378461,68353.0,54920.0,16.7,5.1,1.0,87.39985433357612,1.8208302986161689,4.0,1
"Coffee County, GA",13069,56.0,303310,50683.0,43347.0,23.1,4.4,1.0,129.19002468452257,2.3069647265093316,7.0,1
"Coffee County, TN",47031,155.0,410530,61505.0,59710.0,17.4,3.6,2.0,259.588008708759,3.349522693016245,4.0,1
"Colbert County, AL",01033,99.0,398067,60628.0,58022.0,17.4,3.1,1.0,170.62493536934267,1.7234841956499258,3.0,0
"Cole County, MO",29051,83.0,538809,74876.0,77032.0,9.0,2.9,4.0,107.74742963963028,5.192647211548447,3.0,0
"Coles County, IL",17029,54.0,337471,56478.0,46777.0,18.7,6.1,,115.44134938110611,,5.0,1
"Colfax County, NM",35007,36.0,85155,53554.0,12322.0,18.2,3.8,1.0,292.16036357734134,8.115565654926149,7.0,1
"Colleton County, SC",45029,92.0,268012,51114.0,38783.0,19.6,9.9,,237.21733749323155,,6.0,1
"Collier County, FL",12021,646.0,2760880,90045.0,398291.0,10.7,3.9,4.0,162.1929694620265,1.0042908325822075,2.0,0
"Collin County, TX",48085,722.0,7830120,121600.0,1163337.0,6.2,4.2,10.0,62.0628416357427,0.8595961445393726,1.0,0
"Colonial Heights city, VA",51570,57.0,126042,76505.0,18352.0,7.9,3.6,1.0,310.59285091543154,5.448997384481256,1.0,0
"Colorado County, TX",48089,22.0,148296,66377.0,21006.0,10.7,2.9,,104.73198133866514,,8.0,1
"Colquitt County, GA",13071,51.0,321452,49341.0,46224.0,22.9,4.3,2.0,110.33229491173417,4.326756663205262,6.0,1
"Columbia County, AR",05027,21.0,159387,55334.0,22349.0,21.1,3.2,1.0,93.96393574656585,4.47447313078885,7.0,1
"Columbia County, FL",12023,144.0,504176,59205.0,71789.0,16.7,5.3,2.0,200.58783379069217,2.7859421359818355,4.0,1
"Columbia County, GA",13073,226.0,1126074,95592.0,162434.0,7.5,4.8,1.0,139.1334326557248,0.6156346577686937,2.0,0
"Columbia County, NY",36021,101.0,422744,81528.0,61100.0,12.1,5.4,1.0,165.30278232405894,1.6366612111292962,6.0,1
"Columbia County, OR",41009,111.0,372212,87458.0,53493.0,8.9,4.1,3.0,207.50378554203354,5.60821042005496,1.0,0
"Columbia County, PA",42037,141.0,456511,64644.0,65362.0,13.7,6.0,1.0,215.72167314341667,1.5299409442795509,4.0,1
"Columbia County, WI",55021,107.0,405443,85351.0,58272.0,7.8,3.1,2.0,183.6216364634816,3.4321801208127405,2.0,0
"Columbiana County, OH",39029,290.0,707492,58180.0,100704.0,15.2,4.5,10.0,287.9726723863997,9.930092151255163,4.0,1
"Columbus County, NC",37047,139.0,366069,49442.0,50140.0,18.2,4.4,1.0,277.22377343438376,1.9944156362185879,6.0,1
"Colusa County, CA",06011,28.0,152674,75672.0,21984.0,11.4,9.8,1.0,127.36535662299855,4.548762736535663,6.0,1
"Comal County, TX",48091,135.0,1224578,101889.0,183826.0,6.5,3.9,2.0,73.43901297966555,1.0879853774765267,1.0,0
"Comanche County, OK",40031,222.0,850349,60761.0,121825.0,18.1,7.1,2.0,182.2286066078391,1.6416991586291811,3.0,0
"Comanche County, TX",48093,11.0,96981,59635.0,13950.0,16.2,6.2,,78.85304659498208,,9.0,1
"Concordia Parish, LA",22029,16.0,129722,39943.0,18174.0,31.8,11.7,1.0,88.03785627819963,5.502366017387477,6.0,1
"Conecuh County, AL",01035,25.0,81012,41327.0,11275.0,27.8,8.7,,221.72949002217294,,9.0,1
"Conejos County, CO",08021,18.0,54809,50978.0,7530.0,11.7,4.8,2.0,239.0438247011952,26.560424966799467,9.0,1
"Contra Costa County, CA",06013,1683.0,8102085,127229.0,1165012.0,8.4,6.5,18.0,144.46203129238154,1.5450484630201233,1.0,0
"Converse County, WY",56009,24.0,96299,81558.0,13762.0,10.6,4.2,1.0,174.39325679407062,7.266385699752942,6.0,1
"Conway County, AR",05029,25.0,147192,54187.0,21054.0,19.7,6.4,1.0,118.74228175168614,4.749691270067446,6.0,1
"Cook County, GA",13075,15.0,122050,53651.0,17532.0,17.7,3.6,1.0,85.55783709787816,5.703855806525211,6.0,1
"Cook County, IL",17031,12090.0,35991137,83498.0,5182090.0,13.5,7.0,152.0,233.30355126985444,2.9331794700593776,1.0,0
"Cooke County, TX",48097,47.0,296558,73932.0,43046.0,13.5,4.5,,109.18552246434047,,6.0,1
"Cooper County, MO",29053,13.0,120370,70625.0,16824.0,11.7,4.3,2.0,77.27056585829767,11.887779362815026,3.0,0
"Coos County, NH",33007,87.0,219585,57677.0,31271.0,13.2,4.3,,278.2130408365578,,7.0,1
"Coos County, OR",41011,158.0,452114,62143.0,64827.0,16.1,6.0,4.0,243.72560815709505,6.170268560939115,5.0,1
"Coosa County, AL",01037,10.0,73203,57355.0,10300.0,13.1,6.2,,97.08737864077669,,8.0,1
"Copiah County, MS",28029,38.0,195455,49089.0,27855.0,23.0,5.8,1.0,136.42075031412674,3.5900197451085982,2.0,0
"Cortland County, NY",36023,77.0,326711,70418.0,46246.0,12.8,4.6,1.0,166.5008865631622,2.162349176144964,4.0,1
"Coryell County, TX",48099,57.0,568033,71301.0,84748.0,11.2,7.1,,67.25822438287629,,2.0,0
"Coshocton County, OH",39031,73.0,256739,55577.0,36744.0,18.5,5.4,2.0,198.67189200957978,5.443065534509035,7.0,1
"Costilla County, CO",08023,18.0,26178,36861.0,3607.0,21.0,3.5,2.0,499.02966454116995,55.44774050457444,9.0,1
"Cotton County, OK",40033,11.0,39005,58425.0,5485.0,20.5,3.5,,200.54694621695532,,3.0,0
"Covington County, AL",01039,54.0,261791,52456.0,37628.0,19.2,5.2,2.0,143.51015201445733,5.315190815350271,6.0,1
"Covington County, MS",28031,30.0,128458,45051.0,18148.0,19.8,3.5,1.0,165.30747189772978,5.5102490632576595,8.0,1
"Covington city, VA",51580,16.0,39241,41944.0,5680.0,25.7,2.8,,281.69014084507046,,6.0,1
"Coweta County, GA",13077,161.0,1062185,95548.0,152852.0,7.4,3.1,3.0,105.3306466385785,1.9626828566194752,1.0,0
"Cowley County, KS",20035,37.0,242046,57878.0,34411.0,14.3,3.9,2.0,107.52375693818836,5.812094969631804,4.0,1
"Cowlitz County, WA",53015,276.0,781277,76531.0,112360.0,12.2,5.9,11.0,245.63901744393021,9.78996084015664,3.0,0
"Craig County, OK",40035,23.0,99880,51922.0,14302.0,19.0,5.1,1.0,160.81666899734302,6.9920290868410016,6.0,1
"Craighead County, AR",05031,107.0,786215,59548.0,113249.0,20.1,5.6,5.0,94.48207048185856,4.4150500225167555,3.0,0
"Craven County, NC",37049,372.0,714390,65873.0,102612.0,13.7,4.2,1.0,362.5306981639574,0.97454488753752,4.0,1
"Crawford County, AR",05033,76.0,435674,64132.0,61139.0,14.7,4.1,3.0,124.30690721143623,4.90685160045143,3.0,0
"Crawford County, GA",13079,19.0,85872,67116.0,12225.0,11.6,2.4,,155.41922290388547,,3.0,0
"Crawford County, IL",17033,17.0,129869,71674.0,18511.0,12.1,3.0,,91.83728593809086,,6.0,1
"Crawford County, IN",18025,30.0,73775,49640.0,10499.0,22.9,3.5,1.0,285.74149919039905,9.52471663967997,8.0,1
"Crawford County, KS",20037,45.0,272423,52844.0,39008.0,20.6,4.1,2.0,115.36095159967185,5.127153404429861,4.0,1
"Crawford County, MI",26039,21.0,95743,60392.0,13369.0,14.7,8.2,3.0,157.0798115042262,22.439973072032313,9.0,1
"Crawford County, MO",29055,83.0,162609,57629.0,22797.0,14.1,4.9,1.0,364.08299337632144,4.386542088871343,8.0,1
"Crawford County, OH",39033,95.0,290813,58044.0,41711.0,11.8,4.7,2.0,227.75766584354247,4.7948982282851045,4.0,1
"Crawford County, PA",42039,181.0,583500,60476.0,82716.0,14.3,5.0,2.0,218.82102616180666,2.4179118912906814,4.0,1
"Crawford County, WI",55023,21.0,112477,64094.0,16042.0,13.8,3.1,3.0,130.90637077671113,18.700910110958734,6.0,1
"Creek County, OK",40037,138.0,506642,62338.0,72830.0,14.5,3.3,2.0,189.48235617190718,2.7461211039406836,1.0,0
"Crisp County, GA",13081,38.0,145693,45105.0,19790.0,23.3,7.5,1.0,192.01616978271855,5.053057099545224,6.0,1
"Crittenden County, AR",05035,73.0,332271,55358.0,47266.0,21.0,10.2,2.0,154.44505564253373,4.231371387466678,1.0,0
"Crittenden County, KY",21055,12.0,62452,46656.0,8979.0,17.7,3.4,,133.64517206815904,,8.0,1
"Crockett County, TN",47033,14.0,98560,62165.0,13944.0,14.5,2.9,,100.4016064257028,,3.0,0
"Crook County, OR",41013,35.0,179778,81965.0,26277.0,11.3,5.9,2.0,133.1963313924725,7.6112189367127145,3.0,0
"Cross County, AR",05037,25.0,115133,50863.0,16543.0,19.7,10.7,1.0,151.12132019585323,6.044852807834129,6.0,1
"Crow Wing County, MN",27035,72.0,467752,72589.0,67686.0,9.9,5.5,5.0,106.37354844428685,7.387051975297698,4.0,1
"Cullman County, AL",01043,184.0,616506,62656.0,90566.0,15.3,3.8,,203.1667513194797,,4.0,1
"Culpeper County, VA",51047,119.0,377108,100049.0,54397.0,7.9,2.6,4.0,218.7620640844164,7.353346691913157,1.0,0
"Cumberland County, KY",21057,10.0,43668,40000.0,5948.0,24.8,4.0,,168.12373907195698,,9.0,1
"Cumberland County, ME",23005,715.0,2123392,95677.0,308827.0,7.3,3.1,,231.52120766642813,,2.0,0
"Cumberland County, NC",37051,1019.0,2352730,61291.0,338545.0,16.7,7.6,8.0,300.9939594440916,2.3630536560870787,2.0,0
"Cumberland County, NJ",34011,592.0,1060494,67436.0,153305.0,15.6,6.8,,386.15831186197454,,3.0,0
"Cumberland County, PA",42041,302.0,1838402,87494.0,268323.0,7.5,3.7,3.0,112.55091810988996,1.118055477912814,2.0,0
"Cumberland County, TN",47035,214.0,438147,60375.0,63553.0,14.4,5.1,1.0,336.7268264283354,1.5734898431230624,4.0,1
"Cumberland County, VA",51049,16.0,69041,55325.0,9818.0,8.5,3.3,,162.96598085149725,,8.0,1
"Currituck County, NC",37053,56.0,208426,93511.0,30601.0,7.5,3.0,,183.00055553740074,,1.0,0
"Curry County, NM",35009,105.0,337093,57309.0,47638.0,20.5,8.2,2.0,220.41227591418615,4.198329065032118,5.0,1
"Curry County, OR",41015,83.0,162394,62244.0,23381.0,15.2,5.8,1.0,354.98909370856677,4.276977032633335,7.0,1
"Custer County, MT",30017,16.0,82177,70605.0,11961.0,11.3,3.4,2.0,133.76807959200735,16.72100994900092,7.0,1
"Custer County, OK",40039,34.0,199268,59738.0,28259.0,16.4,4.2,1.0,120.31565165080151,3.53869563678828,5.0,1
"Cuyahoga County, OH",39035,3695.0,8665922,64468.0,1245873.0,16.1,6.6,47.0,296.5791858399692,3.7724551378832354,1.0,0
"Dade County, GA",13083,32.0,113039,64568.0,16165.0,8.2,3.2,1.0,197.95855242808537,6.186204763377668,2.0,0
"Dakota County, MN",27037,432.0,3072226,106318.0,445771.0,5.8,3.6,7.0,96.91074565191545,1.5703130082486298,1.0,0
"Dale County, AL",01045,54.0,345911,54963.0,49599.0,18.7,6.6,1.0,108.87316276537834,2.0161696808403398,4.0,1
"Dallas County, AL",01047,48.0,257700,35627.0,36858.0,31.0,11.0,1.0,130.2295295458245,2.713115198871344,4.0,1
"Dallas County, IA",19049,63.0,718843,102379.0,107968.0,6.3,2.3,2.0,58.350622406639005,1.852400711321873,2.0,0
"Dallas County, MO",29059,19.0,121471,53464.0,17551.0,20.5,3.9,,108.25593983248818,,2.0,0
"Dallas County, TX",48113,3687.0,18358452,76547.0,2621179.0,13.9,5.0,24.0,140.66189298785014,0.9156185060234345,1.0,0
"Dane County, WI",55025,960.0,3937443,89975.0,572674.0,10.6,2.4,15.0,167.63464030146298,2.619291254710359,2.0,0
"Danville city, VA",51590,109.0,288880,44423.0,42214.0,24.7,5.6,6.0,258.2081773819112,14.213294167811627,4.0,1
"Dare County, NC",37055,99.0,263132,88994.0,37875.0,6.6,5.9,,261.3861386138614,,4.0,1
"Darke County, OH",39037,95.0,359644,64486.0,51594.0,11.0,2.8,,184.1299375896422,,6.0,1
"Darlington County, SC",45031,127.0,449923,48581.0,62558.0,21.1,6.7,,203.01160523034625,,3.0,0
"Dauphin County, PA",42043,681.0,1993733,76242.0,289593.0,12.9,4.5,6.0,235.1576177600978,2.0718732842299366,2.0,0
"Davidson County, NC",37057,545.0,1199293,64172.0,172954.0,12.8,4.1,3.0,315.11268892306623,1.7345652601269703,2.0,0
"Davidson County, TN",47037,3080.0,4934843,77853.0,715388.0,13.9,4.5,17.0,430.5355974659905,2.376332843156441,1.0,0
"Davie County, NC",37059,102.0,306470,75057.0,44122.0,9.4,4.7,1.0,231.17719051720232,2.266443044286297,2.0,0
"Daviess County, IN",18027,21.0,234571,68503.0,33658.0,11.7,1.5,2.0,62.39229900766534,5.942123715015747,7.0,1
"Daviess County, KY",21059,153.0,718793,68214.0,103648.0,14.7,4.5,8.0,147.61500463105898,7.718431614695894,3.0,0
"Davis County, UT",49011,400.0,2555336,110884.0,370924.0,6.4,2.7,17.0,107.83880255793639,4.583149108712297,2.0,0
"Dawson County, GA",13085,49.0,202419,92991.0,30242.0,8.5,3.5,1.0,162.02632101051518,3.3066596124594936,1.0,0
"Dawson County, NE",31047,10.0,167235,69880.0,24202.0,10.8,1.4,3.0,41.318899264523594,12.395669779357076,7.0,1
"Dawson County, TX",48115,13.0,86626,54360.0,12134.0,19.6,6.4,,107.13697049612658,,6.0,1
"De Kalb County, IN",18033,53.0,305963,,,,,,,,4.0,1
"De Soto Parish, LA",22031,26.0,190709,48578.0,27026.0,21.5,6.0,1.0,96.20365573891809,3.700140605343003,2.0,0
"De Witt County, IL",17039,16.0,108110,71678.0,15373.0,10.0,4.0,1.0,104.07857932739218,6.504911207962011,6.0,1
"DeKalb County, AL",01049,147.0,504058,51204.0,72269.0,22.4,4.1,1.0,203.40671657280438,1.3837191603592134,6.0,1
"DeKalb County, GA",13089,1015.0,5331701,80644.0,765351.0,13.7,6.4,20.0,132.61888989496322,2.6131800964524774,1.0,0
"DeKalb County, IL",17037,126.0,715800,70724.0,100703.0,14.8,6.8,4.0,125.12040356295245,3.972076303585792,1.0,0
"DeKalb County, MO",29063,11.0,78338,69826.0,10876.0,8.7,2.3,,101.1401250459728,,3.0,0
"DeKalb County, TN",47041,88.0,145918,53153.0,20959.0,18.6,5.6,,419.8673600839735,,8.0,1
"DeSoto County, FL",12027,52.0,256453,54417.0,35386.0,24.1,9.5,1.0,146.9507714915503,2.8259763748375066,6.0,1
"DeSoto County, MS",28033,350.0,1324695,85297.0,191301.0,9.7,3.2,2.0,182.9577472151217,1.045472841229267,1.0,0
"DeWitt County, TX",48123,18.0,140392,63730.0,20016.0,17.6,3.7,,89.92805755395683,,6.0,1
"Dearborn County, IN",18029,104.0,353454,84735.0,51094.0,7.6,1.9,9.0,203.54640466590988,17.614592711472973,1.0,0
"Decatur County, GA",13087,31.0,195934,53317.0,29195.0,22.0,6.3,1.0,106.18256550779243,3.4252440486384654,6.0,1
"Decatur County, IA",19053,12.0,54192,59044.0,7759.0,14.6,1.9,1.0,154.65910555483956,12.888258796236629,9.0,1
"Decatur County, IN",18031,51.0,185493,69783.0,26422.0,10.2,2.7,1.0,193.0209673756718,3.784724850503368,6.0,1
"Decatur County, TN",47039,28.0,81381,45375.0,11579.0,22.1,7.2,1.0,241.81708264962433,8.636324380343726,9.0,1
"Deer Lodge County, MT",30023,14.0,65960,57527.0,9597.0,16.3,3.4,,145.87892049598833,,7.0,1
"Defiance County, OH",39039,61.0,267320,73064.0,38343.0,10.5,5.2,2.0,159.09031635500614,5.216075946065775,6.0,1
"Del Norte County, CA",06015,114.0,192388,67058.0,27107.0,12.9,6.4,,420.5555760504667,,7.0,1
"Delaware County, IA",19055,10.0,121304,74989.0,17558.0,7.8,2.0,,56.95409499943046,,8.0,1
"Delaware County, IN",18035,417.0,791535,58127.0,112280.0,19.6,5.8,4.0,371.3929462059138,3.562522265764161,3.0,0
"Delaware County, NY",36025,89.0,310319,63337.0,44487.0,14.4,6.4,1.0,200.05844403983187,2.2478476858408074,8.0,1
"Delaware County, OH",39041,218.0,1544195,133540.0,226834.0,4.7,3.0,4.0,96.10552209986157,1.7634040752268179,1.0,0
"Delaware County, OK",40041,60.0,294765,56676.0,41279.0,19.0,5.2,7.0,145.3523583420141,16.957775139901646,6.0,1
"Delaware County, PA",42045,1364.0,4008884,89546.0,579222.0,10.2,6.9,12.0,235.48829291705079,2.0717445124667226,1.0,0
"Delta County, CO",08029,47.0,220406,57774.0,31598.0,14.0,3.2,1.0,148.74359136654218,3.1647572631179184,6.0,1
"Delta County, MI",26041,36.0,254297,57809.0,36813.0,12.7,4.2,3.0,97.79154103170076,8.149295085975064,5.0,1
"Dent County, MO",29065,47.0,104762,56312.0,14539.0,12.2,4.4,2.0,323.26845037485384,13.756104271270376,9.0,1
"Denton County, TX",48121,630.0,6637346,111498.0,979561.0,7.1,4.0,12.0,64.31452456763796,1.2250385631931038,1.0,0
"Denver County, CO",08031,2004.0,5049552,94718.0,718877.0,11.2,4.9,30.0,278.76813418707235,4.173175661483119,1.0,0
"Des Moines County, IA",19057,63.0,270261,62928.0,38487.0,12.8,3.1,3.0,163.69163613687738,7.794839816041781,5.0,1
"Deschutes County, OR",41017,216.0,1422855,92758.0,206334.0,8.8,4.4,17.0,104.68463752944254,8.239068694446868,3.0,0
"Desha County, AR",05041,14.0,76644,37662.0,10786.0,28.3,8.0,2.0,129.79788614871129,18.542555164101614,9.0,1
"Dickenson County, VA",51051,56.0,97482,47254.0,13733.0,17.3,2.3,2.0,407.7768877885386,14.56346027816209,9.0,1
"Dickinson County, KS",20041,19.0,129404,68417.0,18445.0,8.1,2.8,,103.00894551368935,,6.0,1
"Dickinson County, MI",26043,41.0,179372,65156.0,25954.0,10.5,3.6,,157.97179625491253,,7.0,1
"Dickson County, TN",47043,190.0,387193,75003.0,55983.0,10.9,3.4,4.0,339.3887430112713,7.145026168658343,1.0,0
"Dillingham Census Area, AK",02070,18.0,33493,78533.0,4724.0,19.5,10.5,,381.0330228619814,,9.0,1
"Dillon County, SC",45033,101.0,202545,46605.0,27862.0,27.7,9.0,,362.50089727944874,,6.0,1
"Dinwiddie County, VA",51053,56.0,198753,83704.0,28191.0,11.7,4.6,1.0,198.64495761058495,3.5472313859033022,1.0,0
"District of Columbia, DC",11001,2710.0,4844095,,,,,19.0,,,1.0,0
"Dixie County, FL",12029,46.0,119888,50110.0,17058.0,20.9,3.3,1.0,269.6681908781803,5.862351975612616,8.0,1
"Doddridge County, WV",54017,13.0,55950,57401.0,7711.0,14.8,5.7,,168.5903255090131,,9.0,1
"Dodge County, GA",13091,42.0,140729,51587.0,19805.0,21.5,6.1,1.0,212.0676596818985,5.049229992426155,7.0,1
"Dodge County, MN",27039,19.0,146989,95739.0,21045.0,7.0,3.3,,90.28272748871466,,3.0,0
"Dodge County, NE",31053,28.0,258749,74329.0,37351.0,11.0,3.4,2.0,74.96452571550962,5.354608979679258,4.0,1
"Dodge County, WI",55027,146.0,617483,75929.0,88742.0,8.5,3.8,4.0,164.52187239413132,4.507448558743324,4.0,1
"Dona Ana County, NM",35013,379.0,1556400,,,,,9.0,,,3.0,0
"Dooly County, GA",13093,10.0,83894,60987.0,10984.0,15.7,3.6,,91.04151493080845,,8.0,1
"Door County, WI",55029,18.0,205136,74795.0,30445.0,7.7,2.4,1.0,59.12300870422073,3.284611594678929,6.0,1
"Dorchester County, MD",24019,117.0,227012,61839.0,32754.0,17.1,5.7,4.0,357.2082799047444,12.212248885632288,6.0,1
"Dorchester County, SC",45035,332.0,1163149,78198.0,167201.0,11.4,4.9,,198.56340572125762,,2.0,0
"Dougherty County, GA",13095,162.0,598549,49044.0,83091.0,25.0,10.2,3.0,194.96696393111168,3.6104993320576235,3.0,0
"Douglas County, CO",08035,288.0,2577559,149594.0,377150.0,3.8,3.6,5.0,76.3621901100358,1.3257324671881214,1.0,0
"Douglas County, GA",13097,189.0,1033839,82984.0,147888.0,10.9,6.2,,127.79941577409932,,1.0,0
"Douglas County, IL",17041,17.0,137384,77320.0,19751.0,8.5,2.5,1.0,86.07159131183231,5.06303478304896,8.0,1
"Douglas County, KS",20045,133.0,848094,69746.0,120302.0,14.7,4.2,1.0,110.55510299080647,0.8312413758707254,3.0,0
"Douglas County, MN",27041,36.0,273225,79043.0,39575.0,9.0,2.9,4.0,90.96651926721415,10.107391029690461,6.0,1
"Douglas County, MO",29067,12.0,88127,45985.0,11965.0,17.5,6.1,,100.29251984956123,,8.0,1
"Douglas County, NE",31055,587.0,4074572,80391.0,590736.0,11.8,3.8,27.0,99.36756859239999,4.570569594539693,2.0,0
"Douglas County, NV",32005,72.0,345067,90754.0,49623.0,9.0,3.0,4.0,145.0940088265522,8.060778268141789,4.0,1
"Douglas County, OR",41019,267.0,781592,61310.0,112072.0,16.3,5.4,4.0,238.23970304804055,3.5691341280605324,4.0,1
"Douglas County, WA",53017,46.0,308377,80363.0,44366.0,8.3,3.9,1.0,103.68300049587522,2.253978271649461,3.0,0
"Douglas County, WI",55031,80.0,306947,75099.0,44229.0,10.8,3.1,1.0,180.8768002894029,2.260960003617536,2.0,0
"Drew County, AR",05043,16.0,122425,42824.0,17046.0,22.4,5.9,4.0,93.86366302944973,23.46591575736243,7.0,1
"DuPage County, IL",17043,971.0,6473132,112096.0,930024.0,6.6,4.9,30.0,104.40590780452979,3.2257232071430413,1.0,0
"Dubois County, IN",18037,24.0,302199,75979.0,43614.0,11.0,2.3,3.0,55.02820195350117,6.878525244187646,5.0,1
"Dubuque County, IA",19061,91.0,687279,77630.0,99030.0,9.7,3.7,,91.89134605675048,,3.0,0
"Duchesne County, UT",49013,43.0,141027,78445.0,20185.0,11.8,4.3,2.0,213.02947733465444,9.908347783007184,7.0,1
"Dukes County, MA",25007,43.0,135990,125786.0,20933.0,4.4,6.6,,205.41728371470882,,7.0,1
"Dunklin County, MO",29069,39.0,196589,47849.0,27493.0,22.0,4.8,3.0,141.85429018295565,10.911868475611973,7.0,1
"Dunn County, WI",55033,32.0,319078,74824.0,45527.0,10.7,4.4,2.0,70.28796099018166,4.392997561886354,6.0,1
"Duplin County, NC",37061,95.0,373955,55148.0,49335.0,20.5,5.3,2.0,192.56106212627952,4.053917097395358,8.0,1
"Durham County, NC",37063,614.0,2304859,82316.0,332353.0,11.5,3.9,10.0,184.74333013392385,3.0088490249824735,2.0,0
"Dutchess County, NY",36027,727.0,2072999,99478.0,298220.0,8.4,5.2,11.0,243.7797599087922,3.68855207564885,2.0,0
"Duval County, FL",12031,3106.0,6977116,71277.0,1023153.0,14.1,4.5,17.0,303.57141111837626,1.6615305824251116,1.0,0
"Duval County, TX",48131,10.0,72260,49038.0,9742.0,33.3,11.0,,102.64832683227263,,9.0,1
"Dyer County, TN",47045,66.0,257098,58154.0,36508.0,16.3,4.7,6.0,180.7822942916621,16.434754026514735,6.0,1
"Eagle County, CO",08037,37.0,384772,104096.0,55135.0,8.7,4.7,,67.10800761766573,,5.0,1
"Early County, GA",13099,14.0,72674,54083.0,10603.0,23.6,6.7,1.0,132.0381024238423,9.431293030274452,8.0,1
"East Baton Rouge Parish, LA",22033,1472.0,3126078,63071.0,452938.0,19.6,7.7,13.0,324.9892921326981,2.8701499984545347,2.0,0
"East Feliciana Parish, LA",22037,40.0,134136,73085.0,19271.0,16.2,5.9,1.0,207.56577240413054,5.189144310103264,2.0,0
"Eastland County, TX",48133,15.0,127205,53549.0,18011.0,16.2,4.7,,83.28243850979958,,8.0,1
"Eaton County, MI",26045,154.0,766492,79597.0,109130.0,8.3,4.5,2.0,141.11610006414367,1.8326766242096582,2.0,0
"Eau Claire County, WI",55035,127.0,744462,74546.0,107116.0,11.8,3.0,5.0,118.56305313865342,4.6678367377422605,3.0,0
"Ector County, TX",48135,245.0,1152524,71536.0,164654.0,16.5,5.9,1.0,148.79687101436951,0.6073341674055899,3.0,0
"Eddy County, NM",35015,136.0,417800,78426.0,61105.0,13.8,5.5,3.0,222.5677113165862,4.9095818672776375,5.0,1
"Edgar County, IL",17045,22.0,117064,59941.0,16535.0,12.0,4.4,1.0,133.05110371938312,6.047777441790142,6.0,1
"Edgecombe County, NC",37065,159.0,348922,51265.0,48736.0,21.7,8.7,2.0,326.247537754432,4.103742613263296,3.0,0
"Edgefield County, SC",45037,49.0,191579,73029.0,27476.0,17.8,4.8,,178.33745814529044,,2.0,0
"Edmonson County, KY",21061,16.0,86302,54937.0,12355.0,15.3,7.7,1.0,129.5022258195063,8.093889113719143,3.0,0
"Effingham County, GA",13103,86.0,472722,88438.0,69143.0,6.8,5.5,2.0,124.37990830597458,2.8925560071156875,2.0,0
"Effingham County, IL",17049,28.0,239969,80404.0,34522.0,10.1,2.1,1.0,81.1076994380395,2.896703551358554,7.0,1
"El Dorado County, CA",06017,289.0,1347351,108845.0,192662.0,8.0,4.5,5.0,150.00363330599703,2.595218569307907,1.0,0
"El Paso County, CO",08041,2229.0,5137990,90363.0,742999.0,8.5,5.4,18.0,300.0004037690495,2.4226142969236837,2.0,0
"El Paso County, TX",48141,938.0,6003656,59806.0,870779.0,18.7,6.0,19.0,107.71963954114649,2.1819543190637347,2.0,0
"Elbert County, CO",08039,35.0,193439,132685.0,27874.0,5.3,3.4,1.0,125.56504269211452,3.587572648346129,1.0,0
"Elbert County, GA",13105,29.0,137207,58450.0,19849.0,18.0,4.6,1.0,146.1030782407174,5.038037180714394,6.0,1
"Elk County, PA",42047,73.0,211268,66380.0,30506.0,8.7,5.7,1.0,239.2971874385367,3.2780436635415984,7.0,1
"Elkhart County, IN",18039,226.0,1445718,68561.0,207132.0,12.4,3.6,2.0,109.1091671011722,0.9655678504528513,3.0,0
"Elko County, NV",32007,92.0,374861,86487.0,54047.0,9.8,4.5,2.0,170.22221399892686,3.7004829130201493,5.0,1
"Elliott County, KY",21063,20.0,51579,45776.0,7307.0,25.1,6.5,1.0,273.7101409607226,13.685507048036131,8.0,1
"Ellis County, KS",20051,23.0,201482,63084.0,28920.0,18.3,3.2,1.0,79.52973720608576,3.457814661134163,5.0,1
"Ellis County, TX",48139,152.0,1426098,99595.0,213160.0,6.9,4.5,,71.30793769938076,,1.0,0
"Elmore County, AL",01051,86.0,605604,78243.0,89526.0,10.3,4.6,,96.06147934678194,,2.0,0
"Elmore County, ID",16039,37.0,199901,65359.0,29321.0,10.5,6.0,1.0,126.18942055182293,3.410524879778998,6.0,1
"Emanuel County, GA",13107,22.0,159753,52772.0,23026.0,25.7,8.9,2.0,95.54416746286806,8.685833405715279,7.0,1
"Emery County, UT",49015,25.0,70544,74291.0,10046.0,12.5,3.6,3.0,248.85526577742385,29.862631893290864,9.0,1
"Emmet County, MI",26047,24.0,236525,78112.0,34125.0,8.5,3.2,4.0,70.32967032967032,11.721611721611723,7.0,1
"Emporia city, VA",51595,12.0,37737,51899.0,5547.0,15.8,2.9,,216.3331530557058,,6.0,1
"Erath County, TX",48143,34.0,304332,65115.0,43794.0,16.6,5.7,1.0,77.63620587295064,2.2834178197926653,5.0,1
"Erie County, NY",36029,2165.0,6553406,72839.0,950622.0,13.9,4.9,46.0,227.7456233918424,4.838937032805889,1.0,0
"Erie County, OH",39043,173.0,519829,71993.0,74581.0,13.0,5.3,5.0,231.96256419195237,6.704120352368565,3.0,0
"Erie County, PA",42049,614.0,1882236,63354.0,269052.0,15.0,5.4,7.0,228.20867341629128,2.6017275470912686,2.0,0
"Escambia County, AL",01053,129.0,256215,48225.0,36629.0,20.0,10.1,,352.1799666930574,,6.0,1
"Escambia County, FL",12033,1146.0,2261685,67500.0,325923.0,14.7,5.9,5.0,351.61679292348197,1.534104681167024,2.0,0
"Essex County, MA",25009,1996.0,5618801,101883.0,813054.0,9.4,5.1,,245.494149220101,,1.0,0
"Essex County, NJ",34013,2413.0,5836281,80789.0,863002.0,14.6,8.7,,279.6053775078157,,1.0,0
"Essex County, NY",36031,52.0,258773,71661.0,36973.0,11.2,4.0,3.0,140.6431720444649,8.114029156411435,6.0,1
"Essex County, VA",51057,28.0,75299,56520.0,10623.0,12.3,3.9,2.0,263.57902664030877,18.827073331450627,8.0,1
"Essex County, VT",50009,16.0,42502,59294.0,5982.0,13.8,4.8,,267.46907388833165,,9.0,1
"Estill County, KY",21065,112.0,98487,46051.0,14035.0,20.7,7.0,1.0,798.004987531172,7.125044531528322,8.0,1
"Etowah County, AL",01055,257.0,719838,54563.0,103105.0,16.9,5.9,3.0,249.2604626351777,2.9096552058581056,3.0,0
"Evangeline Parish, LA",22039,72.0,227814,41915.0,32060.0,24.3,9.8,2.0,224.5789145352464,6.238303181534623,6.0,1
"Fairbanks North Star Borough, AK",02090,128.0,672211,88267.0,95460.0,6.1,5.3,6.0,134.08757594804106,6.285355122564424,3.0,0
"Fairfax County, VA",51059,834.0,8030028,153637.0,1147837.0,5.9,4.2,21.0,72.6584001038475,1.829528060168822,1.0,0
"Fairfax city, VA",51600,37.0,172617,132348.0,25026.0,9.1,3.3,,147.84623991049307,,1.0,0
"Fairfield County, CT",09001,1628.0,Not Available,,,,,,,,,0
"Fairfield County, OH",39045,358.0,1130149,90966.0,163453.0,8.0,3.8,8.0,219.0232054474375,4.894373306087989,1.0,0
"Fairfield County, SC",45039,53.0,148744,47885.0,20550.0,15.6,5.5,1.0,257.9075425790754,4.866180048661801,2.0,0
"Falls Church city, VA",51610,19.0,102818,143262.0,14710.0,4.0,5.0,,129.16383412644458,,1.0,0
"Falls County, TX",48145,19.0,121307,57247.0,17291.0,14.7,6.0,,109.88375455439245,,2.0,0
"Fannin County, GA",13111,49.0,182036,57073.0,25742.0,13.7,3.7,,190.35040012431045,,8.0,1
"Fannin County, TX",48147,38.0,256628,72295.0,37326.0,13.7,5.0,,101.80571183625354,,6.0,1
"Faulkner County, AR",05045,121.0,892065,67289.0,127717.0,14.5,3.4,4.0,94.74071580134203,3.131924489300563,2.0,0
"Fauquier County, VA",51061,108.0,512767,130189.0,74577.0,6.8,2.9,1.0,144.81676656341767,1.340895986698312,1.0,0
"Fayette County, AL",01057,38.0,113072,49488.0,16053.0,21.8,8.4,1.0,236.71587865196534,6.229365227683299,8.0,1
"Fayette County, GA",13113,102.0,834763,111978.0,122244.0,5.6,3.8,3.0,83.43967802100717,2.4541081770884463,1.0,0
"Fayette County, IA",19065,19.0,135482,60165.0,19288.0,12.0,3.2,1.0,98.50684363334715,5.184570717544587,6.0,1
"Fayette County, IL",17051,23.0,149026,60944.0,21315.0,15.5,3.8,1.0,107.90523105794043,4.691531785127844,6.0,1
"Fayette County, IN",18041,117.0,162447,59321.0,23334.0,17.9,3.4,2.0,501.41424530727693,8.571183680466271,6.0,1
"Fayette County, KY",21067,1038.0,2263398,69479.0,323725.0,14.9,4.9,27.0,320.64252065796586,8.340412387056915,2.0,0
"Fayette County, OH",39047,73.0,201114,63275.0,28876.0,15.5,3.7,1.0,252.80509765895553,3.4630835295747335,6.0,1
"Fayette County, PA",42051,480.0,888383,58236.0,125997.0,16.8,6.3,1.0,380.9614514631301,0.7936696905481877,1.0,0
"Fayette County, TN",47047,75.0,298373,88456.0,43267.0,10.3,4.8,1.0,173.3422700903691,2.311230267871588,1.0,0
"Fayette County, TX",48149,26.0,176804,75854.0,25042.0,8.6,2.3,1.0,103.82557303729733,3.9932912706652828,6.0,1
"Fayette County, WV",54019,246.0,284572,53194.0,39519.0,19.2,5.6,1.0,622.4853867759812,2.5304284015283787,3.0,0
"Fentress County, TN",47049,56.0,133534,51149.0,19309.0,21.0,4.7,1.0,290.0201978352064,5.178932104200114,8.0,1
"Fergus County, MT",30027,10.0,80181,63706.0,11687.0,15.1,4.2,2.0,85.56515786771627,17.113031573543253,7.0,1
"Ferry County, WA",53019,17.0,52796,55614.0,7387.0,13.6,12.5,,230.13401922295927,,8.0,1
"Fillmore County, MN",27045,13.0,148969,77512.0,21414.0,8.4,2.7,,60.70794807135519,,3.0,0
"Finney County, KS",20055,43.0,260572,73009.0,38084.0,11.1,4.1,1.0,112.90830795084551,2.625774603508035,5.0,1
"Flagler County, FL",12035,229.0,861419,77363.0,126528.0,10.3,4.4,4.0,180.98760748609004,3.161355589276682,2.0,0
"Flathead County, MT",30029,114.0,760237,73925.0,110695.0,9.3,2.9,8.0,102.98568137675593,7.227065359772348,5.0,1
"Fleming County, KY",21069,29.0,105161,49307.0,15323.0,21.2,7.5,2.0,189.25797820270182,13.05227435880702,9.0,1
"Florence County, SC",45041,335.0,962528,58305.0,137117.0,18.7,5.6,3.0,244.31689724833538,2.18791251267166,3.0,0
"Florence County, WI",55037,10.0,31550,61086.0,4646.0,7.3,4.8,,215.2389151958674,,9.0,1
"Floyd County, GA",13115,184.0,694746,65565.0,99693.0,16.0,4.2,2.0,184.56661952193232,2.0061589078470905,3.0,0
"Floyd County, IN",18043,260.0,559147,79704.0,80918.0,10.3,4.1,4.0,321.31293408141573,4.943275908944858,1.0,0
"Floyd County, KY",21071,182.0,245615,41279.0,35224.0,28.0,7.7,8.0,516.6931637519873,22.711787417669772,7.0,1
"Floyd County, VA",51063,20.0,109843,62191.0,15593.0,9.8,3.6,1.0,128.26268197268007,6.413134098634002,3.0,0
"Fluvanna County, VA",51065,42.0,194565,96768.0,28092.0,7.7,4.2,,149.508756941478,,3.0,0
"Fond du Lac County, WI",55039,151.0,725786,74275.0,104137.0,9.2,3.2,,145.00129636920593,,3.0,0
"Ford County, IL",17053,15.0,92635,62439.0,13406.0,12.4,5.5,1.0,111.89019841861852,7.459346561241235,3.0,0
"Ford County, KS",20057,19.0,236660,70781.0,34074.0,14.0,5.1,1.0,55.760990784762576,2.9347889886717144,5.0,1
"Forest County, WI",55041,29.0,64425,61071.0,9369.0,15.2,2.9,,309.5314334507418,,9.0,1
"Forrest County, MS",28035,109.0,537570,53640.0,78272.0,21.0,6.7,3.0,139.2579721995094,3.832788225674571,3.0,0
"Forsyth County, GA",13117,216.0,1812137,143784.0,267287.0,4.3,3.5,3.0,80.81201105927336,1.122389042489908,1.0,0
"Forsyth County, NC",37067,949.0,2710981,67165.0,389977.0,14.5,5.0,11.0,243.34768460704095,2.820679168258641,2.0,0
"Fort Bend County, TX",48157,568.0,6062137,114041.0,893767.0,7.6,5.1,7.0,63.55123874566862,0.7832018859501414,1.0,0
"Fountain County, IN",18045,33.0,115773,62542.0,16617.0,12.4,4.7,1.0,198.5918035746525,6.017933441656135,8.0,1
"Franklin County, AL",01059,55.0,221853,53338.0,31966.0,19.1,3.6,,172.0578114246387,,6.0,1
"Franklin County, AR",05047,24.0,122920,55886.0,17326.0,18.0,4.9,1.0,138.52014313748123,5.771672630728385,8.0,1
"Franklin County, FL",12037,26.0,86705,64105.0,12553.0,16.5,8.5,1.0,207.12180355293557,7.966223213574445,8.0,1
"Franklin County, GA",13119,54.0,167779,53046.0,24234.0,19.5,5.9,,222.82743253280515,,8.0,1
"Franklin County, IL",17055,61.0,264085,56740.0,37323.0,17.5,7.7,4.0,163.43809447257723,10.717252096562442,7.0,1
"Franklin County, IN",18047,53.0,160357,78074.0,23020.0,6.9,3.9,1.0,230.23457862728063,4.344048653344918,1.0,0
"Franklin County, KS",20059,41.0,181254,77207.0,26106.0,8.7,3.0,1.0,157.05201869302076,3.8305370412931894,6.0,1
"Franklin County, KY",21073,191.0,360299,65298.0,51842.0,13.6,5.9,2.0,368.4271440145056,3.8578758535550324,4.0,1
"Franklin County, MA",25011,192.0,495026,74907.0,70944.0,12.1,5.4,,270.63599458728015,,4.0,1
"Franklin County, ME",23007,63.0,211973,58675.0,30413.0,12.2,4.6,,207.1482589682044,,8.0,1
"Franklin County, MO",29071,308.0,736876,73165.0,105950.0,8.2,4.3,2.0,290.70316186880603,1.8876828692779613,1.0,0
"Franklin County, MS",28037,13.0,53602,52939.0,7622.0,25.4,4.0,1.0,170.5589084229861,13.119916032537391,9.0,1
"Franklin County, NC",37069,158.0,512118,74240.0,74386.0,11.1,4.6,1.0,212.4055601860565,1.344338988519345,1.0,0
"Franklin County, NY",36033,72.0,337697,65151.0,46696.0,18.2,3.9,5.0,154.18879561418535,10.707555250985095,7.0,1
"Franklin County, OH",39049,4873.0,9277280,75176.0,1333048.0,14.7,4.6,59.0,365.55322839087563,4.425947152690676,1.0,0
"Franklin County, PA",42055,187.0,1095829,77003.0,157379.0,8.5,4.0,2.0,118.82144377585321,1.2708175804904085,3.0,0
"Franklin County, TN",47051,78.0,303531,63494.0,43990.0,12.0,2.8,2.0,177.31302568765628,4.546487838145033,7.0,1
"Franklin County, TX",48159,15.0,75041,72360.0,10632.0,11.7,4.4,,141.08352144469526,,9.0,1
"Franklin County, VA",51067,134.0,389602,68849.0,55130.0,12.7,2.4,1.0,243.06185380010885,1.813894431344096,2.0,0
"Franklin County, VT",50011,107.0,351624,81313.0,50638.0,10.3,3.2,,211.30376397172083,,3.0,0
"Franklin County, WA",53021,137.0,683862,86714.0,98902.0,13.1,5.4,1.0,138.52096014236315,1.011101898849366,2.0,0
"Franklin Parish, LA",22041,15.0,137262,47020.0,19408.0,24.1,8.2,1.0,77.28771640560593,5.152514427040396,6.0,1
"Franklin city, VA",51620,22.0,56989,63245.0,8250.0,19.3,7.9,2.0,266.6666666666667,24.242424242424242,6.0,1
"Frederick County, MD",24021,460.0,1939978,122002.0,287048.0,6.0,3.3,9.0,160.25194392575457,3.1353641202865026,1.0,0
"Frederick County, VA",51069,128.0,651658,97606.0,95008.0,6.8,4.2,5.0,134.72549680026944,5.262714718760526,3.0,0
"Fredericksburg city, VA",51630,76.0,203716,86071.0,28873.0,13.2,5.1,3.0,263.2216950091781,10.390330066151767,1.0,0
"Freeborn County, MN",27047,37.0,213385,71023.0,30623.0,10.6,4.6,3.0,120.82421709172844,9.796558142572577,7.0,1
"Freestone County, TX",48161,22.0,140209,59960.0,20049.0,12.3,3.0,,109.73115866127986,,9.0,1
"Fremont County, CO",08043,114.0,343420,62664.0,49634.0,13.3,4.3,3.0,229.68126687351412,6.044243865092477,4.0,1
"Fremont County, ID",16043,15.0,95650,72683.0,13943.0,10.1,3.9,,107.5808649501542,,8.0,1
"Fremont County, WY",56013,86.0,276453,64904.0,39533.0,12.8,7.4,4.0,217.53977689525206,10.1181291579187,7.0,1
"Fresno County, CA",06019,1455.0,7064477,74201.0,1016725.0,18.3,8.7,8.0,143.10654306720107,0.7868400993385625,1.0,0
"Frio County, TX",48163,10.0,134259,66010.0,18582.0,19.5,5.6,2.0,53.81552039608223,10.763104079216445,6.0,1
"Fulton County, AR",05049,11.0,86621,42241.0,12302.0,18.0,4.6,1.0,89.4163550642172,8.128759551292472,9.0,1
"Fulton County, GA",13121,1739.0,7500880,95292.0,1076561.0,12.3,5.4,27.0,161.53288109080677,2.5079860778906164,1.0,0
"Fulton County, IL",17057,31.0,234143,60599.0,33020.0,13.2,6.7,1.0,93.8824954572986,3.0284675953967293,6.0,1
"Fulton County, IN",18049,33.0,141159,61360.0,20312.0,15.3,6.8,1.0,162.46553761323355,4.923198109491926,7.0,1
"Fulton County, KY",21075,11.0,43555,38217.0,6409.0,22.6,3.3,,171.63364019347793,,9.0,1
"Fulton County, NY",36035,103.0,369878,66533.0,52487.0,13.1,3.5,1.0,196.2390687217787,1.905233676910473,4.0,1
"Fulton County, OH",39051,68.0,294947,72864.0,42240.0,9.4,3.9,3.0,160.98484848484847,7.102272727272727,2.0,0
"Fulton County, PA",42057,25.0,101530,65836.0,14531.0,11.2,2.9,,172.0459706833666,,8.0,1
"Gadsden County, FL",12039,55.0,311932,48801.0,43710.0,27.9,5.0,2.0,125.82932967284374,4.575611988103409,2.0,0
"Galax city, VA",51640,14.0,45912,38675.0,6726.0,31.1,5.1,2.0,208.14748736247395,29.73535533749628,6.0,1
"Gallatin County, KY",21077,48.0,61615,63346.0,8769.0,13.8,4.6,1.0,547.3828258638385,11.403808872163301,1.0,0
"Gallatin County, MT",30031,83.0,844079,93528.0,124074.0,9.5,2.3,1.0,66.89556232570885,0.8059706304302271,3.0,0
"Gallia County, OH",39053,143.0,205777,56830.0,29068.0,16.4,3.5,4.0,491.9499105545617,13.760836658868861,6.0,1
"Galveston County, TX",48167,548.0,2466448,86105.0,358990.0,11.7,5.7,6.0,152.65049165714922,1.6713557480709769,1.0,0
"Garfield County, CO",08045,74.0,430503,91131.0,62479.0,8.2,3.4,3.0,118.43979577137918,4.80161334208294,5.0,1
"Garfield County, OK",40047,70.0,430714,66182.0,62146.0,12.5,4.9,2.0,112.63798152737104,3.2182280436391726,3.0,0
"Garland County, AR",05051,210.0,698434,57181.0,100035.0,15.8,5.7,5.0,209.92652571599942,4.9982506122857,3.0,0
"Garrard County, KY",21079,62.0,123765,63087.0,17568.0,15.9,5.1,2.0,352.9143897996357,11.384335154826958,8.0,1
"Garrett County, MD",24023,53.0,201126,67688.0,28615.0,11.2,4.4,1.0,185.217543246549,3.4946706272933774,8.0,1
"Garvin County, OK",40049,55.0,186744,58556.0,25860.0,17.0,3.4,1.0,212.68368136117556,3.8669760247486464,6.0,1
"Gasconade County, MO",29073,40.0,102896,64232.0,14746.0,12.6,3.3,1.0,271.2600027126,6.781500067815,8.0,1
"Gaston County, NC",37071,569.0,1618266,67478.0,234881.0,13.5,4.8,10.0,242.25033101868604,4.257475061839825,1.0,0
"Gates County, NC",37073,21.0,75990,66333.0,10376.0,9.4,5.9,,202.3901310717039,,1.0,0
"Geary County, KS",20061,48.0,238613,59317.0,35815.0,18.0,6.9,2.0,134.02205779701242,5.584252408208851,3.0,0
"Geauga County, OH",39055,92.0,662754,107860.0,95481.0,5.6,3.0,8.0,96.35424848922823,8.37863030341115,1.0,0
"Gem County, ID",16045,25.0,137587,64605.0,20614.0,12.0,2.9,3.0,121.2768021732803,14.553216260793635,2.0,0
"Genesee County, MI",26049,1431.0,2827491,62281.0,403305.0,16.4,8.1,10.0,354.8183136831926,2.4795130236421565,2.0,0
"Genesee County, NY",36037,120.0,402306,73314.0,57787.0,10.6,4.6,2.0,207.65916209528095,3.460986034921349,4.0,1
"Geneva County, AL",01061,39.0,186727,52771.0,26887.0,19.2,5.6,1.0,145.05151188306615,3.7192695354632352,3.0,0
"George County, MS",28039,32.0,174642,59758.0,25170.0,18.3,7.5,,127.13547874453714,,8.0,1
"Georgetown County, SC",45043,218.0,448691,68713.0,64811.0,15.0,4.4,,336.36265448766414,,4.0,1
"Gibson County, IN",18051,24.0,232795,67573.0,33000.0,10.8,2.3,1.0,72.72727272727272,3.0303030303030303,6.0,1
"Gibson County, TN",47053,85.0,351182,62755.0,50869.0,13.7,5.0,4.0,167.09587371483613,7.863335233639348,3.0,0
"Gila County, AZ",04007,155.0,377797,61986.0,53795.0,16.9,7.1,8.0,288.1308671809648,14.871270564178829,4.0,1
"Gilchrist County, FL",12041,33.0,132895,63523.0,19040.0,11.5,3.5,1.0,173.31932773109241,5.2521008403361344,2.0,0
"Giles County, TN",47055,61.0,211285,62307.0,30620.0,12.8,4.4,1.0,199.2161985630307,3.2658393207054215,6.0,1
"Giles County, VA",51071,29.0,116232,65691.0,16557.0,9.3,2.1,1.0,175.15250347285135,6.03974149906384,3.0,0
"Gillespie County, TX",48171,20.0,191418,76162.0,27524.0,9.2,2.7,1.0,72.66385699752944,3.633192849876471,7.0,1
"Gilmer County, GA",13123,50.0,224783,74499.0,32426.0,16.0,2.7,,154.19724912107566,,6.0,1
"Gilmer County, WV",54021,11.0,52732,47981.0,7288.0,19.0,6.8,1.0,150.9330406147091,13.721185510428102,9.0,1
"Glacier County, MT",30035,29.0,95672,46875.0,13637.0,31.1,10.0,,212.65674268534136,,9.0,1
"Glades County, FL",12043,28.0,92339,45870.0,12563.0,17.2,7.1,,222.8767014248189,,8.0,1
"Gladwin County, MI",26051,38.0,179271,55349.0,25693.0,14.9,6.8,1.0,147.90020628186667,3.89211069162807,8.0,1
"Glenn County, CA",06021,72.0,198300,67139.0,28494.0,16.0,8.0,5.0,252.6847757422615,17.547553870990384,6.0,1
"Gloucester County, NJ",34015,939.0,2107573,105115.0,306954.0,7.7,5.3,,305.9090287144002,,1.0,0
"Gloucester County, VA",51073,81.0,270929,84306.0,39526.0,5.2,3.0,3.0,204.9284015584678,7.589940798461772,1.0,0
"Glynn County, GA",13127,167.0,598609,69799.0,85447.0,16.1,3.7,2.0,195.44278909733518,2.3406322047585055,3.0,0
"Gogebic County, MI",26053,19.0,100034,52732.0,14319.0,14.4,6.5,1.0,132.69083036524898,6.983727913960472,7.0,1
"Gonzales County, TX",48177,23.0,142054,58672.0,19851.0,15.8,4.3,1.0,115.86318069618659,5.037529595486373,6.0,1
"Goochland County, VA",51075,31.0,178445,118931.0,26410.0,5.1,1.7,1.0,117.37978038621735,3.786444528587656,1.0,0
"Goodhue County, MN",27049,67.0,331059,84171.0,47943.0,9.3,3.6,4.0,139.74928560999518,8.343240931940013,6.0,1
"Gooding County, ID",16047,16.0,109730,63559.0,15931.0,13.0,3.8,1.0,100.43311782060134,6.277069863787584,8.0,1
"Gordon County, GA",13129,70.0,412141,63650.0,59100.0,12.0,3.7,,118.44331641285956,,4.0,1
"Grady County, GA",13131,10.0,178135,58980.0,26108.0,20.3,3.7,,38.30243603493182,,6.0,1
"Grady County, OK",40051,96.0,395185,75419.0,56606.0,12.2,5.5,1.0,169.59332932904638,1.7665971805108998,1.0,0
"Grafton County, NH",33009,120.0,639881,88261.0,92120.0,10.4,3.2,,130.2648719062093,,5.0,1
"Graham County, AZ",04009,91.0,273716,67325.0,39232.0,17.3,7.7,4.0,231.95350734094617,10.195758564437195,7.0,1
"Graham County, NC",37075,20.0,57653,49684.0,8072.0,6.7,7.0,,247.7700693756194,,9.0,1
"Grainger County, TN",47057,88.0,167824,50538.0,24266.0,17.1,4.7,2.0,362.64732547597464,8.241984669908513,2.0,0
"Grand County, CO",08049,27.0,110771,88612.0,15895.0,7.6,4.1,1.0,169.8647373387858,6.291286568103176,9.0,1
"Grand County, UT",49019,27.0,68240,67106.0,9754.0,13.3,1.6,2.0,276.8095140455198,20.50440844781628,7.0,1
"Grand Forks County, ND",38035,65.0,501299,68075.0,72923.0,13.2,2.3,5.0,89.13511512142945,6.856547317033034,3.0,0
"Grand Isle County, VT",50013,14.0,51399,97396.0,7450.0,7.9,3.1,,187.91946308724832,,3.0,0
"Grand Traverse County, MI",26055,107.0,664623,81647.0,96166.0,9.6,3.8,8.0,111.2659359856914,8.318948484911507,3.0,0
"Grant County, AR",05053,18.0,128081,71549.0,18242.0,13.1,4.5,1.0,98.67339107553995,5.48185505975222,2.0,0
"Grant County, IN",18053,240.0,461873,53522.0,66295.0,19.8,6.3,6.0,362.0182517535259,9.050456293838149,4.0,1
"Grant County, KY",21081,106.0,177664,69178.0,25418.0,11.7,4.9,2.0,417.0273034857188,7.868439688409788,1.0,0
"Grant County, NM",35017,66.0,191939,44958.0,27775.0,19.5,8.4,4.0,237.6237623762376,14.401440144014401,7.0,1
"Grant County, WA",53025,205.0,703444,73267.0,101799.0,15.8,6.5,3.0,201.3772237448305,2.9469837621194706,5.0,1
"Grant County, WI",55043,28.0,361139,66858.0,51770.0,13.0,3.1,,54.08537763183311,,6.0,1
"Grant County, WV",54023,37.0,78547,62361.0,10983.0,13.3,3.3,1.0,336.88427569880724,9.104980424292087,9.0,1
"Grant Parish, LA",22043,39.0,155381,64016.0,22095.0,17.0,3.7,,176.51052274270197,,3.0,0
"Granville County, NC",37077,122.0,428669,71111.0,60877.0,15.2,4.6,,200.4040935000082,,6.0,1
"Gratiot County, MI",26057,41.0,286977,63556.0,41385.0,14.0,4.2,1.0,99.06971124803673,2.4163344206838224,6.0,1
"Graves County, KY",21083,39.0,257710,50772.0,36630.0,19.9,3.4,2.0,106.47010647010647,5.46000546000546,6.0,1
"Gray County, TX",48179,27.0,149288,59614.0,21045.0,15.7,5.6,,128.29650748396293,,6.0,1
"Grays Harbor County, WA",53027,301.0,533974,64414.0,77053.0,15.3,7.0,5.0,390.6402086875268,6.489040011420711,4.0,1
"Grayson County, KY",21085,38.0,186278,50757.0,26707.0,20.1,6.6,4.0,142.28479424869886,14.97734676302093,6.0,1
"Grayson County, TX",48181,156.0,988427,72182.0,143337.0,11.2,3.1,3.0,108.83442516586784,2.092969714728228,3.0,0
"Grayson County, VA",51077,14.0,107926,47730.0,15287.0,16.5,3.6,1.0,91.58108196506835,6.541505854647739,9.0,1
"Green County, KY",21087,20.0,78661,46798.0,11369.0,20.4,7.2,1.0,175.9169671914856,8.795848359574281,8.0,1
"Green County, WI",55045,39.0,258430,82852.0,37017.0,7.7,3.6,1.0,105.35699813599157,2.7014614906664507,2.0,0
"Green Lake County, WI",55047,29.0,133902,68196.0,19263.0,13.8,2.8,1.0,150.54768208482582,5.191299382235374,6.0,1
"Greenbrier County, WV",54025,157.0,232810,48218.0,32386.0,21.8,4.2,2.0,484.7773729389242,6.175507935527697,6.0,1
"Greene County, AR",05055,46.0,322683,57839.0,46432.0,17.4,5.9,3.0,99.0696071674707,6.461061337008959,4.0,1
"Greene County, GA",13133,18.0,136347,86272.0,20109.0,9.8,3.4,1.0,89.51215873489483,4.972897707494156,8.0,1
"Greene County, IL",17061,23.0,85169,62192.0,11683.0,14.3,4.9,,196.86724300265342,,8.0,1
"Greene County, IN",18055,41.0,220338,62094.0,31021.0,12.8,6.0,3.0,132.16853099513233,9.670868121595047,6.0,1
"Greene County, MO",29077,727.0,2096717,61479.0,303375.0,13.6,3.4,5.0,239.63741244334568,1.6481252575195713,2.0,0
"Greene County, NC",37079,32.0,144838,53244.0,20486.0,21.0,5.7,1.0,156.2042370399297,4.881382407497803,8.0,1
"Greene County, NY",36039,112.0,332381,77945.0,47409.0,9.9,3.9,1.0,236.24206374317112,2.109304140564028,6.0,1
"Greene County, OH",39057,320.0,1185960,87309.0,169688.0,9.8,4.3,8.0,188.58139644524067,4.714534911131017,2.0,0
"Greene County, PA",42059,92.0,246709,68041.0,34835.0,13.5,5.6,1.0,264.10219606717385,2.870676044208411,6.0,1
"Greene County, TN",47059,223.0,495728,56194.0,71628.0,15.4,5.7,2.0,311.33076450550067,2.7922041659686156,4.0,1
"Greene County, VA",51079,39.0,144849,89808.0,21155.0,13.7,1.8,,184.35358071377925,,3.0,0
"Greenlee County, AZ",04011,14.0,65807,71164.0,9409.0,8.2,2.3,2.0,148.79370815176958,21.25624402168137,9.0,1
"Greensville County, VA",51081,31.0,79189,54668.0,11275.0,14.3,6.3,2.0,274.94456762749445,17.738359201773836,6.0,1
"Greenup County, KY",21089,146.0,246777,60751.0,35501.0,15.4,6.8,1.0,411.2560209571561,2.8168220613503845,2.0,0
"Greenville County, SC",45045,1448.0,3780806,76932.0,548166.0,10.8,4.4,2.0,264.1535593232707,0.36485298249070536,2.0,0
"Greenwood County, SC",45047,193.0,490635,52830.0,69489.0,15.1,5.5,,277.7418008605678,,4.0,1
"Gregg County, TX",48183,96.0,874447,66550.0,125480.0,16.1,3.6,4.0,76.50621613006057,3.18775900541919,2.0,0
"Grenada County, MS",28043,31.0,146872,48804.0,21217.0,24.6,4.9,1.0,146.1092520148937,4.713201677899797,7.0,1
"Grimes County, TX",48185,31.0,213727,69803.0,31340.0,14.6,5.1,,98.91512444160817,,6.0,1
"Grundy County, IL",17063,102.0,366462,92235.0,53219.0,6.0,4.6,1.0,191.66087299648623,1.8790281666322177,1.0,0
"Grundy County, MO",29079,12.0,68498,51975.0,9787.0,17.6,3.2,6.0,122.61162766935732,61.30581383467866,7.0,1
"Grundy County, TN",47061,50.0,95766,47593.0,13819.0,18.9,9.0,1.0,361.8206816701643,7.236413633403285,8.0,1
"Guadalupe County, NM",35019,10.0,30352,42750.0,4381.0,25.5,2.6,2.0,228.25838849577724,45.65167769915544,9.0,1
"Guadalupe County, TX",48187,112.0,1244565,92375.0,183642.0,9.3,4.8,2.0,60.988227094019884,1.0890754838217835,1.0,0
"Guernsey County, OH",39059,116.0,269369,58478.0,38223.0,15.3,5.3,4.0,303.48219658320903,10.464903330455485,6.0,1
"Guilford County, NC",37081,1256.0,3808558,68642.0,547940.0,14.6,4.6,14.0,229.22217761068728,2.555024272730591,2.0,0
"Gulf County, FL",12045,28.0,104583,61179.0,15131.0,12.5,2.6,1.0,185.05055845614964,6.608948516291058,8.0,1
"Gunnison County, CO",08051,16.0,121480,84527.0,17241.0,11.3,4.7,1.0,92.80204164491619,5.800127602807262,7.0,1
"Gwinnett County, GA",13135,986.0,6733952,87890.0,979864.0,10.8,4.2,11.0,100.62620935150184,1.1226047696415014,1.0,0
"Habersham County, GA",13137,82.0,329434,67309.0,47793.0,14.1,2.7,1.0,171.5732429435273,2.092356621262528,6.0,1
"Hale County, TX",48189,22.0,227751,51897.0,32131.0,20.5,5.3,,68.46970215679562,,4.0,1
"Halifax County, NC",37083,119.0,340473,45590.0,47675.0,22.8,9.3,4.0,249.60671211326692,8.390141583639224,4.0,1
"Halifax County, VA",51083,87.0,235926,52013.0,33639.0,17.3,4.2,2.0,258.62837777579597,5.945479948868872,6.0,1
"Hall County, GA",13139,361.0,1472253,80901.0,212705.0,11.8,3.5,3.0,169.71862438588656,1.4104040807691403,3.0,0
"Hall County, NE",31079,35.0,433130,69251.0,62536.0,14.1,4.0,3.0,55.96776256876039,4.797236791608034,3.0,0
"Hamblen County, TN",47063,220.0,458180,55454.0,65669.0,18.4,5.3,7.0,335.01347667849365,10.659519712497525,3.0,0
"Hamilton County, FL",12047,27.0,98274,50144.0,13616.0,20.1,6.7,1.0,198.29612220916567,7.344300822561692,8.0,1
"Hamilton County, IA",19079,15.0,103733,72432.0,14886.0,7.4,4.8,1.0,100.76582023377671,6.717721348918447,6.0,1
"Hamilton County, IN",18057,322.0,2485255,121530.0,365056.0,4.4,2.8,3.0,88.20564516129032,0.8217917251051893,1.0,0
"Hamilton County, OH",39061,2482.0,5767735,72470.0,830774.0,15.0,5.0,32.0,298.75754416965384,3.85182973949594,1.0,0
"Hamilton County, TN",47065,1000.0,2613689,76183.0,376192.0,13.1,4.4,14.0,265.8217080639673,3.721503912895543,2.0,0
"Hampden County, MA",25013,1731.0,3248965,71306.0,462815.0,16.3,6.0,,374.0155353651027,,2.0,0
"Hampshire County, MA",25015,302.0,1135647,87001.0,162028.0,11.3,5.0,,186.38753795640258,,3.0,0
"Hampshire County, WV",54027,98.0,163924,63116.0,23465.0,13.1,9.0,1.0,417.6432985297251,4.261666311527807,3.0,0
"Hampton County, SC",45049,27.0,129213,44711.0,18254.0,20.7,9.5,,147.9127862386326,,8.0,1
"Hampton city, VA",51650,309.0,954764,69621.0,137557.0,12.7,6.3,6.0,224.6341516607661,4.361828187587691,1.0,0
"Hancock County, IN",18059,148.0,573907,93186.0,84037.0,4.7,2.7,2.0,176.11290265002322,2.3799040898651787,1.0,0
"Hancock County, ME",23009,115.0,391251,72744.0,56460.0,9.9,4.6,,203.6840240878498,,8.0,1
"Hancock County, MS",28045,135.0,327766,67708.0,46167.0,13.8,5.0,,292.4166612515433,,2.0,0
"Hancock County, OH",39063,148.0,526357,73141.0,74866.0,9.9,3.1,4.0,197.6865332727807,5.342879277642722,4.0,1
"Hancock County, TN",47067,31.0,47288,34960.0,6852.0,32.2,6.3,1.0,452.4226503210741,14.594279042615295,8.0,1
"Hancock County, WV",54029,117.0,199502,61466.0,28431.0,14.5,8.4,6.0,411.522633744856,21.103724807428513,3.0,0
"Hanover County, VA",51085,192.0,777265,112805.0,112879.0,5.7,2.7,5.0,170.0936400924884,4.429521877408552,1.0,0
"Haralson County, GA",13143,74.0,216059,72127.0,31285.0,15.4,4.4,,236.53508070960524,,1.0,0
"Hardee County, FL",12049,36.0,183902,60489.0,25675.0,25.3,5.9,1.0,140.21421616358325,3.8948393378773125,6.0,1
"Hardeman County, TN",47069,45.0,177062,46069.0,25433.0,19.0,9.8,2.0,176.93547752919437,7.863799001297527,6.0,1
"Hardin County, KY",21093,252.0,781191,67647.0,111942.0,13.1,6.6,16.0,225.11657822801095,14.293116077968948,3.0,0
"Hardin County, OH",39065,76.0,216121,62484.0,30475.0,17.3,4.6,2.0,249.3847415914684,6.562756357670222,6.0,1
"Hardin County, TN",47071,73.0,185826,49956.0,27249.0,21.5,4.7,4.0,267.89973943997944,14.67943777753312,6.0,1
"Hardin County, TX",48199,59.0,404829,75808.0,57642.0,12.1,5.4,1.0,102.35592102980466,1.7348461191492315,2.0,0
"Hardy County, WV",54031,43.0,98122,49272.0,14243.0,17.7,7.3,1.0,301.90268904023026,7.020992768377449,8.0,1
"Harford County, MD",24025,695.0,1823204,112265.0,263757.0,7.1,3.8,9.0,263.5001156367414,3.4122317132815434,1.0,0
"Harlan County, KY",21095,102.0,180187,41693.0,25772.0,27.4,9.5,3.0,395.778364116095,11.640540121061617,7.0,1
"Harnett County, NC",37085,334.0,969619,71287.0,139150.0,13.7,4.7,3.0,240.0287459575997,2.1559468199784404,4.0,1
"Harney County, OR",41025,11.0,52027,55208.0,7499.0,13.7,3.7,1.0,146.68622482997733,13.335111348179758,9.0,1
"Harris County, GA",13145,42.0,251276,97302.0,36086.0,9.0,5.9,,116.38862716843096,,2.0,0
"Harris County, TX",48201,6405.0,33503567,74983.0,4838303.0,16.3,6.7,42.0,132.38112619238603,0.868072958638597,1.0,0
"Harrison County, IA",19085,12.0,100734,79535.0,14632.0,7.1,2.3,,82.01202843083652,,2.0,0
"Harrison County, IN",18061,111.0,281143,74475.0,39859.0,7.2,3.5,2.0,278.48164780852505,5.017687347901352,1.0,0
"Harrison County, KY",21097,60.0,133577,66442.0,19140.0,17.1,3.2,2.0,313.4796238244514,10.449320794148381,6.0,1
"Harrison County, MS",28047,459.0,1468313,59479.0,210891.0,17.1,7.1,3.0,217.6479792878786,1.4225358123390757,2.0,0
"Harrison County, OH",39067,23.0,102284,54414.0,14306.0,13.1,4.6,1.0,160.77170418006432,6.990074094785405,8.0,1
"Harrison County, TX",48203,74.0,481035,66103.0,70155.0,15.6,5.6,,105.480721260067,,2.0,0
"Harrison County, WV",54033,261.0,460864,60377.0,64984.0,14.4,4.0,5.0,401.6373261110427,7.694201649636834,5.0,1
"Harrisonburg city, VA",51660,43.0,365087,62254.0,51392.0,25.7,6.9,1.0,83.6706102117061,1.9458281444582815,3.0,0
"Hart County, GA",13147,44.0,187636,59385.0,26939.0,11.9,3.4,1.0,163.33197223356473,3.7120902780355616,6.0,1
"Hart County, KY",21099,39.0,135661,52285.0,19603.0,19.3,3.8,3.0,198.94914043768813,15.303780033668314,8.0,1
"Hartford County, CT",09003,2599.0,Not Available,,,,,,,,,0
"Harvey County, KS",20079,30.0,237694,74368.0,33756.0,8.2,4.8,4.0,88.87308922858159,11.849745230477545,2.0,0
"Haskell County, OK",40061,18.0,84833,49806.0,11683.0,20.8,6.6,2.0,154.07001626294615,17.118890695882907,8.0,1
"Hawaii County, HI",15001,270.0,1432462,78639.0,205769.0,14.9,6.0,9.0,131.21510042815,4.373836680938334,5.0,1
"Hawkins County, TN",47073,147.0,403393,56936.0,57964.0,15.2,7.3,2.0,253.60568628804086,3.450417500517563,2.0,0
"Hays County, TX",48209,207.0,1791324,89097.0,268638.0,12.1,4.4,4.0,77.05536819065063,1.488992622041558,1.0,0
"Haywood County, NC",37087,169.0,438362,61912.0,62662.0,13.1,3.1,,269.70093517602373,,4.0,1
"Haywood County, TN",47075,22.0,121310,50472.0,17475.0,21.5,5.9,2.0,125.89413447782547,11.444921316165951,6.0,1
"Heard County, GA",13149,17.0,83218,65868.0,11773.0,17.9,4.3,1.0,144.39819926951498,8.494011721736177,1.0,0
"Hempstead County, AR",05057,19.0,142121,46787.0,19508.0,20.2,5.6,1.0,97.39594012712733,5.12610211195407,6.0,1
"Henderson County, KY",21101,65.0,312210,58851.0,44280.0,14.6,2.5,3.0,146.79313459801264,6.775067750677507,4.0,1
"Henderson County, NC",37089,217.0,827546,68187.0,118484.0,11.6,3.5,4.0,183.1470915904257,3.3759832551230544,2.0,0
"Henderson County, TN",47077,49.0,196175,55136.0,27980.0,16.9,6.1,2.0,175.1250893495354,7.147962830593281,6.0,1
"Henderson County, TX",48213,116.0,590631,65179.0,84862.0,14.7,4.9,2.0,136.6925125497867,2.3567674577549433,4.0,1
"Hendricks County, IN",18063,246.0,1249476,101144.0,183344.0,5.3,2.6,7.0,134.17401169386508,3.8179596823457547,1.0,0
"Hendry County, FL",12051,74.0,297506,56393.0,42382.0,22.5,4.4,,174.60242555801992,,4.0,1
"Hennepin County, MN",27053,2653.0,8853263,97653.0,1269496.0,10.0,4.5,57.0,208.98057181747714,4.489970823066792,1.0,0
"Henrico County, VA",51087,678.0,2334817,88783.0,335744.0,8.8,3.9,12.0,201.93957300800608,3.574151734654975,1.0,0
"Henry County, AL",01067,13.0,122791,59931.0,17647.0,18.3,3.6,1.0,73.66691222304074,5.6666855556185185,3.0,0
"Henry County, GA",13151,282.0,1711447,83146.0,249960.0,9.2,6.2,1.0,112.81805088814211,0.4000640102416386,1.0,0
"Henry County, IL",17073,50.0,340365,71911.0,48643.0,8.9,4.8,1.0,102.78971280554242,2.0557942561108487,2.0,0
"Henry County, IN",18065,86.0,340136,63150.0,48970.0,13.6,3.7,1.0,175.6177251378395,2.042066571370227,6.0,1
"Henry County, KY",21103,51.0,111898,63347.0,15856.0,16.4,5.0,,321.64480322906155,,1.0,0
"Henry County, MO",29083,34.0,155396,57926.0,22328.0,14.3,4.4,3.0,152.2751701898961,13.436044428520244,6.0,1
"Henry County, OH",39069,43.0,191102,80099.0,27567.0,8.7,3.9,4.0,155.98360358399535,14.510102658976313,6.0,1
"Henry County, TN",47079,76.0,226814,50613.0,32412.0,18.3,4.8,1.0,234.48105639886464,3.085277057879798,7.0,1
"Henry County, VA",51089,215.0,351060,50760.0,49980.0,16.0,4.1,4.0,430.172068827531,8.003201280512204,4.0,1
"Herkimer County, NY",36043,83.0,422925,68515.0,59757.0,13.4,4.3,,138.89586157270278,,2.0,0
"Hernando County, FL",12053,552.0,1422068,66058.0,207018.0,11.7,5.3,3.0,266.64348027707734,1.449149349331942,1.0,0
"Hertford County, NC",37091,36.0,151219,45537.0,19908.0,22.9,6.0,4.0,180.83182640144665,20.092425155716295,8.0,1
"Hickman County, TN",47081,127.0,178075,68247.0,25436.0,10.6,2.4,,499.29234156313885,,1.0,0
"Hickory County, MO",29085,12.0,63360,39390.0,8585.0,19.8,13.8,,139.77868375072802,,8.0,1
"Hidalgo County, NM",35023,12.0,28552,48882.0,4041.0,23.1,3.5,2.0,296.9561989606533,49.49269982677555,9.0,1
"Hidalgo County, TX",48215,406.0,6191860,54338.0,891977.0,26.7,7.6,4.0,45.516868708498095,0.4484420562413605,2.0,0
"Highland County, OH",39071,108.0,303667,65785.0,43517.0,14.1,3.1,2.0,248.17887262449156,4.595905048601695,6.0,1
"Highlands County, FL",12055,212.0,744590,54897.0,105702.0,15.3,6.4,1.0,200.5638493122174,0.9460558929821574,3.0,0
"Hill County, MT",30041,20.0,113777,52798.0,16155.0,20.7,4.2,3.0,123.80068090374498,18.570102135561743,7.0,1
"Hill County, TX",48217,62.0,260681,64591.0,37328.0,14.7,4.2,,166.09515645092156,,6.0,1
"Hillsborough County, FL",12057,3061.0,10515298,79540.0,1522748.0,12.7,4.5,28.0,201.01815927520508,1.838780940772866,1.0,0
"Hillsborough County, NH",33011,1077.0,2959496,103545.0,426378.0,6.7,3.1,,252.592769795815,,2.0,0
"Hillsdale County, MI",26059,60.0,319497,64242.0,45654.0,14.4,4.4,2.0,131.4233144959916,4.380777149866387,6.0,1
"Hinds County, MS",28049,316.0,1564145,49402.0,218533.0,22.7,7.5,9.0,144.60058663908882,4.118371138455062,2.0,0
"Hocking County, OH",39073,87.0,195668,62960.0,27799.0,16.0,5.4,1.0,312.9608978740242,3.597251699701428,1.0,0
"Hockley County, TX",48219,21.0,154411,63140.0,21363.0,13.1,4.7,,98.30080044937509,,2.0,0
"Hoke County, NC",37093,112.0,382557,64912.0,53835.0,17.1,6.6,2.0,208.0430946410328,3.7150552614470143,2.0,0
"Holmes County, FL",12059,33.0,137943,49343.0,19513.0,14.0,4.5,1.0,169.1180238815149,5.124788602470148,8.0,1
"Holmes County, MS",28051,13.0,115312,32538.0,16191.0,36.4,9.5,,80.29151998023593,,2.0,0
"Holmes County, OH",39075,23.0,309571,76140.0,44418.0,9.3,2.2,1.0,51.780809581701114,2.2513395470304833,9.0,1
"Honolulu County, HI",15003,1450.0,6903152,106195.0,1001146.0,9.2,4.7,13.0,144.8340202128361,1.2985119053564613,1.0,0
"Hood County, TX",48221,79.0,453202,88160.0,65894.0,7.7,5.6,1.0,119.88951953136855,1.51758885482745,4.0,1
"Hood River County, OR",41027,18.0,165704,88947.0,23905.0,8.0,3.8,2.0,75.298054800251,8.36645053336122,6.0,1
"Hopewell city, VA",51670,129.0,159324,54729.0,22959.0,21.8,9.2,,561.8711616359598,,1.0,0
"Hopkins County, KY",21107,44.0,314513,56815.0,45119.0,20.0,6.2,2.0,97.5198918415745,4.432722356435205,5.0,1
"Hopkins County, TX",48223,32.0,263035,70888.0,37784.0,11.9,4.0,,84.69193309337285,,6.0,1
"Horry County, SC",45051,1258.0,2623226,66880.0,383016.0,13.2,4.9,3.0,328.44580905236336,0.7832570963092925,2.0,0
"Hot Spring County, AR",05059,44.0,234181,55405.0,33180.0,15.1,3.7,3.0,132.61000602772756,9.041591320072333,6.0,1
"Houghton County, MI",26061,19.0,257017,58899.0,37693.0,16.5,5.7,3.0,50.40723741808824,7.959037487066564,5.0,1
"Houston County, AL",01069,122.0,750549,58626.0,108140.0,17.5,4.5,4.0,112.81671906787497,3.69890882189754,3.0,0
"Houston County, GA",13153,219.0,1156773,80698.0,169649.0,11.1,5.1,1.0,129.0900624230028,0.5894523398310629,3.0,0
"Houston County, MN",27055,14.0,130322,79825.0,18653.0,6.6,1.6,1.0,75.05495094622849,5.361067924730606,3.0,0
"Houston County, TN",47083,31.0,58223,59576.0,8353.0,11.1,3.9,,371.1241470130492,,8.0,1
"Houston County, TX",48225,25.0,157426,56531.0,22051.0,15.0,6.7,,113.37354314997052,,7.0,1
"Howard County, AR",05061,11.0,89827,45603.0,12583.0,22.5,5.4,,87.41953429229913,,8.0,1
"Howard County, IN",18067,262.0,582816,64027.0,83752.0,13.4,5.8,8.0,312.8283503677524,9.552010698251982,3.0,0
"Howard County, MD",24027,339.0,2322695,149763.0,336328.0,5.2,3.5,12.0,100.79446254846461,3.5679455769367996,1.0,0
"Howard County, MO",29089,12.0,70726,65938.0,10147.0,12.0,3.7,,118.26155513945007,,3.0,0
"Howard County, TX",48227,57.0,238850,69649.0,32290.0,13.8,5.4,1.0,176.52524001238774,3.096934035305048,4.0,1
"Howell County, MO",29091,51.0,282558,50993.0,40383.0,20.3,5.0,2.0,126.29076591635094,4.952579055543175,7.0,1
"Hubbard County, MN",27057,25.0,152463,71995.0,21831.0,10.8,4.4,1.0,114.51605515093216,4.580642206037287,9.0,1
"Hudson County, NJ",34017,1229.0,4867604,91795.0,718323.0,14.9,6.0,,171.09294843684526,,1.0,0
"Huerfano County, CO",08055,20.0,48714,52526.0,6972.0,17.3,8.0,1.0,286.8617326448652,14.343086632243258,8.0,1
"Hughes County, OK",40063,24.0,93359,51581.0,13389.0,20.2,4.9,1.0,179.25162446784674,7.468817686160281,9.0,1
"Hughes County, SD",46065,14.0,123048,81395.0,17664.0,9.2,1.0,1.0,79.2572463768116,5.661231884057971,7.0,1
"Humboldt County, CA",06023,463.0,944593,61160.0,134541.0,18.7,9.0,6.0,344.1330152146929,4.459607108613731,5.0,1
"Humboldt County, NV",32013,33.0,119751,81073.0,17289.0,10.6,5.8,1.0,190.87280930071142,5.784024524263983,7.0,1
"Humphreys County, TN",47085,56.0,132738,60616.0,19214.0,14.8,6.9,,291.4541480170709,,8.0,1
"Hunt County, TX",48231,115.0,738646,71938.0,108972.0,11.8,5.9,2.0,105.5316962155416,1.8353338472268106,1.0,0
"Hunterdon County, NJ",34019,131.0,895474,141715.0,130160.0,4.0,4.6,,100.64535955746773,,1.0,0
"Huntingdon County, PA",42061,63.0,308945,65557.0,43653.0,10.6,4.6,1.0,144.3199780083843,2.290793301720386,6.0,1
"Huntington County, IN",18069,63.0,256431,66301.0,36798.0,9.9,3.5,2.0,171.20495679112994,5.435077993369204,6.0,1
"Huron County, MI",26063,34.0,217007,58870.0,31113.0,12.6,4.1,3.0,109.27907948445987,9.642271719217048,9.0,1
"Huron County, OH",39077,156.0,407701,67878.0,58319.0,13.2,4.5,5.0,267.49429859908435,8.573535211509114,4.0,1
"Hutchinson County, TX",48233,39.0,143277,67228.0,20184.0,13.3,3.6,,193.22235434007135,,6.0,1
"Hyde County, NC",37095,12.0,33284,53713.0,4592.0,22.2,2.5,,261.3240418118467,,9.0,1
"Iberia Parish, LA",22045,137.0,482263,56961.0,68599.0,22.8,7.3,2.0,199.71136605489875,2.9154943949620256,4.0,1
"Iberville Parish, LA",22047,86.0,216015,54000.0,29815.0,19.9,6.1,,288.4454133825256,,2.0,0
"Idaho County, ID",16049,25.0,120438,66325.0,17432.0,11.1,3.7,1.0,143.41441027994495,5.736576411197797,8.0,1
"Imperial County, CA",06025,246.0,1262654,57681.0,180202.0,19.5,12.5,,136.5134682189987,,3.0,0
"Independence County, AR",05063,32.0,265593,56609.0,38175.0,20.4,3.9,1.0,83.82449246889325,2.619515389652914,7.0,1
"Indian River County, FL",12061,314.0,1152802,73491.0,166936.0,11.1,4.5,3.0,188.0960368045239,1.7970958930368524,3.0,0
"Indiana County, PA",42063,232.0,584128,60208.0,83042.0,14.0,6.7,1.0,279.376700946509,1.2042099178728836,4.0,1
"Ingham County, MI",26065,732.0,2018956,65526.0,283913.0,16.7,6.2,9.0,257.82546061645644,3.169985171513809,2.0,0
"Inyo County, CA",06027,57.0,128772,73991.0,18739.0,10.9,2.5,2.0,304.1784513581301,10.672928117829127,6.0,1
"Ionia County, MI",26067,72.0,459978,75611.0,66574.0,10.6,3.9,4.0,108.1503289572506,6.0083516087361435,1.0,0
"Iosco County, MI",26069,52.0,176972,50066.0,25347.0,17.7,6.5,2.0,205.15248352862272,7.890480135716258,7.0,1
"Iowa County, WI",55049,15.0,166629,82182.0,23867.0,7.6,3.1,,62.8482842418402,,2.0,0
"Iredell County, NC",37097,271.0,1339947,81419.0,196544.0,10.0,4.2,6.0,137.88261152718985,3.05275154672745,1.0,0
"Iron County, MI",26071,14.0,79955,55940.0,11667.0,17.0,5.4,,119.99657152652782,,9.0,1
"Iron County, MO",29093,22.0,68082,48850.0,9446.0,19.3,3.0,,232.90281600677537,,9.0,1
"Iron County, UT",49021,74.0,417523,66247.0,62252.0,13.8,3.9,5.0,118.8716828374992,8.031870461993188,4.0,1
"Iroquois County, IL",17075,50.0,186932,66255.0,26449.0,12.5,4.5,1.0,189.04306400998146,3.7808612801996295,8.0,1
"Irwin County, GA",13155,12.0,65220,51384.0,9285.0,22.4,4.0,,129.24071082390955,,9.0,1
"Isabella County, MI",26073,86.0,468388,55237.0,64565.0,21.9,6.4,3.0,133.19910168047704,4.646480291179432,4.0,1
"Isanti County, MN",27059,47.0,293493,87440.0,42596.0,7.5,4.1,1.0,110.33899896703916,2.3476382758944503,1.0,0
"Island County, WA",53029,106.0,602417,90551.0,86836.0,7.7,4.3,3.0,122.06918789442167,3.4547883366345755,4.0,1
"Isle of Wight County, VA",51093,68.0,272869,95241.0,39974.0,6.8,3.9,1.0,170.11057187171662,2.501626056937009,1.0,0
"Itasca County, MN",27061,64.0,316588,68603.0,45275.0,12.2,5.9,3.0,141.3583655438984,6.626173384870237,6.0,1
"Itawamba County, MS",28057,12.0,166200,55546.0,24036.0,15.5,5.1,1.0,49.92511233150275,4.1604260276252285,9.0,1
"Izard County, AR",05065,13.0,97254,49405.0,14009.0,22.3,7.2,1.0,92.79748732957385,7.138268256121065,9.0,1
"Jack County, TX",48237,13.0,62741,68079.0,8882.0,13.0,9.6,,146.36343165953613,,8.0,1
"Jackson County, AL",01071,54.0,367855,51908.0,53053.0,17.3,4.5,1.0,101.7850074453848,1.8849075452849038,6.0,1
"Jackson County, AR",05067,20.0,117058,44218.0,16712.0,21.7,9.8,2.0,119.67448539971278,11.967448539971278,6.0,1
"Jackson County, FL",12063,76.0,335311,49149.0,48250.0,19.5,4.5,1.0,157.51295336787567,2.072538860103627,6.0,1
"Jackson County, GA",13157,121.0,566260,89544.0,84757.0,7.3,3.4,1.0,142.76106988213363,1.179843552744906,4.0,1
"Jackson County, IA",19097,12.0,135500,74186.0,19390.0,9.7,5.1,,61.887570912841674,,6.0,1
"Jackson County, IL",17077,81.0,381366,48763.0,53064.0,21.0,7.5,4.0,152.64586160108547,7.538067239559776,5.0,1
"Jackson County, IN",18071,115.0,318811,70262.0,46660.0,12.3,2.6,3.0,246.46378054007718,6.4294899271324475,4.0,1
"Jackson County, KS",20085,18.0,93062,75215.0,13341.0,6.1,1.8,1.0,134.92241960872497,7.495689978262499,3.0,0
"Jackson County, KY",21109,28.0,92530,40000.0,13086.0,19.5,4.0,1.0,213.96912731163073,7.641754546843955,9.0,1
"Jackson County, MI",26075,338.0,1114026,66073.0,160060.0,11.6,5.5,2.0,211.1708109458953,1.2495314257153567,3.0,0
"Jackson County, MO",29095,1634.0,4988558,68577.0,719976.0,14.1,4.7,22.0,226.95200951142817,3.0556574108025827,1.0,0
"Jackson County, MS",28059,447.0,1013049,66201.0,145249.0,13.8,6.7,1.0,307.74738552416886,0.6884728982643599,2.0,0
"Jackson County, NC",37099,120.0,307518,55815.0,43771.0,18.0,4.9,,274.1541203079665,,7.0,1
"Jackson County, OH",39079,119.0,227716,57106.0,32650.0,18.5,3.8,3.0,364.4716692189893,9.188361408882082,7.0,1
"Jackson County, OK",40065,39.0,172327,62799.0,24678.0,16.2,5.6,1.0,158.03549720398735,4.052192235999676,7.0,1
"Jackson County, OR",41029,590.0,1549829,73999.0,222645.0,12.4,5.4,5.0,264.99584540411865,2.2457275034247344,3.0,0
"Jackson County, TN",47087,37.0,83886,47951.0,12029.0,20.3,7.6,,307.58999085543275,,8.0,1
"Jackson County, TX",48239,13.0,105256,65414.0,15152.0,14.1,5.3,,85.79725448785638,,6.0,1
"Jackson County, WI",55053,42.0,145590,68110.0,20981.0,12.4,4.7,,200.18111624803396,,8.0,1
"Jackson County, WV",54035,82.0,196500,58845.0,27705.0,18.5,5.1,2.0,295.9754556939181,7.2189135535101965,8.0,1
"Jackson Parish, LA",22049,23.0,106478,44925.0,14884.0,22.3,7.4,,154.5283525933889,,6.0,1
"James City County, VA",51095,77.0,557064,109985.0,81013.0,6.8,2.7,5.0,95.04647402268772,6.17184896251219,1.0,0
"Jasper County, GA",13159,14.0,107645,60134.0,15929.0,16.0,7.2,,87.89001192793019,,1.0,0
"Jasper County, IA",19099,28.0,263208,71311.0,37954.0,8.3,5.7,2.0,73.77351530800443,5.269536807714602,2.0,0
"Jasper County, IN",18073,53.0,233666,77314.0,33234.0,8.4,4.9,1.0,159.4752362038876,3.0089667208280675,1.0,0
"Jasper County, MO",29097,159.0,862377,60694.0,124357.0,17.0,3.6,2.0,127.8577000088455,1.608272956086107,3.0,0
"Jasper County, SC",45053,92.0,222157,65613.0,32166.0,17.8,4.6,,286.0162904930672,,3.0,0
"Jasper County, TX",48241,53.0,237836,56723.0,32727.0,20.7,13.3,,161.94579399272772,,6.0,1
"Jay County, IN",18075,60.0,142258,54969.0,20229.0,14.4,4.4,1.0,296.6038855109002,4.943398091848337,6.0,1
"Jeff Davis County, GA",13161,25.0,105143,40283.0,14924.0,21.8,6.7,,167.51541141785043,,9.0,1
"Jefferson County, AL",01073,2485.0,4634083,66388.0,667755.0,15.7,4.7,7.0,372.1424774056353,1.0482886687482684,1.0,0
"Jefferson County, AR",05069,90.0,457755,51096.0,64802.0,18.6,8.1,3.0,138.8846023270887,4.629486744236289,4.0,1
"Jefferson County, CO",08059,1024.0,4057020,110656.0,579377.0,6.7,3.9,19.0,176.74156896114275,3.279384580333703,1.0,0
"Jefferson County, FL",12065,23.0,104045,61212.0,15091.0,21.0,7.4,,152.408720429395,,2.0,0
"Jefferson County, GA",13163,12.0,107099,53014.0,15341.0,16.9,5.8,,78.22175868587445,,8.0,1
"Jefferson County, IA",19101,23.0,117589,61620.0,15705.0,15.2,8.0,1.0,146.45017510347023,6.367398917542184,7.0,1
"Jefferson County, ID",16051,21.0,224573,86679.0,33154.0,9.7,2.7,2.0,63.340773360680465,6.032454605779091,3.0,0
"Jefferson County, IL",17081,70.0,258443,63118.0,36550.0,13.5,5.8,4.0,191.51846785225717,10.94391244870041,7.0,1
"Jefferson County, IN",18077,67.0,228690,64577.0,32998.0,12.3,4.4,3.0,203.04260864294804,9.091460088490212,6.0,1
"Jefferson County, KS",20087,16.0,130464,81278.0,18349.0,5.6,2.4,1.0,87.19821243664505,5.449888277290316,3.0,0
"Jefferson County, KY",21111,3206.0,5422024,69866.0,783022.0,14.3,5.2,19.0,409.4393260981173,2.426496318111113,1.0,0
"Jefferson County, MO",29099,712.0,1596196,82851.0,229458.0,9.0,3.2,4.0,310.29643769230097,1.743238414001691,1.0,0
"Jefferson County, MT",30043,14.0,88326,95490.0,12774.0,5.7,4.2,,109.59762016596211,,3.0,0
"Jefferson County, NY",36045,176.0,790543,66301.0,115040.0,13.7,5.9,8.0,152.990264255911,6.954102920723227,3.0,0
"Jefferson County, OH",39081,226.0,453076,59055.0,64518.0,16.5,5.0,3.0,350.2898415945937,4.649865153910536,3.0,0
"Jefferson County, OR",41031,44.0,175094,76260.0,25203.0,13.4,8.1,1.0,174.58239098520016,3.967781613300004,3.0,0
"Jefferson County, PA",42065,82.0,305061,58686.0,43864.0,14.1,4.2,1.0,186.94145540762355,2.2797738464344337,7.0,1
"Jefferson County, TN",47089,170.0,393220,66114.0,56864.0,11.4,4.6,1.0,298.9589195272932,1.758581879572313,3.0,0
"Jefferson County, TX",48245,387.0,1766671,60026.0,253878.0,19.5,6.3,4.0,152.43542173800014,1.5755599146046524,2.0,0
"Jefferson County, WA",53031,71.0,231502,74048.0,33577.0,11.1,6.6,1.0,211.45426929147928,2.9782291449504124,6.0,1
"Jefferson County, WI",55055,113.0,597651,83750.0,86003.0,8.1,3.6,3.0,131.39076543841492,3.4882504098694236,4.0,1
"Jefferson County, WV",54037,187.0,409843,98806.0,59260.0,8.7,3.9,2.0,315.55855551805604,3.3749578130273368,1.0,0
"Jefferson Davis County, MS",28065,25.0,77502,38548.0,11117.0,28.7,9.6,1.0,224.8808131690204,8.995232526760818,8.0,1
"Jefferson Davis Parish, LA",22053,98.0,221518,57341.0,31924.0,14.6,4.7,1.0,306.9790753038466,3.1324395439168025,2.0,0
"Jefferson Parish, LA",22051,1624.0,3007492,65252.0,430920.0,16.6,6.2,5.0,376.8680961663418,1.1603081778520374,1.0,0
"Jennings County, IN",18079,89.0,193062,69322.0,27562.0,12.6,4.6,1.0,322.9083520789493,3.6281837312241496,6.0,1
"Jerome County, ID",16053,21.0,174513,71724.0,25173.0,12.6,3.6,1.0,83.42271481349064,3.97251022921384,3.0,0
"Jersey County, IL",17083,36.0,150056,80361.0,21274.0,8.8,3.4,,169.22064491868008,,1.0,0
"Jessamine County, KY",21113,200.0,381484,74576.0,54588.0,11.3,3.1,6.0,366.3808895727999,10.991426687183997,2.0,0
"Jim Wells County, TX",48249,44.0,276977,51896.0,38850.0,24.7,6.1,1.0,113.25611325611325,2.574002574002574,6.0,1
"Jo Daviess County, IL",17085,10.0,150821,73993.0,21851.0,7.8,3.6,,45.76449590407761,,8.0,1
"Johnson County, AR",05071,31.0,183980,45995.0,26003.0,19.8,4.6,3.0,119.21701342152828,11.53713033111564,7.0,1
"Johnson County, GA",13167,13.0,65880,51028.0,9190.0,24.2,7.4,,141.45810663764962,,9.0,1
"Johnson County, IA",19103,99.0,1084916,74935.0,156639.0,17.1,3.8,5.0,63.20265068086491,3.1920530646901475,3.0,0
"Johnson County, IL",17087,10.0,90721,62528.0,13376.0,17.6,3.5,5.0,74.76076555023923,37.380382775119614,8.0,1
"Johnson County, IN",18081,338.0,1143512,90454.0,166315.0,7.4,3.0,5.0,203.22881279499745,3.0063433845413825,1.0,0
"Johnson County, KS",20091,605.0,4294103,109208.0,620631.0,5.4,3.2,10.0,97.4814342177558,1.611263375500096,1.0,0
"Johnson County, KY",21115,54.0,155590,44904.0,22334.0,22.8,4.2,2.0,241.78382734843734,8.954956568460643,7.0,1
"Johnson County, MO",29101,42.0,381293,67272.0,54732.0,11.8,4.7,2.0,76.73755755316816,3.654169407293722,4.0,1
"Johnson County, TN",47091,54.0,126552,53129.0,18196.0,21.4,3.2,3.0,296.7685205539679,16.487140030775993,8.0,1
"Johnson County, TX",48251,234.0,1322992,84859.0,195597.0,10.0,3.6,2.0,119.63373671375328,1.0225105702030195,1.0,0
"Johnston County, NC",37101,367.0,1581291,83384.0,234263.0,10.6,3.8,6.0,156.6615299897978,2.5612239235389285,1.0,0
"Johnston County, OK",40069,23.0,74074,52688.0,10278.0,22.9,4.5,,223.7789453201012,,9.0,1
"Jones County, GA",13169,37.0,201026,75500.0,28673.0,12.1,3.8,,129.04125832664877,,3.0,0
"Jones County, MS",28067,78.0,469952,52216.0,66472.0,18.7,4.0,2.0,117.34264051029004,3.0087856541100013,4.0,1
"Jones County, NC",37103,21.0,65657,59641.0,9302.0,18.4,4.4,,225.75790152655344,,8.0,1
"Jones County, TX",48253,20.0,140814,59464.0,20304.0,14.1,5.5,,98.50275807722615,,3.0,0
"Josephine County, OR",41033,295.0,615106,60098.0,88179.0,15.6,6.4,4.0,334.54677417525716,4.5362274464441645,3.0,0
"Juab County, UT",49023,15.0,86736,101786.0,12586.0,6.9,2.2,1.0,119.18004131574766,7.945336087716511,2.0,0
"Juneau Borough, AK",02110,78.0,222721,,,,,,,,5.0,1
"Juneau County, WI",55057,39.0,187064,67270.0,26689.0,13.0,3.8,2.0,146.12761811982463,7.493724006144854,8.0,1
"Juniata County, PA",42067,22.0,167360,66318.0,23379.0,9.7,2.1,,94.10154412079217,,8.0,1
"Kalamazoo County, MI",26077,405.0,1845200,72532.0,262375.0,12.7,5.5,7.0,154.3592186755598,2.66793711291091,2.0,0
"Kalkaska County, MI",26079,22.0,127134,68578.0,18239.0,12.2,3.8,,120.6206480618455,,3.0,0
"Kanabec County, MN",27065,24.0,114792,71460.0,16390.0,10.0,4.6,1.0,146.43075045759608,6.101281269066504,8.0,1
"Kanawha County, WV",54039,1190.0,1237009,60943.0,176537.0,15.7,5.6,11.0,674.0796546899517,6.230988404697033,3.0,0
"Kandiyohi County, MN",27067,25.0,305277,76592.0,44079.0,9.1,3.6,3.0,56.71635018943261,6.805962022731913,4.0,1
"Kane County, IL",17089,589.0,3663378,103163.0,517255.0,7.9,4.8,10.0,113.87033474785164,1.9332824235628463,1.0,0
"Kane County, UT",49025,11.0,56678,77092.0,8170.0,9.5,3.7,1.0,134.6389228886169,12.239902080783354,8.0,1
"Kankakee County, IL",17091,246.0,753505,71281.0,106635.0,12.2,4.9,4.0,230.6934871289914,3.751113611853519,3.0,0
"Karnes County, TX",48255,16.0,106558,60214.0,14968.0,19.1,2.9,1.0,106.89470871191875,6.680919294494922,8.0,1
"Kauai County, HI",15007,126.0,511232,97668.0,73731.0,9.1,3.8,1.0,170.8914839077186,1.3562816183152269,5.0,1
"Kaufman County, TX",48257,161.0,1121627,89485.0,172604.0,9.7,5.3,5.0,93.27709670691293,2.8968042455563023,1.0,0
"Kay County, OK",40071,62.0,305451,58423.0,43625.0,16.0,5.8,2.0,142.12034383954153,4.584527220630373,4.0,1
"Kenai Peninsula Borough, AK",02122,121.0,419594,80538.0,60413.0,11.8,7.0,7.0,200.28801747968154,11.586910102130338,7.0,1
"Kendall County, IL",17093,121.0,942811,111601.0,137675.0,5.4,4.3,2.0,87.88814236426367,1.452696568004358,1.0,0
"Kendall County, TX",48259,27.0,339721,114962.0,48567.0,5.0,4.7,,55.5933040953734,,1.0,0
"Kennebec County, ME",23011,360.0,873086,69077.0,126808.0,11.6,3.9,,283.89376064601606,,4.0,1
"Kenosha County, WI",55059,324.0,1181313,81239.0,168438.0,10.5,4.4,4.0,192.35564421330105,2.3747610396703833,3.0,0
"Kent County, DE",10001,582.0,1296553,74477.0,187604.0,10.6,5.8,7.0,310.227926909874,3.731263725720134,3.0,0
"Kent County, MD",24029,36.0,135447,80147.0,19346.0,9.7,3.0,1.0,186.08497880698854,5.169027189083014,6.0,1
"Kent County, MI",26081,742.0,4620934,82631.0,663150.0,10.1,4.2,23.0,111.89022091532836,3.4682952574832235,1.0,0
"Kent County, RI",44003,434.0,1178517,94345.0,171456.0,7.5,4.7,,253.12616648002984,,1.0,0
"Kenton County, KY",21117,623.0,1186989,80548.0,171288.0,11.8,4.3,7.0,363.71491289524073,4.086684414553266,1.0,0
"Keokuk County, IA",19107,11.0,70143,62329.0,9924.0,12.1,4.5,,110.84240225715438,,8.0,1
"Kern County, CA",06029,2805.0,6368458,70210.0,915075.0,19.1,8.6,12.0,306.5322514547988,1.3113679206622408,2.0,0
"Kerr County, TX",48265,55.0,372591,69395.0,53489.0,11.4,3.3,,102.82487988184488,,4.0,1
"Kershaw County, SC",45055,164.0,475099,68231.0,68314.0,13.2,4.7,1.0,240.06792165588314,1.4638287905846532,2.0,0
"Ketchikan Gateway Borough, AK",02130,32.0,96476,92885.0,13768.0,8.7,3.1,4.0,232.4230098779779,29.052876234747238,7.0,1
"Kewaunee County, WI",55061,19.0,143810,82725.0,20664.0,7.6,1.5,1.0,91.94734804490902,4.83933410762679,2.0,0
"King County, WA",53033,5281.0,15890945,124746.0,2287171.0,8.6,4.8,58.0,230.89659671270755,2.5358838495241502,1.0,0
"King George County, VA",51099,57.0,193521,116884.0,27896.0,7.5,3.7,1.0,204.3303699455119,3.5847433323774016,8.0,1
"King William County, VA",51101,38.0,126653,86056.0,18593.0,5.9,2.3,,204.377991717313,,1.0,0
"King and Queen County, VA",51097,19.0,47856,70469.0,6695.0,17.9,5.2,,283.79387602688575,,1.0,0
"Kingfisher County, OK",40073,14.0,109185,71975.0,15430.0,12.8,2.1,1.0,90.73233959818536,6.480881399870383,8.0,1
"Kings County, CA",06031,203.0,1071017,70995.0,153298.0,16.0,10.8,2.0,132.4218189408864,1.3046484624717871,3.0,0
"Kings County, NY",36047,3863.0,18092091,80263.0,2631580.0,19.1,7.9,57.0,146.79394128242348,2.1659991336003466,1.0,0
"Kiowa County, OK",40075,15.0,59588,44962.0,8383.0,22.9,5.2,1.0,178.93355600620305,11.92890373374687,8.0,1
"Kitsap County, WA",53035,461.0,1925130,104158.0,277881.0,8.2,4.7,2.0,165.89835217233278,0.7197325473853916,2.0,0
"Kittitas County, WA",53037,67.0,328871,73804.0,47172.0,14.4,6.3,,142.03340964979225,,4.0,1
"Klamath County, OR",41035,189.0,485447,58830.0,70247.0,18.3,7.2,3.0,269.0506356143323,4.2706450097513065,5.0,1
"Kleberg County, TX",48273,20.0,213655,61292.0,30579.0,28.1,7.7,,65.40436247097682,,4.0,1
"Klickitat County, WA",53039,42.0,161331,71042.0,23411.0,12.9,5.2,,179.40284481653924,,9.0,1
"Knott County, KY",21119,93.0,99468,41761.0,13830.0,23.3,9.3,8.0,672.4511930585683,57.84526391901663,9.0,1
"Knox County, IL",17095,65.0,343899,57030.0,49046.0,14.6,5.1,1.0,132.52864657668312,2.038902255025894,4.0,1
"Knox County, IN",18083,30.0,253698,61237.0,36007.0,13.7,3.1,6.0,83.31713277973728,16.663426555947453,7.0,1
"Knox County, KY",21121,68.0,212622,32527.0,29865.0,36.9,8.1,3.0,227.6912774150343,10.045203415369162,7.0,1
"Knox County, ME",23013,99.0,283700,74096.0,41003.0,8.2,3.9,,241.44574787210695,,7.0,1
"Knox County, OH",39083,94.0,439886,73878.0,63142.0,11.6,2.5,7.0,148.8707991511197,11.08612334104083,6.0,1
"Knox County, TN",47093,2536.0,3399879,74222.0,494148.0,12.2,3.5,17.0,513.2065696916713,3.44026485992051,2.0,0
"Kodiak Island Borough, AK",02150,18.0,90061,86250.0,12771.0,8.7,5.0,2.0,140.94432699083862,15.660480776759846,7.0,1
"Koochiching County, MN",27071,13.0,83858,66940.0,11833.0,10.9,4.8,1.0,109.86224964083496,8.450942280064227,7.0,1
"Kootenai County, ID",16055,230.0,1234530,81861.0,181996.0,9.0,3.3,12.0,126.3764038770083,6.593551506626519,3.0,0
"Kosciusko County, IN",18085,114.0,559753,75317.0,80442.0,9.8,2.8,5.0,141.71701350041022,6.215658486860098,4.0,1
"La Crosse County, WI",55063,221.0,837021,73013.0,120488.0,12.4,3.1,7.0,183.42075559391805,5.809707190757586,3.0,0
"La Paz County, AZ",04012,67.0,130302,49478.0,16664.0,17.5,10.0,1.0,402.0643302928469,6.00096015362458,6.0,1
"La Plata County, CO",08067,72.0,395182,86056.0,56331.0,11.7,3.8,1.0,127.81594503914363,1.775221458876995,6.0,1
"La Porte County, IN",18091,287.0,776677,,,,,,,,3.0,0
"LaSalle County, IL",17099,222.0,759412,73045.0,108714.0,13.9,5.4,3.0,204.205530106518,2.7595341906286217,4.0,1
"LaSalle Parish, LA",22059,21.0,103895,68497.0,14789.0,16.0,4.9,,141.99743052268576,,8.0,1
"Labette County, KS",20099,24.0,138257,56325.0,19869.0,16.0,3.1,1.0,120.79118224369621,5.032965926820676,7.0,1
"Lackawanna County, PA",42069,589.0,1493716,66223.0,216146.0,14.4,4.9,4.0,272.5009946980282,1.8506009826691217,2.0,0
"Laclede County, MO",29105,77.0,253195,53282.0,36390.0,18.2,5.3,1.0,211.5965924704589,2.7480076944215446,6.0,1
"Lafayette County, FL",12067,17.0,58522,62757.0,8161.0,17.5,10.9,,208.30780541600294,,9.0,1
"Lafayette County, MO",29107,42.0,230797,80612.0,33115.0,9.3,3.0,5.0,126.83074135588102,15.098897780462027,1.0,0
"Lafayette County, MS",28071,44.0,396029,67185.0,58327.0,18.5,2.1,3.0,75.4367617055566,5.143415570833405,4.0,1
"Lafayette Parish, LA",22055,592.0,1729752,67451.0,247997.0,17.1,5.1,6.0,238.7125650713517,2.4193841054528886,2.0,0
"Lafourche Parish, LA",22057,202.0,677097,63135.0,96252.0,17.0,4.2,2.0,209.86576902298134,2.077878901217637,3.0,0
"Lagrange County, IN",18087,22.0,282482,,,,,,,,8.0,1
"Lake County, CA",06033,400.0,465846,60621.0,68152.0,17.0,11.1,2.0,586.9233478107759,2.9346167390538795,4.0,1
"Lake County, CO",08065,19.0,53406,96575.0,7380.0,7.9,2.2,,257.45257452574526,,9.0,1
"Lake County, FL",12069,744.0,2773714,73161.0,412924.0,8.9,5.0,15.0,180.1784347725005,3.6326297333165423,1.0,0
"Lake County, IL",17097,860.0,4938713,110416.0,714223.0,8.3,5.2,14.0,120.41057204822583,1.9601721031106534,1.0,0
"Lake County, IN",18089,1200.0,3459240,71493.0,500379.0,14.3,6.1,17.0,239.8182177909145,3.397424752037955,1.0,0
"Lake County, MI",26085,15.0,85962,50805.0,12563.0,20.5,7.4,1.0,119.39823290615298,7.959882193743533,9.0,1
"Lake County, MN",27075,15.0,75416,75541.0,10879.0,8.6,2.6,1.0,137.88031988234212,9.192021325489476,8.0,1
"Lake County, MT",30047,61.0,223321,63360.0,32561.0,17.2,5.7,3.0,187.34068363993737,9.213476244587083,6.0,1
"Lake County, OH",39085,538.0,1618097,80925.0,232216.0,8.3,3.9,6.0,231.68084886484996,2.583801288455576,1.0,0
"Lake County, OR",41037,15.0,56845,62787.0,8267.0,14.9,4.1,3.0,181.44429660094352,36.288859320188706,9.0,1
"Lake County, TN",47095,17.0,47819,28814.0,6579.0,32.2,4.9,1.0,258.3979328165375,15.199878400972791,9.0,1
"Lamar County, AL",01075,13.0,96011,50000.0,13693.0,18.0,5.5,,94.93901993719419,,8.0,1
"Lamar County, GA",13171,25.0,136976,67062.0,19571.0,9.6,4.1,1.0,127.74002350416433,5.109600940166573,6.0,1
"Lamar County, MS",28073,85.0,454042,70909.0,65713.0,14.7,4.8,2.0,129.350356854808,3.0435378083484244,3.0,0
"Lamar County, TX",48277,58.0,352450,61880.0,50669.0,19.0,4.0,1.0,114.46841263889162,1.9735933213602006,5.0,1
"Lamb County, TX",48279,15.0,89781,60760.0,12828.0,15.0,2.1,,116.93171188026193,,6.0,1
"Lamoille County, VT",50015,50.0,180527,74908.0,26148.0,8.5,3.3,,191.21921370659325,,8.0,1
"Lampasas County, TX",48281,32.0,156284,81736.0,22715.0,9.1,4.5,,140.8760730794629,,2.0,0
"Lancaster County, NE",31109,260.0,2265855,74793.0,326696.0,11.9,3.2,18.0,79.58469035433552,5.509709332223229,2.0,0
"Lancaster County, PA",42071,829.0,3867636,86959.0,557931.0,8.2,3.4,6.0,148.5846816183363,1.0754017969964027,2.0,0
"Lancaster County, SC",45057,331.0,719098,78869.0,104475.0,11.4,4.3,1.0,316.82220626944246,0.9571667863125151,1.0,0
"Lancaster County, VA",51103,15.0,75603,69713.0,10936.0,10.3,9.5,2.0,137.16166788588149,18.2882223847842,9.0,1
"Lander County, NV",32015,10.0,39739,89014.0,5770.0,10.7,9.4,,173.3102253032929,,9.0,1
"Lane County, OR",41039,1066.0,2673783,71544.0,384207.0,15.3,6.4,13.0,277.4546012956557,3.3835926987275093,2.0,0
"Langlade County, WI",55067,24.0,135576,55878.0,19490.0,13.5,3.5,1.0,123.14007183170857,5.13083632632119,6.0,1
"Lapeer County, MI",26087,134.0,618708,77306.0,88837.0,9.7,5.1,4.0,150.83805171268727,4.502628409333949,1.0,0
"Laramie County, WY",56021,164.0,703424,80173.0,101060.0,8.9,3.7,4.0,162.2798337621215,3.958044725905403,3.0,0
"Larimer County, CO",08069,444.0,2542501,93765.0,367368.0,11.2,4.8,4.0,120.85973737505715,1.0888264628383528,2.0,0
"Larue County, KY",21123,30.0,103758,67067.0,15107.0,17.9,1.5,1.0,198.583438141259,6.619447938041968,3.0,0
"Las Animas County, CO",08071,47.0,101255,52074.0,14413.0,18.7,5.6,2.0,326.09449802261844,13.876361617983765,7.0,1
"Lassen County, CA",06035,93.0,211655,67403.0,30356.0,14.0,8.3,1.0,306.3644748978785,3.294241665568586,7.0,1
"Latah County, ID",16057,33.0,285844,65424.0,41049.0,17.6,6.8,2.0,80.39172696046188,4.872225876391629,4.0,1
"Lauderdale County, AL",01077,133.0,662721,62649.0,95830.0,12.2,4.1,1.0,138.7874360847334,1.0435145570280706,3.0,0
"Lauderdale County, MS",28075,49.0,507300,50817.0,71504.0,26.3,5.8,2.0,68.52763481763259,2.797046319087044,5.0,1
"Lauderdale County, TN",47097,45.0,176050,49879.0,24784.0,21.0,5.6,1.0,181.5687540348612,4.034861200774693,6.0,1
"Laurel County, KY",21125,145.0,434815,57771.0,62983.0,20.5,3.5,8.0,230.22085324611402,12.701840179095946,5.0,1
"Laurens County, GA",13175,70.0,341818,55010.0,49798.0,22.6,5.2,2.0,140.5678942929435,4.016225551226957,4.0,1
"Laurens County, SC",45059,186.0,477556,57623.0,68666.0,18.1,4.5,,270.8764162758862,,2.0,0
"Lavaca County, TX",48285,10.0,142789,63240.0,20552.0,11.5,3.1,,48.65706500583885,,8.0,1
"Lawrence County, AL",01079,30.0,232111,66071.0,33276.0,13.3,2.0,,90.15506671474937,,3.0,0
"Lawrence County, AR",05075,20.0,114370,44882.0,16238.0,20.1,5.8,2.0,123.16787781746521,12.316787781746521,6.0,1
"Lawrence County, IL",17101,19.0,106590,55324.0,15031.0,14.5,8.1,1.0,126.40542878052025,6.652917304237907,9.0,1
"Lawrence County, IN",18093,99.0,317102,66468.0,45102.0,12.2,3.5,3.0,219.50246108820008,6.651589729945457,6.0,1
"Lawrence County, KY",21127,62.0,110521,46772.0,16077.0,21.8,7.7,3.0,385.64408782733096,18.66019779809666,2.0,0
"Lawrence County, MO",29109,48.0,269916,61215.0,38593.0,14.5,4.3,1.0,124.37488663747311,2.591143471614023,6.0,1
"Lawrence County, MS",28077,20.0,84459,43531.0,11786.0,23.7,9.2,1.0,169.69285593076532,8.484642796538266,8.0,1
"Lawrence County, OH",39087,279.0,404465,58325.0,56819.0,17.7,2.7,9.0,491.03292912582054,15.839771907284536,2.0,0
"Lawrence County, PA",42073,365.0,595830,61931.0,85024.0,11.9,5.7,,429.2905532555514,,1.0,0
"Lawrence County, SD",46081,14.0,188047,73384.0,27233.0,11.6,1.7,,51.40821797084419,,6.0,1
"Lawrence County, TN",47099,111.0,315132,54706.0,45385.0,15.0,4.9,4.0,244.57419852374133,8.813484631486174,6.0,1
"Le Flore County, OK",40079,71.0,346601,51565.0,49053.0,19.4,5.2,3.0,144.74140215685077,6.115833893951441,6.0,1
"Le Sueur County, MN",27079,23.0,202829,94968.0,29113.0,6.4,4.2,1.0,79.00250747088928,3.4348916291691,1.0,0
"Lea County, NM",35025,140.0,505219,68015.0,73733.0,18.7,6.9,1.0,189.87427610432235,1.3562448293165883,5.0,1
"Leake County, MS",28079,12.0,153341,50728.0,21319.0,20.5,6.2,1.0,56.2878183779727,4.690651531497725,8.0,1
"Leavenworth County, KS",20103,134.0,578620,89218.0,83123.0,8.8,4.1,2.0,161.20688618072015,2.40607292807045,1.0,0
"Lebanon County, PA",42075,226.0,1001845,78425.0,144186.0,10.1,4.3,3.0,156.74198604580195,2.0806458324663977,3.0,0
"Lee County, AL",01081,152.0,1224367,65824.0,181134.0,18.9,3.5,1.0,83.91577506155663,0.552077467510241,3.0,0
"Lee County, AR",05077,17.0,59643,34375.0,8359.0,39.4,19.1,1.0,203.37360928340712,11.963153487259241,8.0,1
"Lee County, FL",12071,1864.0,5621915,76107.0,817666.0,12.0,4.0,21.0,227.9659420839316,2.5682858281988,2.0,0
"Lee County, GA",13177,42.0,224988,89168.0,33626.0,5.7,3.3,1.0,124.90334859929816,2.973889252364242,3.0,0
"Lee County, IA",19111,38.0,232188,62382.0,32893.0,13.1,4.5,1.0,115.52609977806829,3.040160520475481,7.0,1
"Lee County, IL",17103,38.0,237061,70292.0,33869.0,11.8,5.2,3.0,112.19699430157371,8.857657444861081,6.0,1
"Lee County, KY",21129,70.0,51022,37568.0,7339.0,27.4,4.7,4.0,953.808420765772,54.503338329472676,9.0,1
"Lee County, MS",28081,110.0,587757,67863.0,83034.0,14.6,5.1,4.0,132.47585326492762,4.817303755088277,5.0,1
"Lee County, NC",37105,187.0,450794,65387.0,65816.0,16.5,3.8,,284.1254406223411,,4.0,1
"Lee County, SC",45061,26.0,115029,44760.0,16166.0,25.0,6.7,2.0,160.83137448966968,12.371644191513052,8.0,1
"Lee County, VA",51105,52.0,157692,41827.0,21900.0,28.8,9.5,5.0,237.4429223744292,22.831050228310502,8.0,1
"Leelanau County, MI",26089,14.0,156651,99422.0,22734.0,6.5,3.4,,61.58177179554852,,3.0,0
"Leflore County, MS",28083,24.0,191618,35277.0,27141.0,31.5,11.6,1.0,88.427102907041,3.6844626211267086,6.0,1
"Lehigh County, PA",42077,820.0,2623485,80079.0,378792.0,11.6,5.9,1.0,216.4776447232254,0.2639971277112505,2.0,0
"Lenawee County, MI",26091,170.0,687314,70518.0,98415.0,10.7,4.7,3.0,172.7378956459889,3.0483158055174515,4.0,1
"Lenoir County, NC",37107,114.0,387211,45143.0,54919.0,22.0,9.0,5.0,207.57843369325732,9.10431726724813,4.0,1
"Leon County, FL",12073,295.0,2069131,66287.0,297542.0,18.7,5.7,2.0,99.14566683022902,0.6721740124083322,2.0,0
"Leon County, TX",48289,22.0,117571,61449.0,16263.0,16.4,4.2,,135.27639426920004,,8.0,1
"Leslie County, KY",21131,32.0,69621,35934.0,10079.0,30.3,3.8,4.0,317.4918146641532,39.68647683301915,9.0,1
"Letcher County, KY",21133,65.0,147373,41793.0,20808.0,24.4,6.2,6.0,312.37985390234525,28.835063437139564,9.0,1
"Levy County, FL",12075,101.0,308215,56750.0,45391.0,17.4,4.1,2.0,222.51107047652619,4.4061598114163605,2.0,0
"Lewis County, KY",21135,54.0,91583,46838.0,12965.0,22.0,6.0,1.0,416.5059776320864,7.7130736598534515,8.0,1
"Lewis County, NY",36049,31.0,185320,68182.0,26607.0,12.3,5.2,1.0,116.51069267486,3.7584094411245164,8.0,1
"Lewis County, TN",47101,34.0,89015,56285.0,12992.0,16.7,3.7,2.0,261.69950738916253,15.394088669950738,8.0,1
"Lewis County, WA",53041,203.0,585391,74796.0,85154.0,12.2,5.3,5.0,238.3916198886723,5.871714775583062,4.0,1
"Lewis County, WV",54041,52.0,114372,56477.0,16740.0,16.1,8.6,1.0,310.6332138590203,5.973715651135006,9.0,1
"Lewis and Clark County, MT",30049,72.0,504556,78237.0,73464.0,8.1,3.2,5.0,98.00718719372753,6.806054666231079,3.0,0
"Lexington County, SC",45063,650.0,2125964,77408.0,304887.0,11.1,4.5,,213.19374063177506,,2.0,0
"Liberty County, GA",13179,92.0,457494,60456.0,67397.0,15.3,7.9,3.0,136.50459219253082,4.451236701930353,3.0,0
"Liberty County, TX",48291,143.0,689016,68703.0,103380.0,18.7,7.1,,138.3246275875411,,1.0,0
"Licking County, OH",39089,379.0,1260590,84426.0,181837.0,10.2,3.2,7.0,208.42842765773744,3.8496015662378946,1.0,0
"Limestone County, AL",01083,71.0,749330,83629.0,111233.0,10.0,3.3,,63.829978513570616,,2.0,0
"Limestone County, TX",48293,20.0,159487,60573.0,22283.0,17.1,3.7,,89.75452138401472,,6.0,1
"Lincoln County, AR",05079,22.0,91070,51778.0,12950.0,15.4,2.7,1.0,169.8841698841699,7.722007722007723,9.0,1
"Lincoln County, CO",08073,14.0,39267,62861.0,5550.0,9.8,1.4,1.0,252.25225225225225,18.01801801801802,8.0,1
"Lincoln County, KY",21137,89.0,171948,52440.0,24504.0,16.3,6.5,1.0,363.2060071825008,4.0809663728370875,9.0,1
"Lincoln County, ME",23015,93.0,248792,76875.0,36099.0,7.9,2.9,,257.6248649547079,,8.0,1
"Lincoln County, MO",29113,158.0,432146,89278.0,63057.0,10.2,3.7,,250.56694736508237,,1.0,0
"Lincoln County, MS",28085,37.0,241612,51119.0,34877.0,21.2,3.2,1.0,106.08710611577831,2.8672190842102245,6.0,1
"Lincoln County, MT",30053,12.0,146246,47143.0,21175.0,15.4,5.1,2.0,56.670602125147575,9.445100354191263,9.0,1
"Lincoln County, NC",37109,193.0,634029,80016.0,92716.0,11.2,3.3,3.0,208.16256093878079,3.235687475732344,1.0,0
"Lincoln County, NE",31111,35.0,238948,65148.0,33802.0,12.4,3.6,4.0,103.54416898408378,11.833619312466718,5.0,1
"Lincoln County, NM",35027,48.0,139968,53303.0,20224.0,19.3,5.1,1.0,237.34177215189874,4.9446202531645564,7.0,1
"Lincoln County, OK",40081,52.0,242393,62216.0,34219.0,17.3,3.9,1.0,151.96236009234636,2.9223530786989684,1.0,0
"Lincoln County, OR",41041,126.0,353641,63165.0,50964.0,15.9,8.0,2.0,247.2333411820108,3.924338748920807,5.0,1
"Lincoln County, SD",46083,30.0,470293,99166.0,70638.0,5.6,1.7,1.0,42.47005860868088,1.4156686202893627,2.0,0
"Lincoln County, TN",47103,48.0,247380,64667.0,35946.0,12.9,4.7,1.0,133.53363378400934,2.781950703833528,6.0,1
"Lincoln County, WA",53043,17.0,79202,71512.0,11489.0,12.5,7.8,,147.96762120288972,,8.0,1
"Lincoln County, WI",55069,29.0,196631,68164.0,28426.0,10.6,3.2,,102.01927812565961,,6.0,1
"Lincoln County, WV",54043,126.0,140156,46205.0,19902.0,23.2,5.9,1.0,633.1022007838408,5.024620641141594,8.0,1
"Lincoln County, WY",56023,19.0,142210,89330.0,20486.0,7.5,2.0,3.0,92.74626574245826,14.64414722249341,9.0,1
"Lincoln Parish, LA",22061,28.0,332976,39172.0,48174.0,31.2,3.8,3.0,58.12263876780006,6.227425582264291,4.0,1
"Linn County, IA",19113,255.0,1599175,77649.0,230004.0,9.4,3.5,1.0,110.86763708457244,0.4347750473904802,2.0,0
"Linn County, KS",20107,16.0,68351,59069.0,9767.0,8.4,4.4,1.0,163.81693457561175,10.238558410975735,1.0,0
"Linn County, OR",41043,246.0,912414,76329.0,130706.0,13.0,6.0,4.0,188.2086514773614,3.060303276054657,3.0,0
"Litchfield County, CT",09005,475.0,Not Available,,,,,,,,,0
"Little River County, AR",05081,16.0,83961,53344.0,11821.0,15.5,7.3,,135.35233905760933,,3.0,0
"Livingston County, IL",17105,77.0,248703,73790.0,35565.0,10.5,3.5,1.0,216.50499086180233,2.811753128075355,6.0,1
"Livingston County, KY",21139,16.0,63106,58984.0,8903.0,19.3,4.2,,179.71470290913174,,3.0,0
"Livingston County, MI",26093,215.0,1360462,103039.0,195833.0,5.1,3.4,4.0,109.78742091475901,2.042556668181563,1.0,0
"Livingston County, MO",29117,26.0,103158,63627.0,14364.0,11.9,2.7,1.0,181.00807574491785,6.961849067112224,7.0,1
"Livingston County, NY",36051,90.0,434352,74001.0,61498.0,11.1,5.2,,146.3462226413867,,1.0,0
"Livingston Parish, LA",22063,624.0,1021379,80122.0,148115.0,12.9,4.2,1.0,421.29426459170236,0.6751510650508051,2.0,0
"Llano County, TX",48299,31.0,155955,67530.0,22424.0,12.0,4.4,,138.24473778094898,,7.0,1
"Logan County, AR",05083,30.0,149938,58555.0,21277.0,13.9,5.6,4.0,140.99732105090004,18.79964280678667,8.0,1
"Logan County, CO",08075,38.0,149595,51829.0,20892.0,15.8,5.4,2.0,181.88780394409343,9.573042312847022,6.0,1
"Logan County, IL",17107,39.0,196617,66358.0,27713.0,13.1,4.0,1.0,140.7281781113557,3.608414823368095,6.0,1
"Logan County, KY",21141,36.0,193905,60382.0,27986.0,16.8,5.7,1.0,128.6357464446509,3.57321517901808,6.0,1
"Logan County, OH",39091,71.0,320573,71551.0,46089.0,11.1,4.1,2.0,154.04977326477035,4.339430232810432,4.0,1
"Logan County, OK",40083,57.0,353786,83899.0,51938.0,11.6,3.6,1.0,109.74623589664601,1.9253725595902806,1.0,0
"Logan County, WV",54045,276.0,220926,49723.0,31418.0,21.8,8.5,2.0,878.4773060029282,6.365777579731364,6.0,1
"Long County, GA",13183,22.0,134261,68808.0,18374.0,17.3,6.8,,119.73440731468379,,3.0,0
"Lonoke County, AR",05085,96.0,523167,72828.0,75272.0,10.4,4.4,2.0,127.53746413008821,2.657030502710171,2.0,0
"Lorain County, OH",39093,876.0,2203269,73347.0,317129.0,12.1,4.3,8.0,276.228285650319,2.522632745665013,1.0,0
"Los Alamos County, NM",35028,24.0,135568,147139.0,19435.0,3.5,0.6,,123.48855158219706,,6.0,1
"Los Angeles County, CA",06037,13552.0,69058877,90112.0,9808667.0,13.7,7.3,245.0,138.1635241567483,2.4977909842387347,1.0,0
"Loudon County, TN",47105,183.0,399623,84185.0,58580.0,12.6,2.8,1.0,312.3933082963469,1.7070672584499829,2.0,0
"Loudoun County, VA",51107,235.0,2982576,181765.0,432998.0,4.2,3.3,9.0,54.272768003547355,2.0785315405613884,1.0,0
"Louisa County, VA",51109,91.0,274611,86689.0,39980.0,10.0,5.8,,227.61380690345172,,8.0,1
"Love County, OK",40085,23.0,71770,66580.0,10261.0,15.0,5.2,,224.14969301237696,,9.0,1
"Lowndes County, GA",13185,104.0,833804,58541.0,119965.0,19.2,5.1,4.0,86.69195181928062,3.334305839203101,3.0,0
"Lowndes County, MS",28087,72.0,406080,53812.0,57838.0,17.3,6.3,5.0,124.48563228327396,8.64483557522736,5.0,1
"Lubbock County, TX",48303,349.0,2213099,64155.0,318884.0,17.1,4.9,7.0,109.44418660077018,2.195155605173041,2.0,0
"Lucas County, OH",39095,1614.0,2994150,62224.0,428018.0,17.7,6.3,19.0,377.0869449415679,4.439065646771865,2.0,0
"Lumpkin County, GA",13187,67.0,241099,77448.0,34505.0,14.1,5.7,1.0,194.17475728155338,2.8981307056948267,1.0,0
"Luna County, NM",35029,42.0,174052,36419.0,25611.0,28.6,5.4,2.0,163.99203467260162,7.809144508219124,6.0,1
"Lunenburg County, VA",51111,17.0,84604,54842.0,12016.0,15.9,3.6,1.0,141.4780292942743,8.322237017310254,9.0,1
"Luzerne County, PA",42079,1134.0,2263234,63691.0,327675.0,15.3,5.8,8.0,346.07461661707487,2.4414435034714272,2.0,0
"Lycoming County, PA",42081,208.0,792841,63917.0,113489.0,12.8,5.1,3.0,183.2776744882764,2.643427997427063,3.0,0
"Lynchburg city, VA",51680,148.0,563987,57947.0,79497.0,18.6,5.3,4.0,186.17054731625095,5.031636413952728,2.0,0
"Lyon County, KS",20111,30.0,228234,59912.0,32186.0,14.6,2.0,3.0,93.20822717951906,9.320822717951904,4.0,1
"Lyon County, KY",21143,12.0,60521,65066.0,8900.0,9.5,2.9,,134.83146067415728,,8.0,1
"Lyon County, MN",27083,20.0,177871,75303.0,25503.0,12.2,3.2,1.0,78.42214641414735,3.921107320707368,7.0,1
"Lyon County, NV",32019,118.0,420426,80812.0,61680.0,11.7,6.5,6.0,191.30998702983138,9.72762645914397,2.0,0
"Macomb County, MI",26099,2047.0,6131785,77837.0,879853.0,10.4,5.7,14.0,232.6524999062343,1.591174889441759,1.0,0
"Macon County, AL",01087,14.0,128342,43707.0,18691.0,24.3,8.3,1.0,74.90235942432187,5.3501685303087045,3.0,0
"Macon County, IL",17115,183.0,716979,62666.0,101849.0,15.0,6.8,2.0,179.67775824995826,1.9636913469940795,3.0,0
"Macon County, NC",37113,89.0,259895,59061.0,37941.0,11.6,2.8,,234.57473445612928,,7.0,1
"Macon County, TN",47111,66.0,179604,59177.0,26240.0,17.2,3.4,1.0,251.52439024390245,3.8109756097560976,1.0,0
"Macoupin County, IL",17117,71.0,311370,70805.0,44350.0,13.1,3.7,2.0,160.0901916572717,4.509582863585119,1.0,0
"Madera County, CA",06039,208.0,1120716,76627.0,160940.0,19.2,10.1,5.0,129.24071082390955,3.106747856343979,1.0,0
"Madison County, AL",01089,702.0,2753612,86499.0,405718.0,10.1,3.6,4.0,173.02658496788408,0.9859064670534706,2.0,0
"Madison County, AR",05087,23.0,119787,56798.0,17329.0,14.1,5.3,1.0,132.72548906457382,5.770673437590167,2.0,0
"Madison County, FL",12079,22.0,129098,48485.0,18089.0,21.0,5.8,,121.62087456465255,,8.0,1
"Madison County, GA",13195,73.0,217307,61963.0,31528.0,17.2,3.9,,231.5402182187262,,3.0,0
"Madison County, IA",19121,14.0,117049,90855.0,16926.0,7.0,3.5,,82.71298593879239,,2.0,0
"Madison County, ID",16065,17.0,338482,60160.0,54618.0,24.5,8.3,3.0,31.125270057490205,5.4926947160276836,4.0,1
"Madison County, IL",17119,690.0,1844185,75793.0,264238.0,11.1,4.6,5.0,261.1282253120293,1.8922335167538356,1.0,0
"Madison County, IN",18095,407.0,918143,63037.0,131900.0,13.4,5.9,7.0,308.56709628506445,5.307050796057619,1.0,0
"Madison County, KY",21151,438.0,665790,63351.0,95769.0,15.1,5.1,5.0,457.35049963975814,5.220896114609111,4.0,1
"Madison County, MO",29123,25.0,87344,54434.0,12729.0,13.2,4.8,3.0,196.40191688270878,23.568230025925054,9.0,1
"Madison County, MS",28089,94.0,766457,83441.0,111647.0,11.2,3.7,3.0,84.19393266276748,2.687040404130877,2.0,0
"Madison County, NC",37115,53.0,152951,58531.0,21867.0,12.1,3.1,,242.37435404948093,,2.0,0
"Madison County, NE",31119,19.0,247215,63128.0,35532.0,13.1,3.0,12.0,53.472925813351345,33.77237419790612,5.0,1
"Madison County, NY",36053,100.0,480962,75499.0,67328.0,10.0,4.2,,148.52661596958174,,2.0,0
"Madison County, OH",39097,88.0,311762,87045.0,44423.0,8.5,3.5,1.0,198.0955811178894,2.251086149066925,1.0,0
"Madison County, TN",47113,192.0,691571,60042.0,99295.0,18.2,7.0,9.0,193.36321063497658,9.063900498514528,3.0,0
"Madison County, TX",48313,17.0,98131,74596.0,13648.0,10.9,7.1,,124.56037514654162,,8.0,1
"Madison County, VA",51113,20.0,96190,84323.0,14044.0,10.8,4.3,,142.40956992309881,,8.0,1
"Magoffin County, KY",21153,56.0,81740,33080.0,11348.0,38.2,9.0,3.0,493.47902714134653,26.436376454000705,9.0,1
"Mahaska County, IA",19123,24.0,154303,70940.0,22021.0,12.6,3.5,1.0,108.98687616366196,4.541119840152581,7.0,1
"Mahnomen County, MN",27087,36.0,37837,59441.0,5358.0,18.3,9.8,,671.8924972004479,,8.0,1
"Mahoning County, OH",39099,929.0,1588180,56942.0,226491.0,18.9,6.4,18.0,410.1708235647332,7.947335655721419,2.0,0
"Malheur County, OR",41045,46.0,220210,54519.0,31954.0,17.6,5.2,5.0,143.95693809851662,15.647493271577893,6.0,1
"Manassas Park city, VA",51685,18.0,119466,103250.0,16798.0,5.1,5.5,,107.15561376354327,,1.0,0
"Manassas city, VA",51683,98.0,295257,113590.0,42976.0,7.7,3.8,2.0,228.0342516753537,4.6537602382725245,1.0,0
"Manatee County, FL",12081,935.0,2950602,78457.0,429792.0,9.8,4.6,3.0,217.54709254709257,0.6980120616484252,2.0,0
"Manistee County, MI",26101,61.0,175542,63516.0,25350.0,12.7,6.4,3.0,240.6311637080868,11.834319526627219,6.0,1
"Manitowoc County, WI",55071,126.0,562333,69148.0,81406.0,9.6,2.6,3.0,154.7797459646709,3.685232046777879,4.0,1
"Marathon County, WI",55073,127.0,960022,77884.0,138403.0,8.7,2.9,4.0,91.7610167409666,2.890110763495011,3.0,0
"Marengo County, AL",01091,15.0,131599,43825.0,18851.0,21.9,4.1,2.0,79.57137552384489,10.609516736512653,6.0,1
"Maricopa County, AZ",04013,10942.0,31782398,89300.0,4559748.0,11.0,4.5,207.0,239.96940181781977,4.53972456372589,1.0,0
"Maries County, MO",29125,15.0,60034,59455.0,8450.0,13.5,4.8,,177.51479289940826,,8.0,1
"Marin County, CA",06041,388.0,1802855,149091.0,257969.0,8.3,6.1,11.0,150.40566889820093,4.2640782419593055,1.0,0
"Marinette County, WI",55075,46.0,289358,63809.0,42046.0,9.8,3.4,3.0,109.40398611045045,7.135042572420682,6.0,1
"Marion County, AL",01093,20.0,206144,50088.0,29184.0,16.2,5.0,,68.53070175438596,,9.0,1
"Marion County, AR",05089,23.0,119545,48619.0,17228.0,18.0,4.9,1.0,133.50359879266313,5.804504295333179,9.0,1
"Marion County, FL",12083,1257.0,2720263,61010.0,400078.0,14.4,4.8,12.0,314.1887331970266,2.9994151140527596,2.0,0
"Marion County, GA",13197,13.0,55190,51667.0,7509.0,20.9,4.8,,173.12558263417233,,2.0,0
"Marion County, IA",19125,23.0,234668,78680.0,33642.0,8.2,2.2,2.0,68.36692229950657,5.944949765174485,6.0,1
"Marion County, IL",17121,85.0,259284,61240.0,37000.0,15.4,5.9,2.0,229.7297297297297,5.405405405405405,7.0,1
"Marion County, IN",18097,3794.0,6776091,66346.0,975809.0,15.3,5.0,46.0,388.8055961771207,4.714037275737363,1.0,0
"Marion County, KS",20115,10.0,82426,64695.0,11754.0,9.2,3.4,1.0,85.07742045261188,8.507742045261187,8.0,1
"Marion County, KY",21155,58.0,137176,59627.0,19749.0,17.0,4.2,2.0,293.6857562408223,10.127095042786976,6.0,1
"Marion County, MO",29127,51.0,199262,62903.0,28457.0,14.2,3.8,3.0,179.21776715746563,10.54222159749798,7.0,1
"Marion County, MS",28091,56.0,170389,45110.0,24193.0,19.7,7.5,1.0,231.47191336336954,4.1334270243458855,6.0,1
"Marion County, OH",39101,244.0,454929,59371.0,65020.0,16.6,6.3,4.0,375.26914795447556,6.151953245155337,4.0,1
"Marion County, OR",41047,640.0,2437320,77351.0,349244.0,13.0,5.3,5.0,183.25296927076772,1.4316638224278728,2.0,0
"Marion County, SC",45067,62.0,205964,36301.0,28664.0,30.0,7.2,,216.29919062238346,,6.0,1
"Marion County, TN",47115,71.0,203585,61824.0,29250.0,16.3,7.1,1.0,242.73504273504273,3.418803418803419,2.0,0
"Marion County, TX",48315,23.0,68222,49672.0,9737.0,18.3,8.7,,236.21238574509604,,8.0,1
"Marion County, WV",54049,212.0,391540,67370.0,55909.0,13.6,4.8,4.0,379.18760843513564,7.154483178021428,4.0,1
"Mariposa County, CA",06043,36.0,119968,68412.0,17082.0,14.0,6.0,1.0,210.7481559536354,5.854115443156539,8.0,1
"Marlboro County, SC",45069,43.0,181720,34301.0,25975.0,28.5,9.9,,165.54379210779595,,6.0,1
"Marquette County, MI",26103,67.0,466791,65429.0,67112.0,14.0,4.6,6.0,99.83311479318155,8.940278936702825,5.0,1
"Marquette County, WI",55077,27.0,109745,65681.0,15746.0,13.1,2.7,,171.47211990346756,,8.0,1
"Marshall County, AL",01095,183.0,690436,62571.0,99748.0,16.6,3.9,1.0,183.46232505914907,1.0025263664434374,4.0,1
"Marshall County, IA",19127,23.0,278983,73315.0,40114.0,11.2,4.3,1.0,57.33659071645809,2.4928952485416564,4.0,1
"Marshall County, IL",17123,20.0,80857,71585.0,11647.0,11.4,3.8,,171.71803897999484,,2.0,0
"Marshall County, IN",18099,78.0,323883,71808.0,46284.0,11.7,2.6,3.0,168.52476017630283,6.481721545242416,6.0,1
"Marshall County, KY",21157,35.0,220457,65831.0,31743.0,12.3,4.5,1.0,110.26052988060358,3.150300853731531,8.0,1
"Marshall County, MS",28093,37.0,242378,53458.0,33979.0,23.0,4.4,2.0,108.8907854851526,5.885988404602843,1.0,0
"Marshall County, OK",40095,17.0,114444,57245.0,15792.0,16.1,4.7,,107.64944275582573,,9.0,1
"Marshall County, TN",47117,77.0,248744,71049.0,36049.0,11.8,3.9,1.0,213.59815806263697,2.774002052761519,6.0,1
"Marshall County, WV",54051,82.0,210045,59169.0,29865.0,16.8,4.3,2.0,274.56889335342373,6.696802276912774,3.0,0
"Martin County, FL",12085,330.0,1134929,82943.0,162176.0,11.3,4.9,6.0,203.482636148382,3.699684293606946,2.0,0
"Martin County, IN",18101,10.0,69895,68594.0,9830.0,16.3,2.4,1.0,101.7293997965412,10.17293997965412,9.0,1
"Martin County, KY",21159,43.0,77408,37042.0,11027.0,33.2,5.5,2.0,389.95193615670627,18.137299356125872,8.0,1
"Martin County, MN",27091,19.0,137735,59507.0,19780.0,13.1,4.2,,96.056622851365,,6.0,1
"Martin County, NC",37117,56.0,153521,48578.0,21644.0,20.4,6.1,1.0,258.732212160414,4.620218074293107,6.0,1
"Martin County, TX",48317,10.0,38163,93734.0,5218.0,8.3,5.4,,191.64430816404752,,3.0,0
"Martinsville city, VA",51690,55.0,92650,46727.0,13658.0,23.5,2.9,,402.69439156538294,,4.0,1
"Mason County, IL",17125,14.0,90792,62845.0,12745.0,14.8,4.9,,109.84699882306786,,8.0,1
"Mason County, KY",21161,37.0,118913,52178.0,16956.0,18.8,4.9,2.0,218.21184241566405,11.795234725171031,6.0,1
"Mason County, MI",26105,52.0,204452,64748.0,29207.0,14.1,4.5,1.0,178.0395110761119,3.42383675146369,7.0,1
"Mason County, WA",53045,201.0,474301,83270.0,67982.0,12.3,6.6,7.0,295.6664999558707,10.296843282045247,4.0,1
"Mason County, WV",54053,138.0,179261,49761.0,25043.0,19.4,3.8,2.0,551.0521902327996,7.986263626562313,6.0,1
"Massac County, IL",17127,21.0,96632,65116.0,13865.0,16.3,3.8,2.0,151.46051208077893,14.424810674359898,3.0,0
"Matagorda County, TX",48321,35.0,255139,58628.0,36329.0,20.7,8.7,1.0,96.34176553166893,2.7526218723333975,6.0,1
"Matanuska-Susitna Borough, AK",02170,238.0,783003,94031.0,112988.0,10.0,5.8,9.0,210.6418380712996,7.965447658158388,2.0,0
"Mathews County, VA",51115,10.0,60554,75880.0,8540.0,7.8,4.4,,117.096018735363,,1.0,0
"Maui County, HI",15009,273.0,1158969,97161.0,164522.0,9.2,5.5,1.0,165.93525485953245,0.6078214463719138,3.0,0
"Maury County, TN",47119,254.0,727407,76130.0,107791.0,9.8,2.4,5.0,235.64119453386647,4.638606191611545,1.0,0
"Maverick County, TX",48323,28.0,408075,49568.0,58082.0,22.8,7.7,3.0,48.207706346200204,5.165111394235736,3.0,0
"Mayes County, OK",40097,79.0,282140,60305.0,39604.0,16.2,6.3,1.0,199.47480052519947,2.5249974750025252,6.0,1
"Mc Kean County, PA",42083,68.0,280730,,,,,,,,7.0,1
"McClain County, OK",40087,52.0,306135,84552.0,45273.0,8.5,4.7,,114.8587458308484,,1.0,0
"McCormick County, SC",45065,10.0,67751,55798.0,9760.0,17.6,4.4,,102.45901639344262,,8.0,1
"McCracken County, KY",21145,113.0,466330,64373.0,67564.0,15.2,3.2,7.0,167.24883073826297,10.360547036883547,3.0,0
"McCreary County, KY",21147,28.0,119177,33750.0,16867.0,38.9,4.2,1.0,166.00462441453726,5.928736586233473,9.0,1
"McCurtain County, OK",40089,50.0,221587,51929.0,30863.0,21.2,4.8,2.0,162.00628584389074,6.4802514337556305,7.0,1
"McDonald County, MO",29119,19.0,163743,52375.0,23701.0,16.8,6.8,,80.16539386523776,,8.0,1
"McDonough County, IL",17109,13.0,196122,52795.0,26920.0,17.2,7.9,3.0,48.29123328380386,11.144130757800891,7.0,1
"McDowell County, NC",37111,111.0,316677,57168.0,44817.0,14.8,4.1,2.0,247.67387375326325,4.462592319878618,6.0,1
"McDowell County, WV",54047,176.0,123562,31559.0,17943.0,34.2,8.2,2.0,980.883910159951,11.146408069999444,9.0,1
"McDuffie County, GA",13189,46.0,150914,56733.0,21718.0,20.3,1.9,,211.80587531080212,,2.0,0
"McHenry County, IL",17111,380.0,2173860,104802.0,312591.0,6.2,4.7,4.0,121.56460038836691,1.2796273725091252,1.0,0
"McIntosh County, GA",13191,27.0,88709,50273.0,11312.0,23.0,3.2,,238.6845827439887,,3.0,0
"McIntosh County, OK",40091,38.0,137055,46281.0,19400.0,21.1,5.3,4.0,195.8762886597938,20.61855670103093,8.0,1
"McKenzie County, ND",38053,42.0,100659,93404.0,14321.0,12.0,1.3,,293.27560924516445,,7.0,1
"McKinley County, NM",35031,159.0,493833,47668.0,70431.0,33.2,9.0,4.0,225.75286450568643,5.679317346055004,5.0,1
"McLean County, IL",17113,194.0,1200141,79905.0,171556.0,12.9,3.1,3.0,113.08260859427826,1.74870013290121,3.0,0
"McLennan County, TX",48309,243.0,1839852,66643.0,266067.0,16.6,4.5,2.0,91.33037919020397,0.7516903637053826,2.0,0
"McLeod County, MN",27085,34.0,254490,80084.0,36798.0,8.7,3.3,3.0,92.39632588727648,8.152616990053808,4.0,1
"McMinn County, TN",47107,165.0,382497,61470.0,54884.0,13.0,4.9,4.0,300.63406457255303,7.288098535092194,4.0,1
"McNairy County, TN",47109,44.0,181336,53473.0,25970.0,16.5,5.8,2.0,169.42626107046593,7.701193685021178,8.0,1
"McPherson County, KS",20113,21.0,206110,78851.0,30205.0,9.5,1.8,1.0,69.52491309385863,3.3107101473266014,7.0,1
"Meade County, KY",21163,55.0,206608,74355.0,30158.0,12.2,4.8,1.0,182.37283639498642,3.3158697526361163,1.0,0
"Meade County, SD",46093,24.0,207957,74790.0,30546.0,7.1,3.2,1.0,78.5700255352583,3.273751063969096,3.0,0
"Mecklenburg County, NC",37119,1867.0,7970856,87005.0,1154681.0,10.4,4.3,23.0,161.68967879440297,1.9918921329787187,1.0,0
"Mecklenburg County, VA",51117,69.0,214144,57045.0,30516.0,16.3,2.6,2.0,226.11089264648055,6.553938917289291,7.0,1
"Mecosta County, MI",26107,30.0,294702,60951.0,41242.0,19.9,4.0,,72.74138014645264,,6.0,1
"Medina County, OH",39103,223.0,1275075,94968.0,183660.0,6.3,2.9,5.0,121.42001524556244,2.722421866492432,1.0,0
"Medina County, TX",48325,36.0,370983,78074.0,53547.0,9.6,3.0,1.0,67.23065717967393,1.8675182549909426,1.0,0
"Meeker County, MN",27093,21.0,163557,75446.0,23468.0,9.1,3.2,1.0,89.48355207090506,4.2611215271859555,6.0,1
"Meigs County, OH",39105,115.0,155967,46873.0,21896.0,21.8,5.4,1.0,525.2100840336135,4.567044208987943,8.0,1
"Meigs County, TN",47121,47.0,91209,61375.0,13343.0,14.3,5.5,,352.24462264857976,,8.0,1
"Menard County, IL",17129,17.0,84754,82176.0,12095.0,10.1,3.5,,140.55394791236048,,3.0,0
"Mendocino County, CA",06045,358.0,619787,68092.0,90244.0,15.4,9.0,2.0,396.70227383537963,2.2162138203093833,4.0,1
"Menifee County, KY",21165,25.0,44513,45096.0,6230.0,26.9,7.9,1.0,401.28410914927764,16.051364365971107,9.0,1
"Menominee County, MI",26109,15.0,160931,56435.0,23247.0,12.2,4.2,1.0,64.52445476835722,4.3016303178904804,7.0,1
"Menominee County, WI",55078,38.0,30758,62108.0,4252.0,21.7,10.0,1.0,893.6970837253058,23.51834430856068,9.0,1
"Merced County, CA",06047,408.0,1996866,65510.0,290201.0,19.1,10.6,,140.59221022670494,,2.0,0
"Mercer County, IL",17131,16.0,108128,74182.0,15495.0,8.9,3.2,,103.2591158438206,,2.0,0
"Mercer County, KY",21167,56.0,157960,64824.0,23028.0,10.7,4.4,1.0,243.1822129581379,4.342539517109606,6.0,1
"Mercer County, NJ",34021,867.0,2644875,100645.0,385864.0,10.3,6.3,,224.69056455124087,,2.0,0
"Mercer County, OH",39107,30.0,293149,76782.0,42484.0,7.3,1.6,1.0,70.61481969682704,2.353827323227568,7.0,1
"Mercer County, PA",42085,336.0,764487,59976.0,109257.0,13.2,5.3,3.0,307.5317828605948,2.7458194898267387,4.0,1
"Mercer County, WV",54055,439.0,409525,53210.0,58563.0,16.5,2.7,3.0,749.6200672779742,5.122688386865427,4.0,1
"Meriwether County, GA",13199,29.0,147407,57340.0,20929.0,18.9,6.6,,138.5637154187969,,1.0,0
"Merrimack County, NH",33013,318.0,1081375,97004.0,155967.0,7.6,3.1,,203.88928427167284,,4.0,1
"Mesa County, CO",08077,258.0,1099932,73658.0,158601.0,10.7,5.4,2.0,162.67236650462482,1.261026096935076,3.0,0
"Metcalfe County, KY",21169,14.0,71918,51473.0,10425.0,27.5,4.9,1.0,134.2925659472422,9.592326139088728,9.0,1
"Miami County, IN",18103,70.0,249181,61139.0,35712.0,15.1,6.6,2.0,196.01254480286738,5.600358422939068,6.0,1
"Miami County, KS",20121,36.0,242768,89000.0,34938.0,7.9,3.7,2.0,103.03967027305514,5.72442612628084,1.0,0
"Miami County, OH",39109,184.0,763062,76817.0,110296.0,9.4,3.1,3.0,166.82381954014653,2.7199535794589105,2.0,0
"Miami-Dade County, FL",12086,2485.0,19047766,71753.0,2738356.0,14.7,4.6,67.0,90.74787938456504,2.4467235085576893,1.0,0
"Middlesex County, CT",09007,381.0,Not Available,,,,,,,,,0
"Middlesex County, MA",25017,2595.0,11360547,130847.0,1638365.0,7.7,4.4,,158.38961403594436,,1.0,0
"Middlesex County, NJ",34023,1451.0,5953450,111549.0,871290.0,8.6,6.7,,166.53467846526416,,1.0,0
"Middlesex County, VA",51119,17.0,75517,75060.0,10847.0,7.3,2.9,,156.72536185120308,,8.0,1
"Midland County, MI",26111,77.0,584998,77705.0,83757.0,10.7,4.4,5.0,91.93261458743747,5.96965029788555,3.0,0
"Midland County, TX",48329,158.0,1227936,92874.0,174801.0,11.3,3.4,1.0,90.38849892163088,0.5720791070989296,3.0,0
"Mifflin County, PA",42087,78.0,322405,63953.0,46041.0,16.2,2.7,1.0,169.41421776242913,2.1719771508003736,4.0,1
"Milam County, TX",48331,17.0,177506,66141.0,25567.0,12.9,5.0,1.0,66.49196229514608,3.9112918997144757,6.0,1
"Millard County, UT",49027,23.0,93024,73639.0,13315.0,7.7,5.5,5.0,172.73751408186257,37.55163349605708,9.0,1
"Mille Lacs County, MN",27095,83.0,187713,72729.0,27125.0,10.4,4.0,4.0,305.99078341013825,14.746543778801843,1.0,0
"Miller County, AR",05091,56.0,299600,48836.0,42360.0,24.6,7.1,2.0,132.20018885741266,4.721435316336166,3.0,0
"Miller County, GA",13201,12.0,40323,51425.0,5850.0,23.8,3.9,,205.12820512820514,,9.0,1
"Miller County, MO",29131,30.0,178316,56736.0,25269.0,14.4,5.3,1.0,118.72254541137363,3.957418180379121,6.0,1
"Milwaukee County, WI",55079,3619.0,6526608,64435.0,926331.0,17.2,4.8,33.0,390.68108483900465,3.5624415030912275,1.0,0
"Mineral County, WV",54057,80.0,187887,69375.0,26854.0,14.0,6.6,1.0,297.9072019066061,3.7238400238325764,7.0,1
"Mingo County, WV",54059,154.0,159473,38119.0,22542.0,32.4,11.5,4.0,683.1691952799218,17.744654422855113,8.0,1
"Minidoka County, ID",16067,23.0,152400,70377.0,22208.0,14.5,3.4,3.0,103.56628242074927,13.50864553314121,7.0,1
"Minnehaha County, SD",46099,206.0,1401894,76880.0,203289.0,8.8,2.5,7.0,101.33356945038837,3.4433737191879543,2.0,0
"Missaukee County, MI",26113,12.0,106276,66194.0,15207.0,11.3,6.7,,78.9110278161373,,8.0,1
"Mississippi County, AR",05093,74.0,277271,52548.0,39126.0,21.1,6.9,1.0,189.1325461330062,2.555845218013597,4.0,1
"Mississippi County, MO",29133,14.0,87005,48160.0,11902.0,19.0,2.7,1.0,117.62728953117123,8.401949252226517,8.0,1
"Missoula County, MT",30063,136.0,844990,75598.0,120672.0,10.1,3.7,8.0,112.70220100769028,6.629541235746487,3.0,0
"Mitchell County, GA",13205,12.0,149737,57613.0,21058.0,23.4,5.9,1.0,56.9854687054801,4.748789058790009,6.0,1
"Mitchell County, NC",37121,27.0,104931,57602.0,14992.0,12.9,6.5,1.0,180.09605122732125,6.670224119530417,8.0,1
"Mitchell County, TX",48335,11.0,60948,60550.0,9018.0,13.8,5.3,1.0,121.97826569084054,11.088933244621867,7.0,1
"Mobile County, AL",01097,723.0,2888146,58880.0,412590.0,16.2,5.3,4.0,175.23449429215444,0.969485445599748,2.0,0
"Modoc County, CA",06049,18.0,60544,59455.0,8600.0,17.9,7.6,,209.30232558139537,,8.0,1
"Moffat County, CO",08081,34.0,92446,73849.0,13207.0,8.4,4.5,2.0,257.4392367683804,15.143484515787081,7.0,1
"Mohave County, AZ",04015,498.0,1527606,57684.0,220517.0,16.1,7.3,23.0,225.8329289805321,10.430034872594856,3.0,0
"Monmouth County, NJ",34025,1225.0,4438301,124845.0,645353.0,6.5,5.4,,189.81859540437557,,1.0,0
"Mono County, CA",06051,14.0,95510,99415.0,13148.0,8.6,3.1,1.0,106.48007301490722,7.6057195010648,7.0,1
"Monongalia County, WV",54061,264.0,748522,65346.0,107163.0,19.7,4.7,5.0,246.35368550712465,4.665789498240997,3.0,0
"Monroe County, AL",01099,31.0,139597,42292.0,19388.0,20.1,10.4,,159.89271714462555,,8.0,1
"Monroe County, FL",12087,194.0,548555,87738.0,81860.0,10.6,2.9,5.0,236.9899828976301,6.10798924993892,4.0,1
"Monroe County, GA",13207,38.0,203341,83183.0,29664.0,12.3,2.7,,128.10140237324705,,3.0,0
"Monroe County, IL",17133,36.0,243602,102880.0,35036.0,5.0,1.9,1.0,102.75145564562163,2.854207101267268,1.0,0
"Monroe County, IN",18105,319.0,1003231,65868.0,140965.0,19.7,5.5,5.0,226.29730784237222,3.546979746745646,3.0,0
"Monroe County, KY",21171,16.0,76974,51280.0,11269.0,22.1,4.0,1.0,141.9824296743278,8.873901854645487,8.0,1
"Monroe County, MI",26115,294.0,1073480,77335.0,155505.0,10.5,5.1,2.0,189.06144496961514,1.2861322787048648,3.0,0
"Monroe County, MS",28095,37.0,240491,51866.0,33747.0,18.0,6.3,1.0,109.63937535188313,2.963226360861706,7.0,1
"Monroe County, NY",36055,2010.0,5233023,76382.0,753753.0,13.6,4.9,16.0,266.6656053110237,2.1227112860578994,1.0,0
"Monroe County, OH",39111,14.0,93797,60134.0,13227.0,15.2,5.4,1.0,105.84410675134195,7.560293339381567,8.0,1
"Monroe County, PA",42089,403.0,1178979,83565.0,167515.0,10.7,6.9,3.0,240.57547085335642,1.7908843984120826,4.0,1
"Monroe County, TN",47123,177.0,332265,56895.0,47695.0,15.5,4.3,1.0,371.10808260823984,2.096655833944858,6.0,1
"Monroe County, WI",55081,79.0,323709,69467.0,46208.0,11.7,3.2,6.0,170.96606648199446,12.984764542936288,4.0,1
"Monroe County, WV",54063,44.0,89256,56750.0,12386.0,14.0,4.8,1.0,355.2397868561279,8.073631519457452,8.0,1
"Montague County, TX",48337,35.0,144336,64545.0,21046.0,14.2,7.1,1.0,166.30238525135417,4.751496721467262,6.0,1
"Montcalm County, MI",26117,87.0,463453,67344.0,67816.0,12.6,5.0,2.0,128.28830954347058,2.9491565412292085,1.0,0
"Monterey County, CA",06053,687.0,3037718,97230.0,437613.0,12.7,5.2,7.0,156.9880236647449,1.5995868495679975,2.0,0
"Montezuma County, CO",08083,62.0,184764,65244.0,26412.0,13.3,3.9,1.0,234.7417840375587,3.786157807057398,6.0,1
"Montgomery County, AL",01101,227.0,1581557,59386.0,226718.0,19.9,5.9,5.0,100.12438359547984,2.2053828985788515,2.0,0
"Montgomery County, GA",13209,10.0,62012,51941.0,8640.0,20.6,7.5,,115.74074074074073,,9.0,1
"Montgomery County, IL",17135,61.0,196442,63620.0,27942.0,12.6,4.7,1.0,218.30935509269202,3.5788418867654426,6.0,1
"Montgomery County, IN",18107,78.0,268591,71479.0,38312.0,10.5,3.3,3.0,203.59156400083523,7.830444769262894,6.0,1
"Montgomery County, KS",20125,42.0,218630,55697.0,30940.0,15.9,4.4,2.0,135.74660633484163,6.464124111182935,7.0,1
"Montgomery County, KY",21173,124.0,198430,56396.0,28395.0,15.4,4.0,2.0,436.69660151435113,7.043493572812115,6.0,1
"Montgomery County, MD",24031,969.0,7403166,132450.0,1065949.0,7.5,4.9,27.0,90.90491196107882,2.532954203249874,1.0,0
"Montgomery County, MO",29139,22.0,80234,65500.0,11426.0,13.9,3.0,1.0,192.5433222475057,8.75196919306844,8.0,1
"Montgomery County, NC",37123,74.0,185823,57766.0,26007.0,15.4,2.8,1.0,284.53877802130194,3.845118621909486,8.0,1
"Montgomery County, NY",36057,82.0,346043,64943.0,49528.0,14.6,4.7,1.0,165.56291390728478,2.0190599256985946,4.0,1
"Montgomery County, OH",39113,2015.0,3736599,66139.0,536096.0,15.0,5.7,33.0,375.86551662388825,6.155613919894944,2.0,0
"Montgomery County, PA",42091,1377.0,5966581,113915.0,867573.0,6.5,4.5,14.0,158.71863232258266,1.613697060650804,1.0,0
"Montgomery County, TN",47125,557.0,1578192,75613.0,234153.0,11.3,5.1,4.0,237.8786519925006,1.7082847539856418,2.0,0
"Montgomery County, TX",48339,812.0,4613010,97701.0,684432.0,9.4,4.6,5.0,118.63852070037636,0.730532762933352,1.0,0
"Montgomery County, VA",51121,107.0,690963,72715.0,99101.0,23.9,2.9,3.0,107.97065619923109,3.0272146597915257,3.0,0
"Montmorency County, MI",26119,14.0,66302,49756.0,9516.0,18.2,5.3,,147.12063892391762,,9.0,1
"Montour County, PA",42093,39.0,126665,76976.0,18103.0,8.8,2.9,,215.43390598243386,,6.0,1
"Montrose County, CO",08085,72.0,304235,72120.0,43807.0,11.5,4.4,2.0,164.3572944963134,4.565480402675372,5.0,1
"Moore County, NC",37125,197.0,726523,86080.0,104876.0,10.1,4.8,2.0,187.84087875205003,1.9070139974827416,3.0,0
"Moore County, TX",48341,11.0,148255,61762.0,21373.0,18.3,3.3,,51.4668039114771,,7.0,1
"Morehouse Parish, LA",22067,66.0,171712,39454.0,24551.0,29.3,9.4,1.0,268.82815363936294,4.073153843020651,3.0,0
"Morgan County, AL",01103,215.0,857747,68845.0,124471.0,13.5,3.7,1.0,172.73099758176605,0.8033999887524003,3.0,0
"Morgan County, CO",08087,41.0,204638,73278.0,29520.0,14.3,5.3,2.0,138.88888888888889,6.775067750677507,6.0,1
"Morgan County, GA",13211,15.0,142831,78111.0,21078.0,8.8,2.4,,71.16424708226587,,1.0,0
"Morgan County, IL",17137,45.0,230607,66306.0,33021.0,13.4,5.4,3.0,136.2769146906514,9.085127646043427,4.0,1
"Morgan County, IN",18109,170.0,502806,79429.0,72659.0,9.3,4.2,4.0,233.96963899860995,5.505167976437881,1.0,0
"Morgan County, KY",21175,34.0,96319,47913.0,14053.0,17.1,3.1,2.0,241.94122251476554,14.23183661851562,9.0,1
"Morgan County, MO",29141,19.0,149234,53412.0,21717.0,18.3,2.9,,87.48906386701663,,8.0,1
"Morgan County, OH",39115,27.0,97945,59351.0,13651.0,12.9,3.5,,197.78770786023003,,8.0,1
"Morgan County, TN",47129,80.0,150418,65954.0,21361.0,15.1,5.1,2.0,374.5143017648986,9.362857544122466,2.0,0
"Morgan County, WV",54065,66.0,123624,72179.0,17426.0,11.2,3.9,1.0,378.74440491220014,5.73855158957879,2.0,0
"Morris County, NJ",34027,612.0,3536768,137326.0,514528.0,4.9,5.2,,118.94396417687666,,1.0,0
"Morris County, TX",48343,15.0,85483,58645.0,12076.0,19.5,7.1,,124.21331566743956,,8.0,1
"Morrison County, MN",27097,46.0,236750,69446.0,34249.0,11.0,4.0,2.0,134.31049081725013,5.839586557271745,6.0,1
"Morrow County, OH",39117,78.0,247863,75283.0,35404.0,12.8,2.9,1.0,220.314088803525,2.8245396000451928,1.0,0
"Morrow County, OR",41049,19.0,83940,75448.0,12300.0,13.2,2.4,2.0,154.47154471544715,16.260162601626018,8.0,1
"Morton County, ND",38059,35.0,229372,79382.0,33777.0,8.0,1.5,,103.62080705805727,,3.0,0
"Moultrie County, IL",17139,12.0,101105,71784.0,14424.0,9.2,2.2,,83.19467554076539,,8.0,1
"Mountrail County, ND",38061,28.0,68988,80717.0,9507.0,14.5,1.1,,294.51982749552957,,8.0,1
"Mower County, MN",27099,53.0,281479,73074.0,40343.0,10.4,3.9,1.0,131.3734724735394,2.478744763651687,4.0,1
"Muhlenberg County, KY",21177,40.0,214082,51927.0,30591.0,18.4,5.7,2.0,130.75741231081037,6.537870615540518,6.0,1
"Multnomah County, OR",41051,2852.0,5624427,88766.0,801477.0,12.6,5.7,20.0,355.8430248154345,2.49539288089365,1.0,0
"Murray County, GA",13213,63.0,282823,69253.0,40562.0,14.4,4.5,,155.31778511907697,,3.0,0
"Murray County, OK",40099,19.0,96879,66322.0,13753.0,12.7,2.5,,138.15167599796408,,9.0,1
"Muscatine County, IA",19139,37.0,297402,69396.0,42559.0,13.7,3.2,,86.93813294485304,,4.0,1
"Muscogee County, GA",13215,254.0,1398311,58073.0,203711.0,19.0,6.3,4.0,124.68644304922168,1.9635660322712079,2.0,0
"Muskegon County, MI",26121,431.0,1228105,65024.0,175961.0,14.1,6.4,9.0,244.94064025551114,5.114769750115082,3.0,0
"Muskingum County, OH",39119,246.0,603826,60780.0,86411.0,15.1,4.3,4.0,284.68597747971904,4.629040284223073,4.0,1
"Muskogee County, OK",40101,144.0,469898,53619.0,66444.0,19.1,5.7,7.0,216.72385768466677,10.53518752633797,4.0,1
"Nacogdoches County, TX",48347,53.0,456301,53555.0,65162.0,21.8,7.0,1.0,81.335747828489,1.5346367514809243,5.0,1
"Nantucket County, MA",25019,18.0,92128,139688.0,14483.0,3.2,4.3,,124.28364289166609,,7.0,1
"Napa County, CA",06055,169.0,949576,111471.0,134869.0,8.5,5.2,3.0,125.30677917089916,2.2243806953414054,3.0,0
"Nash County, NC",37127,216.0,668679,62426.0,96216.0,11.8,4.9,7.0,224.49488650536296,7.275297247858984,3.0,0
"Nassau County, FL",12089,217.0,663535,89804.0,97859.0,9.7,4.5,4.0,221.74761646859258,4.087513667623826,1.0,0
"Nassau County, NY",36059,1599.0,9615387,146202.0,1389591.0,5.4,4.8,32.0,115.06982989958915,2.30283587041079,1.0,0
"Natchitoches Parish, LA",22069,63.0,260434,46292.0,36693.0,25.4,5.6,,171.69487368162865,,6.0,1
"Natrona County, WY",56025,118.0,559295,72156.0,79977.0,9.6,4.1,2.0,147.542418445303,2.5007189567000516,3.0,0
"Navajo County, AZ",04017,293.0,768969,54606.0,108415.0,24.7,8.8,18.0,270.25780565419916,16.60286860674261,4.0,1
"Navarro County, TX",48349,41.0,370767,63111.0,54711.0,17.1,4.4,,74.93922611540641,,4.0,1
"Nelson County, KY",21179,121.0,329460,69562.0,47606.0,10.8,3.3,4.0,254.16964248204008,8.402302230811243,1.0,0
"Nelson County, VA",51125,14.0,103434,72589.0,14732.0,12.5,3.3,,95.0312245452077,,3.0,0
"Neosho County, KS",20133,19.0,110249,56618.0,15656.0,13.1,3.2,2.0,121.35922330097087,12.774655084312725,7.0,1
"Neshoba County, MS",28099,27.0,202667,57013.0,28932.0,23.1,7.5,1.0,93.32227291580257,3.456380478363058,7.0,1
"Nevada County, CA",06057,239.0,709069,89882.0,102481.0,11.0,5.4,5.0,233.21396161239645,4.878953171807457,4.0,1
"New Castle County, DE",10003,1927.0,3993506,91166.0,577961.0,10.1,4.8,19.0,333.4135002188729,3.2874190473059604,1.0,0
"New Hanover County, NC",37129,616.0,1649484,75166.0,235229.0,12.3,4.5,8.0,261.87247320696,3.4009412104800005,2.0,0
"New Haven County, CT",09009,2830.0,Not Available,,,,,,,,,0
"New Kent County, VA",51127,42.0,171365,123314.0,25105.0,4.7,2.3,1.0,167.29735112527385,3.9832702648874725,1.0,0
"New London County, CT",09011,832.0,Not Available,,,,,,,,,0
"New Madrid County, MO",29143,32.0,113431,51881.0,15731.0,17.7,3.4,,203.41999872862502,,9.0,1
"New York County, NY",36061,3100.0,11300660,103931.0,1629477.0,16.5,7.6,67.0,190.24509090953723,4.111748739012579,1.0,0
"Newaygo County, MI",26123,60.0,351014,63304.0,50792.0,12.8,4.4,1.0,118.12883918727358,1.9688139864545595,6.0,1
"Newberry County, SC",45071,80.0,269676,61780.0,38435.0,17.4,4.4,1.0,208.14361909717704,2.601795238714713,6.0,1
"Newport County, RI",44005,147.0,583505,103514.0,84657.0,8.5,5.8,,173.64187249725362,,1.0,0
"Newport News city, VA",51700,401.0,1271980,69634.0,184216.0,14.5,5.8,2.0,217.67924610240152,1.0856820254483868,1.0,0
"Newton County, GA",13217,158.0,811701,77179.0,118152.0,12.3,6.6,2.0,133.72604780283027,1.6927347823143069,1.0,0
"Newton County, IN",18111,36.0,97624,75481.0,13922.0,14.0,6.5,,258.583536848154,,1.0,0
"Newton County, MO",29145,84.0,416546,66301.0,60118.0,13.5,5.9,1.0,139.72520709271765,1.6633953225323528,3.0,0
"Newton County, MS",28101,18.0,147494,50540.0,21093.0,24.7,4.7,1.0,85.33636751528942,4.740909306404968,8.0,1
"Newton County, TX",48351,16.0,88995,42618.0,12093.0,19.0,8.3,,132.30794674605144,,8.0,1
"Nez Perce County, ID",16069,86.0,292863,72599.0,42697.0,12.2,2.6,2.0,201.41930346394358,4.684169847998688,3.0,0
"Niagara County, NY",36063,537.0,1469670,69633.0,210721.0,13.5,5.9,6.0,254.8393373228107,2.8473668974615722,1.0,0
"Nicholas County, KY",21181,25.0,52688,59531.0,7708.0,17.6,6.1,,324.33834976647637,,8.0,1
"Nicholas County, WV",54067,79.0,170499,54639.0,24277.0,15.4,5.9,2.0,325.41088272850845,8.238250195658443,8.0,1
"Nicollet County, MN",27103,20.0,240484,79756.0,34411.0,8.0,2.2,3.0,58.12094969631804,8.718142454447705,3.0,0
"Noble County, IN",18113,54.0,332943,71723.0,47495.0,9.2,3.2,3.0,113.69617854511002,6.316454363617224,6.0,1
"Noble County, OH",39121,22.0,100233,56098.0,14282.0,10.6,1.4,,154.0400504131074,,9.0,1
"Noble County, OK",40103,14.0,77090,66365.0,10897.0,12.9,2.6,1.0,128.47572726438472,9.176837661741764,8.0,1
"Nobles County, MN",27105,12.0,152587,66101.0,22041.0,14.0,3.2,,54.44399074452157,,7.0,1
"Nolan County, TX",48353,33.0,101858,50747.0,14454.0,22.5,6.0,1.0,228.31050228310502,6.918500069185,6.0,1
"Nome Census Area, AK",02180,12.0,69220,78681.0,9866.0,21.5,16.9,,121.62983985404419,,9.0,1
"Norfolk County, MA",25021,1230.0,5039835,130739.0,730082.0,6.7,4.9,,168.47422618281234,,1.0,0
"Norfolk city, VA",51710,629.0,1659740,66109.0,233596.0,16.5,5.7,8.0,269.2683093888594,3.42471617664686,1.0,0
"North Slope Borough, AK",02185,19.0,72041,95694.0,10810.0,11.1,7.6,3.0,175.76318223866792,27.752081406105457,9.0,1
"Northampton County, NC",37131,31.0,125450,50086.0,16931.0,21.1,8.1,1.0,183.09609591872896,5.906325674797708,9.0,1
"Northampton County, PA",42095,651.0,2190218,89184.0,318580.0,8.8,4.6,5.0,204.34427773243772,1.5694644987130393,2.0,0
"Northampton County, VA",51131,22.0,83128,61632.0,12059.0,17.7,3.3,,182.43635458993282,,8.0,1
"Northumberland County, PA",42097,248.0,633730,60583.0,90560.0,12.6,3.7,3.0,273.85159010600705,3.3127208480565367,4.0,1
"Northumberland County, VA",51133,19.0,85430,66480.0,12188.0,11.5,3.8,,155.89104036757467,,9.0,1
"Northwest Arctic Borough, AK",02188,11.0,52414,84018.0,7441.0,17.9,16.7,1.0,147.8295927966671,13.439053890606102,9.0,1
"Norton city, VA",51720,13.0,26179,41495.0,3577.0,26.3,3.8,4.0,363.433044450657,111.82555213866368,7.0,1
"Nottoway County, VA",51135,27.0,108163,63261.0,15597.0,18.5,2.8,,173.11021350259665,,8.0,1
"Nowata County, OK",40105,12.0,68155,54333.0,9435.0,17.2,4.5,2.0,127.18600953895071,21.197668256491788,8.0,1
"Nueces County, TX",48355,558.0,2497874,66897.0,352955.0,17.4,5.2,8.0,158.0938079925203,2.2665778923658824,2.0,0
"Nye County, NV",32023,167.0,359821,60714.0,54344.0,14.1,8.1,3.0,307.3016340350361,5.52038863535993,4.0,1
"Oakland County, MI",26125,1736.0,8877006,97760.0,1279825.0,7.7,4.8,39.0,135.64354501592013,3.047291621901432,1.0,0
"Obion County, TN",47131,37.0,211999,54613.0,30453.0,18.6,4.2,3.0,121.49870291925262,9.851246182642104,7.0,1
"Ocean County, NJ",34029,1506.0,4453438,89863.0,654362.0,10.5,5.4,,230.1478386581128,,1.0,0
"Oceana County, MI",26127,34.0,187694,62417.0,26915.0,13.6,6.5,1.0,126.32361136912503,3.7154003343860302,8.0,1
"Oconee County, GA",13219,33.0,296220,121217.0,43551.0,6.2,3.0,,75.77323138389474,,3.0,0
"Oconee County, SC",45073,188.0,561014,62388.0,80469.0,17.6,5.9,,233.63034211932543,,4.0,1
"Oconto County, WI",55083,31.0,272944,75049.0,39589.0,8.2,2.0,2.0,78.30457955492687,5.051908358382379,2.0,0
"Ogemaw County, MI",26129,37.0,146543,54666.0,20885.0,16.7,6.2,1.0,177.16064160881015,4.788125448886761,9.0,1
"Ogle County, IL",17141,56.0,357282,82132.0,51495.0,8.4,5.0,4.0,108.74842217691038,7.767744441207884,6.0,1
"Oglethorpe County, GA",13221,30.0,108231,75034.0,15509.0,11.6,3.1,,193.4360693790702,,3.0,0
"Ohio County, IN",18115,10.0,41703,70392.0,5999.0,8.1,1.3,,166.6944490748458,,1.0,0
"Ohio County, KY",21183,17.0,166754,57798.0,23735.0,12.5,5.0,1.0,71.62418369496524,4.213187276174426,6.0,1
"Ohio County, WV",54069,187.0,289855,57094.0,41582.0,17.7,6.0,5.0,449.71381847914967,12.024433649175123,3.0,0
"Okaloosa County, FL",12091,544.0,1499511,81998.0,216599.0,9.3,3.8,4.0,251.155360828074,1.8467305943240733,2.0,0
"Okanogan County, WA",53047,119.0,301410,63207.0,43425.0,20.7,4.5,1.0,274.0356937248129,2.3028209556706964,6.0,1
"Okeechobee County, FL",12093,89.0,290476,57984.0,40816.0,18.0,4.4,1.0,218.0517444139553,2.4500196001568013,4.0,1
"Okfuskee County, OK",40107,18.0,80851,48363.0,11278.0,25.8,3.5,,159.60276644795178,,8.0,1
"Oklahoma County, OK",40109,1604.0,5620547,66679.0,806199.0,16.0,4.8,19.0,198.95832170469077,2.356738224681499,1.0,0
"Okmulgee County, OK",40111,98.0,262986,54029.0,36899.0,18.0,7.3,2.0,265.5898533835605,5.420201089460419,1.0,0
"Oktibbeha County, MS",28105,13.0,355412,46695.0,51771.0,25.5,5.8,1.0,25.110583145003957,1.9315833188464586,5.0,1
"Oldham County, KY",21185,89.0,479092,122497.0,69257.0,4.3,3.5,2.0,128.50686573198377,2.887794735550197,1.0,0
"Olmsted County, MN",27109,204.0,1132532,95406.0,164498.0,7.5,3.6,10.0,124.01366581964521,6.079101265668884,3.0,0
"Oneida County, NY",36065,481.0,1600616,70154.0,229124.0,15.5,4.6,5.0,209.9299942389274,2.1822244723381226,2.0,0
"Oneida County, WI",55085,39.0,259688,69371.0,38167.0,8.5,2.0,3.0,102.18251368983677,7.860193360756675,7.0,1
"Onondaga County, NY",36067,1103.0,3260721,76945.0,471129.0,13.8,5.2,12.0,234.11846861475308,2.547073094630133,2.0,0
"Onslow County, NC",37133,428.0,1439652,68148.0,207906.0,11.6,5.4,4.0,205.8622646773061,1.923946398853328,3.0,0
"Ontario County, NY",36069,176.0,780453,82324.0,112625.0,9.0,3.7,8.0,156.2708102108768,7.103218645948946,1.0,0
"Orange County, CA",06059,4673.0,22153700,116289.0,3165820.0,9.5,5.4,111.0,147.60788674024425,3.5062006052144468,1.0,0
"Orange County, FL",12095,2426.0,10059027,79719.0,1471937.0,13.0,5.5,26.0,164.81683659015297,1.766379946967839,1.0,0
"Orange County, IN",18117,29.0,137701,65873.0,19767.0,13.4,3.1,2.0,146.70916173420346,10.117873223048514,8.0,1
"Orange County, NC",37135,178.0,1046444,90089.0,149678.0,12.5,3.6,3.0,118.92195245794305,2.004302569515894,2.0,0
"Orange County, NY",36071,827.0,2781828,97178.0,406616.0,12.6,5.5,11.0,203.3859956322427,2.7052550809609066,2.0,0
"Orange County, TX",48361,174.0,591359,72104.0,85307.0,12.5,6.0,1.0,203.96919361834318,1.1722367449330067,2.0,0
"Orange County, VA",51137,93.0,264129,94008.0,37822.0,9.8,3.4,,245.8886362434562,,6.0,1
"Orange County, VT",50017,61.0,206108,82232.0,29761.0,9.3,2.3,,204.9662309734216,,9.0,1
"Orangeburg County, SC",45075,209.0,590457,45675.0,83253.0,22.4,8.3,2.0,251.04200449233062,2.402315832462494,4.0,1
"Orleans County, NY",36073,52.0,279261,65969.0,39608.0,12.7,5.1,,131.2866087659059,,1.0,0
"Orleans County, VT",50019,61.0,191295,70103.0,27606.0,11.7,5.3,,220.96645656741288,,9.0,1
"Orleans Parish, LA",22071,1979.0,2644183,56631.0,371853.0,22.6,7.5,11.0,532.1995519734949,2.958158196921902,1.0,0
"Osage County, KS",20139,19.0,110643,74467.0,15744.0,9.7,1.9,1.0,120.6808943089431,6.351626016260163,3.0,0
"Osage County, MO",29151,12.0,94588,76681.0,13402.0,8.6,1.7,,89.53887479480674,,3.0,0
"Osage County, OK",40113,80.0,324855,62847.0,45997.0,13.1,5.3,2.0,173.92438637302433,4.348109659325608,1.0,0
"Osceola County, FL",12097,719.0,2860725,72637.0,427415.0,12.8,5.4,10.0,168.22058187007943,2.33964647941696,1.0,0
"Osceola County, MI",26133,30.0,163460,58267.0,23227.0,15.8,6.4,,129.16002927627332,,9.0,1
"Oswego County, NY",36075,239.0,823509,69183.0,117953.0,16.3,7.0,2.0,202.6230786838826,1.6955906166015278,2.0,0
"Otero County, CO",08089,53.0,127935,54037.0,18321.0,22.1,6.7,1.0,289.2855193493805,5.4582173462147265,6.0,1
"Otero County, NM",35035,135.0,478144,55876.0,68816.0,19.3,8.6,1.0,196.1753080678912,1.4531504301325273,4.0,1
"Otoe County, NE",31131,12.0,113016,82188.0,16241.0,9.1,2.7,3.0,73.88707591897051,18.471768979742627,6.0,1
"Otsego County, MI",26137,29.0,176861,68183.0,25584.0,8.0,4.0,2.0,113.35209505941212,7.817385866166354,7.0,1
"Otsego County, NY",36077,100.0,417352,68885.0,60108.0,12.5,6.4,,166.36720569641312,,7.0,1
"Ottawa County, MI",26139,226.0,2086596,90502.0,301203.0,8.3,3.5,11.0,75.03245319601731,3.6520220582132317,1.0,0
"Ottawa County, OH",39123,83.0,281124,76101.0,39994.0,8.4,3.1,1.0,207.53112966945042,2.500375056258439,3.0,0
"Ottawa County, OK",40115,49.0,214550,49947.0,30341.0,20.9,3.0,1.0,161.4976434527537,3.295870274545994,6.0,1
"Otter Tail County, MN",27111,46.0,418374,72255.0,60475.0,8.7,4.8,1.0,76.0644894584539,1.6535758577924762,6.0,1
"Ouachita County, AR",05103,23.0,157987,49268.0,22085.0,18.9,5.2,1.0,104.14308354086484,4.527960153950645,7.0,1
"Ouachita Parish, LA",22073,334.0,1092105,54688.0,158480.0,23.2,6.5,9.0,210.75214538112064,5.678950025239779,3.0,0
"Outagamie County, WI",55087,184.0,1336312,85069.0,192826.0,6.3,2.7,6.0,95.42281642517088,3.1116135790816593,3.0,0
"Overton County, TN",47133,48.0,159636,48959.0,23065.0,16.3,3.2,2.0,208.10752221981357,8.6711467591589,9.0,1
"Owen County, IN",18119,38.0,148788,62464.0,21604.0,12.3,3.0,2.0,175.89335308276245,9.25754489909276,3.0,0
"Owen County, KY",21187,40.0,78130,61134.0,11330.0,18.3,7.0,1.0,353.045013239188,8.8261253309797,8.0,1
"Owsley County, KY",21189,27.0,29029,22188.0,3971.0,36.1,12.6,,679.9294887937547,,9.0,1
"Owyhee County, ID",16073,12.0,86068,64406.0,12503.0,12.2,2.0,,95.97696552827321,,2.0,0
"Oxford County, ME",23017,149.0,411793,60173.0,59255.0,13.8,4.3,,251.4555733693359,,6.0,1
"Ozark County, MO",29153,11.0,63056,44163.0,8873.0,21.5,5.0,,123.97159923363012,,9.0,1
"Ozaukee County, WI",55089,88.0,641333,96996.0,92966.0,5.0,2.8,3.0,94.6582621603597,3.2269862100122624,1.0,0
"Pacific County, WA",53049,46.0,163997,67081.0,23994.0,10.4,5.2,4.0,191.71459531549556,16.67083437526048,7.0,1
"Page County, IA",19145,18.0,105821,57953.0,15131.0,13.8,5.0,1.0,118.96107329323904,6.608948516291058,6.0,1
"Page County, VA",51139,45.0,166752,57037.0,23727.0,11.3,5.5,2.0,189.65735238336072,8.429215661482699,8.0,1
"Palm Beach County, FL",12099,3345.0,10622631,83581.0,1533806.0,11.3,5.5,62.0,218.08494685768605,4.042232198856961,1.0,0
"Palo Pinto County, TX",48363,43.0,205287,67674.0,29295.0,16.7,6.1,1.0,146.78272742788872,3.4135518006485746,6.0,1
"Pamlico County, NC",37137,61.0,87809,59717.0,12390.0,15.2,5.1,,492.3325262308313,,9.0,1
"Panola County, MS",28107,41.0,233163,45945.0,32808.0,23.3,6.6,1.0,124.9695196293587,3.0480370641306997,6.0,1
"Panola County, TX",48365,17.0,160741,64894.0,22726.0,11.2,2.5,,74.80418903458595,,6.0,1
"Park County, CO",08093,26.0,128448,103670.0,17907.0,5.0,3.3,,145.19461663036802,,1.0,0
"Park County, MT",30067,28.0,121342,70047.0,17710.0,12.3,2.7,2.0,158.10276679841897,11.29305477131564,6.0,1
"Park County, WY",56029,30.0,210292,73035.0,30449.0,8.9,2.2,2.0,98.52540313310782,6.568360208873854,7.0,1
"Parke County, IN",18121,16.0,116503,68485.0,16406.0,16.2,4.4,4.0,97.52529562355237,24.38132390588809,8.0,1
"Parker County, TX",48367,166.0,1105246,104443.0,165168.0,8.0,4.0,1.0,100.50372953598759,0.6054441538312506,1.0,0
"Pasco County, FL",12101,1904.0,4148960,70492.0,611444.0,11.1,4.9,10.0,311.39401155297946,1.6354727497530435,1.0,0
"Pasquotank County, NC",37139,118.0,284456,66589.0,40834.0,11.0,5.9,2.0,288.97487387961013,4.897879218298477,4.0,1
"Passaic County, NJ",34031,1000.0,3577563,87522.0,521012.0,13.0,8.0,,191.93415890612886,,1.0,0
"Patrick County, VA",51141,41.0,122836,53038.0,17512.0,11.7,2.5,1.0,234.12517131110093,5.710370031978072,8.0,1
"Paulding County, GA",13223,276.0,1229984,98031.0,178909.0,6.6,4.5,3.0,154.26837107132678,1.6768301203405083,1.0,0
"Paulding County, OH",39125,19.0,131169,67731.0,18791.0,8.9,3.6,1.0,101.11223458038423,5.321696556862328,8.0,1
"Pawnee County, OK",40117,48.0,112620,58738.0,15795.0,18.2,4.4,1.0,303.89363722697055,6.331117442228554,1.0,0
"Payette County, ID",16075,44.0,180520,67673.0,26771.0,10.2,3.2,3.0,164.35695341974525,11.20615591498263,6.0,1
"Payne County, OK",40119,80.0,577913,49809.0,82972.0,22.6,5.7,3.0,96.41806874608301,3.615677577978113,4.0,1
"Peach County, GA",13225,51.0,197790,71293.0,28560.0,17.3,6.6,1.0,178.57142857142856,3.501400560224089,3.0,0
"Pearl River County, MS",28109,232.0,397570,58135.0,57458.0,16.5,6.1,,403.77319085244875,,6.0,1
"Pemiscot County, MO",29155,25.0,106774,40089.0,14958.0,29.6,9.7,2.0,167.1346436689397,13.370771493515177,7.0,1
"Pend Oreille County, WA",53051,37.0,98228,67436.0,14050.0,14.4,6.1,,263.3451957295374,,8.0,1
"Pender County, NC",37141,120.0,457043,80396.0,65550.0,9.7,4.8,2.0,183.0663615560641,3.051106025934401,2.0,0
"Pendleton County, KY",21191,61.0,102642,64669.0,14723.0,15.9,4.5,1.0,414.3177341574407,6.792094002580996,1.0,0
"Pendleton County, WV",54071,11.0,45024,64931.0,6043.0,16.6,6.3,,182.02879364554028,,8.0,1
"Pennington County, MN",27113,14.0,97162,77325.0,13791.0,10.5,2.9,,101.5154811108694,,6.0,1
"Pennington County, SD",46103,106.0,799579,74517.0,113512.0,11.2,3.2,6.0,93.38219747691873,5.285784762844457,3.0,0
"Penobscot County, ME",23019,558.0,1073520,66356.0,154710.0,14.1,3.6,,360.67481093659103,,3.0,0
"Peoria County, IL",17143,365.0,1252410,65108.0,179645.0,15.7,6.2,5.0,203.17849091263324,2.7832669988031955,2.0,0
"Perquimans County, NC",37143,32.0,93729,67917.0,13244.0,9.8,3.6,,241.61884627000907,,8.0,1
"Perry County, IL",17145,26.0,145102,62118.0,20639.0,16.9,4.6,3.0,125.97509569262076,14.535587964533166,7.0,1
"Perry County, IN",18123,14.0,134453,61151.0,19270.0,15.0,4.5,1.0,72.6517903476907,5.1894135962636225,7.0,1
"Perry County, KY",21193,136.0,186468,42181.0,27499.0,26.8,5.8,10.0,494.5634386704971,36.36495872577185,7.0,1
"Perry County, MO",29157,23.0,133310,62981.0,18976.0,13.9,4.9,1.0,121.20573355817875,5.269814502529511,6.0,1
"Perry County, MS",28111,13.0,81426,49634.0,11449.0,18.4,2.0,1.0,113.54703467551751,8.734387282732117,3.0,0
"Perry County, OH",39127,113.0,250555,67460.0,35535.0,14.7,3.7,2.0,317.99634163500775,5.628253834247925,1.0,0
"Perry County, PA",42099,87.0,323622,79444.0,46239.0,8.0,3.1,,188.15285797703237,,2.0,0
"Perry County, TN",47135,15.0,59274,55972.0,8697.0,18.1,5.8,,172.47326664367023,,9.0,1
"Pershing County, NV",32027,19.0,46067,66902.0,6487.0,11.8,3.9,,292.89347926622474,,8.0,1
"Person County, NC",37145,88.0,277315,63300.0,39542.0,17.5,5.6,1.0,222.54817662232563,2.5289565525264277,2.0,0
"Petersburg city, VA",51730,201.0,227549,50698.0,33537.0,21.7,10.0,4.0,599.3380445478128,11.92712526463309,1.0,0
"Pettis County, MO",29159,37.0,301233,60430.0,43397.0,15.6,3.8,1.0,85.25934972463534,2.3043067493144687,5.0,1
"Phelps County, MO",29161,149.0,314925,58396.0,45194.0,16.8,3.9,3.0,329.6897818294464,6.638049298579458,5.0,1
"Philadelphia County, PA",42101,7750.0,11014656,61953.0,1579706.0,21.4,8.1,38.0,490.5976175313634,2.4055108988634593,1.0,0
"Phillips County, AR",05107,22.0,113942,40134.0,15450.0,29.3,14.5,1.0,142.39482200647248,6.472491909385113,7.0,1
"Piatt County, IL",17147,15.0,115913,94811.0,16695.0,6.1,2.8,1.0,89.84725965858041,5.989817310572028,3.0,0
"Pickaway County, OH",39129,166.0,417801,74040.0,60131.0,11.5,3.5,3.0,276.0639270925147,4.989107116129784,1.0,0
"Pickens County, AL",01107,26.0,134355,46274.0,18721.0,20.0,4.7,,138.88147000694408,,2.0,0
"Pickens County, GA",13227,55.0,239097,78930.0,34951.0,12.0,3.0,1.0,157.36316557466168,2.8611484649938483,1.0,0
"Pickens County, SC",45077,359.0,919197,61064.0,134629.0,17.2,3.6,1.0,266.65874365849857,0.7427820157618343,2.0,0
"Pickett County, TN",47137,10.0,35613,49030.0,5079.0,23.9,6.8,,196.88915140775742,,9.0,1
"Pierce County, GA",13229,35.0,139614,60517.0,20202.0,13.8,2.6,,173.25017325017325,,8.0,1
"Pierce County, WA",53053,2212.0,6433123,99564.0,930319.0,8.8,5.2,16.0,237.76790541738907,1.7198401838509156,1.0,0
"Pierce County, WI",55093,38.0,299534,92109.0,42584.0,9.8,3.2,2.0,89.23539357505166,4.696599661844824,1.0,0
"Pike County, AL",01109,23.0,231684,48677.0,32987.0,23.3,3.7,,69.72443689938461,,6.0,1
"Pike County, AR",05109,15.0,72514,49269.0,10115.0,20.7,3.9,,148.29461196243204,,9.0,1
"Pike County, GA",13231,26.0,137314,86719.0,19903.0,9.3,3.4,,130.63357282821687,,1.0,0
"Pike County, IN",18125,10.0,85711,71334.0,12154.0,10.7,3.2,,82.27743952608195,,8.0,1
"Pike County, KY",21195,242.0,398415,44312.0,56727.0,24.4,5.2,5.0,426.60461508629044,8.81414493979939,7.0,1
"Pike County, MO",29163,35.0,125679,54989.0,17711.0,16.0,3.9,,197.61729998306137,,8.0,1
"Pike County, MS",28113,68.0,275839,43814.0,39602.0,27.1,5.8,1.0,171.70849957072875,2.5251249936871876,6.0,1
"Pike County, OH",39131,131.0,191694,52736.0,27044.0,21.3,5.4,10.0,484.395799437953,36.97677858304984,9.0,1
"Pike County, PA",42103,138.0,411947,81323.0,60621.0,9.8,7.5,,227.64388578215468,,6.0,1
"Pima County, AZ",04019,2890.0,7400465,70315.0,1060490.0,14.3,5.5,68.0,272.51553527143113,6.412130241680733,1.0,0
"Pinal County, AZ",04021,753.0,3302567,80266.0,469006.0,11.1,6.0,27.0,160.55231702792716,5.756855989049181,1.0,0
"Pine County, MN",27115,73.0,207685,71146.0,29640.0,11.1,5.6,3.0,246.28879892037787,10.121457489878543,8.0,1
"Pinellas County, FL",12103,3215.0,6772898,72646.0,963481.0,11.5,4.4,24.0,333.68587444900317,2.4909676475197746,1.0,0
"Piscataquis County, ME",23021,59.0,120081,61345.0,17263.0,15.5,3.6,,341.7714186410241,,8.0,1
"Pitkin County, CO",08097,20.0,121118,102645.0,16985.0,7.8,2.5,1.0,117.75095672652341,5.887547836326171,7.0,1
"Pitt County, NC",37147,410.0,1245193,58188.0,177193.0,19.8,7.8,7.0,231.38611570434497,3.9504946583668654,3.0,0
"Pittsburg County, OK",40121,95.0,305330,55310.0,43561.0,17.7,5.7,2.0,218.08498427492484,4.591262826840523,7.0,1
"Pittsylvania County, VA",51143,127.0,420058,54085.0,59856.0,14.6,4.7,,212.17588879978615,,4.0,1
"Placer County, CA",06061,519.0,2881883,115998.0,419156.0,6.8,4.8,8.0,123.82024830850567,1.9085972764316865,1.0,0
"Plaquemines Parish, LA",22075,66.0,160214,86315.0,22803.0,12.9,4.2,,289.4356005788712,,1.0,0
"Platte County, MO",29165,127.0,758185,96227.0,110371.0,7.0,2.7,,115.06645767457032,,1.0,0
"Platte County, NE",31141,13.0,238842,71552.0,34716.0,9.8,2.0,5.0,37.44671045051273,14.402580942504898,5.0,1
"Plumas County, CA",06063,40.0,133809,66031.0,19423.0,10.6,9.2,1.0,205.94140966894918,5.14853524172373,9.0,1
"Plymouth County, IA",19149,13.0,178369,83251.0,25747.0,6.9,2.2,1.0,50.4913193770148,3.8839476443857537,6.0,1
"Plymouth County, MA",25023,1293.0,3706542,114201.0,535075.0,7.1,5.1,,241.64836705134795,,1.0,0
"Pocahontas County, WV",54075,24.0,55929,42119.0,7784.0,22.5,11.9,1.0,308.3247687564234,12.846865364850977,9.0,1
"Poinsett County, AR",05111,41.0,160637,46707.0,22543.0,20.1,6.4,1.0,181.87463957769597,4.435966818968194,3.0,0
"Pointe Coupee Parish, LA",22077,57.0,145551,65961.0,20217.0,16.5,7.0,,281.9409407924024,,2.0,0
"Polk County, AR",05113,12.0,137280,49191.0,19361.0,15.9,7.3,1.0,61.98026961417282,5.165022467847735,7.0,1
"Polk County, FL",12105,1430.0,5389470,65978.0,790694.0,14.5,4.8,11.0,180.8537816146322,1.3911829354971708,2.0,0
"Polk County, GA",13233,95.0,303961,58515.0,43785.0,16.4,5.9,2.0,216.96928171748317,4.567774351947014,4.0,1
"Polk County, IA",19153,868.0,3491019,83576.0,503175.0,10.3,4.4,14.0,172.5045958165648,2.7823321905897553,2.0,0
"Polk County, MN",27119,26.0,216106,73107.0,30705.0,11.9,3.6,4.0,84.6767627422244,13.027194268034522,3.0,0
"Polk County, MO",29167,39.0,227426,59647.0,32444.0,16.3,4.0,1.0,120.20712612501542,3.082234003205523,2.0,0
"Polk County, NC",37149,36.0,142387,67758.0,19891.0,14.0,5.1,1.0,180.98637574782563,5.02739932632849,8.0,1
"Polk County, OR",41053,107.0,618195,85118.0,89662.0,12.7,5.7,,119.33706586959917,,2.0,0
"Polk County, TN",47139,30.0,122575,62522.0,17898.0,13.9,5.3,,167.61649346295675,,3.0,0
"Polk County, TX",48373,76.0,367977,62259.0,52800.0,17.5,8.1,,143.93939393939394,,6.0,1
"Polk County, WI",55095,40.0,313908,77219.0,45555.0,8.2,3.4,1.0,87.80594885303479,2.19514872132587,8.0,1
"Pontotoc County, MS",28115,46.0,222851,51484.0,31550.0,16.7,3.1,2.0,145.80031695721078,6.3391442155309035,9.0,1
"Pontotoc County, OK",40123,68.0,267938,63017.0,38235.0,12.6,3.7,3.0,177.84752190401466,7.846214201647705,7.0,1
"Pope County, AR",05115,64.0,449682,57344.0,64131.0,16.9,5.1,4.0,99.79573061389968,6.23723316336873,5.0,1
"Pope County, MN",27121,12.0,79352,76220.0,11418.0,9.4,1.3,,105.09721492380451,,8.0,1
"Poquoson city, VA",51735,19.0,87363,120972.0,12639.0,4.5,3.2,,150.32834876176912,,1.0,0
"Portage County, OH",39133,289.0,1138607,75766.0,161956.0,11.7,5.3,11.0,178.44352787176763,6.79196818889081,2.0,0
"Portage County, WI",55097,56.0,496996,76070.0,70832.0,10.1,3.2,2.0,79.0603117235148,2.8235825615540997,4.0,1
"Porter County, IN",18127,299.0,1211192,87972.0,174818.0,9.6,4.7,8.0,171.03501927719114,4.576187806747589,1.0,0
"Portsmouth city, VA",51740,445.0,672268,60491.0,97190.0,17.3,6.6,2.0,457.8660356003704,2.0578248791027884,1.0,0
"Posey County, IN",18129,23.0,176528,78129.0,25116.0,10.1,1.8,1.0,91.57509157509158,3.9815257206561556,2.0,0
"Pottawatomie County, KS",20149,16.0,178703,92325.0,26204.0,6.7,2.1,,61.0593802472905,,3.0,0
"Pottawatomie County, OK",40125,150.0,513058,61398.0,73463.0,15.9,5.3,4.0,204.1844193675728,5.444917849801941,4.0,1
"Pottawattamie County, IA",19155,114.0,653252,73602.0,93424.0,12.1,3.8,2.0,122.02431923274534,2.1407775303990406,2.0,0
"Potter County, PA",42105,20.0,114072,59020.0,16188.0,13.0,3.8,,123.54830738818879,,9.0,1
"Potter County, TX",48375,177.0,814555,53249.0,115975.0,20.8,3.8,3.0,152.61909894373787,2.586764388876913,2.0,0
"Powell County, KY",21197,74.0,89135,40309.0,13038.0,22.5,5.8,2.0,567.5717134529835,15.339776039269827,8.0,1
"Powell County, MT",30077,11.0,48978,66923.0,7053.0,5.6,2.3,,155.96200198497093,,8.0,1
"Poweshiek County, IA",19157,13.0,129544,67391.0,18545.0,10.7,3.6,,70.0997573469938,,6.0,1
"Powhatan County, VA",51145,54.0,216111,110537.0,31555.0,4.6,3.6,1.0,171.12977341150372,3.1690698779908097,1.0,0
"Pratt County, KS",20151,11.0,64136,66022.0,9127.0,12.3,3.6,,120.52152952777473,,7.0,1
"Preble County, OH",39135,103.0,285535,69223.0,40765.0,12.6,3.2,3.0,252.66772967006008,7.35925426223476,6.0,1
"Prentiss County, MS",28117,35.0,175866,49724.0,25184.0,16.8,3.5,1.0,138.97712833545108,3.9707750952986025,7.0,1
"Presque Isle County, MI",26141,11.0,90964,59321.0,13209.0,14.0,6.5,,83.27655386478915,,9.0,1
"Preston County, WV",54077,77.0,237335,61880.0,34160.0,13.8,5.3,1.0,225.40983606557378,2.927400468384075,3.0,0
"Prince Edward County, VA",51147,23.0,156942,56315.0,21996.0,20.9,1.5,1.0,104.56446626659394,4.546281142025823,6.0,1
"Prince George County, VA",51149,59.0,287595,84897.0,43146.0,8.9,5.2,,136.74500533073748,,1.0,0
"Prince George's County, MD",24033,1479.0,6544583,101798.0,959754.0,10.8,6.4,41.0,154.1019886345876,4.271928014887148,1.0,0
"Prince William County, VA",51153,554.0,3371937,131402.0,488880.0,6.2,4.8,6.0,113.32024218622158,1.2272950417280315,1.0,0
"Prince of Wales-Hyder Census Area, AK",02198,12.0,41593,61156.0,5715.0,12.7,7.7,1.0,209.9737532808399,17.497812773403325,9.0,1
"Providence County, RI",44007,1807.0,4563598,78787.0,664854.0,13.4,6.6,,271.7889942754349,,1.0,0
"Prowers County, CO",08099,22.0,84000,53508.0,11910.0,18.2,4.1,1.0,184.7187237615449,8.39630562552477,7.0,1
"Pueblo County, CO",08101,471.0,1184230,64010.0,169356.0,14.6,4.8,8.0,278.11237865797494,4.723777132194903,3.0,0
"Pulaski County, AR",05119,751.0,2775755,62873.0,399818.0,16.7,4.7,22.0,187.83546513663717,5.502503639155816,2.0,0
"Pulaski County, IN",18131,36.0,86840,62792.0,12441.0,12.1,1.8,1.0,289.3658066071859,8.03793907242183,8.0,1
"Pulaski County, KY",21199,165.0,459383,51898.0,65897.0,19.7,4.9,4.0,250.39076133966643,6.070079062779793,5.0,1
"Pulaski County, MO",29169,165.0,372863,64466.0,53894.0,12.7,4.7,,306.15652948380153,,5.0,1
"Pulaski County, VA",51155,94.0,236727,62028.0,33687.0,14.4,3.2,2.0,279.03939205034584,5.937008341496719,3.0,0
"Pushmataha County, OK",40127,21.0,76429,47940.0,10790.0,20.7,4.4,1.0,194.62465245597775,9.267840593141798,9.0,1
"Putnam County, FL",12107,197.0,525653,47934.0,75164.0,23.4,7.4,2.0,262.0935554254696,2.660848278431164,4.0,1
"Putnam County, GA",13237,29.0,158529,72096.0,22855.0,17.6,3.7,,126.88689564646685,,8.0,1
"Putnam County, IN",18133,51.0,262475,78378.0,37280.0,8.7,3.1,2.0,136.80257510729612,5.364806866952789,6.0,1
"Putnam County, NY",36079,138.0,688194,126257.0,98107.0,7.1,4.4,2.0,140.66274577756937,2.038590518515498,1.0,0
"Putnam County, OH",39137,14.0,238352,84928.0,34314.0,5.5,1.8,1.0,40.79967360261118,2.9142624001865127,6.0,1
"Putnam County, TN",47141,188.0,572325,58912.0,82558.0,18.4,3.7,3.0,227.7186947358221,3.633808958550352,4.0,1
"Putnam County, WV",54079,164.0,397864,79527.0,57177.0,10.6,3.1,2.0,286.82861989961,3.497909998775732,2.0,0
"Quay County, NM",35037,22.0,58818,41946.0,8564.0,27.1,7.4,1.0,256.8893040635217,11.676786548341896,7.0,1
"Queen Anne's County, MD",24035,119.0,360504,112826.0,51825.0,6.4,3.8,5.0,229.61890979257115,9.64785335262904,1.0,0
"Queens County, NY",36081,2857.0,15936794,86136.0,2323052.0,12.9,7.2,68.0,122.98476314779006,2.9271837221035084,1.0,0
"Rabun County, GA",13241,35.0,120755,67493.0,17312.0,13.1,1.3,,202.17190388170056,,9.0,1
"Racine County, WI",55101,377.0,1376703,78096.0,197532.0,10.3,4.4,4.0,190.85515258287265,2.024988356316951,3.0,0
"Radford city, VA",51750,24.0,122324,57348.0,16726.0,28.7,8.1,2.0,143.48917852445297,11.957431543704413,3.0,0
"Rains County, TX",48379,12.0,88849,65413.0,12775.0,10.0,3.3,1.0,93.9334637964775,7.827788649706458,8.0,1
"Raleigh County, WV",54081,593.0,511923,52150.0,73195.0,22.8,5.0,1.0,810.1646287314708,1.3662135391761732,3.0,0
"Ralls County, MO",29173,12.0,72589,65388.0,10428.0,11.4,4.8,1.0,115.07479861910241,9.589566551591867,9.0,1
"Ramsey County, MN",27123,1210.0,3806194,81568.0,542945.0,12.3,4.9,31.0,222.85866892595013,5.709602261739219,1.0,0
"Ramsey County, ND",38071,12.0,80448,61006.0,11556.0,15.2,1.2,2.0,103.84215991692626,17.307026652821047,7.0,1
"Randall County, TX",48381,144.0,1002679,83864.0,146070.0,9.7,2.9,1.0,98.58287122612445,0.684603272403642,2.0,0
"Randolph County, AL",01111,26.0,158688,52338.0,22510.0,19.9,3.8,,115.50422034651267,,8.0,1
"Randolph County, AR",05121,16.0,129802,50911.0,18838.0,22.4,5.3,1.0,84.93470644442085,5.308419152776303,7.0,1
"Randolph County, IL",17157,40.0,215167,68131.0,30058.0,14.6,5.0,3.0,133.07605296426908,9.98070397232018,6.0,1
"Randolph County, IN",18135,82.0,171084,60791.0,24387.0,15.8,4.5,1.0,336.24472054783286,4.1005453725345475,6.0,1
"Randolph County, MO",29175,32.0,171488,53033.0,24365.0,13.9,4.4,1.0,131.3359326903345,4.104247896572953,6.0,1
"Randolph County, NC",37151,521.0,1018637,61022.0,146348.0,14.5,3.5,4.0,356.00076529915,2.7332112498975047,2.0,0
"Randolph County, WV",54083,55.0,195851,52757.0,27576.0,15.9,7.4,2.0,199.4487960545402,7.252683492892371,7.0,1
"Rankin County, MS",28121,205.0,1103213,79357.0,158854.0,9.8,4.4,5.0,129.04931572387224,3.1475442859481033,2.0,0
"Rapides Parish, LA",22079,441.0,896779,54967.0,127527.0,19.9,5.1,7.0,345.8091227740008,5.48903369482541,3.0,0
"Rappahannock County, VA",51157,18.0,51684,83380.0,7427.0,10.3,9.2,,242.358960549347,,1.0,0
"Ravalli County, MT",30081,32.0,321162,71283.0,46727.0,8.8,3.2,2.0,68.48288997795707,4.280180623622317,6.0,1
"Ray County, MO",29177,25.0,161312,74573.0,23145.0,12.6,3.4,,108.01468999783971,,1.0,0
"Red River County, TX",48387,17.0,82664,48491.0,11611.0,15.6,2.0,,146.41288433382138,,8.0,1
"Redwood County, MN",27127,13.0,106767,67866.0,15350.0,13.3,2.6,,84.69055374592834,,9.0,1
"Reeves County, TX",48389,18.0,98738,64297.0,12664.0,16.8,2.4,,142.1351863550221,,7.0,1
"Reno County, KS",20155,126.0,431977,60645.0,61553.0,12.5,3.9,1.0,204.7016392377301,1.624616184426429,4.0,1
"Rensselaer County, NY",36083,313.0,1116403,87915.0,160332.0,11.8,5.3,3.0,195.21991866876232,1.8711174313299903,2.0,0
"Renville County, MN",27129,16.0,101497,70625.0,14558.0,11.0,2.5,,109.90520675917021,,9.0,1
"Rhea County, TN",47143,108.0,235203,55033.0,33992.0,15.9,5.8,1.0,317.72181689809366,2.9418686749823486,6.0,1
"Rice County, MN",27131,62.0,472507,83181.0,67917.0,10.2,4.6,3.0,91.28789551953119,4.417156234816026,4.0,1
"Richland County, IL",17159,11.0,108864,62455.0,15598.0,12.1,3.1,1.0,70.52186177715092,6.411078343377357,7.0,1
"Richland County, MT",30083,11.0,77480,73084.0,11235.0,6.6,3.3,1.0,97.90832220738764,8.900756564307967,7.0,1
"Richland County, ND",38077,11.0,114928,75432.0,16584.0,9.7,1.7,1.0,66.32899179932465,6.02990834539315,6.0,1
"Richland County, OH",39139,434.0,863575,59509.0,125099.0,13.8,5.4,8.0,346.9252352137108,6.394935211312641,3.0,0
"Richland County, SC",45079,714.0,2945048,63784.0,422117.0,17.2,6.4,2.0,169.14741647457933,0.4738022870436396,2.0,0
"Richland County, WI",55103,22.0,120509,66420.0,17205.0,14.5,3.6,2.0,127.86980528916013,11.624527753560011,8.0,1
"Richland Parish, LA",22083,44.0,139314,53544.0,19822.0,24.0,8.9,1.0,221.97558268590456,5.044899606497831,3.0,0
"Richmond County, GA",13245,604.0,1430181,55637.0,206069.0,20.0,8.5,7.0,293.10570731162863,3.3969204489758282,2.0,0
"Richmond County, NC",37153,177.0,303864,44883.0,42344.0,25.2,9.8,1.0,418.0049121481202,2.3616096731532212,4.0,1
"Richmond County, NY",36085,1011.0,3401175,98333.0,494956.0,11.5,5.6,10.0,204.2605807384899,2.020381609678436,1.0,0
"Richmond County, VA",51159,14.0,63628,66304.0,9095.0,7.7,2.5,,153.93073117097308,,9.0,1
"Richmond city, VA",51760,1137.0,1610346,64587.0,229359.0,18.2,5.7,4.0,495.72940237793154,1.7439908614878858,1.0,0
"Riley County, KS",20161,49.0,508412,61098.0,71946.0,19.9,3.8,1.0,68.1066355322047,1.3899313373919329,3.0,0
"Rio Arriba County, NM",35039,301.0,276506,57155.0,40070.0,18.2,4.9,3.0,751.1854255053656,7.486897928624906,6.0,1
"Rio Blanco County, CO",08103,12.0,45223,65473.0,6544.0,8.5,2.4,,183.37408312958436,,9.0,1
"Rio Grande County, CO",08105,38.0,78866,64411.0,11321.0,18.0,10.1,3.0,335.65939404646235,26.49942584577334,9.0,1
"Ripley County, IN",18137,46.0,201904,70573.0,29095.0,10.1,3.0,3.0,158.10276679841897,10.311050008592542,6.0,1
"Ripley County, MO",29181,10.0,82830,42037.0,10708.0,24.8,3.7,1.0,93.38812103100486,9.338812103100485,9.0,1
"Ritchie County, WV",54085,14.0,61701,50582.0,8286.0,21.6,2.4,,168.9596910451364,,8.0,1
"Riverside County, CA",06065,5043.0,17365164,93074.0,2478600.0,10.6,6.5,35.0,203.4616315662067,1.4120874687323488,1.0,0
"Roane County, TN",47145,317.0,382275,71885.0,55208.0,12.0,4.9,2.0,574.1921460657876,3.622663382118534,2.0,0
"Roane County, WV",54087,28.0,96117,45778.0,13786.0,19.1,9.1,1.0,203.10459886841724,7.253735673872044,8.0,1
"Roanoke County, VA",51161,186.0,670631,83709.0,97023.0,7.3,2.8,1.0,191.70712099192974,1.0306834461931706,2.0,0
"Roanoke city, VA",51770,517.0,689916,55378.0,98355.0,18.3,5.6,6.0,525.6468913629201,6.1003507701692845,2.0,0
"Roberts County, SD",46109,21.0,71987,65130.0,10221.0,15.7,6.0,,205.4593484003522,,9.0,1
"Robertson County, TN",47147,215.0,519903,83047.0,75539.0,10.4,3.3,2.0,284.62118905466053,2.6476389679503303,1.0,0
"Robertson County, TX",48395,16.0,120550,72236.0,17167.0,13.5,7.9,,93.20207374614085,,2.0,0
"Robeson County, NC",37155,557.0,861435,41978.0,116902.0,27.2,6.0,19.0,476.46746847787034,16.252929804451593,4.0,1
"Rock County, WI",55105,422.0,1147747,75673.0,164350.0,9.3,3.8,5.0,256.7690903559477,3.04228780042592,3.0,0
"Rock Island County, IL",17161,152.0,994666,67159.0,142757.0,15.5,5.6,2.0,106.47463872174394,1.4009820884439994,2.0,0
"Rockbridge County, VA",51163,25.0,158042,65469.0,22531.0,7.5,3.9,1.0,110.95823532022546,4.4383294128090185,6.0,1
"Rockcastle County, KY",21203,67.0,114968,48862.0,16163.0,25.6,4.6,1.0,414.52700612510057,6.186970240673142,9.0,1
"Rockdale County, GA",13247,138.0,655092,77247.0,95281.0,10.8,5.9,2.0,144.83475194424912,2.0990543760036102,1.0,0
"Rockingham County, NC",37157,336.0,642243,57053.0,92131.0,16.3,5.8,3.0,364.69809293288904,3.2562329726150807,2.0,0
"Rockingham County, NH",33015,528.0,2209745,118331.0,319082.0,4.8,3.6,,165.47470556157978,,1.0,0
"Rockingham County, VA",51165,73.0,589571,80693.0,85600.0,9.8,2.7,,85.2803738317757,,3.0,0
"Rockland County, NY",36087,359.0,2344909,109959.0,341883.0,16.2,5.6,7.0,105.00668357303522,2.0474840808112718,1.0,0
"Rockwall County, TX",48397,109.0,823400,127981.0,123617.0,4.0,4.3,1.0,88.17557455689752,0.8089502252926377,1.0,0
"Rogers County, OK",40131,114.0,674748,80067.0,98610.0,8.9,4.7,1.0,115.60693641618498,1.0140959334753068,1.0,0
"Rolette County, ND",38079,27.0,90043,59517.0,11924.0,24.3,4.0,1.0,226.43408252264342,8.386447500838644,9.0,1
"Roosevelt County, MT",30085,27.0,74936,57063.0,10526.0,30.4,10.8,,256.50769523085694,,9.0,1
"Roosevelt County, NM",35041,30.0,131046,52685.0,18928.0,21.8,5.4,1.0,158.49535080304312,5.283178360101437,7.0,1
"Roscommon County, MI",26143,54.0,167025,55246.0,23737.0,15.5,4.7,2.0,227.49294350591902,8.425664574293297,7.0,1
"Rosebud County, MT",30087,11.0,59402,49914.0,8165.0,24.5,10.6,2.0,134.72137170851195,24.49479485609308,8.0,1
"Ross County, OH",39141,354.0,536061,61303.0,76492.0,15.7,3.8,8.0,462.7934947445484,10.458610050724259,4.0,1
"Routt County, CO",08107,27.0,177336,106489.0,25084.0,5.2,2.4,2.0,107.638335193749,7.9732100143517775,7.0,1
"Rowan County, KY",21205,110.0,172058,54321.0,24578.0,24.2,4.1,8.0,447.5547237366751,32.54943445357637,6.0,1
"Rowan County, NC",37159,501.0,1028685,65725.0,149875.0,16.0,5.3,5.0,334.278565471226,3.3361134278565467,1.0,0
"Runnels County, TX",48399,11.0,70320,62632.0,9874.0,11.0,4.9,1.0,111.40368644926069,10.1276078590237,8.0,1
"Rush County, IN",18139,21.0,116844,66473.0,16739.0,11.9,4.3,1.0,125.45552303004958,5.974072525240457,6.0,1
"Rusk County, TX",48401,53.0,375726,68658.0,52842.0,14.4,4.5,,100.2990045796904,,2.0,0
"Rusk County, WI",55107,21.0,98967,59944.0,14179.0,13.1,5.4,1.0,148.10635446787504,7.052683546089288,8.0,1
"Russell County, AL",01113,127.0,408837,51197.0,58811.0,22.2,6.2,2.0,215.94599649725393,3.4007243542874632,2.0,0
"Russell County, KY",21207,43.0,126813,44738.0,18221.0,23.1,6.4,2.0,235.99143845013992,10.976345974425115,9.0,1
"Russell County, VA",51167,40.0,181876,50012.0,25538.0,16.7,3.6,5.0,156.62933667475917,19.578667084344897,8.0,1
"Rutherford County, NC",37161,200.0,461574,51410.0,64930.0,16.8,6.3,3.0,308.02402587401815,4.620360388110273,4.0,1
"Rutherford County, TN",47149,816.0,2453334,85470.0,360646.0,9.3,3.6,7.0,226.26065449221676,1.9409614968695064,1.0,0
"Rutland County, VT",50021,198.0,416053,68616.0,60425.0,11.8,4.1,,327.6789408357468,,7.0,1
"Sabine Parish, LA",22085,25.0,159491,50329.0,21977.0,23.7,6.6,,113.75528962096737,,8.0,1
"Sacramento County, CA",06067,3355.0,11020788,92175.0,1594006.0,12.5,6.7,36.0,210.47599569888695,2.258460758616969,1.0,0
"Sagadahoc County, ME",23023,47.0,257093,87806.0,37285.0,10.0,4.6,,126.05605471369185,,2.0,0
"Saginaw County, MI",26145,398.0,1324624,60622.0,188665.0,18.2,6.4,8.0,210.95592717250153,4.240320144170885,3.0,0
"Saguache County, CO",08109,21.0,47057,50082.0,6580.0,17.8,10.3,1.0,319.1489361702127,15.197568389057752,9.0,1
"Salem County, NJ",34033,232.0,448818,79960.0,65275.0,12.7,7.4,,355.4193795480659,,1.0,0
"Salem city, VA",51775,80.0,178688,66725.0,25618.0,10.2,3.6,3.0,312.2804278241861,11.71051604340698,2.0,0
"Saline County, AR",05125,198.0,881242,79046.0,127479.0,8.8,3.9,2.0,155.3196997152472,1.568885855709568,2.0,0
"Saline County, IL",17165,49.0,162685,53117.0,23213.0,18.9,7.7,,211.08861413862923,,7.0,1
"Saline County, KS",20169,68.0,376592,65422.0,53668.0,11.9,4.8,3.0,126.70492658567488,5.5899232317209515,5.0,1
"Saline County, MO",29195,23.0,161184,57931.0,23231.0,16.4,3.2,1.0,99.00563901683095,4.3045930007317805,7.0,1
"Salt Lake County, UT",49035,2052.0,8253352,97494.0,1196523.0,8.1,3.8,121.0,171.49691230339909,10.11263469235443,1.0,0
"Saluda County, SC",45081,23.0,137666,51009.0,19131.0,18.7,3.2,1.0,120.22372066279861,5.227118289686896,2.0,0
"Sampson County, NC",37163,126.0,428654,52432.0,59470.0,21.8,5.3,1.0,211.87153186480577,1.6815200941651252,6.0,1
"San Augustine County, TX",48405,10.0,56096,50408.0,7874.0,27.1,9.5,1.0,127.00025400050801,12.700025400050798,9.0,1
"San Benito County, CA",06069,88.0,459990,114394.0,67290.0,6.7,5.4,2.0,130.7772328726408,2.972209838014564,1.0,0
"San Bernardino County, CA",06071,3586.0,15339129,85478.0,2197104.0,13.3,7.1,34.0,163.21485009357775,1.547491607133754,1.0,0
"San Diego County, CA",06073,5606.0,23145170,106268.0,3288774.0,10.3,6.1,78.0,170.45865723822922,2.3717044710278055,1.0,0
"San Francisco County, CA",06075,3399.0,5891612,140970.0,830235.0,11.2,6.1,15.0,409.402157220546,1.8067173752009973,1.0,0
"San Jacinto County, TX",48407,51.0,201367,65364.0,28441.0,18.4,6.8,,179.31858936043037,,1.0,0
"San Joaquin County, CA",06077,1329.0,5482487,92179.0,797334.0,12.4,7.6,3.0,166.68046264175365,0.37625386600847327,2.0,0
"San Juan County, NM",35045,271.0,855216,55872.0,120942.0,23.1,7.3,3.0,224.07434968828034,2.480527856327827,3.0,0
"San Juan County, UT",49037,21.0,103842,64481.0,14483.0,18.1,12.5,2.0,144.99758337361044,13.809293654629565,9.0,1
"San Juan County, WA",53055,20.0,126655,84800.0,18478.0,11.3,3.7,3.0,108.23682216690118,16.235523325035178,9.0,1
"San Luis Obispo County, CA",06079,577.0,1978024,97446.0,281555.0,12.9,5.5,1.0,204.933316758715,0.35517039299603986,2.0,0
"San Mateo County, CA",06081,762.0,5230741,158855.0,742340.0,6.7,4.8,5.0,102.64838214295337,0.6735458145863082,1.0,0
"San Miguel County, CO",08113,10.0,56239,79024.0,7968.0,9.3,2.7,2.0,125.50200803212851,25.1004016064257,9.0,1
"San Miguel County, NM",35047,122.0,189211,49431.0,26850.0,24.4,4.8,2.0,454.3761638733706,7.4487895716946,6.0,1
"San Patricio County, TX",48409,69.0,482472,69704.0,70181.0,14.8,4.5,2.0,98.31720836123738,2.8497741553981846,2.0,0
"Sanders County, MT",30089,15.0,90094,57476.0,13285.0,15.4,6.0,,112.90929619872036,,8.0,1
"Sandoval County, NM",35043,257.0,1059394,86636.0,153604.0,10.0,5.2,6.0,167.31335121481212,3.90614827738861,2.0,0
"Sandusky County, OH",39143,125.0,410625,62295.0,58778.0,15.0,4.3,2.0,212.66460240225936,3.4026336384361495,4.0,1
"Sangamon County, IL",17167,430.0,1361006,75357.0,194947.0,13.1,5.4,3.0,220.57277106085246,1.5388797980989706,3.0,0
"Sanilac County, MI",26151,40.0,284923,58863.0,40462.0,15.3,6.0,2.0,98.85818792941525,4.942909396470763,8.0,1
"Sanpete County, UT",49039,39.0,212794,70083.0,29719.0,15.2,5.1,4.0,131.22917998586763,13.459403075473602,6.0,1
"Santa Barbara County, CA",06083,757.0,3113861,98161.0,443701.0,14.7,6.4,8.0,170.6103885274092,1.8030159950056457,2.0,0
"Santa Clara County, CA",06085,2059.0,13332897,164281.0,1902047.0,7.1,4.9,16.0,108.25179398826633,0.8411989819389321,1.0,0
"Santa Cruz County, AZ",04023,61.0,336125,55217.0,48926.0,20.2,12.2,5.0,124.6780852716347,10.219515186199567,6.0,1
"Santa Cruz County, CA",06087,603.0,1873508,111093.0,264926.0,11.6,6.1,6.0,227.6107290337679,2.2647833734703275,2.0,0
"Santa Fe County, NM",35049,482.0,1076946,79071.0,156105.0,12.0,5.3,14.0,308.7665353448,8.968322603375933,3.0,0
"Santa Rosa County, FL",12113,355.0,1355882,91922.0,198472.0,8.8,4.5,2.0,178.8665403684147,1.0076988189769842,2.0,0
"Sarasota County, FL",12115,910.0,3158885,83416.0,459547.0,8.6,3.7,7.0,198.0210946867241,1.5232391898978777,2.0,0
"Saratoga County, NY",36091,235.0,1645551,100787.0,238284.0,7.1,3.3,1.0,98.62181262694936,0.41966728777425255,2.0,0
"Sarpy County, NE",31153,117.0,1355196,103321.0,197389.0,5.6,2.6,2.0,59.27381971639757,1.0132276874597874,2.0,0
"Sauk County, WI",55111,118.0,457020,79541.0,66009.0,8.1,2.3,6.0,178.76350194670425,9.089669590510384,4.0,1
"Sawyer County, WI",55113,56.0,123988,60801.0,18476.0,15.6,6.0,4.0,303.09590820523925,21.649707728945657,9.0,1
"Schenectady County, NY",36093,321.0,1106352,79623.0,160369.0,13.3,5.8,2.0,200.1633732205102,1.247123820688537,2.0,0
"Schoharie County, NY",36095,49.0,213410,70133.0,30049.0,11.7,5.0,1.0,163.06699058204933,3.3278977669805982,2.0,0
"Schoolcraft County, MI",26153,12.0,56811,56782.0,8128.0,14.1,6.2,2.0,147.63779527559055,24.606299212598426,9.0,1
"Schuyler County, NY",36097,33.0,123434,67663.0,17562.0,14.8,6.5,1.0,187.90570550051248,5.694112287894318,8.0,1
"Schuylkill County, PA",42107,415.0,998812,68313.0,143558.0,12.8,5.6,2.0,289.0817648615891,1.3931651318630798,4.0,1
"Scioto County, OH",39145,573.0,514470,50609.0,72627.0,21.8,5.9,11.0,788.962782436284,15.145882385338787,4.0,1
"Scotland County, NC",37165,95.0,240933,45730.0,33590.0,25.8,10.9,5.0,282.8222685323013,14.885382554331647,6.0,1
"Scott County, AR",05127,10.0,70079,43270.0,9816.0,18.7,6.2,1.0,101.87449062754685,10.187449062754686,8.0,1
"Scott County, IA",19163,206.0,1217407,78277.0,174608.0,11.5,3.7,5.0,117.97855768349675,2.863557225327591,2.0,0
"Scott County, IN",18143,104.0,169890,56352.0,24526.0,16.6,3.3,3.0,424.03979450379194,12.231917149147842,6.0,1
"Scott County, KY",21209,149.0,410724,85158.0,59536.0,10.6,4.3,2.0,250.26874496103198,3.359312012899758,2.0,0
"Scott County, MN",27139,132.0,1067891,119314.0,154557.0,4.6,3.5,3.0,85.40538442128147,1.9410314641200335,1.0,0
"Scott County, MO",29201,54.0,266552,62782.0,37933.0,12.8,2.9,2.0,142.35625972108718,5.27245406374397,4.0,1
"Scott County, MS",28123,14.0,194950,48786.0,27718.0,22.2,5.5,1.0,50.508694711018116,3.607763907929865,2.0,0
"Scott County, TN",47151,32.0,154837,44711.0,22113.0,23.1,7.5,2.0,144.71125582236692,9.044453488897933,8.0,1
"Scott County, VA",51169,32.0,150445,46349.0,21479.0,20.2,2.8,1.0,148.9827273150519,4.655710228595372,2.0,0
"Scotts Bluff County, NE",31157,38.0,249687,63614.0,35843.0,12.9,2.7,2.0,106.0179114471445,5.5798900761654995,5.0,1
"Screven County, GA",13251,20.0,98497,52792.0,14130.0,17.2,4.6,1.0,141.54281670205236,7.077140835102619,8.0,1
"Scurry County, TX",48415,19.0,116164,60039.0,16488.0,11.6,2.4,1.0,115.23532265890344,6.06501698204755,7.0,1
"Sebastian County, AR",05131,182.0,899762,57790.0,128900.0,16.0,5.5,8.0,141.19472459270753,6.2063615205585725,3.0,0
"Sedgwick County, KS",20173,1210.0,3663459,69365.0,528226.0,13.9,5.0,8.0,229.06861835653677,1.5145032618614003,2.0,0
"Seminole County, FL",12117,823.0,3341570,85761.0,481470.0,9.0,4.2,7.0,170.93484536938956,1.4538808233119405,1.0,0
"Seminole County, GA",13253,11.0,61155,49495.0,9156.0,20.1,6.0,,120.13979903888159,,8.0,1
"Seminole County, OK",40133,58.0,166918,48062.0,23494.0,21.7,6.3,3.0,246.87154167021365,12.769217672597259,7.0,1
"Seneca County, NY",36099,44.0,233876,68089.0,32920.0,13.5,4.5,1.0,133.6573511543135,3.037667071688943,6.0,1
"Seneca County, OH",39147,118.0,384118,66025.0,54770.0,11.9,3.6,5.0,215.4464122694906,9.129085265656382,4.0,1
"Sequatchie County, TN",47153,47.0,113164,58750.0,16809.0,21.9,6.6,1.0,279.6121125587483,5.949193884228687,2.0,0
"Sequoyah County, OK",40135,89.0,284307,51093.0,39860.0,20.2,4.7,4.0,223.28148519819368,10.035122930255897,3.0,0
"Sevier County, TN",47155,405.0,693291,62581.0,99652.0,13.5,3.3,7.0,406.41432184000325,7.024445068839562,4.0,1
"Sevier County, UT",49041,44.0,153778,74884.0,22085.0,9.7,4.4,3.0,199.23024677382838,13.583880461851935,7.0,1
"Seward County, KS",20175,15.0,149694,63827.0,21486.0,12.2,4.9,1.0,69.8129014241832,4.654193428278879,7.0,1
"Seward County, NE",31159,13.0,122523,82444.0,17641.0,7.4,2.1,1.0,73.69196757553426,5.668612890425712,2.0,0
"Shannon County, SD",46113,24.0,96455,,,,,,,,,0
"Sharp County, AR",05135,21.0,123762,44637.0,17773.0,16.5,8.1,2.0,118.15675462780622,11.25302425026726,9.0,1
"Shasta County, CA",06089,469.0,1263703,72636.0,181436.0,13.3,6.3,9.0,258.493353028065,4.960426817169691,3.0,0
"Shawano County, WI",55115,42.0,286634,66479.0,41039.0,11.1,2.6,3.0,102.3416749920807,7.310119642291479,6.0,1
"Shawnee County, KS",20177,355.0,1241805,67104.0,178025.0,12.7,4.1,3.0,199.41019519730375,1.6851565791321443,3.0,0
"Sheboygan County, WI",55117,166.0,817707,73094.0,117991.0,8.5,2.7,5.0,140.68869659550305,4.237611343238044,3.0,0
"Shelby County, AL",01117,355.0,1580823,97961.0,230211.0,7.2,2.9,3.0,154.2063585145801,1.3031523254753248,1.0,0
"Shelby County, IL",17173,24.0,147334,72095.0,20720.0,9.2,3.0,1.0,115.83011583011583,4.826254826254826,8.0,1
"Shelby County, IN",18145,109.0,315108,72190.0,45265.0,13.0,3.6,4.0,240.80415331934165,8.836849663095107,1.0,0
"Shelby County, KY",21211,111.0,344139,82604.0,49096.0,9.7,4.2,1.0,226.08766498289066,2.036825810656673,1.0,0
"Shelby County, OH",39149,89.0,336919,73978.0,47929.0,11.6,4.1,2.0,185.69133509983516,4.1728389910075325,4.0,1
"Shelby County, TN",47157,2943.0,6470344,63767.0,919173.0,17.8,7.2,22.0,320.17911753282567,2.393455856514497,1.0,0
"Shelby County, TX",48419,24.0,171925,49776.0,24155.0,20.6,4.1,,99.35831090871454,,7.0,1
"Shenandoah County, VA",51171,68.0,311407,67191.0,44925.0,11.8,4.8,2.0,151.3633834168058,4.451864218141346,6.0,1
"Sherburne County, MN",27141,89.0,697248,105466.0,100560.0,5.1,3.0,5.0,88.50437549721559,4.972155926809865,1.0,0
"Sheridan County, WY",56033,21.0,220820,71388.0,32055.0,10.2,2.2,1.0,65.51240056153486,3.1196381219778506,7.0,1
"Shiawassee County, MI",26155,98.0,475958,67404.0,67991.0,12.0,4.0,2.0,144.13672397817356,2.9415657954729304,4.0,1
"Shoshone County, ID",16079,34.0,94313,55527.0,13785.0,13.1,5.3,1.0,246.64490388103013,7.254261878853827,8.0,1
"Sierra County, NM",35051,45.0,78441,41600.0,11500.0,21.4,4.2,,391.304347826087,,6.0,1
"Silver Bow County, MT",30093,78.0,249061,61754.0,35785.0,14.8,4.1,4.0,217.96842252340366,11.177867821713008,5.0,1
"Simpson County, KY",21213,34.0,135948,59858.0,19972.0,15.5,3.6,1.0,170.238333667134,5.007009813739235,6.0,1
"Simpson County, MS",28127,30.0,182694,56381.0,25691.0,20.0,4.4,1.0,116.77241057179556,3.8924136857265186,2.0,0
"Sioux County, ND",38085,19.0,27566,42083.0,3740.0,43.3,17.0,,508.02139037433153,,9.0,1
"Siskiyou County, CA",06093,102.0,303689,59095.0,43466.0,16.4,7.9,5.0,234.66617586159296,11.503243914783969,7.0,1
"Sitka Borough, AK",02220,13.0,58971,,,,,,,,7.0,1
"Skagit County, WA",53057,286.0,914228,89263.0,131328.0,11.6,4.9,2.0,217.7753411306043,1.5229044834307992,3.0,0
"Skamania County, WA",53059,15.0,86044,93265.0,12402.0,8.1,5.2,,120.94823415578134,,1.0,0
"Smith County, MS",28129,23.0,104130,60916.0,14132.0,17.0,4.4,1.0,162.75120294367392,7.076139258420605,8.0,1
"Smith County, TN",47159,61.0,142366,66293.0,20389.0,10.0,2.7,,299.18093089410957,,1.0,0
"Smith County, TX",48423,186.0,1672186,74192.0,241740.0,11.6,4.4,2.0,76.9421692727724,0.8273351534706709,3.0,0
"Smyth County, VA",51173,67.0,207945,49883.0,29420.0,16.8,3.1,2.0,227.73623385452072,6.798096532970769,7.0,1
"Snohomish County, WA",53061,1772.0,5849870,111246.0,844430.0,8.0,4.5,11.0,209.84569472898878,1.3026538611844676,1.0,0
"Snyder County, PA",42109,30.0,279846,66876.0,39668.0,9.4,2.4,,75.6277099929414,,7.0,1
"Socorro County, NM",35053,77.0,114269,36570.0,16200.0,33.2,1.3,2.0,475.30864197530866,12.345679012345679,6.0,1
"Solano County, CA",06095,798.0,3145970,100401.0,451918.0,10.0,6.5,6.0,176.58070711943319,1.3276744896197983,2.0,0
"Somerset County, MD",24039,91.0,176025,64943.0,24822.0,16.4,7.5,1.0,366.6102650874224,4.028684231729917,3.0,0
"Somerset County, ME",23025,161.0,356041,58179.0,50959.0,14.2,3.5,,315.94026570380106,,6.0,1
"Somerset County, NJ",34035,370.0,2388260,140374.0,349846.0,5.4,4.7,,105.76082047529484,,1.0,0
"Somerset County, PA",42111,145.0,510983,61446.0,72799.0,11.0,4.9,2.0,199.17856014505693,2.747290484759406,6.0,1
"Somervell County, TX",48425,13.0,66495,79825.0,9691.0,7.5,3.2,,134.145083066763,,8.0,1
"Sonoma County, CA",06097,914.0,3419821,104674.0,485040.0,8.9,5.7,10.0,188.4380669635494,2.061685634174501,2.0,0
"Southampton County, VA",51175,21.0,124707,70795.0,17964.0,8.7,5.5,,116.9004676018704,,6.0,1
"Spalding County, GA",13255,94.0,477283,62071.0,68892.0,18.9,7.3,4.0,136.44545085060676,5.80618939789816,1.0,0
"Spartanburg County, SC",45083,854.0,2367527,66234.0,347852.0,14.5,4.3,2.0,245.50670975012363,0.5749571656911561,2.0,0
"Spencer County, IN",18147,18.0,140696,74506.0,19955.0,7.5,3.3,3.0,90.20295665246805,15.033826108744675,8.0,1
"Spencer County, KY",21215,39.0,139204,102618.0,20193.0,9.8,5.0,1.0,193.13623532907442,4.95221116228396,1.0,0
"Spokane County, WA",53063,1336.0,3768786,78582.0,549056.0,11.7,5.3,14.0,243.3267280568831,2.5498309826320087,2.0,0
"Spotsylvania County, VA",51177,308.0,1000875,112738.0,146603.0,7.1,5.1,2.0,210.09119867942675,1.3642285628534203,1.0,0
"St. Bernard Parish, LA",22087,250.0,319595,58651.0,44419.0,23.0,7.6,1.0,562.8222157184989,2.251288862873995,1.0,0
"St. Charles County, MO",29183,712.0,2871577,104692.0,414535.0,5.2,2.9,7.0,171.75871759923768,1.6886390775205953,1.0,0
"St. Charles Parish, LA",22089,130.0,363266,80897.0,51396.0,11.7,6.7,,252.9379718266013,,1.0,0
"St. Clair County, AL",01115,249.0,648100,77463.0,94166.0,11.4,4.6,,264.4266508081473,,1.0,0
"St. Clair County, IL",17163,593.0,1788425,73854.0,253694.0,13.6,6.0,6.0,233.74616664170222,2.3650539626479143,1.0,0
"St. Clair County, MI",26147,365.0,1118144,71270.0,160221.0,11.3,5.7,5.0,227.81033697205737,3.1206895475624297,1.0,0
"St. Clair County, MO",29185,10.0,67033,53043.0,9587.0,14.7,3.3,1.0,104.30791697089809,10.43079169708981,8.0,1
"St. Croix County, WI",55109,74.0,657997,103046.0,96033.0,6.6,2.6,4.0,77.05684504284986,4.165234867181073,1.0,0
"St. Francis County, AR",05123,27.0,164228,42574.0,22400.0,28.5,9.2,1.0,120.53571428571428,4.464285714285714,6.0,1
"St. Francois County, MO",29187,229.0,469463,57477.0,66999.0,15.9,4.5,3.0,341.7961462111375,4.477678771324945,4.0,1
"St. Helena Parish, LA",22091,32.0,73840,41934.0,10858.0,32.4,17.6,,294.7135752440597,,2.0,0
"St. James Parish, LA",22093,34.0,140326,65531.0,19528.0,11.1,4.1,1.0,174.10897173289635,5.12085210979107,1.0,0
"St. John the Baptist Parish, LA",22095,94.0,289781,66630.0,40743.0,14.4,10.9,3.0,230.71447856073436,7.363228039172373,1.0,0
"St. Johns County, FL",12109,354.0,2051993,109839.0,306934.0,6.5,3.3,6.0,115.3342412375299,1.954817648093727,1.0,0
"St. Joseph County, IN",18141,571.0,1905119,66868.0,273040.0,14.2,5.2,6.0,209.12686785818929,2.197480222677996,2.0,0
"St. Joseph County, MI",26149,78.0,426536,66425.0,60969.0,11.4,5.9,2.0,127.93386803129458,3.280355590546015,4.0,1
"St. Landry Parish, LA",22097,199.0,572505,44462.0,81670.0,26.8,6.3,1.0,243.66352393779843,1.2244398187829069,4.0,1
"St. Lawrence County, NY",36089,134.0,751894,62850.0,107226.0,16.9,5.3,6.0,124.9696901870815,5.5956577695708125,4.0,1
"St. Louis County, MN",27137,443.0,1397384,70069.0,200123.0,13.2,4.6,17.0,221.3638612253464,8.494775712936544,2.0,0
"St. Louis County, MO",29189,2489.0,6952759,82936.0,995569.0,9.8,4.3,12.0,250.00778449308885,1.2053408653744742,1.0,0
"St. Louis city, MO",29510,1884.0,2042396,56160.0,288512.0,20.6,5.0,9.0,653.0057675244011,3.119454303460514,1.0,0
"St. Lucie County, FL",12111,632.0,2453150,71457.0,360500.0,12.3,6.1,15.0,175.3120665742025,4.160887656033287,2.0,0
"St. Martin Parish, LA",22099,107.0,365057,55960.0,51353.0,15.3,4.0,,208.36173154440831,,2.0,0
"St. Mary Parish, LA",22101,138.0,337327,52576.0,47828.0,20.8,5.4,2.0,288.533913188927,4.1816509157815505,4.0,1
"St. Mary's County, MD",24037,256.0,801956,119446.0,115126.0,8.0,3.6,4.0,222.36506088980767,3.4744540764032448,3.0,0
"St. Tammany Parish, LA",22103,825.0,1877825,81202.0,272421.0,11.4,4.8,10.0,302.84008942041913,3.670788962671747,2.0,0
"Stafford County, VA",51179,244.0,1118194,137807.0,163466.0,4.7,3.7,2.0,149.2665141374965,1.223496017520463,1.0,0
"Stanislaus County, CA",06099,1092.0,3863232,81468.0,553990.0,13.5,8.0,3.0,197.1154713984007,0.5415260203252766,2.0,0
"Stanly County, NC",37167,161.0,448723,60704.0,64651.0,15.2,4.1,2.0,249.02940403087348,3.0935329693276206,6.0,1
"Stark County, ND",38089,47.0,227210,84449.0,33302.0,12.1,3.0,1.0,141.13266470482253,3.0028226532940963,5.0,1
"Stark County, OH",39151,906.0,2605250,67934.0,373713.0,12.5,3.9,20.0,242.43202671568824,5.351700368999741,2.0,0
"Starke County, IN",18149,83.0,162278,63960.0,23365.0,13.4,3.4,1.0,355.2321848919324,4.279905842071474,8.0,1
"Starr County, TX",48427,27.0,457722,37639.0,66067.0,33.5,10.4,,40.86760409886933,,4.0,1
"Staunton city, VA",51790,34.0,178885,65581.0,25948.0,12.4,5.3,2.0,131.03129335594264,7.707723138584862,3.0,0
"Ste. Genevieve County, MO",29186,52.0,128126,66339.0,18571.0,8.2,4.2,1.0,280.0064616875774,5.384739647838027,8.0,1
"Stearns County, MN",27145,172.0,1126695,77066.0,160865.0,12.9,4.1,15.0,106.92195319056351,9.324588941037517,3.0,0
"Steele County, MN",27147,24.0,259650,84196.0,37439.0,8.3,3.4,3.0,64.1042762894308,8.01303453617885,5.0,1
"Stephens County, GA",13257,45.0,186425,54754.0,27012.0,15.8,5.4,1.0,166.59262549977788,3.7020583444395085,7.0,1
"Stephens County, OK",40137,74.0,304436,61620.0,43551.0,18.0,5.2,1.0,169.915730982067,2.296158526784689,4.0,1
"Stephenson County, IL",17177,64.0,306923,64043.0,43768.0,13.9,4.3,3.0,146.22555291537196,6.854322792908061,4.0,1
"Steuben County, IN",18151,26.0,243147,74911.0,34726.0,9.3,7.2,3.0,74.87185394229107,8.639060070264355,7.0,1
"Steuben County, NY",36101,139.0,655556,65887.0,92588.0,13.8,6.0,,150.12744632133754,,4.0,1
"Stevens County, WA",53065,74.0,330850,69327.0,48067.0,12.0,5.3,,153.95177564649345,,2.0,0
"Stewart County, TN",47161,52.0,97612,63114.0,14027.0,16.4,2.7,,370.71362372567194,,2.0,0
"Stoddard County, MO",29207,38.0,200923,57957.0,28470.0,15.1,3.7,1.0,133.4738321039691,3.5124692658939236,6.0,1
"Stokes County, NC",37169,154.0,317918,62969.0,45139.0,11.2,3.1,2.0,341.16839097011456,4.4307583242872015,2.0,0
"Stone County, AR",05137,10.0,88149,40943.0,12568.0,19.3,3.2,1.0,79.5671546785487,7.956715467854869,9.0,1
"Stone County, MO",29209,55.0,225138,63520.0,32048.0,13.9,7.1,2.0,171.61757363954067,6.240639041437844,6.0,1
"Stone County, MS",28131,33.0,131051,61413.0,18894.0,16.9,9.3,,174.65862178469354,,2.0,0
"Story County, IA",19169,55.0,693668,69685.0,100466.0,18.2,4.8,4.0,54.74488881810762,3.981446459498736,3.0,0
"Strafford County, NH",33017,353.0,924392,88570.0,132575.0,8.7,3.5,,266.2643786535923,,1.0,0
"Stutsman County, ND",38093,20.0,148120,61856.0,21549.0,12.6,4.0,1.0,92.81173140284932,4.6405865701424664,7.0,1
"Suffolk County, MA",25025,2212.0,5511936,95631.0,785121.0,16.2,6.3,,281.74001204909814,,1.0,0
"Suffolk County, NY",36103,3179.0,10542855,130686.0,1530146.0,6.4,4.7,48.0,207.75795250910696,3.13695555848919,1.0,0
"Suffolk city, VA",51800,168.0,675701,92666.0,98796.0,9.4,5.0,4.0,170.0473703388801,4.048746912830478,1.0,0
"Sullivan County, IN",18153,20.0,144890,56204.0,20780.0,13.9,4.4,1.0,96.24639076034649,4.8123195380173245,3.0,0
"Sullivan County, MO",29211,10.0,41664,56964.0,5857.0,13.7,2.5,1.0,170.73587160662456,17.073587160662456,9.0,1
"Sullivan County, NH",33019,95.0,305029,80858.0,43715.0,10.1,3.1,,217.31671051126614,,7.0,1
"Sullivan County, NY",36105,291.0,546566,72382.0,79721.0,15.9,5.8,2.0,365.0230177744885,2.508749263054904,6.0,1
"Sullivan County, TN",47163,482.0,1119694,58807.0,160624.0,15.4,5.4,6.0,300.07968921207294,3.73543181591792,2.0,0
"Summers County, WV",54089,72.0,84572,40699.0,11729.0,23.8,2.2,2.0,613.8630744308978,17.051752067524937,8.0,1
"Summit County, CO",08117,30.0,215502,109773.0,31017.0,7.7,5.0,2.0,96.72115291614276,6.448076861076183,5.0,1
"Summit County, OH",39153,1465.0,3769415,71622.0,537864.0,12.8,5.1,28.0,272.37368554132644,5.205776925021938,2.0,0
"Summit County, UT",49043,32.0,298574,138114.0,42970.0,4.9,1.8,5.0,74.47056085641145,11.63602513381429,4.0,1
"Sumner County, KS",20191,25.0,157938,63951.0,22353.0,10.6,5.9,1.0,111.84181094260279,4.473672437704111,2.0,0
"Sumner County, TN",47165,443.0,1398123,90301.0,204424.0,8.8,3.6,4.0,216.70645325402106,1.956717410871522,1.0,0
"Sumter County, FL",12119,207.0,987058,76508.0,143408.0,9.7,5.4,1.0,144.34341180408344,0.6973111681356688,3.0,0
"Sumter County, GA",13261,31.0,204561,42653.0,29061.0,23.7,4.7,1.0,106.67217232717388,3.4410378170056086,6.0,1
"Sumter County, SC",45085,224.0,737304,56693.0,104725.0,16.6,6.9,1.0,213.8935306755789,0.9548818333731202,3.0,0
"Sunflower County, MS",28133,25.0,173295,39956.0,24333.0,28.9,11.2,,102.7411334401841,,7.0,1
"Surry County, NC",37171,196.0,500978,55656.0,71425.0,16.8,4.4,2.0,274.4137206860343,2.80014000700035,6.0,1
"Susquehanna County, PA",42115,75.0,273595,68487.0,38219.0,11.4,5.9,,196.23747350794108,,8.0,1
"Sussex County, DE",10005,761.0,1743272,81497.0,255626.0,10.9,5.3,10.0,297.7005468927261,3.9119651365667027,4.0,1
"Sussex County, NJ",34037,284.0,1006492,116186.0,145807.0,5.5,5.1,,194.77802848971584,,1.0,0
"Sussex County, VA",51183,16.0,76274,63530.0,10765.0,11.6,4.1,,148.62981885740825,,1.0,0
"Sutter County, CA",06101,182.0,684222,79704.0,98857.0,14.4,7.2,7.0,184.10431228946862,7.080935088056486,3.0,0
"Suwannee County, FL",12121,77.0,317021,56658.0,45342.0,15.0,6.3,1.0,169.8204754973314,2.2054607207445636,6.0,1
"Swain County, NC",37173,63.0,98659,52349.0,14013.0,19.1,7.6,,449.58253050738597,,9.0,1
"Sweetwater County, WY",56037,87.0,293548,75034.0,41542.0,12.9,5.6,6.0,209.42660440036587,14.443214096576957,5.0,1
"Switzerland County, IN",18155,18.0,71995,65343.0,9909.0,12.6,4.2,1.0,181.65304268846504,10.091835704914725,8.0,1
"Talbot County, GA",13263,13.0,41572,41597.0,5742.0,25.2,3.3,,226.40195053988157,,2.0,0
"Talbot County, MD",24041,88.0,262746,84811.0,37917.0,9.3,4.3,4.0,232.08587177255586,10.549357807843448,6.0,1
"Talladega County, AL",01121,101.0,564526,57776.0,81021.0,17.8,6.8,2.0,124.65903901457648,2.468495822070821,4.0,1
"Tallahatchie County, MS",28135,10.0,88662,37466.0,11764.0,24.6,10.2,2.0,85.00510030601836,17.001020061203672,9.0,1
"Tallapoosa County, AL",01123,44.0,284373,59356.0,40938.0,16.3,4.9,1.0,107.47960330255509,2.442718256876252,6.0,1
"Taney County, MO",29213,124.0,394611,56497.0,56529.0,15.6,3.9,1.0,219.35643651930866,1.7690035203170056,4.0,1
"Tangipahoa Parish, LA",22105,498.0,955452,56760.0,136738.0,19.2,6.0,1.0,364.20014919042256,0.731325600783981,3.0,0
"Taos County, NM",35055,113.0,236241,58950.0,34543.0,15.5,7.6,3.0,327.128506499146,8.684827606172018,7.0,1
"Tarrant County, TX",48439,2526.0,15005520,84207.0,2167390.0,11.1,4.7,15.0,116.54570704856995,0.6920766451815317,1.0,0
"Tate County, MS",28137,63.0,198961,69704.0,28321.0,16.9,4.7,2.0,222.4497722538046,7.061897531866812,1.0,0
"Tattnall County, GA",13267,24.0,171729,50747.0,24208.0,23.4,6.7,1.0,99.14077990746861,4.130865829477858,8.0,1
"Taylor County, FL",12123,33.0,151315,49073.0,21503.0,17.3,5.4,,153.46695809886992,,6.0,1
"Taylor County, KY",21217,86.0,182919,60456.0,26397.0,17.5,5.1,2.0,325.79459787097016,7.576618555138841,7.0,1
"Taylor County, TX",48441,193.0,999012,67139.0,145863.0,14.7,2.6,1.0,132.31594030014466,0.6855748202080034,3.0,0
"Taylor County, WI",55119,11.0,141196,69350.0,20024.0,9.6,2.6,2.0,54.934079105073906,9.988014382740712,8.0,1
"Taylor County, WV",54091,40.0,115916,57795.0,16487.0,13.9,7.5,1.0,242.6153939467459,6.065384848668648,6.0,1
"Tazewell County, IL",17179,200.0,914594,77982.0,130290.0,9.0,3.6,3.0,153.5037224652698,2.302555836979047,2.0,0
"Tazewell County, VA",51185,166.0,279720,47313.0,39624.0,18.5,3.8,6.0,418.9380173632142,15.142337976983645,7.0,1
"Tehama County, CA",06103,160.0,453584,63784.0,65167.0,15.6,5.9,1.0,245.52304080286035,1.534519005017877,4.0,1
"Telfair County, GA",13271,14.0,94205,50929.0,11831.0,24.1,5.2,,118.33319246048517,,9.0,1
"Teller County, CO",08119,40.0,175262,85361.0,24825.0,7.6,3.7,,161.12789526686808,,2.0,0
"Terrebonne Parish, LA",22109,364.0,752315,64836.0,106186.0,16.0,4.7,5.0,342.794718701147,4.708718663477295,3.0,0
"Teton County, ID",16081,12.0,86575,99805.0,12425.0,9.1,1.2,1.0,96.57947686116701,8.048289738430585,9.0,1
"Teton County, WY",56039,12.0,163408,124172.0,23396.0,5.7,1.8,1.0,51.29081894340913,4.274234911950761,7.0,1
"Texas County, MO",29215,65.0,177738,50036.0,25161.0,19.8,5.1,1.0,258.336314136958,3.974404832876277,9.0,1
"Texas County, OK",40139,18.0,142743,60069.0,20774.0,15.7,3.4,1.0,86.64677000096275,4.81370944449793,7.0,1
"Thomas County, GA",13275,40.0,316377,60736.0,45777.0,17.9,5.6,3.0,87.38012539047993,6.553509404285996,4.0,1
"Thurston County, WA",53067,628.0,2069679,96563.0,299067.0,9.5,5.2,11.0,209.98639100937248,3.6781055750049316,2.0,0
"Tift County, GA",13277,52.0,287820,53255.0,41438.0,20.8,2.8,1.0,125.48868188619143,2.4132438824267584,5.0,1
"Tillamook County, OR",41057,65.0,191268,69105.0,27496.0,12.7,4.5,1.0,236.3980215304044,3.636892638929299,7.0,1
"Tioga County, NY",36107,57.0,335708,72739.0,47864.0,13.4,5.5,3.0,119.08741434063178,6.267758649506936,3.0,0
"Tioga County, PA",42117,64.0,285308,64899.0,40945.0,11.7,4.6,2.0,156.30724142141898,4.884601294419343,8.0,1
"Tippah County, MS",28139,10.0,151534,52542.0,21523.0,18.9,5.5,1.0,46.461924452910836,4.646192445291083,8.0,1
"Tippecanoe County, IN",18157,296.0,1341130,60636.0,189071.0,19.2,3.3,4.0,156.55494496776345,2.115607364429236,3.0,0
"Tipton County, IN",18159,15.0,106816,76156.0,15346.0,11.2,2.3,2.0,97.74534080542162,13.032712107389548,1.0,0
"Tipton County, TN",47167,145.0,431960,74127.0,61553.0,13.6,5.5,2.0,235.56934674183222,3.249232368852858,1.0,0
"Tishomingo County, MS",28141,38.0,132541,53040.0,18660.0,18.0,3.2,1.0,203.64415862808147,5.359056806002143,8.0,1
"Titus County, TX",48449,22.0,224004,58425.0,31363.0,17.1,3.1,,70.14635079552339,,7.0,1
"Todd County, KY",21219,31.0,86993,61103.0,12469.0,20.9,3.2,,248.61656909134655,,8.0,1
"Todd County, MN",27153,22.0,176375,67662.0,25575.0,11.5,4.1,,86.02150537634408,,8.0,1
"Todd County, SD",46121,13.0,67650,42075.0,9244.0,48.4,18.7,,140.63176114236262,,9.0,1
"Tolland County, CT",09013,266.0,Not Available,,,,,,,,,0
"Tom Green County, TX",48451,99.0,834862,68370.0,119577.0,11.1,3.7,1.0,82.7918412403723,0.8362812246502255,3.0,0
"Tompkins County, NY",36109,168.0,725130,74024.0,104537.0,16.4,5.5,3.0,160.708648612453,2.869797296650946,3.0,0
"Tooele County, UT",49045,121.0,539791,106587.0,79347.0,5.2,3.6,5.0,152.49473830138504,6.301435466999383,1.0,0
"Toombs County, GA",13279,45.0,188966,52621.0,27102.0,22.5,4.4,2.0,166.03940668585344,7.379529186037931,7.0,1
"Torrance County, NM",35057,44.0,108918,57842.0,15490.0,18.3,9.0,,284.0542285345384,,2.0,0
"Towns County, GA",13281,14.0,88202,59135.0,12913.0,13.3,4.6,,108.4178734608534,,9.0,1
"Transylvania County, NC",37175,48.0,237270,66184.0,33691.0,13.2,2.8,,142.4712831319937,,6.0,1
"Travis County, TX",48453,1829.0,9153518,99611.0,1330015.0,10.9,4.6,16.0,137.51724604609723,1.202993951196039,1.0,0
"Trempealeau County, WI",55121,22.0,212095,76313.0,30839.0,9.9,2.3,3.0,71.3382405395765,9.727941891760432,8.0,1
"Trigg County, KY",21221,14.0,101522,59857.0,14315.0,20.6,4.2,1.0,97.79951100244497,6.985679357317499,2.0,0
"Trimble County, KY",21223,19.0,59734,66027.0,8550.0,13.3,6.2,,222.22222222222223,,8.0,1
"Trinity County, CA",06105,28.0,100189,53002.0,15860.0,20.7,8.4,2.0,176.54476670870113,12.610340479192939,8.0,1
"Trinity County, TX",48455,25.0,100814,52018.0,14046.0,17.6,6.5,,177.98661540652142,,8.0,1
"Troup County, GA",13285,88.0,492336,56776.0,70330.0,16.9,5.3,1.0,125.12441347931181,1.4218683349921797,4.0,1
"Trousdale County, TN",47169,40.0,82327,72747.0,11957.0,11.9,0.6,1.0,334.5320732625241,8.363301831563101,1.0,0
"Trumbull County, OH",39155,786.0,1396052,56435.0,200929.0,16.6,4.7,12.0,391.18295517322036,5.972258857606418,2.0,0
"Tucker County, WV",54093,11.0,47027,53358.0,6654.0,15.3,6.1,1.0,165.3140967838894,15.028554253080852,9.0,1
"Tulare County, CA",06107,635.0,3318348,71300.0,478693.0,17.9,9.3,1.0,132.65286937557056,0.20890215649696153,2.0,0
"Tulsa County, OK",40143,1427.0,4684099,69009.0,680794.0,14.7,5.4,11.0,209.60819278665792,1.6157604209202783,1.0,0
"Tunica County, MS",28143,13.0,66513,39364.0,9475.0,31.1,13.3,1.0,137.2031662269129,10.554089709762533,1.0,0
"Tuolumne County, CA",06109,126.0,381970,77404.0,54498.0,10.4,8.2,2.0,231.20114499614667,3.66985944438328,4.0,1
"Tuscaloosa County, AL",01125,301.0,1571396,66231.0,237552.0,16.8,5.8,3.0,126.70909948137673,1.2628813901798344,2.0,0
"Tuscarawas County, OH",39157,156.0,644298,65044.0,92385.0,13.4,4.5,3.0,168.85858093846403,3.2472804026627697,4.0,1
"Tuscola County, MI",26157,62.0,368495,63811.0,52980.0,12.8,6.0,3.0,117.02529256323142,5.662514156285391,6.0,1
"Twiggs County, GA",13289,13.0,55366,56324.0,7803.0,18.2,3.8,,166.60258874791745,,3.0,0
"Twin Falls County, ID",16083,144.0,638974,67409.0,93734.0,11.5,3.0,5.0,153.62621887468794,5.334243710926665,3.0,0
"Tyler County, TX",48457,38.0,146008,55396.0,20238.0,17.9,7.1,1.0,187.76558948512698,4.941199723292816,8.0,1
"Tyler County, WV",54095,20.0,57970,63693.0,8064.0,20.2,7.0,,248.015873015873,,9.0,1
"Uinta County, WY",56041,38.0,143453,82980.0,20644.0,9.2,3.2,2.0,184.07285409804302,9.688044952528578,7.0,1
"Uintah County, UT",49047,79.0,256541,73746.0,37056.0,11.8,6.0,1.0,213.1908462867012,2.6986183074265973,7.0,1
"Ulster County, NY",36111,458.0,1264468,86271.0,182601.0,14.6,5.4,8.0,250.82009408491737,4.38113701458371,3.0,0
"Umatilla County, OR",41059,127.0,553965,67728.0,79940.0,11.8,5.0,5.0,158.8691518638979,6.254691018263697,4.0,1
"Unicoi County, TN",47171,54.0,124399,52218.0,17756.0,14.3,4.3,1.0,304.1225501239018,5.631899076368551,3.0,0
"Union County, AR",05139,64.0,266524,55259.0,37900.0,19.5,5.5,2.0,168.86543535620052,5.277044854881266,7.0,1
"Union County, FL",12125,36.0,108424,64146.0,15701.0,19.5,4.8,1.0,229.28475893255208,6.36902108145978,8.0,1
"Union County, GA",13291,27.0,180504,66176.0,26304.0,10.9,2.6,1.0,102.64598540145985,3.8017031630170317,8.0,1
"Union County, IA",19175,15.0,84523,57772.0,11993.0,12.4,4.0,1.0,125.07295922621529,8.338197281747686,6.0,1
"Union County, IL",17181,27.0,117235,55728.0,16997.0,20.2,3.9,5.0,158.85156204036008,29.41695593340001,6.0,1
"Union County, IN",18161,21.0,49066,76424.0,6985.0,8.5,4.3,,300.64423765211166,,8.0,1
"Union County, KY",21225,23.0,96118,60327.0,13260.0,18.4,2.7,1.0,173.45399698340873,7.541478129713425,8.0,1
"Union County, MS",28145,35.0,199012,55505.0,28122.0,15.1,4.4,,124.4577199345708,,7.0,1
"Union County, NC",37179,309.0,1732885,102900.0,250958.0,7.7,4.2,4.0,123.12817284167072,1.5938922050701714,1.0,0
"Union County, NJ",34039,1061.0,3978617,103202.0,579290.0,9.2,6.5,,183.15524176146664,,1.0,0
"Union County, OH",39159,73.0,450071,112322.0,67324.0,5.0,2.6,,108.43087160596518,,1.0,0
"Union County, OR",41061,53.0,184238,65661.0,26144.0,16.1,5.7,1.0,202.72337821297432,3.8249694002447976,7.0,1
"Union County, PA",42119,28.0,303515,76404.0,42456.0,9.0,2.2,1.0,65.95063124175617,2.3553796872055774,6.0,1
"Union County, SC",45087,76.0,188792,41621.0,26885.0,22.6,7.9,1.0,282.6855123674911,3.719546215361726,2.0,0
"Union County, TN",47173,99.0,142144,62727.0,20431.0,13.8,2.6,1.0,484.5577798443542,4.89452302873085,2.0,0
"Union Parish, LA",22111,24.0,149687,42885.0,20821.0,29.4,5.1,1.0,115.26823879736804,4.802843283223668,3.0,0
"Upshur County, TX",48459,30.0,296772,66208.0,42567.0,12.4,5.8,,70.47713017125942,,2.0,0
"Upshur County, WV",54097,44.0,167503,54338.0,23712.0,19.2,5.7,2.0,185.56005398110662,8.434547908232119,7.0,1
"Upson County, GA",13293,27.0,191489,55429.0,28029.0,19.3,3.9,1.0,96.32880231189125,3.5677334189589356,6.0,1
"Utah County, UT",49049,641.0,4763335,100671.0,705400.0,8.7,3.8,60.0,90.87042812588602,8.505812305075136,2.0,0
"Uvalde County, TX",48463,13.0,180096,53801.0,24881.0,22.2,4.3,1.0,52.24870383023191,4.019131063863993,6.0,1
"Val Verde County, TX",48465,30.0,338150,66100.0,47741.0,16.6,5.9,1.0,62.839069143922416,2.094635638130747,5.0,1
"Valdez-Cordova Census Area, AK",02261,25.0,65424,,,,,2.0,,,,0
"Valencia County, NM",35061,217.0,545942,58933.0,78458.0,18.1,7.0,2.0,276.5811007163068,2.5491345688138876,2.0,0
"Valley County, ID",16085,11.0,84351,76078.0,12389.0,11.7,4.8,2.0,88.78844135927032,16.143352974412785,9.0,1
"Valley County, MT",30105,13.0,52150,71695.0,7519.0,10.1,3.0,1.0,172.89533182604072,13.299640909695439,9.0,1
"Van Buren County, AR",05141,15.0,113779,50354.0,15998.0,19.1,3.8,1.0,93.76172021502688,6.250781347668459,8.0,1
"Van Buren County, MI",26159,135.0,529876,68114.0,75795.0,14.3,4.2,2.0,178.11201266574312,2.638696483936935,6.0,1
"Van Buren County, TN",47175,13.0,43516,54931.0,6437.0,16.1,2.3,,201.95743358707472,,9.0,1
"Van Wert County, OH",39161,53.0,199807,67917.0,28826.0,9.0,3.4,2.0,183.86179143828488,6.938180808991882,6.0,1
"Van Zandt County, TX",48467,51.0,423580,69475.0,62649.0,11.1,3.5,1.0,81.40592826701145,1.5961946719021851,8.0,1
"Vance County, NC",37181,129.0,302796,50465.0,42322.0,19.8,8.2,3.0,304.8060110580785,7.088511885071594,6.0,1
"Vanderburgh County, IN",18163,387.0,1264800,61648.0,180117.0,14.3,4.2,13.0,214.86034077849396,7.217530827184552,2.0,0
"Venango County, PA",42121,102.0,350884,61522.0,49801.0,13.2,5.6,2.0,204.81516435412942,4.015983614786852,4.0,1
"Ventura County, CA",06111,1460.0,5875766,109797.0,837469.0,9.3,5.7,24.0,174.3348111989817,2.865777718339425,2.0,0
"Vermilion County, IL",17183,206.0,515609,56877.0,72386.0,17.7,6.1,3.0,284.5854170695991,4.144447821401928,4.0,1
"Vermilion Parish, LA",22113,112.0,407508,55707.0,57123.0,20.2,5.2,3.0,196.06813367645256,5.251825009190694,2.0,0
"Vermillion County, IN",18165,23.0,108031,60200.0,15421.0,15.3,4.6,3.0,149.14726671422088,19.45399131055055,3.0,0
"Vernon County, MO",29217,31.0,140222,52230.0,19687.0,18.8,4.2,3.0,157.46431655407122,15.23848224716818,6.0,1
"Vernon County, WI",55123,27.0,216964,71893.0,31049.0,13.1,2.5,1.0,86.95932236142872,3.220715643015878,3.0,0
"Vernon Parish, LA",22115,66.0,331526,57270.0,47117.0,19.0,5.7,2.0,140.07683001888915,4.2447524248148225,4.0,1
"Victoria County, TX",48469,78.0,641697,70896.0,91413.0,16.2,4.4,2.0,85.32703226018181,2.187872622055944,3.0,0
"Vigo County, IN",18167,179.0,745351,52976.0,106109.0,19.2,5.7,8.0,168.69445570121292,7.539417014579348,3.0,0
"Vilas County, WI",55125,41.0,161605,68431.0,23647.0,11.1,4.0,,173.38351587939275,,9.0,1
"Vinton County, OH",39163,68.0,89476,55336.0,12630.0,17.3,5.5,1.0,538.4006334125099,7.917656373713381,8.0,1
"Virginia Beach city, VA",51810,688.0,3173141,92968.0,456349.0,8.6,4.0,9.0,150.76180730099114,1.9721748048094772,1.0,0
"Volusia County, FL",12127,1971.0,3999052,70044.0,579622.0,11.8,4.1,17.0,340.04920448154144,2.9329459544323715,2.0,0
"Wabash County, IL",17185,10.0,78469,57086.0,11119.0,16.7,4.4,1.0,89.93614533681087,8.993614533681086,7.0,1
"Wabash County, IN",18169,53.0,216151,66806.0,30844.0,11.1,3.4,1.0,171.8324471534172,3.242121644404098,6.0,1
"Wabasha County, MN",27157,21.0,151338,82007.0,21565.0,7.1,2.2,,97.38001391143057,,3.0,0
"Wade Hampton Census Area, AK",02270,17.0,57530,,,,,,,,,0
"Wadena County, MN",27159,14.0,98424,61467.0,14256.0,12.5,5.5,2.0,98.20426487093155,14.029180695847364,9.0,1
"Wagoner County, OK",40145,125.0,595555,81207.0,86609.0,9.2,4.2,3.0,144.3268020644506,3.463843249546814,1.0,0
"Wake County, NC",37183,1298.0,8084281,105768.0,1178653.0,8.1,4.1,22.0,110.12571129925433,1.8665374796483785,1.0,0
"Wakulla County, FL",12129,53.0,243951,81895.0,35387.0,6.7,3.3,1.0,149.7725153304886,2.825896515669596,2.0,0
"Waldo County, ME",23027,99.0,280722,72782.0,40192.0,12.0,3.7,,246.31767515923565,,8.0,1
"Walker County, AL",01127,239.0,449520,56509.0,64841.0,18.5,4.9,4.0,368.59394518900075,6.168936321154825,1.0,0
"Walker County, GA",13295,156.0,485541,59469.0,68762.0,13.3,3.9,,226.86949187050988,,2.0,0
"Walker County, TX",48471,71.0,539452,52324.0,80209.0,18.4,8.9,,88.51874477926417,,4.0,1
"Walla Walla County, WA",53071,108.0,431182,74202.0,62161.0,12.1,6.2,2.0,173.74237866186192,3.217451456701147,3.0,0
"Waller County, TX",48473,52.0,416161,80397.0,61552.0,14.6,6.8,1.0,84.48141408890044,1.6246425786327006,1.0,0
"Walthall County, MS",28147,23.0,98344,48905.0,13839.0,18.8,6.6,1.0,166.19697955054556,7.225955632632416,9.0,1
"Walton County, FL",12131,200.0,561487,81986.0,82948.0,12.5,4.9,,241.11491536866473,,2.0,0
"Walton County, GA",13297,169.0,704383,84945.0,103313.0,11.9,5.3,1.0,163.5805755326048,0.9679323996012118,1.0,0
"Walworth County, WI",55127,144.0,735569,80520.0,105657.0,9.4,2.9,3.0,136.2900707004742,2.8393764729265456,4.0,1
"Wapello County, IA",19179,46.0,246305,64766.0,35362.0,15.8,4.3,3.0,130.0831400938861,8.483683049601266,5.0,1
"Ward County, ND",38101,97.0,478551,78238.0,68973.0,8.6,3.6,4.0,140.63474113058734,5.799370768271642,3.0,0
"Ward County, TX",48475,14.0,79977,65952.0,11144.0,14.9,2.9,,125.62814070351759,,6.0,1
"Ware County, GA",13299,77.0,251352,47448.0,35976.0,21.5,5.9,3.0,214.03157660662663,8.338892595063374,5.0,1
"Warren County, GA",13301,10.0,36386,44289.0,5170.0,21.4,10.0,,193.42359767891682,,8.0,1
"Warren County, IA",19181,53.0,374064,94588.0,54409.0,5.1,3.4,3.0,97.41035490451948,5.513793673840725,2.0,0
"Warren County, IL",17187,15.0,115859,67385.0,16447.0,14.6,3.6,2.0,91.20204292576153,12.160272390101538,6.0,1
"Warren County, IN",18171,10.0,58627,82425.0,8464.0,11.0,4.4,,118.14744801512288,,3.0,0
"Warren County, KY",21227,202.0,965890,65794.0,140918.0,17.0,4.4,10.0,143.34577555741637,7.096325522644374,3.0,0
"Warren County, MO",29219,96.0,257016,81209.0,37177.0,8.0,3.7,,258.2241708583264,,1.0,0
"Warren County, MS",28149,48.0,307029,59401.0,43020.0,19.5,4.8,2.0,111.57601115760112,4.6490004649000465,4.0,1
"Warren County, NC",37185,35.0,134452,50638.0,18795.0,21.1,7.2,1.0,186.21973929236498,5.3205639797818565,8.0,1
"Warren County, NJ",34041,216.0,761610,100869.0,110849.0,8.3,5.1,,194.85967397089735,,2.0,0
"Warren County, NY",36113,81.0,453850,78442.0,65517.0,10.5,4.3,1.0,123.63203443381107,1.5263214127630997,3.0,0
"Warren County, OH",39165,342.0,1709725,110132.0,250008.0,6.0,3.1,8.0,136.79562254007874,3.1998976032766953,1.0,0
"Warren County, PA",42123,41.0,268487,60480.0,37920.0,10.8,4.4,1.0,108.12236286919831,2.6371308016877637,6.0,1
"Warren County, TN",47177,96.0,293566,55487.0,42166.0,15.7,5.9,1.0,227.6715837404544,2.3715789972964,6.0,1
"Warren County, VA",51187,113.0,287311,84682.0,41531.0,11.6,4.9,3.0,272.08591172858826,7.223519780404998,1.0,0
"Warrick County, IN",18173,73.0,450739,89844.0,65261.0,7.0,3.1,2.0,111.85853725808677,3.0646174591256643,2.0,0
"Wasatch County, UT",49051,21.0,250425,117608.0,36642.0,4.7,2.0,6.0,57.31128213525463,16.37465203864418,4.0,1
"Wasco County, OR",41065,60.0,185717,64175.0,26552.0,11.6,7.7,1.0,225.97167821633022,3.766194636938837,7.0,1
"Waseca County, MN",27161,17.0,131411,76261.0,18885.0,7.5,2.5,,90.01853322742917,,6.0,1
"Washakie County, WY",56043,11.0,54246,65714.0,7703.0,8.8,2.7,1.0,142.80150590678957,12.981955082435416,9.0,1
"Washburn County, WI",55129,10.0,114885,63441.0,16854.0,11.5,3.9,3.0,59.33309600094933,17.7999288002848,8.0,1
"Washington County, AL",01129,15.0,108989,61042.0,15143.0,17.1,4.9,1.0,99.05566928613881,6.603711285742587,8.0,1
"Washington County, AR",05143,160.0,1753208,70639.0,256765.0,14.6,3.4,11.0,62.313788873094076,4.284072985025218,2.0,0
"Washington County, FL",12133,42.0,179240,58210.0,25529.0,17.3,3.6,1.0,164.51878256100906,3.9171138705002155,3.0,0
"Washington County, GA",13303,14.0,140087,46023.0,19849.0,17.2,8.0,,70.5325205300015,,7.0,1
"Washington County, IA",19183,10.0,156351,75647.0,22561.0,8.2,2.2,,44.32427640618767,,3.0,0
"Washington County, IL",17189,18.0,96015,78224.0,13627.0,7.5,4.3,1.0,132.0907022822338,7.338372349012989,8.0,1
"Washington County, IN",18175,62.0,197068,64641.0,28212.0,14.4,3.2,1.0,219.76463916064085,3.544590954203885,1.0,0
"Washington County, KY",21229,31.0,84995,61616.0,12140.0,12.7,3.4,3.0,255.35420098846788,24.711696869851732,8.0,1
"Washington County, MD",24043,638.0,1076689,77747.0,155709.0,12.4,4.2,13.0,409.738679202872,8.348907256484852,2.0,0
"Washington County, ME",23029,138.0,219838,56024.0,31331.0,17.1,6.3,,440.458332003447,,9.0,1
"Washington County, MN",27163,274.0,1898181,115345.0,276238.0,5.1,3.4,12.0,99.18982906044788,4.344080104837133,1.0,0
"Washington County, MO",29221,77.0,168337,56043.0,23470.0,17.4,3.6,1.0,328.07839795483596,4.260758414997869,8.0,1
"Washington County, MS",28151,35.0,301137,42165.0,42765.0,26.4,6.3,1.0,81.8426283175494,2.33836080907284,5.0,1
"Washington County, NC",37187,20.0,78011,41813.0,10812.0,24.1,13.0,1.0,184.9796522382538,9.24898261191269,9.0,1
"Washington County, NY",36115,88.0,424690,73495.0,60522.0,10.7,5.0,1.0,145.40167211922937,1.6522917286276066,3.0,0
"Washington County, OH",39167,118.0,414951,63603.0,58978.0,13.7,4.8,8.0,200.07460408966054,13.564379938282073,4.0,1
"Washington County, OK",40147,82.0,369372,60162.0,53326.0,16.1,4.4,,153.7711435322357,,4.0,1
"Washington County, OR",41067,612.0,4213925,107772.0,603947.0,8.1,4.5,15.0,101.33339514891208,2.4836616458066687,1.0,0
"Washington County, PA",42125,596.0,1461533,78958.0,210042.0,9.6,4.8,3.0,283.75277325487286,1.428285771417145,1.0,0
"Washington County, RI",44009,214.0,898739,106638.0,130344.0,8.2,4.4,,164.18093659853926,,1.0,0
"Washington County, TN",47179,330.0,936819,62809.0,136261.0,15.5,4.7,8.0,242.18228253131855,5.871085637122874,3.0,0
"Washington County, TX",48477,41.0,253628,77825.0,36647.0,13.4,3.0,,111.8781892105766,,6.0,1
"Washington County, UT",49053,274.0,1333470,80632.0,196431.0,9.8,3.6,11.0,139.4891844973553,5.599930764492367,3.0,0
"Washington County, VA",51191,77.0,377578,64552.0,53926.0,11.1,3.0,8.0,142.78826540073433,14.835144457219153,2.0,0
"Washington County, VT",50023,137.0,414880,83449.0,60017.0,8.7,2.7,,228.26865721378942,,4.0,1
"Washington County, WI",55131,197.0,959930,96359.0,137879.0,5.8,2.5,3.0,142.87890106542693,2.1758208284075167,1.0,0
"Washington Parish, LA",22117,270.0,318662,45380.0,45120.0,24.3,9.9,3.0,598.4042553191489,6.6489361702127665,6.0,1
"Washita County, OK",40149,17.0,76095,63501.0,10815.0,14.1,5.7,,157.1890892279242,,9.0,1
"Washoe County, NV",32031,1307.0,3409775,88096.0,497200.0,10.7,5.1,14.0,262.87208366854384,2.815768302493966,2.0,0
"Washtenaw County, MI",26161,547.0,2580214,89180.0,369822.0,14.2,4.6,5.0,147.90899405660022,1.3520017738263272,2.0,0
"Watauga County, NC",37189,64.0,387631,51693.0,55123.0,25.5,7.9,3.0,116.1039856321318,5.442374326506177,5.0,1
"Waukesha County, WI",55133,546.0,2862252,106076.0,411762.0,5.2,2.3,18.0,132.60087137715476,4.371457298147959,1.0,0
"Waupaca County, WI",55135,47.0,358399,72830.0,51569.0,10.4,2.8,3.0,91.14002598460316,5.817448467102329,6.0,1
"Waushara County, WI",55137,27.0,172872,67107.0,24868.0,10.9,3.9,1.0,108.57326684896253,4.0212321055171305,8.0,1
"Wayne County, GA",13305,62.0,214539,53427.0,30949.0,21.3,7.2,,200.32957446121037,,6.0,1
"Wayne County, IL",17191,17.0,112102,55521.0,15973.0,16.1,3.4,1.0,106.4295999499155,6.260564702936204,9.0,1
"Wayne County, IN",18177,319.0,462864,55692.0,66397.0,17.9,5.4,3.0,480.443393526816,4.518276428151874,5.0,1
"Wayne County, KY",21231,40.0,139440,45739.0,19602.0,24.8,5.8,2.0,204.06081012141618,10.20304050607081,7.0,1
"Wayne County, MI",26163,5809.0,12297950,60539.0,1772259.0,20.8,8.7,59.0,327.77376218712953,3.3290845186849096,1.0,0
"Wayne County, MO",29223,15.0,82101,47226.0,10862.0,25.7,7.3,3.0,138.0961148959676,27.61922297919352,9.0,1
"Wayne County, MS",28153,24.0,139640,37619.0,19718.0,22.8,7.0,1.0,121.71619839740337,5.0715082665584745,9.0,1
"Wayne County, NC",37191,232.0,843491,59733.0,118652.0,17.3,5.2,7.0,195.52978458011665,5.899605569227657,3.0,0
"Wayne County, NY",36117,141.0,632955,74506.0,90929.0,11.4,3.3,3.0,155.06604053712238,3.299277458236646,1.0,0
"Wayne County, OH",39169,190.0,813782,73574.0,116588.0,9.4,3.3,4.0,162.96702919682986,3.4308848251964186,4.0,1
"Wayne County, PA",42127,123.0,359085,62381.0,51262.0,12.1,6.0,,239.94381803285086,,6.0,1
"Wayne County, TN",47181,34.0,114512,52294.0,16168.0,20.0,3.4,1.0,210.2919346857991,6.185056902523504,8.0,1
"Wayne County, WV",54099,238.0,270171,58878.0,38164.0,14.6,4.9,2.0,623.6243580337491,5.240540823813017,2.0,0
"Waynesboro city, VA",51820,50.0,160037,59994.0,22841.0,11.2,5.1,,218.90460137472093,,3.0,0
"Weakley County, TN",47183,53.0,232422,51880.0,33016.0,19.0,4.0,1.0,160.52822873758177,3.028834504482675,6.0,1
"Webb County, TX",48479,332.0,1907939,63058.0,269294.0,21.3,5.5,3.0,123.28533127362661,1.1140240777737342,2.0,0
"Weber County, UT",49057,491.0,1863901,90005.0,269648.0,8.1,3.0,12.0,182.08924227140568,4.450246246958998,2.0,0
"Webster County, IA",19187,47.0,255282,68975.0,36886.0,12.9,4.8,2.0,127.41961719893726,5.422111370167543,5.0,1
"Webster County, KY",21233,16.0,90095,59628.0,12842.0,13.5,4.1,1.0,124.59118517364897,7.78694907335306,9.0,1
"Webster County, MO",29225,59.0,282143,71155.0,40500.0,15.2,3.8,2.0,145.679012345679,4.938271604938271,2.0,0
"Webster County, WV",54101,21.0,56865,43839.0,8144.0,23.3,9.2,1.0,257.85854616895875,12.278978388998034,9.0,1
"Webster Parish, LA",22119,30.0,257330,41182.0,35820.0,23.1,5.1,1.0,83.75209380234506,2.7917364600781687,6.0,1
"Weld County, CO",08123,446.0,2392179,97097.0,350396.0,9.6,4.8,3.0,127.28455804290003,0.8561741572392378,2.0,0
"Wells County, IN",18179,42.0,198529,71957.0,28420.0,7.2,2.6,1.0,147.78325123152712,3.518648838845883,2.0,0
"West Baton Rouge Parish, LA",22121,75.0,192201,87299.0,27974.0,12.9,7.0,,268.10609852005433,,2.0,0
"West Carroll Parish, LA",22123,20.0,70104,49134.0,9464.0,16.2,5.7,1.0,211.3271344040575,10.566356720202874,8.0,1
"West Feliciana Parish, LA",22125,70.0,107894,77452.0,15327.0,11.8,4.1,,456.7103803745025,,2.0,0
"Westchester County, NY",36119,1123.0,6886506,118976.0,999677.0,9.0,6.1,31.0,112.33628461993223,3.101001623524399,1.0,0
"Westmoreland County, PA",42129,928.0,2453809,74109.0,352500.0,10.3,4.8,7.0,263.26241134751774,1.9858156028368796,1.0,0
"Westmoreland County, VA",51193,46.0,129685,63398.0,18826.0,14.0,7.3,,244.34292999043873,,8.0,1
"Wetzel County, WV",54103,52.0,101090,56836.0,14078.0,16.0,5.4,3.0,369.3706492399489,21.30984514845859,7.0,1
"Wexford County, MI",26165,62.0,237519,61085.0,34077.0,13.9,5.3,3.0,181.9408985532764,8.803591865481117,6.0,1
"Wharton County, TX",48481,47.0,292179,66924.0,41794.0,13.6,4.9,1.0,112.4563334449921,2.39268794563813,4.0,1
"Whatcom County, WA",53073,457.0,1612329,81784.0,230503.0,12.9,4.8,5.0,198.262061665141,2.169169164826488,3.0,0
"White County, AR",05145,104.0,548714,55249.0,77838.0,17.5,5.8,3.0,133.61083275520954,3.8541586371695056,4.0,1
"White County, GA",13311,64.0,207804,70666.0,28810.0,12.4,3.8,2.0,222.14508851093373,6.942034015966679,8.0,1
"White County, IL",17193,12.0,94760,54813.0,13619.0,16.4,4.0,1.0,88.11219619649019,7.342683016374182,6.0,1
"White County, IN",18181,40.0,171399,67303.0,24717.0,10.2,3.5,2.0,161.8319375328721,8.091596876643605,6.0,1
"White County, TN",47185,95.0,195673,52188.0,28160.0,13.2,5.6,1.0,337.35795454545456,3.5511363636363633,7.0,1
"White Pine County, NV",32033,18.0,63547,72865.0,8735.0,8.2,4.0,1.0,206.06754436176303,11.448196908986835,9.0,1
"Whiteside County, IL",17195,61.0,384575,67500.0,54947.0,12.0,4.4,2.0,111.0160700311209,3.6398711485613413,4.0,1
"Whitfield County, GA",13313,131.0,727264,67070.0,103598.0,14.8,5.2,1.0,126.45031757369833,0.965269599799224,3.0,0
"Whitley County, IN",18183,40.0,241100,78083.0,34618.0,9.9,3.3,1.0,115.54682535097349,2.8886706337743373,2.0,0
"Whitley County, KY",21235,129.0,256827,44615.0,36920.0,26.3,5.4,8.0,349.4041170097508,21.668472372697725,7.0,1
"Whitman County, WA",53075,47.0,341298,55406.0,47003.0,22.7,7.0,1.0,99.99361742867477,2.1275237750781866,4.0,1
"Wichita County, TX",48485,187.0,917710,63524.0,129996.0,16.5,3.7,3.0,143.8505800178467,2.307763315794332,3.0,0
"Wicomico County, MD",24045,277.0,730567,76210.0,104914.0,13.9,5.9,9.0,264.02577349066854,8.578454734353851,3.0,0
"Wilbarger County, TX",48487,11.0,88340,54102.0,12616.0,17.5,9.3,1.0,87.19086873811034,7.926442612555485,6.0,1
"Wilcox County, GA",13315,11.0,61132,54138.0,8798.0,21.9,5.5,,125.02841554898842,,9.0,1
"Wilkes County, GA",13317,13.0,67544,52043.0,9549.0,17.8,1.5,,136.1399099382134,,8.0,1
"Wilkes County, NC",37193,160.0,468801,51721.0,65935.0,16.7,5.0,2.0,242.66322893759005,3.033290361719876,6.0,1
"Wilkin County, MN",27167,11.0,43941,71410.0,6371.0,14.1,4.8,,172.6573536336525,,8.0,1
"Wilkinson County, GA",13319,12.0,61706,45465.0,8747.0,21.6,4.8,,137.1898936778324,,8.0,1
"Wilkinson County, MS",28157,16.0,58109,35311.0,8162.0,27.4,13.4,,196.03038470962997,,8.0,1
"Will County, IL",17197,999.0,4875099,109984.0,701462.0,7.3,4.9,4.0,142.4168379755425,0.5702375894916617,1.0,0
"Willacy County, TX",48489,19.0,144557,54180.0,20139.0,24.0,7.5,,94.34430706589205,,6.0,1
"Williams County, ND",38105,44.0,268108,85595.0,39555.0,8.6,4.4,2.0,111.2375173808621,5.0562507900391855,5.0,1
"Williams County, OH",39171,60.0,256574,61048.0,36719.0,12.7,4.0,2.0,163.40314278711293,5.446771426237098,7.0,1
"Williamsburg County, SC",45089,88.0,211097,46213.0,30282.0,23.3,4.0,,290.60167756422953,,6.0,1
"Williamsburg city, VA",51830,17.0,108485,75604.0,15798.0,18.8,6.8,,107.6085580453222,,1.0,0
"Williamson County, IL",17199,92.0,467412,65604.0,66876.0,13.8,5.0,7.0,137.56803636581137,10.467133201746515,5.0,1
"Williamson County, TN",47187,256.0,1765635,135594.0,260351.0,4.6,2.4,11.0,98.32879458884354,4.225065392489371,1.0,0
"Williamson County, TX",48491,498.0,4514240,111340.0,672688.0,6.4,3.9,11.0,74.03134885712248,1.635230597245677,1.0,0
"Wilson County, KS",20205,11.0,59480,60677.0,8505.0,15.5,3.0,1.0,129.33568489124045,11.757789535567314,9.0,1
"Wilson County, NC",37195,197.0,560981,56423.0,79290.0,19.8,5.6,2.0,248.45503846638923,2.522386177323748,4.0,1
"Wilson County, TN",47189,404.0,1077506,95839.0,158805.0,8.0,3.2,1.0,254.4000503762476,0.6297030949907119,1.0,0
"Wilson County, TX",48493,36.0,366907,94565.0,52781.0,11.3,3.6,2.0,68.20636213789052,3.7892423409939187,1.0,0
"Winchester city, VA",51840,59.0,195375,63974.0,27913.0,21.5,6.4,7.0,211.37104574929245,25.07792068211944,3.0,0
"Windham County, CT",09015,341.0,Not Available,,,,,,,,,0
"Windham County, VT",50025,172.0,310518,72217.0,45923.0,11.6,4.8,,374.5399908542561,,7.0,1
"Windsor County, VT",50027,181.0,397472,77594.0,57990.0,9.2,4.4,,312.1227797896189,,7.0,1
"Winkler County, TX",48495,15.0,53133,86900.0,7454.0,16.2,3.6,,201.2342366514623,,6.0,1
"Winn Parish, LA",22127,28.0,95191,48871.0,13467.0,24.3,5.2,1.0,207.91564565233534,7.425558773297691,8.0,1
"Winnebago County, IL",17201,949.0,1977967,65837.0,283292.0,15.6,7.3,5.0,334.9900456066532,1.7649633593606597,2.0,0
"Winnebago County, WI",55139,237.0,1201941,74925.0,171769.0,11.3,2.2,3.0,137.97600265472815,1.746531679173774,3.0,0
"Winona County, MN",27169,66.0,350596,70744.0,49779.0,14.8,2.3,2.0,132.58603025372145,4.017758492537014,4.0,1
"Winston County, AL",01133,50.0,165684,57256.0,23682.0,18.7,3.6,2.0,211.1308166539988,8.445232666159953,8.0,1
"Winston County, MS",28159,14.0,123938,53031.0,17536.0,26.9,6.7,,79.83576642335767,,9.0,1
"Wirt County, WV",54105,19.0,37434,49867.0,5053.0,16.8,4.9,,376.01424896101327,,3.0,0
"Wise County, TX",48497,78.0,515354,93421.0,75005.0,8.9,5.3,1.0,103.99306712885809,1.3332444503699754,1.0,0
"Wise County, VA",51195,96.0,253816,52943.0,35448.0,17.2,8.2,3.0,270.8192281651997,8.463100880162491,7.0,1
"Wolfe County, KY",21237,40.0,46993,30417.0,6443.0,37.7,13.1,6.0,620.8288064566195,93.12432096849294,9.0,1
"Wood County, OH",39173,160.0,922417,74216.0,132064.0,12.2,4.5,6.0,121.15338017930699,4.543251756724013,2.0,0
"Wood County, TX",48499,46.0,326354,60300.0,46961.0,12.5,6.3,1.0,97.95362108984051,2.1294265454313153,6.0,1
"Wood County, WI",55141,96.0,514559,67989.0,74004.0,10.8,4.0,4.0,129.72271769093564,5.405113237122317,4.0,1
"Wood County, WV",54107,292.0,583432,57810.0,83407.0,14.7,5.4,4.0,350.0905199803374,4.7957605476758545,3.0,0
"Woodbury County, IA",19193,99.0,733270,73658.0,106247.0,14.0,4.1,8.0,93.17910152757254,7.529624365864448,3.0,0
"Woodford County, IL",17203,20.0,267941,91483.0,38312.0,7.0,3.5,,52.202965128419294,,2.0,0
"Woodford County, KY",21239,73.0,189165,83788.0,27279.0,10.5,2.5,1.0,267.60511748964404,3.665823527255398,2.0,0
"Woodward County, OK",40153,12.0,140378,61417.0,20158.0,14.0,6.2,2.0,59.52971524952872,9.921619208254787,7.0,1
"Worcester County, MA",25027,2309.0,5963743,95939.0,867788.0,10.3,5.3,,266.0788118757116,,2.0,0
"Worcester County, MD",24047,132.0,372008,81745.0,53700.0,9.9,6.7,5.0,245.81005586592178,9.31098696461825,4.0,1
"Worth County, GA",13321,35.0,142031,58694.0,20451.0,24.0,6.9,,171.1407755121999,,3.0,0
"Wright County, MN",27171,102.0,1013566,107209.0,148269.0,5.2,2.7,12.0,68.79388139125508,8.093397810735892,1.0,0
"Wright County, MO",29229,25.0,131666,47909.0,18965.0,18.7,3.5,,131.8217769575534,,8.0,1
"Wyandot County, OH",39175,29.0,151544,69768.0,21598.0,8.8,1.9,,134.27169182331698,,7.0,1
"Wyandotte County, KS",20209,357.0,1163509,63631.0,167654.0,15.8,5.7,3.0,212.9385520178463,1.789399596788624,1.0,0
"Wyoming County, NY",36121,51.0,278686,69110.0,39753.0,11.1,3.6,2.0,128.29220436193495,5.031066837722939,8.0,1
"Wyoming County, PA",42131,65.0,184118,72460.0,25967.0,11.5,5.0,1.0,250.31771094080952,3.8510417067816842,2.0,0
"Wyoming County, WV",54109,149.0,143122,48440.0,20629.0,22.6,5.7,2.0,722.2841630714044,9.695089437200059,8.0,1
"Wythe County, VA",51197,51.0,198551,57745.0,28188.0,15.2,4.0,3.0,180.9280544912729,10.642826734780758,6.0,1
"Yadkin County, NC",37197,106.0,263259,62932.0,37574.0,14.0,5.3,2.0,282.1099696598712,5.322829616223984,2.0,0
"Yakima County, WA",53077,641.0,1782400,70656.0,257152.0,15.5,7.3,16.0,249.26891488302638,6.222000995520159,2.0,0
"Yalobusha County, MS",28161,16.0,86105,49151.0,12419.0,21.5,5.9,1.0,128.83484982687816,8.052178114179885,9.0,1
"Yamhill County, OR",41071,150.0,757761,90063.0,108734.0,10.3,4.8,5.0,137.95133077050417,4.598377692350138,1.0,0
"Yancey County, NC",37199,37.0,129570,58709.0,18797.0,15.2,7.3,,196.83992126403152,,8.0,1
"Yankton County, SD",46135,16.0,162121,72821.0,23414.0,11.9,1.4,,68.33518407790211,,7.0,1
"Yates County, NY",36123,28.0,172457,69701.0,24526.0,12.7,3.1,,114.1645600587132,,6.0,1
"Yavapai County, AZ",04025,570.0,1696856,69613.0,245480.0,12.0,4.3,33.0,232.19814241486068,13.443050350334039,3.0,0
"Yazoo County, MS",28163,41.0,186061,39295.0,24835.0,30.8,9.7,,165.08959130259714,,2.0,0
"Yell County, AR",05149,18.0,144519,55934.0,20134.0,15.6,3.4,,89.40101321148306,,9.0,1
"Yellowstone County, MT",30111,261.0,1163851,76570.0,168957.0,9.2,3.4,7.0,154.47717466574335,4.143065987203845,3.0,0
"Yoakum County, TX",48501,13.0,56113,84925.0,7571.0,16.8,6.9,,171.70783251882182,,9.0,1
"Yolo County, CA",06113,270.0,1545532,91752.0,220564.0,16.7,6.1,7.0,122.41344915761411,3.1736820151974032,1.0,0
"York County, ME",23031,505.0,1492988,88333.0,216731.0,7.7,3.4,,233.00773770249756,,2.0,0
"York County, NE",31185,10.0,98291,77757.0,14286.0,9.2,1.5,1.0,69.99860002799944,6.999860002799944,6.0,1
"York County, PA",42133,1024.0,3203413,84829.0,462924.0,8.4,4.5,6.0,221.20261641219727,1.2961090805402182,2.0,0
"York County, SC",45091,686.0,2028366,89095.0,293673.0,8.4,4.1,,233.59314611830166,,1.0,0
"York County, VA",51199,75.0,489943,109956.0,71005.0,5.6,4.2,1.0,105.62636434053941,1.4083515245405254,1.0,0
"Young County, TX",48503,24.0,126258,68010.0,18029.0,16.5,3.5,1.0,133.1188640523601,5.546619335515003,7.0,1
"Yuba County, CA",06115,189.0,577791,76373.0,84507.0,14.2,6.8,4.0,223.65011182505592,4.733335700001183,3.0,0
"Yukon-Koyukuk Census Area, AK",02290,11.0,36316,55741.0,5195.0,16.0,5.4,1.0,211.74205967276228,19.249278152069298,8.0,1
"Yuma County, AZ",04027,344.0,1492102,62876.0,211741.0,15.6,6.9,15.0,162.46263123344085,7.0841263619232935,3.0,0
"Yuma County, CO",08125,10.0,69836,60545.0,9979.0,17.9,4.5,1.0,100.2104419280489,10.02104419280489,9.0,1
"Zavala County, TX",48507,13.0,73095,36749.0,9412.0,33.9,4.0,1.0,138.12154696132595,10.624734381640458,7.0,1
