"Notes","County","County Code","Sex","Sex Code","Year","Year Code","Cause of death","Cause of death Code","Place of Death","Place of Death Code",Deaths,Population,Crude Rate,Crude Rate Lower 95% Confidence Interval,Crude Rate Upper 95% Confidence Interval
,"Baldwin County, AL","01003","Male","M","2023","2023","Accidental poisoning by and exposure to narcotics and psychodysleptics [hallucinogens], not elsewhere classified","X42","Decedent's home","4",10,Not Applicable,Not Applicable,Not Applicable,Not Applicable
,"Baldwin County, AL","01003","Male","M","2023","2023","Accidental poisoning by and exposure to other and unspecified drugs, medicaments and biological substances","X44","Decedent's home","4",10,Not Applicable,Not Applicable,Not Applicable,Not Applicable
,"Bullock County, AL","01011","Male","M","2023","2023","Accidental poisoning by and exposure to narcotics and psychodysleptics [hallucinogens], not elsewhere classified","X42","Other","7",10,Not Applicable,Not Applicable,Not Applicable,Not Applicable
,"Calhoun County, AL","01015","Male","M","2023","2023","Accidental poisoning by and exposure to narcotics and psychodysleptics [hallucinogens], not elsewhere classified","X42","Decedent's home","4",18,Not Applicable,Not Applicable,Not Applicable,Not Applicable
,"Calhoun County, AL","01015","Male","M","2023","2023","Accidental poisoning by and exposure to other and unspecified drugs, medicaments and biological substances","X44","Decedent's home","4",10,Not Applicable,Not Applicable,Not Applicable,Not Applicable
,"Jefferson County, AL","01073","Female","F","2023","2023","Accidental poisoning by and exposure to narcotics and psychodysleptics [hallucinogens], not elsewhere classified","X42","Decedent's home","4",32,Not Applicable,Not Applicable,Not Applicable,Not Applicable
,"Jefferson County, AL","01073","Female","F","2023","2023","Accidental poisoning by and exposure to narcotics and psychodysleptics [hallucinogens], not elsewhere classified","X42","Other","7",15,Not Applicable,Not Applicable,Not Applicable,Not Applicable
,"Jefferson County, AL","01073","Female","F","2023","2023","Accidental poisoning by and exposure to other and unspecified drugs, medicaments and biological substances","X44","Decedent's home","4",18,Not Applicable,Not Applicable,Not Applicable,Not Applicable
,"Jefferson County, AL","01073","Female","F","2023","2023","Accidental poisoning by and exposure to other and unspecified drugs, medicaments and biological substances","X44","Other","7",19,Not Applicable,Not Applicable,Not Applicable,Not Applicable
,"Jefferson County, AL","01073","Male","M","2023","2023","Accidental poisoning by and exposure to antiepileptic, sedative-hypnotic, antiparkinsonism and psychotropic drugs, not elsewhere classified","X41","Decedent's home","4",11,Not Applicable,Not Applicable,Not Applicable,Not Applicable
,"Jefferson County, AL","01073","Male","M","2023","2023","Accidental poisoning by and exposure to narcotics and psychodysleptics [hallucinogens], not elsewhere classified","X42","Medical Facility - Inpatient","1",19,Not Applicable,Not Applicable,Not Applicable,Not Applicable
,"Jefferson County, AL","01073","Male","M","2023","2023","Accidental poisoning by and exposure to narcotics and psychodysleptics [hallucinogens], not elsewhere classified","X42","Medical Facility - Outpatient or ER","2",16,Not Applicable,Not Applicable,Not Applicable,Not Applicable
,"Jefferson County, AL","01073","Male","M","2023","2023","Accidental poisoning by and exposure to narcotics and psychodysleptics [hallucinogens], not elsewhere classified","X42","Decedent's home","4",77,Not Applicable,Not Applicable,Not Applicable,Not Applicable
,"Jefferson County, AL","01073","Male","M","2023","2023","Accidental poisoning by and exposure to narcotics and psychodysleptics [hallucinogens], not elsewhere classified","X42","Other","7",59,Not Applicable,Not Applicable,Not Applicable,Not Applicable
,"Jefferson County, AL","01073","Male","M","2023","2023","Accidental poisoning by and exposure to other and unspecified drugs, medicaments and biological substances","X44","Medical Facility - Outpatient or ER","2",10,Not Applicable,Not Applicable,Not Applicable,Not Applicable
,"Jefferson County, AL","01073","Male","M","2023","2023","Accidental poisoning by and exposure to other and unspecified drugs, medicaments and biological substances","X44","Decedent's home","4",57,Not Applicable,Not Applicable,Not Applicable,Not Applicable
,"Jefferson County, AL","01073","Male","M","2023","2023","Accidental poisoning by and exposure to other and unspecified drugs, medicaments and biological substances","X44","Other","7",31,Not Applicable,Not Applicable,Not Applicable,Not Applicable
,"Madison County, AL","01089","Female","F","2023","2023","Accidental poisoning by and exposure to narcotics and psychodysleptics [hallucinogens], not elsewhere classified","X42","Decedent's home","4",10,Not Applicable,Not Applicable,Not Applicable,Not Applicable
,"Madison County, AL","01089","Male","M","2023","2023","Accidental poisoning by and exposure to narcotics and psychodysleptics [hallucinogens], not elsewhere classified","X42","Decedent's home","4",29,Not Applicable,Not Applicable,Not Applicable,Not Applicable
,"Madison County, AL","01089","Male","M","2023","2023","Accidental poisoning by and exposure to narcotics and psychodysleptics [hallucinogens], not elsewhere classified","X42","Other","7",16,Not Applicable,Not Applicable,Not Applicable,Not Applicable
,"Marshall County, AL","01095","Male","M","2023","2023","Accidental poisoning by and exposure to other and unspecified drugs, medicaments and biological substances","X44","Decedent's home","4",10,Not Applicable,Not Applicable,Not Applicable,Not Applicable
,"Mobile County, AL","01097","Female","F","2023","2023","Accidental poisoning by and exposure to other and unspecified drugs, medicaments and biological substances","X44","Decedent's home","4",13,Not Applicable,Not Applicable,Not Applicable,Not Applicable
,"Mobile County, AL","01097","Male","M","2023","2023","Accidental poisoning by and exposure to narcotics and psychodysleptics [hallucinogens], not elsewhere classified","X42","Decedent's home","4",14,Not Applicable,Not Applicable,Not Applicable,Not Applicable
,"Mobile County, AL","01097","Male","M","2023","2023","Accidental poisoning by and exposure to narcotics and psychodysleptics [hallucinogens], not elsewhere classified","X42","Other","7",19,Not Applicable,Not Applicable,Not Applicable,Not Applicable
,"Mobile County, AL","01097","Male","M","2023","2023","Accidental poisoning by and exposure to other and unspecified drugs, medicaments and biological substances","X44","Decedent's home","4",16,Not Applicable,Not Applicable,Not Applicable,Not Applicable
,"Mobile County, AL","01097","Male","M","2023","2023","Accidental poisoning by and exposure to other and unspecified drugs, medicaments and biological substances","X44","Other","7",13,Not Applicable,Not Applicable,Not Applicable,Not Applicable
,"Walker County, AL","01127","Male","M","2023","2023","Accidental poisoning by and exposure to other and unspecified drugs, medicaments and biological substances","X44","Decedent's home","4",15,Not Applicable,Not Applicable,Not Applicable,Not Applicable
,"Anchorage Borough, AK","02020","Female","F","2023","2023","Accidental poisoning by and exposure to other and unspecified drugs, medicaments and biological substances","X44","Decedent's home","4",19,Not Applicable,Not Applicable,Not Applicable,Not Applicable
,"Anchorage Borough, AK","02020","Female","F","2023","2023","Accidental poisoning by and exposure to other and unspecified drugs, medicaments and biological substances","X44","Other","7",15,Not Applicable,Not Applicable,Not Applicable,Not Applicable
,"Anchorage Borough, AK","02020","Male","M","2023","2023","Accidental poisoning by and exposure to narcotics and psychodysleptics [hallucinogens], not elsewhere classified","X42","Decedent's home","4",20,Not Applicable,Not Applicable,Not Applicable,Not Applicable
,"Anchorage Borough, AK","02020","Male","M","2023","2023","Accidental poisoning by and exposure to narcotics and psychodysleptics [hallucinogens], not elsewhere classified","X42","Other","7",12,Not Applicable,Not Applicable,Not Applicable,Not Applicable
,"Anchorage Borough, AK","02020","Male","M","2023","2023","Accidental poisoning by and exposure to other and unspecified drugs, medicaments and biological substances","X44","Decedent's home","4",31,Not Applicable,Not Applicable,Not Applicable,Not Applicable
,"Anchorage Borough, AK","02020","Male","M","2023","2023","Accidental poisoning by and exposure to other and unspecified drugs, medicaments and biological substances","X44","Other","7",36,Not Applicable,Not Applicable,Not Applicable,Not Applicable
,"Apache County, AZ","04001","Male","M","2023","2023","Accidental poisoning by and exposure to other and unspecified drugs, medicaments and biological substances","X44","Other","7",12,Not Applicable,Not Applicable,Not Applicable,Not Applicable
,"Maricopa County, AZ","04013","Female","F","2023","2023","Accidental poisoning by and exposure to antiepileptic, sedative-hypnotic, antiparkinsonism and psychotropic drugs, not elsewhere classified","X41","Medical Facility - Inpatient","1",11,Not Applicable,Not Applicable,Not Applicable,Not Applicable
,"Maricopa County, AZ","04013","Female","F","2023","2023","Accidental poisoning by and exposure to antiepileptic, sedative-hypnotic, antiparkinsonism and psychotropic drugs, not elsewhere classified","X41","Medical Facility - Outpatient or ER","2",14,Not Applicable,Not Applicable,Not Applicable,Not Applicable
,"Maricopa County, AZ","04013","Female","F","2023","2023","Accidental poisoning by and exposure to antiepileptic, sedative-hypnotic, antiparkinsonism and psychotropic drugs, not elsewhere classified","X41","Decedent's home","4",16,Not Applicable,Not Applicable,Not Applicable,Not Applicable
,"Maricopa County, AZ","04013","Female","F","2023","2023","Accidental poisoning by and exposure to antiepileptic, sedative-hypnotic, antiparkinsonism and psychotropic drugs, not elsewhere classified","X41","Other","7",27,Not Applicable,Not Applicable,Not Applicable,Not Applicable
,"Maricopa County, AZ","04013","Female","F","2023","2023","Accidental poisoning by and exposure to narcotics and psychodysleptics [hallucinogens], not elsewhere classified","X42","Medical Facility - Outpatient or ER","2",14,Not Applicable,Not Applicable,Not Applicable,Not Applicable
,"Maricopa County, AZ","04013","Female","F","2023","2023","Accidental poisoning by and exposure to narcotics and psychodysleptics [hallucinogens], not elsewhere classified","X42","Decedent's home","4",37,Not Applicable,Not Applicable,Not Applicable,Not Applicable
,"Maricopa County, AZ","04013","Female","F","2023","2023","Accidental poisoning by and exposure to narcotics and psychodysleptics [hallucinogens], not elsewhere classified","X42","Other","7",21,Not Applicable,Not Applicable,Not Applicable,Not Applicable
,"Maricopa County, AZ","04013","Female","F","2023","2023","Accidental poisoning by and exposure to other and unspecified drugs, medicaments and biological substances","X44","Medical Facility - Inpatient","1",12,Not Applicable,Not Applicable,Not Applicable,Not Applicable
,"Maricopa County, AZ","04013","Female","F","2023","2023","Accidental poisoning by and exposure to other and unspecified drugs, medicaments and biological substances","X44","Medical Facility - Outpatient or ER","2",32,Not Applicable,Not Applicable,Not Applicable,Not Applicable
,"Maricopa County, AZ","04013","Female","F","2023","2023","Accidental poisoning by and exposure to other and unspecified drugs, medicaments and biological substances","X44","Decedent's home","4",79,Not Applicable,Not Applicable,Not Applicable,Not Applicable
,"Maricopa County, AZ","04013","Female","F","2023","2023","Accidental poisoning by and exposure to other and unspecified drugs, medicaments and biological substances","X44","Other","7",65,Not Applicable,Not Applicable,Not Applicable,Not Applicable
,"Maricopa County, AZ","04013","Female","F","2023","2023","Intentional self-poisoning by and exposure to other and unspecified drugs, medicaments and biological substances","X64","Decedent's home","4",17,Not Applicable,Not Applicable,Not Applicable,Not Applicable
,"Maricopa County, AZ","04013","Male","M","2023","2023","Accidental poisoning by and exposure to antiepileptic, sedative-hypnotic, antiparkinsonism and psychotropic drugs, not elsewhere classified","X41","Medical Facility - Inpatient","1",17,Not Applicable,Not Applicable,Not Applicable,Not Applicable
,"Maricopa County, AZ","04013","Male","M","2023","2023","Accidental poisoning by and exposure to antiepileptic, sedative-hypnotic, antiparkinsonism and psychotropic drugs, not elsewhere classified","X41","Medical Facility - Outpatient or ER","2",22,Not Applicable,Not Applicable,Not Applicable,Not Applicable
,"Maricopa County, AZ","04013","Male","M","2023","2023","Accidental poisoning by and exposure to antiepileptic, sedative-hypnotic, antiparkinsonism and psychotropic drugs, not elsewhere classified","X41","Decedent's home","4",52,Not Applicable,Not Applicable,Not Applicable,Not Applicable
,"Maricopa County, AZ","04013","Male","M","2023","2023","Accidental poisoning by and exposure to antiepileptic, sedative-hypnotic, antiparkinsonism and psychotropic drugs, not elsewhere classified","X41","Other","7",73,Not Applicable,Not Applicable,Not Applicable,Not Applicable
,"Maricopa County, AZ","04013","Male","M","2023","2023","Accidental poisoning by and exposure to narcotics and psychodysleptics [hallucinogens], not elsewhere classified","X42","Medical Facility - Inpatient","1",29,Not Applicable,Not Applicable,Not Applicable,Not Applicable
,"Maricopa County, AZ","04013","Male","M","2023","2023","Accidental poisoning by and exposure to narcotics and psychodysleptics [hallucinogens], not elsewhere classified","X42","Medical Facility - Outpatient or ER","2",70,Not Applicable,Not Applicable,Not Applicable,Not Applicable
,"Maricopa County, AZ","04013","Male","M","2023","2023","Accidental poisoning by and exposure to narcotics and psychodysleptics [hallucinogens], not elsewhere classified","X42","Decedent's home","4",140,Not Applicable,Not Applicable,Not Applicable,Not Applicable
,"Maricopa County, AZ","04013","Male","M","2023","2023","Accidental poisoning by and exposure to narcotics and psychodysleptics [hallucinogens], not elsewhere classified","X42","Other","7",153,Not Applicable,Not Applicable,Not Applicable,Not Applicable
,"Maricopa County, AZ","04013","Male","M","2023","2023","Accidental poisoning by and exposure to other and unspecified drugs, medicaments and biological substances","X44","Medical Facility - Inpatient","1",40,Not Applicable,Not Applicable,Not Applicable,Not Applicable
,"Maricopa County, AZ","04013","Male","M","2023","2023","Accidental poisoning by and exposure to other and unspecified drugs, medicaments and biological substances","X44","Medical Facility - Outpatient or ER","2",116,Not Applicable,Not Applicable,Not Applicable,Not Applicable
,"Maricopa County, AZ","04013","Male","M","2023","2023","Accidental poisoning by and exposure to other and unspecified drugs, medicaments and biological substances","X44","Decedent's home","4",146,Not Applicable,Not Applicable,Not Applicable,Not Applicable
,"Maricopa County, AZ","04013","Male","M","2023","2023","Accidental poisoning by and exposure to other and unspecified drugs, medicaments and biological substances","X44","Other","7",278,Not Applicable,Not Applicable,Not Applicable,Not Applicable
,"Navajo County, AZ","04017","Male","M","2023","2023","Accidental poisoning by and exposure to other and unspecified drugs, medicaments and biological substances","X44","Other","7",10,Not Applicable,Not Applicable,Not Applicable,Not Applicable
,"Pima County, AZ","04019","Female","F","2023","2023","Accidental poisoning by and exposure to antiepileptic, sedative-hypnotic, antiparkinsonism and psychotropic drugs, not elsewhere classified","X41","Decedent's home","4",12,Not Applicable,Not Applicable,Not Applicable,Not Applicable
,"Pima County, AZ","04019","Female","F","2023","2023","Accidental poisoning by and exposure to narcotics and psychodysleptics [hallucinogens], not elsewhere classified","X42","Decedent's home","4",22,Not Applicable,Not Applicable,Not Applicable,Not Applicable
,"Pima County, AZ","04019","Female","F","2023","2023","Accidental poisoning by and exposure to other and unspecified drugs, medicaments and biological substances","X44","Decedent's home","4",28,Not Applicable,Not Applicable,Not Applicable,Not Applicable
,"Pima County, AZ","04019","Female","F","2023","2023","Accidental poisoning by and exposure to other and unspecified drugs, medicaments and biological substances","X44","Other","7",15,Not Applicable,Not Applicable,Not Applicable,Not Applicable
,"Pima County, AZ","04019","Male","M","2023","2023","Accidental poisoning by and exposure to antiepileptic, sedative-hypnotic, antiparkinsonism and psychotropic drugs, not elsewhere classified","X41","Decedent's home","4",25,Not Applicable,Not Applicable,Not Applicable,Not Applicable
,"Pima County, AZ","04019","Male","M","2023","2023","Accidental poisoning by and exposure to antiepileptic, sedative-hypnotic, antiparkinsonism and psychotropic drugs, not elsewhere classified","X41","Other","7",27,Not Applicable,Not Applicable,Not Applicable,Not Applicable
,"Pima County, AZ","04019","Male","M","2023","2023","Accidental poisoning by and exposure to narcotics and psychodysleptics [hallucinogens], not elsewhere classified","X42","Decedent's home","4",83,Not Applicable,Not Applicable,Not Applicable,Not Applicable
,"Pima County, AZ","04019","Male","M","2023","2023","Accidental poisoning by and exposure to narcotics and psychodysleptics [hallucinogens], not elsewhere classified","X42","Other","7",54,Not Applicable,Not Applicable,Not Applicable,Not Applicable
,"Pima County, AZ","04019","Male","M","2023","2023","Accidental poisoning by and exposure to other and unspecified drugs, medicaments and biological substances","X44","Medical Facility - Inpatient","1",12,Not Applicable,Not Applicable,Not Applicable,Not Applicable
,"Pima County, AZ","04019","Male","M","2023","2023","Accidental poisoning by and exposure to other and unspecified drugs, medicaments and biological substances","X44","Decedent's home","4",45,Not Applicable,Not Applicable,Not Applicable,Not Applicable
,"Pima County, AZ","04019","Male","M","2023","2023","Accidental poisoning by and exposure to other and unspecified drugs, medicaments and biological substances","X44","Other","7",55,Not Applicable,Not Applicable,Not Applicable,Not Applicable
,"Pinal County, AZ","04021","Male","M","2023","2023","Accidental poisoning by and exposure to narcotics and psychodysleptics [hallucinogens], not elsewhere classified","X42","Decedent's home","4",15,Not Applicable,Not Applicable,Not Applicable,Not Applicable
,"Pinal County, AZ","04021","Male","M","2023","2023","Accidental poisoning by and exposure to other and unspecified drugs, medicaments and biological substances","X44","Decedent's home","4",10,Not Applicable,Not Applicable,Not Applicable,Not Applicable
,"Pinal County, AZ","04021","Male","M","2023","2023","Accidental poisoning by and exposure to other and unspecified drugs, medicaments and biological substances","X44","Other","7",20,Not Applicable,Not Applicable,Not Applicable,Not Applicable
,"Yavapai County, AZ","04025","Male","M","2023","2023","Accidental poisoning by and exposure to other and unspecified drugs, medicaments and biological substances","X44","Other","7",11,Not Applicable,Not Applicable,Not Applicable,Not Applicable
,"Benton County, AR","05007","Male","M","2023","2023","Accidental poisoning by and exposure to other and unspecified drugs, medicaments and biological substances","X44","Decedent's home","4",10,Not Applicable,Not Applicable,Not Applicable,Not Applicable
,"Pulaski County, AR","05119","Female","F","2023","2023","Accidental poisoning by and exposure to other and unspecified drugs, medicaments and biological substances","X44","Decedent's home","4",10,Not Applicable,Not Applicable,Not Applicable,Not Applicable
,"Pulaski County, AR","05119","Male","M","2023","2023","Accidental poisoning by and exposure to narcotics and psychodysleptics [hallucinogens], not elsewhere classified","X42","Decedent's home","4",12,Not Applicable,Not Applicable,Not Applicable,Not Applicable
,"Pulaski County, AR","05119","Male","M","2023","2023","Accidental poisoning by and exposure to other and unspecified drugs, medicaments and biological substances","X44","Decedent's home","4",19,Not Applicable,Not Applicable,Not Applicable,Not Applicable
,"Alameda County, CA","06001","Female","F","2023","2023","Accidental poisoning by and exposure to narcotics and psychodysleptics [hallucinogens], not elsewhere classified","X42","Decedent's home","4",18,Not Applicable,Not Applicable,Not Applicable,Not Applicable
,"Alameda County, CA","06001","Female","F","2023","2023","Accidental poisoning by and exposure to other and unspecified drugs, medicaments and biological substances","X44","Decedent's home","4",14,Not Applicable,Not Applicable,Not Applicable,Not Applicable
,"Alameda County, CA","06001","Female","F","2023","2023","Accidental poisoning by and exposure to other and unspecified drugs, medicaments and biological substances","X44","Other","7",20,Not Applicable,Not Applicable,Not Applicable,Not Applicable
,"Alameda County, CA","06001","Male","M","2023","2023","Accidental poisoning by and exposure to antiepileptic, sedative-hypnotic, antiparkinsonism and psychotropic drugs, not elsewhere classified","X41","Decedent's home","4",19,Not Applicable,Not Applicable,Not Applicable,Not Applicable
,"Alameda County, CA","06001","Male","M","2023","2023","Accidental poisoning by and exposure to antiepileptic, sedative-hypnotic, antiparkinsonism and psychotropic drugs, not elsewhere classified","X41","Other","7",11,Not Applicable,Not Applicable,Not Applicable,Not Applicable
,"Alameda County, CA","06001","Male","M","2023","2023","Accidental poisoning by and exposure to narcotics and psychodysleptics [hallucinogens], not elsewhere classified","X42","Medical Facility - Inpatient","1",16,Not Applicable,Not Applicable,Not Applicable,Not Applicable
,"Alameda County, CA","06001","Male","M","2023","2023","Accidental poisoning by and exposure to narcotics and psychodysleptics [hallucinogens], not elsewhere classified","X42","Decedent's home","4",67,Not Applicable,Not Applicable,Not Applicable,Not Applicable
,"Alameda County, CA","06001","Male","M","2023","2023","Accidental poisoning by and exposure to narcotics and psychodysleptics [hallucinogens], not elsewhere classified","X42","Other","7",49,Not Applicable,Not Applicable,Not Applicable,Not Applicable
,"Alameda County, CA","06001","Male","M","2023","2023","Accidental poisoning by and exposure to other and unspecified drugs, medicaments and biological substances","X44","Decedent's home","4",48,Not Applicable,Not Applicable,Not Applicable,Not Applicable
,"Alameda County, CA","06001","Male","M","2023","2023","Accidental poisoning by and exposure to other and unspecified drugs, medicaments and biological substances","X44","Other","7",64,Not Applicable,Not Applicable,Not Applicable,Not Applicable
,"Butte County, CA","06007","Male","M","2023","2023","Accidental poisoning by and exposure to antiepileptic, sedative-hypnotic, antiparkinsonism and psychotropic drugs, not elsewhere classified","X41","Decedent's home","4",19,Not Applicable,Not Applicable,Not Applicable,Not Applicable
,"Butte County, CA","06007","Male","M","2023","2023","Accidental poisoning by and exposure to narcotics and psychodysleptics [hallucinogens], not elsewhere classified","X42","Decedent's home","4",14,Not Applicable,Not Applicable,Not Applicable,Not Applicable
,"Butte County, CA","06007","Male","M","2023","2023","Accidental poisoning by and exposure to other and unspecified drugs, medicaments and biological substances","X44","Decedent's home","4",22,Not Applicable,Not Applicable,Not Applicable,Not Applicable
,"Butte County, CA","06007","Male","M","2023","2023","Accidental poisoning by and exposure to other and unspecified drugs, medicaments and biological substances","X44","Other","7",20,Not Applicable,Not Applicable,Not Applicable,Not Applicable
,"Contra Costa County, CA","06013","Female","F","2023","2023","Accidental poisoning by and exposure to narcotics and psychodysleptics [hallucinogens], not elsewhere classified","X42","Decedent's home","4",10,Not Applicable,Not Applicable,Not Applicable,Not Applicable
,"Contra Costa County, CA","06013","Female","F","2023","2023","Accidental poisoning by and exposure to other and unspecified drugs, medicaments and biological substances","X44","Decedent's home","4",16,Not Applicable,Not Applicable,Not Applicable,Not Applicable
,"Contra Costa County, CA","06013","Female","F","2023","2023","Accidental poisoning by and exposure to other and unspecified drugs, medicaments and biological substances","X44","Other","7",18,Not Applicable,Not Applicable,Not Applicable,Not Applicable
,"Contra Costa County, CA","06013","Male","M","2023","2023","Accidental poisoning by and exposure to antiepileptic, sedative-hypnotic, antiparkinsonism and psychotropic drugs, not elsewhere classified","X41","Decedent's home","4",13,Not Applicable,Not Applicable,Not Applicable,Not Applicable
,"Contra Costa County, CA","06013","Male","M","2023","2023","Accidental poisoning by and exposure to antiepileptic, sedative-hypnotic, antiparkinsonism and psychotropic drugs, not elsewhere classified","X41","Other","7",14,Not Applicable,Not Applicable,Not Applicable,Not Applicable
,"Contra Costa County, CA","06013","Male","M","2023","2023","Accidental poisoning by and exposure to narcotics and psychodysleptics [hallucinogens], not elsewhere classified","X42","Decedent's home","4",31,Not Applicable,Not Applicable,Not Applicable,Not Applicable
,"Contra Costa County, CA","06013","Male","M","2023","2023","Accidental poisoning by and exposure to narcotics and psychodysleptics [hallucinogens], not elsewhere classified","X42","Other","7",26,Not Applicable,Not Applicable,Not Applicable,Not Applicable
,"Contra Costa County, CA","06013","Male","M","2023","2023","Accidental poisoning by and exposure to other and unspecified drugs, medicaments and biological substances","X44","Decedent's home","4",27,Not Applicable,Not Applicable,Not Applicable,Not Applicable
,"Contra Costa County, CA","06013","Male","M","2023","2023","Accidental poisoning by and exposure to other and unspecified drugs, medicaments and biological substances","X44","Other","7",47,Not Applicable,Not Applicable,Not Applicable,Not Applicable
,"El Dorado County, CA","06017","Male","M","2023","2023","Accidental poisoning by and exposure to other and unspecified drugs, medicaments and biological substances","X44","Decedent's home","4",12,Not Applicable,Not Applicable,Not Applicable,Not Applicable
,"Fresno County, CA","06019","Female","F","2023","2023","Accidental poisoning by and exposure to antiepileptic, sedative-hypnotic, antiparkinsonism and psychotropic drugs, not elsewhere classified","X41","Decedent's home","4",10,Not Applicable,Not Applicable,Not Applicable,Not Applicable
,"Fresno County, CA","06019","Female","F","2023","2023","Accidental poisoning by and exposure to narcotics and psychodysleptics [hallucinogens], not elsewhere classified","X42","Decedent's home","4",10,Not Applicable,Not Applicable,Not Applicable,Not Applicable
,"Fresno County, CA","06019","Male","M","2023","2023","Accidental poisoning by and exposure to antiepileptic, sedative-hypnotic, antiparkinsonism and psychotropic drugs, not elsewhere classified","X41","Decedent's home","4",26,Not Applicable,Not Applicable,Not Applicable,Not Applicable
,"Fresno County, CA","06019","Male","M","2023","2023","Accidental poisoning by and exposure to antiepileptic, sedative-hypnotic, antiparkinsonism and psychotropic drugs, not elsewhere classified","X41","Other","7",22,Not Applicable,Not Applicable,Not Applicable,Not Applicable
,"Fresno County, CA","06019","Male","M","2023","2023","Accidental poisoning by and exposure to narcotics and psychodysleptics [hallucinogens], not elsewhere classified","X42","Decedent's home","4",33,Not Applicable,Not Applicable,Not Applicable,Not Applicable
,"Fresno County, CA","06019","Male","M","2023","2023","Accidental poisoning by and exposure to other and unspecified drugs, medicaments and biological substances","X44","Medical Facility - Outpatient or ER","2",10,Not Applicable,Not Applicable,Not Applicable,Not Applicable
,"Fresno County, CA","06019","Male","M","2023","2023","Accidental poisoning by and exposure to other and unspecified drugs, medicaments and biological substances","X44","Decedent's home","4",18,Not Applicable,Not Applicable,Not Applicable,Not Applicable
,"Fresno County, CA","06019","Male","M","2023","2023","Accidental poisoning by and exposure to other and unspecified drugs, medicaments and biological substances","X44","Other","7",31,Not Applicable,Not Applicable,Not Applicable,Not Applicable
,"Humboldt County, CA","06023","Male","M","2023","2023","Accidental poisoning by and exposure to narcotics and psychodysleptics [hallucinogens], not elsewhere classified","X42","Decedent's home","4",19,Not Applicable,Not Applicable,Not Applicable,Not Applicable
,"Humboldt County, CA","06023","Male","M","2023","2023","Accidental poisoning by and exposure to narcotics and psychodysleptics [hallucinogens], not elsewhere classified","X42","Other","7",11,Not Applicable,Not Applicable,Not Applicable,Not Applicable
,"Kern County, CA","06029","Female","F","2023","2023","Accidental poisoning by and exposure to antiepileptic, sedative-hypnotic, antiparkinsonism and psychotropic drugs, not elsewhere classified","X41","Decedent's home","4",17,Not Applicable,Not Applicable,Not Applicable,Not Applicable
,"Kern County, CA","06029","Female","F","2023","2023","Accidental poisoning by and exposure to narcotics and psychodysleptics [hallucinogens], not elsewhere classified","X42","Decedent's home","4",21,Not Applicable,Not Applicable,Not Applicable,Not Applicable
,"Kern County, CA","06029","Female","F","2023","2023","Accidental poisoning by and exposure to other and unspecified drugs, medicaments and biological substances","X44","Decedent's home","4",28,Not Applicable,Not Applicable,Not Applicable,Not Applicable
,"Kern County, CA","06029","Female","F","2023","2023","Accidental poisoning by and exposure to other and unspecified drugs, medicaments and biological substances","X44","Other","7",14,Not Applicable,Not Applicable,Not Applicable,Not Applicable
,"Kern County, CA","06029","Male","M","2023","2023","Accidental poisoning by and exposure to antiepileptic, sedative-hypnotic, antiparkinsonism and psychotropic drugs, not elsewhere classified","X41","Decedent's home","4",47,Not Applicable,Not Applicable,Not Applicable,Not Applicable
,"Kern County, CA","06029","Male","M","2023","2023","Accidental poisoning by and exposure to antiepileptic, sedative-hypnotic, antiparkinsonism and psychotropic drugs, not elsewhere classified","X41","Other","7",29,Not Applicable,Not Applicable,Not Applicable,Not Applicable
,"Kern County, CA","06029","Male","M","2023","2023","Accidental poisoning by and exposure to narcotics and psychodysleptics [hallucinogens], not elsewhere classified","X42","Decedent's home","4",65,Not Applicable,Not Applicable,Not Applicable,Not Applicable
,"Kern County, CA","06029","Male","M","2023","2023","Accidental poisoning by and exposure to narcotics and psychodysleptics [hallucinogens], not elsewhere classified","X42","Other","7",33,Not Applicable,Not Applicable,Not Applicable,Not Applicable
,"Kern County, CA","06029","Male","M","2023","2023","Accidental poisoning by and exposure to other and unspecified drugs, medicaments and biological substances","X44","Decedent's home","4",83,Not Applicable,Not Applicable,Not Applicable,Not Applicable
,"Kern County, CA","06029","Male","M","2023","2023","Accidental poisoning by and exposure to other and unspecified drugs, medicaments and biological substances","X44","Other","7",68,Not Applicable,Not Applicable,Not Applicable,Not Applicable
,"Los Angeles County, CA","06037","Female","F","2023","2023","Accidental poisoning by and exposure to antiepileptic, sedative-hypnotic, antiparkinsonism and psychotropic drugs, not elsewhere classified","X41","Medical Facility - Inpatient","1",14,Not Applicable,Not Applicable,Not Applicable,Not Applicable
,"Los Angeles County, CA","06037","Female","F","2023","2023","Accidental poisoning by and exposure to antiepileptic, sedative-hypnotic, antiparkinsonism and psychotropic drugs, not elsewhere classified","X41","Medical Facility - Outpatient or ER","2",16,Not Applicable,Not Applicable,Not Applicable,Not Applicable
,"Los Angeles County, CA","06037","Female","F","2023","2023","Accidental poisoning by and exposure to antiepileptic, sedative-hypnotic, antiparkinsonism and psychotropic drugs, not elsewhere classified","X41","Decedent's home","4",37,Not Applicable,Not Applicable,Not Applicable,Not Applicable
,"Los Angeles County, CA","06037","Female","F","2023","2023","Accidental poisoning by and exposure to antiepileptic, sedative-hypnotic, antiparkinsonism and psychotropic drugs, not elsewhere classified","X41","Other","7",23,Not Applicable,Not Applicable,Not Applicable,Not Applicable
,"Los Angeles County, CA","06037","Female","F","2023","2023","Accidental poisoning by and exposure to narcotics and psychodysleptics [hallucinogens], not elsewhere classified","X42","Medical Facility - Inpatient","1",22,Not Applicable,Not Applicable,Not Applicable,Not Applicable
,"Los Angeles County, CA","06037","Female","F","2023","2023","Accidental poisoning by and exposure to narcotics and psychodysleptics [hallucinogens], not elsewhere classified","X42","Medical Facility - Outpatient or ER","2",11,Not Applicable,Not Applicable,Not Applicable,Not Applicable
,"Los Angeles County, CA","06037","Female","F","2023","2023","Accidental poisoning by and exposure to narcotics and psychodysleptics [hallucinogens], not elsewhere classified","X42","Decedent's home","4",71,Not Applicable,Not Applicable,Not Applicable,Not Applicable
,"Los Angeles County, CA","06037","Female","F","2023","2023","Accidental poisoning by and exposure to narcotics and psychodysleptics [hallucinogens], not elsewhere classified","X42","Other","7",30,Not Applicable,Not Applicable,Not Applicable,Not Applicable
,"Los Angeles County, CA","06037","Female","F","2023","2023","Accidental poisoning by and exposure to other and unspecified drugs, medicaments and biological substances","X44","Medical Facility - Inpatient","1",24,Not Applicable,Not Applicable,Not Applicable,Not Applicable
,"Los Angeles County, CA","06037","Female","F","2023","2023","Accidental poisoning by and exposure to other and unspecified drugs, medicaments and biological substances","X44","Medical Facility - Outpatient or ER","2",17,Not Applicable,Not Applicable,Not Applicable,Not Applicable
,"Los Angeles County, CA","06037","Female","F","2023","2023","Accidental poisoning by and exposure to other and unspecified drugs, medicaments and biological substances","X44","Decedent's home","4",121,Not Applicable,Not Applicable,Not Applicable,Not Applicable
,"Los Angeles County, CA","06037","Female","F","2023","2023","Accidental poisoning by and exposure to other and unspecified drugs, medicaments and biological substances","X44","Other","7",91,Not Applicable,Not Applicable,Not Applicable,Not Applicable
,"Los Angeles County, CA","06037","Female","F","2023","2023","Intentional self-poisoning by and exposure to other and unspecified drugs, medicaments and biological substances","X64","Decedent's home","4",21,Not Applicable,Not Applicable,Not Applicable,Not Applicable
,"Los Angeles County, CA","06037","Male","M","2023","2023","Accidental poisoning by and exposure to antiepileptic, sedative-hypnotic, antiparkinsonism and psychotropic drugs, not elsewhere classified","X41","Medical Facility - Inpatient","1",26,Not Applicable,Not Applicable,Not Applicable,Not Applicable
,"Los Angeles County, CA","06037","Male","M","2023","2023","Accidental poisoning by and exposure to antiepileptic, sedative-hypnotic, antiparkinsonism and psychotropic drugs, not elsewhere classified","X41","Medical Facility - Outpatient or ER","2",36,Not Applicable,Not Applicable,Not Applicable,Not Applicable
,"Los Angeles County, CA","06037","Male","M","2023","2023","Accidental poisoning by and exposure to antiepileptic, sedative-hypnotic, antiparkinsonism and psychotropic drugs, not elsewhere classified","X41","Decedent's home","4",111,Not Applicable,Not Applicable,Not Applicable,Not Applicable
,"Los Angeles County, CA","06037","Male","M","2023","2023","Accidental poisoning by and exposure to antiepileptic, sedative-hypnotic, antiparkinsonism and psychotropic drugs, not elsewhere classified","X41","Other","7",122,Not Applicable,Not Applicable,Not Applicable,Not Applicable
,"Los Angeles County, CA","06037","Male","M","2023","2023","Accidental poisoning by and exposure to narcotics and psychodysleptics [hallucinogens], not elsewhere classified","X42","Medical Facility - Inpatient","1",56,Not Applicable,Not Applicable,Not Applicable,Not Applicable
,"Los Angeles County, CA","06037","Male","M","2023","2023","Accidental poisoning by and exposure to narcotics and psychodysleptics [hallucinogens], not elsewhere classified","X42","Medical Facility - Outpatient or ER","2",41,Not Applicable,Not Applicable,Not Applicable,Not Applicable
,"Los Angeles County, CA","06037","Male","M","2023","2023","Accidental poisoning by and exposure to narcotics and psychodysleptics [hallucinogens], not elsewhere classified","X42","Decedent's home","4",288,Not Applicable,Not Applicable,Not Applicable,Not Applicable
,"Los Angeles County, CA","06037","Male","M","2023","2023","Accidental poisoning by and exposure to narcotics and psychodysleptics [hallucinogens], not elsewhere classified","X42","Other","7",199,Not Applicable,Not Applicable,Not Applicable,Not Applicable
,"Los Angeles County, CA","06037","Male","M","2023","2023","Accidental poisoning by and exposure to other and unspecified drugs, medicaments and biological substances","X44","Medical Facility - Inpatient","1",65,Not Applicable,Not Applicable,Not Applicable,Not Applicable
,"Los Angeles County, CA","06037","Male","M","2023","2023","Accidental poisoning by and exposure to other and unspecified drugs, medicaments and biological substances","X44","Medical Facility - Outpatient or ER","2",57,Not Applicable,Not Applicable,Not Applicable,Not Applicable
,"Los Angeles County, CA","06037","Male","M","2023","2023","Accidental poisoning by and exposure to other and unspecified drugs, medicaments and biological substances","X44","Decedent's home","4",343,Not Applicable,Not Applicable,Not Applicable,Not Applicable
,"Los Angeles County, CA","06037","Male","M","2023","2023","Accidental poisoning by and exposure to other and unspecified drugs, medicaments and biological substances","X44","Other","7",378,Not Applicable,Not Applicable,Not Applicable,Not Applicable
,"Los Angeles County, CA","06037","Male","M","2023","2023","Intentional self-poisoning by and exposure to other and unspecified drugs, medicaments and biological substances","X64","Decedent's home","4",20,Not Applicable,Not Applicable,Not Applicable,Not Applicable
,"Marin County, CA","06041","Male","M","2023","2023","Accidental poisoning by and exposure to other and unspecified drugs, medicaments and biological substances","X44","Decedent's home","4",13,Not Applicable,Not Applicable,Not Applicable,Not Applicable
,"Mendocino County, CA","06045","Male","M","2023","2023","Accidental poisoning by and exposure to other and unspecified drugs, medicaments and biological substances","X44","Decedent's home","4",12,Not Applicable,Not Applicable,Not Applicable,Not Applicable
,"Merced County, CA","06047","Male","M","2023","2023","Accidental poisoning by and exposure to narcotics and psychodysleptics [hallucinogens], not elsewhere classified","X42","Decedent's home","4",15,Not Applicable,Not Applicable,Not Applicable,Not Applicable
,"Monterey County, CA","06053","Male","M","2023","2023","Accidental poisoning by and exposure to narcotics and psychodysleptics [hallucinogens], not elsewhere classified","X42","Decedent's home","4",10,Not Applicable,Not Applicable,Not Applicable,Not Applicable
,"Monterey County, CA","06053","Male","M","2023","2023","Accidental poisoning by and exposure to other and unspecified drugs, medicaments and biological substances","X44","Decedent's home","4",12,Not Applicable,Not Applicable,Not Applicable,Not Applicable
,"Monterey County, CA","06053","Male","M","2023","2023","Accidental poisoning by and exposure to other and unspecified drugs, medicaments and biological substances","X44","Other","7",31,Not Applicable,Not Applicable,Not Applicable,Not Applicable
,"Orange County, CA","06059","Female","F","2023","2023","Accidental poisoning by and exposure to narcotics and psychodysleptics [hallucinogens], not elsewhere classified","X42","Decedent's home","4",25,Not Applicable,Not Applicable,Not Applicable,Not Applicable
,"Orange County, CA","06059","Female","F","2023","2023","Accidental poisoning by and exposure to other and unspecified drugs, medicaments and biological substances","X44","Medical Facility - Inpatient","1",12,Not Applicable,Not Applicable,Not Applicable,Not Applicable
,"Orange County, CA","06059","Female","F","2023","2023","Accidental poisoning by and exposure to other and unspecified drugs, medicaments and biological substances","X44","Decedent's home","4",49,Not Applicable,Not Applicable,Not Applicable,Not Applicable
,"Orange County, CA","06059","Female","F","2023","2023","Accidental poisoning by and exposure to other and unspecified drugs, medicaments and biological substances","X44","Other","7",27,Not Applicable,Not Applicable,Not Applicable,Not Applicable
,"Orange County, CA","06059","Female","F","2023","2023","Intentional self-poisoning by and exposure to other and unspecified drugs, medicaments and biological substances","X64","Decedent's home","4",10,Not Applicable,Not Applicable,Not Applicable,Not Applicable
,"Orange County, CA","06059","Male","M","2023","2023","Accidental poisoning by and exposure to antiepileptic, sedative-hypnotic, antiparkinsonism and psychotropic drugs, not elsewhere classified","X41","Decedent's home","4",28,Not Applicable,Not Applicable,Not Applicable,Not Applicable
,"Orange County, CA","06059","Male","M","2023","2023","Accidental poisoning by and exposure to antiepileptic, sedative-hypnotic, antiparkinsonism and psychotropic drugs, not elsewhere classified","X41","Other","7",20,Not Applicable,Not Applicable,Not Applicable,Not Applicable
,"Orange County, CA","06059","Male","M","2023","2023","Accidental poisoning by and exposure to narcotics and psychodysleptics [hallucinogens], not elsewhere classified","X42","Medical Facility - Inpatient","1",11,Not Applicable,Not Applicable,Not Applicable,Not Applicable
,"Orange County, CA","06059","Male","M","2023","2023","Accidental poisoning by and exposure to narcotics and psychodysleptics [hallucinogens], not elsewhere classified","X42","Medical Facility - Outpatient or ER","2",20,Not Applicable,Not Applicable,Not Applicable,Not Applicable
,"Orange County, CA","06059","Male","M","2023","2023","Accidental poisoning by and exposure to narcotics and psychodysleptics [hallucinogens], not elsewhere classified","X42","Decedent's home","4",74,Not Applicable,Not Applicable,Not Applicable,Not Applicable
,"Orange County, CA","06059","Male","M","2023","2023","Accidental poisoning by and exposure to narcotics and psychodysleptics [hallucinogens], not elsewhere classified","X42","Other","7",49,Not Applicable,Not Applicable,Not Applicable,Not Applicable
,"Orange County, CA","06059","Male","M","2023","2023","Accidental poisoning by and exposure to other and unspecified drugs, medicaments and biological substances","X44","Medical Facility - Inpatient","1",21,Not Applicable,Not Applicable,Not Applicable,Not Applicable
,"Orange County, CA","06059","Male","M","2023","2023","Accidental poisoning by and exposure to other and unspecified drugs, medicaments and biological substances","X44","Medical Facility - Outpatient or ER","2",30,Not Applicable,Not Applicable,Not Applicable,Not Applicable
,"Orange County, CA","06059","Male","M","2023","2023","Accidental poisoning by and exposure to other and unspecified drugs, medicaments and biological substances","X44","Decedent's home","4",141,Not Applicable,Not Applicable,Not Applicable,Not Applicable
,"Orange County, CA","06059","Male","M","2023","2023","Accidental poisoning by and exposure to other and unspecified drugs, medicaments and biological substances","X44","Other","7",134,Not Applicable,Not Applicable,Not Applicable,Not Applicable
,"Placer County, CA","06061","Male","M","2023","2023","Accidental poisoning by and exposure to narcotics and psychodysleptics [hallucinogens], not elsewhere classified","X42","Decedent's home","4",15,Not Applicable,Not Applicable,Not Applicable,Not Applicable
,"Riverside County, CA","06065","Female","F","2023","2023","Accidental poisoning by and exposure to antiepileptic, sedative-hypnotic, antiparkinsonism and psychotropic drugs, not elsewhere classified","X41","Decedent's home","4",26,Not Applicable,Not Applicable,Not Applicable,Not Applicable
,"Riverside County, CA","06065","Female","F","2023","2023","Accidental poisoning by and exposure to antiepileptic, sedative-hypnotic, antiparkinsonism and psychotropic drugs, not elsewhere classified","X41","Other","7",11,Not Applicable,Not Applicable,Not Applicable,Not Applicable
,"Riverside County, CA","06065","Female","F","2023","2023","Accidental poisoning by and exposure to narcotics and psychodysleptics [hallucinogens], not elsewhere classified","X42","Decedent's home","4",21,Not Applicable,Not Applicable,Not Applicable,Not Applicable
,"Riverside County, CA","06065","Female","F","2023","2023","Accidental poisoning by and exposure to narcotics and psychodysleptics [hallucinogens], not elsewhere classified","X42","Other","7",11,Not Applicable,Not Applicable,Not Applicable,Not Applicable
,"Riverside County, CA","06065","Female","F","2023","2023","Accidental poisoning by and exposure to other and unspecified drugs, medicaments and biological substances","X44","Medical Facility - Inpatient","1",11,Not Applicable,Not Applicable,Not Applicable,Not Applicable
,"Riverside County, CA","06065","Female","F","2023","2023","Accidental poisoning by and exposure to other and unspecified drugs, medicaments and biological substances","X44","Decedent's home","4",44,Not Applicable,Not Applicable,Not Applicable,Not Applicable
,"Riverside County, CA","06065","Female","F","2023","2023","Accidental poisoning by and exposure to other and unspecified drugs, medicaments and biological substances","X44","Other","7",31,Not Applicable,Not Applicable,Not Applicable,Not Applicable
,"Riverside County, CA","06065","Male","M","2023","2023","Accidental poisoning by and exposure to antiepileptic, sedative-hypnotic, antiparkinsonism and psychotropic drugs, not elsewhere classified","X41","Medical Facility - Inpatient","1",13,Not Applicable,Not Applicable,Not Applicable,Not Applicable
,"Riverside County, CA","06065","Male","M","2023","2023","Accidental poisoning by and exposure to antiepileptic, sedative-hypnotic, antiparkinsonism and psychotropic drugs, not elsewhere classified","X41","Medical Facility - Outpatient or ER","2",13,Not Applicable,Not Applicable,Not Applicable,Not Applicable
,"Riverside County, CA","06065","Male","M","2023","2023","Accidental poisoning by and exposure to antiepileptic, sedative-hypnotic, antiparkinsonism and psychotropic drugs, not elsewhere classified","X41","Decedent's home","4",61,Not Applicable,Not Applicable,Not Applicable,Not Applicable
,"Riverside County, CA","06065","Male","M","2023","2023","Accidental poisoning by and exposure to antiepileptic, sedative-hypnotic, antiparkinsonism and psychotropic drugs, not elsewhere classified","X41","Other","7",48,Not Applicable,Not Applicable,Not Applicable,Not Applicable
,"Riverside County, CA","06065","Male","M","2023","2023","Accidental poisoning by and exposure to narcotics and psychodysleptics [hallucinogens], not elsewhere classified","X42","Medical Facility - Inpatient","1",13,Not Applicable,Not Applicable,Not Applicable,Not Applicable
,"Riverside County, CA","06065","Male","M","2023","2023","Accidental poisoning by and exposure to narcotics and psychodysleptics [hallucinogens], not elsewhere classified","X42","Medical Facility - Outpatient or ER","2",19,Not Applicable,Not Applicable,Not Applicable,Not Applicable
,"Riverside County, CA","06065","Male","M","2023","2023","Accidental poisoning by and exposure to narcotics and psychodysleptics [hallucinogens], not elsewhere classified","X42","Decedent's home","4",88,Not Applicable,Not Applicable,Not Applicable,Not Applicable
,"Riverside County, CA","06065","Male","M","2023","2023","Accidental poisoning by and exposure to narcotics and psychodysleptics [hallucinogens], not elsewhere classified","X42","Other","7",57,Not Applicable,Not Applicable,Not Applicable,Not Applicable
,"Riverside County, CA","06065","Male","M","2023","2023","Accidental poisoning by and exposure to other and unspecified drugs, medicaments and biological substances","X44","Medical Facility - Inpatient","1",28,Not Applicable,Not Applicable,Not Applicable,Not Applicable
,"Riverside County, CA","06065","Male","M","2023","2023","Accidental poisoning by and exposure to other and unspecified drugs, medicaments and biological substances","X44","Medical Facility - Outpatient or ER","2",22,Not Applicable,Not Applicable,Not Applicable,Not Applicable
,"Riverside County, CA","06065","Male","M","2023","2023","Accidental poisoning by and exposure to other and unspecified drugs, medicaments and biological substances","X44","Decedent's home","4",124,Not Applicable,Not Applicable,Not Applicable,Not Applicable
,"Riverside County, CA","06065","Male","M","2023","2023","Accidental poisoning by and exposure to other and unspecified drugs, medicaments and biological substances","X44","Other","7",159,Not Applicable,Not Applicable,Not Applicable,Not Applicable
,"Sacramento County, CA","06067","Female","F","2023","2023","Accidental poisoning by and exposure to antiepileptic, sedative-hypnotic, antiparkinsonism and psychotropic drugs, not elsewhere classified","X41","Decedent's home","4",24,Not Applicable,Not Applicable,Not Applicable,Not Applicable
,"Sacramento County, CA","06067","Female","F","2023","2023","Accidental poisoning by and exposure to antiepileptic, sedative-hypnotic, antiparkinsonism and psychotropic drugs, not elsewhere classified","X41","Other","7",10,Not Applicable,Not Applicable,Not Applicable,Not Applicable
,"Sacramento County, CA","06067","Female","F","2023","2023","Accidental poisoning by and exposure to narcotics and psychodysleptics [hallucinogens], not elsewhere classified","X42","Decedent's home","4",26,Not Applicable,Not Applicable,Not Applicable,Not Applicable
,"Sacramento County, CA","06067","Female","F","2023","2023","Accidental poisoning by and exposure to other and unspecified drugs, medicaments and biological substances","X44","Decedent's home","4",30,Not Applicable,Not Applicable,Not Applicable,Not Applicable
,"Sacramento County, CA","06067","Female","F","2023","2023","Accidental poisoning by and exposure to other and unspecified drugs, medicaments and biological substances","X44","Other","7",28,Not Applicable,Not Applicable,Not Applicable,Not Applicable
,"Sacramento County, CA","06067","Male","M","2023","2023","Accidental poisoning by and exposure to antiepileptic, sedative-hypnotic, antiparkinsonism and psychotropic drugs, not elsewhere classified","X41","Medical Facility - Outpatient or ER","2",21,Not Applicable,Not Applicable,Not Applicable,Not Applicable
,"Sacramento County, CA","06067","Male","M","2023","2023","Accidental poisoning by and exposure to antiepileptic, sedative-hypnotic, antiparkinsonism and psychotropic drugs, not elsewhere classified","X41","Decedent's home","4",52,Not Applicable,Not Applicable,Not Applicable,Not Applicable
,"Sacramento County, CA","06067","Male","M","2023","2023","Accidental poisoning by and exposure to antiepileptic, sedative-hypnotic, antiparkinsonism and psychotropic drugs, not elsewhere classified","X41","Other","7",51,Not Applicable,Not Applicable,Not Applicable,Not Applicable
,"Sacramento County, CA","06067","Male","M","2023","2023","Accidental poisoning by and exposure to narcotics and psychodysleptics [hallucinogens], not elsewhere classified","X42","Medical Facility - Inpatient","1",12,Not Applicable,Not Applicable,Not Applicable,Not Applicable
,"Sacramento County, CA","06067","Male","M","2023","2023","Accidental poisoning by and exposure to narcotics and psychodysleptics [hallucinogens], not elsewhere classified","X42","Medical Facility - Outpatient or ER","2",18,Not Applicable,Not Applicable,Not Applicable,Not Applicable
,"Sacramento County, CA","06067","Male","M","2023","2023","Accidental poisoning by and exposure to narcotics and psychodysleptics [hallucinogens], not elsewhere classified","X42","Decedent's home","4",51,Not Applicable,Not Applicable,Not Applicable,Not Applicable
,"Sacramento County, CA","06067","Male","M","2023","2023","Accidental poisoning by and exposure to narcotics and psychodysleptics [hallucinogens], not elsewhere classified","X42","Other","7",49,Not Applicable,Not Applicable,Not Applicable,Not Applicable
,"Sacramento County, CA","06067","Male","M","2023","2023","Accidental poisoning by and exposure to other and unspecified drugs, medicaments and biological substances","X44","Medical Facility - Outpatient or ER","2",24,Not Applicable,Not Applicable,Not Applicable,Not Applicable
,"Sacramento County, CA","06067","Male","M","2023","2023","Accidental poisoning by and exposure to other and unspecified drugs, medicaments and biological substances","X44","Decedent's home","4",69,Not Applicable,Not Applicable,Not Applicable,Not Applicable
,"Sacramento County, CA","06067","Male","M","2023","2023","Accidental poisoning by and exposure to other and unspecified drugs, medicaments and biological substances","X44","Other","7",102,Not Applicable,Not Applicable,Not Applicable,Not Applicable
,"San Bernardino County, CA","06071","Female","F","2023","2023","Accidental poisoning by and exposure to narcotics and psychodysleptics [hallucinogens], not elsewhere classified","X42","Decedent's home","4",22,Not Applicable,Not Applicable,Not Applicable,Not Applicable
,"San Bernardino County, CA","06071","Female","F","2023","2023","Accidental poisoning by and exposure to narcotics and psychodysleptics [hallucinogens], not elsewhere classified","X42","Other","7",11,Not Applicable,Not Applicable,Not Applicable,Not Applicable
,"San Bernardino County, CA","06071","Female","F","2023","2023","Accidental poisoning by and exposure to other and unspecified drugs, medicaments and biological substances","X44","Medical Facility - Outpatient or ER","2",15,Not Applicable,Not Applicable,Not Applicable,Not Applicable
,"San Bernardino County, CA","06071","Female","F","2023","2023","Accidental poisoning by and exposure to other and unspecified drugs, medicaments and biological substances","X44","Decedent's home","4",24,Not Applicable,Not Applicable,Not Applicable,Not Applicable
,"San Bernardino County, CA","06071","Female","F","2023","2023","Accidental poisoning by and exposure to other and unspecified drugs, medicaments and biological substances","X44","Other","7",23,Not Applicable,Not Applicable,Not Applicable,Not Applicable
,"San Bernardino County, CA","06071","Male","M","2023","2023","Mental and behavioural disorders due to use of other stimulants, including caffeine, harmful use","F15.1","Decedent's home","4",20,Not Applicable,Not Applicable,Not Applicable,Not Applicable
,"San Bernardino County, CA","06071","Male","M","2023","2023","Mental and behavioural disorders due to use of other stimulants, including caffeine, harmful use","F15.1","Other","7",10,Not Applicable,Not Applicable,Not Applicable,Not Applicable
,"San Bernardino County, CA","06071","Male","M","2023","2023","Accidental poisoning by and exposure to antiepileptic, sedative-hypnotic, antiparkinsonism and psychotropic drugs, not elsewhere classified","X41","Medical Facility - Outpatient or ER","2",12,Not Applicable,Not Applicable,Not Applicable,Not Applicable
,"San Bernardino County, CA","06071","Male","M","2023","2023","Accidental poisoning by and exposure to antiepileptic, sedative-hypnotic, antiparkinsonism and psychotropic drugs, not elsewhere classified","X41","Decedent's home","4",21,Not Applicable,Not Applicable,Not Applicable,Not Applicable
,"San Bernardino County, CA","06071","Male","M","2023","2023","Accidental poisoning by and exposure to antiepileptic, sedative-hypnotic, antiparkinsonism and psychotropic drugs, not elsewhere classified","X41","Other","7",19,Not Applicable,Not Applicable,Not Applicable,Not Applicable
,"San Bernardino County, CA","06071","Male","M","2023","2023","Accidental poisoning by and exposure to narcotics and psychodysleptics [hallucinogens], not elsewhere classified","X42","Medical Facility - Inpatient","1",23,Not Applicable,Not Applicable,Not Applicable,Not Applicable
,"San Bernardino County, CA","06071","Male","M","2023","2023","Accidental poisoning by and exposure to narcotics and psychodysleptics [hallucinogens], not elsewhere classified","X42","Medical Facility - Outpatient or ER","2",24,Not Applicable,Not Applicable,Not Applicable,Not Applicable
,"San Bernardino County, CA","06071","Male","M","2023","2023","Accidental poisoning by and exposure to narcotics and psychodysleptics [hallucinogens], not elsewhere classified","X42","Decedent's home","4",80,Not Applicable,Not Applicable,Not Applicable,Not Applicable
,"San Bernardino County, CA","06071","Male","M","2023","2023","Accidental poisoning by and exposure to narcotics and psychodysleptics [hallucinogens], not elsewhere classified","X42","Other","7",67,Not Applicable,Not Applicable,Not Applicable,Not Applicable
,"San Bernardino County, CA","06071","Male","M","2023","2023","Accidental poisoning by and exposure to other and unspecified drugs, medicaments and biological substances","X44","Medical Facility - Inpatient","1",14,Not Applicable,Not Applicable,Not Applicable,Not Applicable
,"San Bernardino County, CA","06071","Male","M","2023","2023","Accidental poisoning by and exposure to other and unspecified drugs, medicaments and biological substances","X44","Medical Facility - Outpatient or ER","2",28,Not Applicable,Not Applicable,Not Applicable,Not Applicable
,"San Bernardino County, CA","06071","Male","M","2023","2023","Accidental poisoning by and exposure to other and unspecified drugs, medicaments and biological substances","X44","Decedent's home","4",49,Not Applicable,Not Applicable,Not Applicable,Not Applicable
,"San Bernardino County, CA","06071","Male","M","2023","2023","Accidental poisoning by and exposure to other and unspecified drugs, medicaments and biological substances","X44","Other","7",95,Not Applicable,Not Applicable,Not Applicable,Not Applicable
,"San Diego County, CA","06073","Female","F","2023","2023","Accidental poisoning by and exposure to antiepileptic, sedative-hypnotic, antiparkinsonism and psychotropic drugs, not elsewhere classified","X41","Decedent's home","4",23,Not Applicable,Not Applicable,Not Applicable,Not Applicable
,"San Diego County, CA","06073","Female","F","2023","2023","Accidental poisoning by and exposure to antiepileptic, sedative-hypnotic, antiparkinsonism and psychotropic drugs, not elsewhere classified","X41","Other","7",10,Not Applicable,Not Applicable,Not Applicable,Not Applicable
,"San Diego County, CA","06073","Female","F","2023","2023","Accidental poisoning by and exposure to narcotics and psychodysleptics [hallucinogens], not elsewhere classified","X42","Decedent's home","4",24,Not Applicable,Not Applicable,Not Applicable,Not Applicable
,"San Diego County, CA","06073","Female","F","2023","2023","Accidental poisoning by and exposure to narcotics and psychodysleptics [hallucinogens], not elsewhere classified","X42","Other","7",15,Not Applicable,Not Applicable,Not Applicable,Not Applicable
,"San Diego County, CA","06073","Female","F","2023","2023","Accidental poisoning by and exposure to other and unspecified drugs, medicaments and biological substances","X44","Medical Facility - Inpatient","1",14,Not Applicable,Not Applicable,Not Applicable,Not Applicable
,"San Diego County, CA","06073","Female","F","2023","2023","Accidental poisoning by and exposure to other and unspecified drugs, medicaments and biological substances","X44","Medical Facility - Outpatient or ER","2",13,Not Applicable,Not Applicable,Not Applicable,Not Applicable
,"San Diego County, CA","06073","Female","F","2023","2023","Accidental poisoning by and exposure to other and unspecified drugs, medicaments and biological substances","X44","Decedent's home","4",37,Not Applicable,Not Applicable,Not Applicable,Not Applicable
,"San Diego County, CA","06073","Female","F","2023","2023","Accidental poisoning by and exposure to other and unspecified drugs, medicaments and biological substances","X44","Other","7",37,Not Applicable,Not Applicable,Not Applicable,Not Applicable
,"San Diego County, CA","06073","Male","M","2023","2023","Accidental poisoning by and exposure to antiepileptic, sedative-hypnotic, antiparkinsonism and psychotropic drugs, not elsewhere classified","X41","Medical Facility - Inpatient","1",19,Not Applicable,Not Applicable,Not Applicable,Not Applicable
,"San Diego County, CA","06073","Male","M","2023","2023","Accidental poisoning by and exposure to antiepileptic, sedative-hypnotic, antiparkinsonism and psychotropic drugs, not elsewhere classified","X41","Medical Facility - Outpatient or ER","2",15,Not Applicable,Not Applicable,Not Applicable,Not Applicable
,"San Diego County, CA","06073","Male","M","2023","2023","Accidental poisoning by and exposure to antiepileptic, sedative-hypnotic, antiparkinsonism and psychotropic drugs, not elsewhere classified","X41","Decedent's home","4",54,Not Applicable,Not Applicable,Not Applicable,Not Applicable
,"San Diego County, CA","06073","Male","M","2023","2023","Accidental poisoning by and exposure to antiepileptic, sedative-hypnotic, antiparkinsonism and psychotropic drugs, not elsewhere classified","X41","Other","7",38,Not Applicable,Not Applicable,Not Applicable,Not Applicable
,"San Diego County, CA","06073","Male","M","2023","2023","Accidental poisoning by and exposure to narcotics and psychodysleptics [hallucinogens], not elsewhere classified","X42","Medical Facility - Inpatient","1",25,Not Applicable,Not Applicable,Not Applicable,Not Applicable
,"San Diego County, CA","06073","Male","M","2023","2023","Accidental poisoning by and exposure to narcotics and psychodysleptics [hallucinogens], not elsewhere classified","X42","Medical Facility - Outpatient or ER","2",25,Not Applicable,Not Applicable,Not Applicable,Not Applicable
,"San Diego County, CA","06073","Male","M","2023","2023","Accidental poisoning by and exposure to narcotics and psychodysleptics [hallucinogens], not elsewhere classified","X42","Decedent's home","4",97,Not Applicable,Not Applicable,Not Applicable,Not Applicable
,"San Diego County, CA","06073","Male","M","2023","2023","Accidental poisoning by and exposure to narcotics and psychodysleptics [hallucinogens], not elsewhere classified","X42","Other","7",58,Not Applicable,Not Applicable,Not Applicable,Not Applicable
,"San Diego County, CA","06073","Male","M","2023","2023","Accidental poisoning by and exposure to other and unspecified drugs, medicaments and biological substances","X44","Medical Facility - Inpatient","1",37,Not Applicable,Not Applicable,Not Applicable,Not Applicable
,"San Diego County, CA","06073","Male","M","2023","2023","Accidental poisoning by and exposure to other and unspecified drugs, medicaments and biological substances","X44","Medical Facility - Outpatient or ER","2",31,Not Applicable,Not Applicable,Not Applicable,Not Applicable
,"San Diego County, CA","06073","Male","M","2023","2023","Accidental poisoning by and exposure to other and unspecified drugs, medicaments and biological substances","X44","Decedent's home","4",136,Not Applicable,Not Applicable,Not Applicable,Not Applicable
,"San Diego County, CA","06073","Male","M","2023","2023","Accidental poisoning by and exposure to other and unspecified drugs, medicaments and biological substances","X44","Other","7",139,Not Applicable,Not Applicable,Not Applicable,Not Applicable
,"San Francisco County, CA","06075","Female","F","2023","2023","Accidental poisoning by and exposure to narcotics and psychodysleptics [hallucinogens], not elsewhere classified","X42","Decedent's home","4",34,Not Applicable,Not Applicable,Not Applicable,Not Applicable
,"San Francisco County, CA","06075","Female","F","2023","2023","Accidental poisoning by and exposure to narcotics and psychodysleptics [hallucinogens], not elsewhere classified","X42","Other","7",11,Not Applicable,Not Applicable,Not Applicable,Not Applicable
,"San Francisco County, CA","06075","Female","F","2023","2023","Accidental poisoning by and exposure to other and unspecified drugs, medicaments and biological substances","X44","Decedent's home","4",34,Not Applicable,Not Applicable,Not Applicable,Not Applicable
,"San Francisco County, CA","06075","Female","F","2023","2023","Accidental poisoning by and exposure to other and unspecified drugs, medicaments and biological substances","X44","Other","7",17,Not Applicable,Not Applicable,Not Applicable,Not Applicable
,"San Francisco County, CA","06075","Male","M","2023","2023","Accidental poisoning by and exposure to antiepileptic, sedative-hypnotic, antiparkinsonism and psychotropic drugs, not elsewhere classified","X41","Decedent's home","4",29,Not Applicable,Not Applicable,Not Applicable,Not Applicable
,"San Francisco County, CA","06075","Male","M","2023","2023","Accidental poisoning by and exposure to narcotics and psychodysleptics [hallucinogens], not elsewhere classified","X42","Medical Facility - Inpatient","1",15,Not Applicable,Not Applicable,Not Applicable,Not Applicable
,"San Francisco County, CA","06075","Male","M","2023","2023","Accidental poisoning by and exposure to narcotics and psychodysleptics [hallucinogens], not elsewhere classified","X42","Decedent's home","4",141,Not Applicable,Not Applicable,Not Applicable,Not Applicable
,"San Francisco County, CA","06075","Male","M","2023","2023","Accidental poisoning by and exposure to narcotics and psychodysleptics [hallucinogens], not elsewhere classified","X42","Other","7",42,Not Applicable,Not Applicable,Not Applicable,Not Applicable
,"San Francisco County, CA","06075","Male","M","2023","2023","Accidental poisoning by and exposure to other and unspecified drugs, medicaments and biological substances","X44","Medical Facility - Inpatient","1",20,Not Applicable,Not Applicable,Not Applicable,Not Applicable
,"San Francisco County, CA","06075","Male","M","2023","2023","Accidental poisoning by and exposure to other and unspecified drugs, medicaments and biological substances","X44","Medical Facility - Outpatient or ER","2",12,Not Applicable,Not Applicable,Not Applicable,Not Applicable
,"San Francisco County, CA","06075","Male","M","2023","2023","Accidental poisoning by and exposure to other and unspecified drugs, medicaments and biological substances","X44","Decedent's home","4",121,Not Applicable,Not Applicable,Not Applicable,Not Applicable
,"San Francisco County, CA","06075","Male","M","2023","2023","Accidental poisoning by and exposure to other and unspecified drugs, medicaments and biological substances","X44","Other","7",71,Not Applicable,Not Applicable,Not Applicable,Not Applicable
,"San Joaquin County, CA","06077","Male","M","2023","2023","Accidental poisoning by and exposure to antiepileptic, sedative-hypnotic, antiparkinsonism and psychotropic drugs, not elsewhere classified","X41","Other","7",12,Not Applicable,Not Applicable,Not Applicable,Not Applicable
,"San Joaquin County, CA","06077","Male","M","2023","2023","Accidental poisoning by and exposure to narcotics and psychodysleptics [hallucinogens], not elsewhere classified","X42","Medical Facility - Inpatient","1",15,Not Applicable,Not Applicable,Not Applicable,Not Applicable
,"San Joaquin County, CA","06077","Male","M","2023","2023","Accidental poisoning by and exposure to narcotics and psychodysleptics [hallucinogens], not elsewhere classified","X42","Medical Facility - Outpatient or ER","2",10,Not Applicable,Not Applicable,Not Applicable,Not Applicable
,"San Joaquin County, CA","06077","Male","M","2023","2023","Accidental poisoning by and exposure to narcotics and psychodysleptics [hallucinogens], not elsewhere classified","X42","Decedent's home","4",30,Not Applicable,Not Applicable,Not Applicable,Not Applicable
,"San Joaquin County, CA","06077","Male","M","2023","2023","Accidental poisoning by and exposure to narcotics and psychodysleptics [hallucinogens], not elsewhere classified","X42","Other","7",23,Not Applicable,Not Applicable,Not Applicable,Not Applicable
,"San Joaquin County, CA","06077","Male","M","2023","2023","Accidental poisoning by and exposure to other and unspecified drugs, medicaments and biological substances","X44","Medical Facility - Outpatient or ER","2",12,Not Applicable,Not Applicable,Not Applicable,Not Applicable
,"San Joaquin County, CA","06077","Male","M","2023","2023","Accidental poisoning by and exposure to other and unspecified drugs, medicaments and biological substances","X44","Decedent's home","4",28,Not Applicable,Not Applicable,Not Applicable,Not Applicable
,"San Joaquin County, CA","06077","Male","M","2023","2023","Accidental poisoning by and exposure to other and unspecified drugs, medicaments and biological substances","X44","Other","7",43,Not Applicable,Not Applicable,Not Applicable,Not Applicable
,"San Luis Obispo County, CA","06079","Female","F","2023","2023","Accidental poisoning by and exposure to other and unspecified drugs, medicaments and biological substances","X44","Decedent's home","4",10,Not Applicable,Not Applicable,Not Applicable,Not Applicable
,"San Luis Obispo County, CA","06079","Male","M","2023","2023","Accidental poisoning by and exposure to narcotics and psychodysleptics [hallucinogens], not elsewhere classified","X42","Decedent's home","4",11,Not Applicable,Not Applicable,Not Applicable,Not Applicable
,"San Luis Obispo County, CA","06079","Male","M","2023","2023","Accidental poisoning by and exposure to other and unspecified drugs, medicaments and biological substances","X44","Decedent's home","4",19,Not Applicable,Not Applicable,Not Applicable,Not Applicable
,"San Luis Obispo County, CA","06079","Male","M","2023","2023","Accidental poisoning by and exposure to other and unspecified drugs, medicaments and biological substances","X44","Other","7",22,Not Applicable,Not Applicable,Not Applicable,Not Applicable
,"San Mateo County, CA","06081","Male","M","2023","2023","Accidental poisoning by and exposure to narcotics and psychodysleptics [hallucinogens], not elsewhere classified","X42","Decedent's home","4",13,Not Applicable,Not Applicable,Not Applicable,Not Applicable
,"San Mateo County, CA","06081","Male","M","2023","2023","Accidental poisoning by and exposure to narcotics and psychodysleptics [hallucinogens], not elsewhere classified","X42","Other","7",13,Not Applicable,Not Applicable,Not Applicable,Not Applicable
,"San Mateo County, CA","06081","Male","M","2023","2023","Accidental poisoning by and exposure to other and unspecified drugs, medicaments and biological substances","X44","Decedent's home","4",24,Not Applicable,Not Applicable,Not Applicable,Not Applicable
,"San Mateo County, CA","06081","Male","M","2023","2023","Accidental poisoning by and exposure to other and unspecified drugs, medicaments and biological substances","X44","Other","7",16,Not Applicable,Not Applicable,Not Applicable,Not Applicable
,"Santa Barbara County, CA","06083","Female","F","2023","2023","Accidental poisoning by and exposure to other and unspecified drugs, medicaments and biological substances","X44","Decedent's home","4",12,Not Applicable,Not Applicable,Not Applicable,Not Applicable
,"Santa Barbara County, CA","06083","Male","M","2023","2023","Accidental poisoning by and exposure to narcotics and psychodysleptics [hallucinogens], not elsewhere classified","X42","Decedent's home","4",10,Not Applicable,Not Applicable,Not Applicable,Not Applicable
,"Santa Barbara County, CA","06083","Male","M","2023","2023","Accidental poisoning by and exposure to other and unspecified drugs, medicaments and biological substances","X44","Decedent's home","4",28,Not Applicable,Not Applicable,Not Applicable,Not Applicable
,"Santa Barbara County, CA","06083","Male","M","2023","2023","Accidental poisoning by and exposure to other and unspecified drugs, medicaments and biological substances","X44","Other","7",29,Not Applicable,Not Applicable,Not Applicable,Not Applicable
,"Santa Clara County, CA","06085","Female","F","2023","2023","Accidental poisoning by and exposure to narcotics and psychodysleptics [hallucinogens], not elsewhere classified","X42","Decedent's home","4",11,Not Applicable,Not Applicable,Not Applicable,Not Applicable
,"Santa Clara County, CA","06085","Female","F","2023","2023","Accidental poisoning by and exposure to other and unspecified drugs, medicaments and biological substances","X44","Decedent's home","4",19,Not Applicable,Not Applicable,Not Applicable,Not Applicable
,"Santa Clara County, CA","06085","Female","F","2023","2023","Accidental poisoning by and exposure to other and unspecified drugs, medicaments and biological substances","X44","Other","7",10,Not Applicable,Not Applicable,Not Applicable,Not Applicable
,"Santa Clara County, CA","06085","Male","M","2023","2023","Accidental poisoning by and exposure to antiepileptic, sedative-hypnotic, antiparkinsonism and psychotropic drugs, not elsewhere classified","X41","Medical Facility - Inpatient","1",15,Not Applicable,Not Applicable,Not Applicable,Not Applicable
,"Santa Clara County, CA","06085","Male","M","2023","2023","Accidental poisoning by and exposure to antiepileptic, sedative-hypnotic, antiparkinsonism and psychotropic drugs, not elsewhere classified","X41","Medical Facility - Outpatient or ER","2",12,Not Applicable,Not Applicable,Not Applicable,Not Applicable
,"Santa Clara County, CA","06085","Male","M","2023","2023","Accidental poisoning by and exposure to antiepileptic, sedative-hypnotic, antiparkinsonism and psychotropic drugs, not elsewhere classified","X41","Decedent's home","4",28,Not Applicable,Not Applicable,Not Applicable,Not Applicable
,"Santa Clara County, CA","06085","Male","M","2023","2023","Accidental poisoning by and exposure to antiepileptic, sedative-hypnotic, antiparkinsonism and psychotropic drugs, not elsewhere classified","X41","Other","7",30,Not Applicable,Not Applicable,Not Applicable,Not Applicable
,"Santa Clara County, CA","06085","Male","M","2023","2023","Accidental poisoning by and exposure to narcotics and psychodysleptics [hallucinogens], not elsewhere classified","X42","Decedent's home","4",34,Not Applicable,Not Applicable,Not Applicable,Not Applicable
,"Santa Clara County, CA","06085","Male","M","2023","2023","Accidental poisoning by and exposure to narcotics and psychodysleptics [hallucinogens], not elsewhere classified","X42","Other","7",11,Not Applicable,Not Applicable,Not Applicable,Not Applicable
,"Santa Clara County, CA","06085","Male","M","2023","2023","Accidental poisoning by and exposure to other and unspecified drugs, medicaments and biological substances","X44","Medical Facility - Outpatient or ER","2",14,Not Applicable,Not Applicable,Not Applicable,Not Applicable
,"Santa Clara County, CA","06085","Male","M","2023","2023","Accidental poisoning by and exposure to other and unspecified drugs, medicaments and biological substances","X44","Decedent's home","4",37,Not Applicable,Not Applicable,Not Applicable,Not Applicable
,"Santa Clara County, CA","06085","Male","M","2023","2023","Accidental poisoning by and exposure to other and unspecified drugs, medicaments and biological substances","X44","Other","7",58,Not Applicable,Not Applicable,Not Applicable,Not Applicable
,"Santa Cruz County, CA","06087","Female","F","2023","2023","Accidental poisoning by and exposure to other and unspecified drugs, medicaments and biological substances","X44","Other","7",12,Not Applicable,Not Applicable,Not Applicable,Not Applicable
,"Santa Cruz County, CA","06087","Male","M","2023","2023","Accidental poisoning by and exposure to narcotics and psychodysleptics [hallucinogens], not elsewhere classified","X42","Decedent's home","4",14,Not Applicable,Not Applicable,Not Applicable,Not Applicable
,"Santa Cruz County, CA","06087","Male","M","2023","2023","Accidental poisoning by and exposure to narcotics and psychodysleptics [hallucinogens], not elsewhere classified","X42","Other","7",14,Not Applicable,Not Applicable,Not Applicable,Not Applicable
,"Santa Cruz County, CA","06087","Male","M","2023","2023","Accidental poisoning by and exposure to other and unspecified drugs, medicaments and biological substances","X44","Decedent's home","4",18,Not Applicable,Not Applicable,Not Applicable,Not Applicable
,"Santa Cruz County, CA","06087","Male","M","2023","2023","Accidental poisoning by and exposure to other and unspecified drugs, medicaments and biological substances","X44","Other","7",40,Not Applicable,Not Applicable,Not Applicable,Not Applicable
,"Shasta County, CA","06089","Male","M","2023","2023","Accidental poisoning by and exposure to narcotics and psychodysleptics [hallucinogens], not elsewhere classified","X42","Decedent's home","4",15,Not Applicable,Not Applicable,Not Applicable,Not Applicable
,"Shasta County, CA","06089","Male","M","2023","2023","Accidental poisoning by and exposure to narcotics and psychodysleptics [hallucinogens], not elsewhere classified","X42","Other","7",23,Not Applicable,Not Applicable,Not Applicable,Not Applicable
,"Solano County, CA","06095","Male","M","2023","2023","Accidental poisoning by and exposure to antiepileptic, sedative-hypnotic, antiparkinsonism and psychotropic drugs, not elsewhere classified","X41","Decedent's home","4",14,Not Applicable,Not Applicable,Not Applicable,Not Applicable
,"Solano County, CA","06095","Male","M","2023","2023","Accidental poisoning by and exposure to antiepileptic, sedative-hypnotic, antiparkinsonism and psychotropic drugs, not elsewhere classified","X41","Other","7",10,Not Applicable,Not Applicable,Not Applicable,Not Applicable
,"Solano County, CA","06095","Male","M","2023","2023","Accidental poisoning by and exposure to narcotics and psychodysleptics [hallucinogens], not elsewhere classified","X42","Other","7",15,Not Applicable,Not Applicable,Not Applicable,Not Applicable
,"Solano County, CA","06095","Male","M","2023","2023","Accidental poisoning by and exposure to other and unspecified drugs, medicaments and biological substances","X44","Decedent's home","4",15,Not Applicable,Not Applicable,Not Applicable,Not Applicable
,"Solano County, CA","06095","Male","M","2023","2023","Accidental poisoning by and exposure to other and unspecified drugs, medicaments and biological substances","X44","Other","7",28,Not Applicable,Not Applicable,Not Applicable,Not Applicable
,"Sonoma County, CA","06097","Female","F","2023","2023","Accidental poisoning by and exposure to other and unspecified drugs, medicaments and biological substances","X44","Decedent's home","4",19,Not Applicable,Not Applicable,Not Applicable,Not Applicable
,"Sonoma County, CA","06097","Male","M","2023","2023","Accidental poisoning by and exposure to narcotics and psychodysleptics [hallucinogens], not elsewhere classified","X42","Decedent's home","4",12,Not Applicable,Not Applicable,Not Applicable,Not Applicable
,"Sonoma County, CA","06097","Male","M","2023","2023","Accidental poisoning by and exposure to other and unspecified drugs, medicaments and biological substances","X44","Decedent's home","4",25,Not Applicable,Not Applicable,Not Applicable,Not Applicable
,"Sonoma County, CA","06097","Male","M","2023","2023","Accidental poisoning by and exposure to other and unspecified drugs, medicaments and biological substances","X44","Other","7",17,Not Applicable,Not Applicable,Not Applicable,Not Applicable
,"Stanislaus County, CA","06099","Female","F","2023","2023","Accidental poisoning by and exposure to other and unspecified drugs, medicaments and biological substances","X44","Decedent's home","4",11,Not Applicable,Not Applicable,Not Applicable,Not Applicable
,"Stanislaus County, CA","06099","Male","M","2023","2023","Accidental poisoning by and exposure to antiepileptic, sedative-hypnotic, antiparkinsonism and psychotropic drugs, not elsewhere classified","X41","Decedent's home","4",11,Not Applicable,Not Applicable,Not Applicable,Not Applicable
,"Stanislaus County, CA","06099","Male","M","2023","2023","Accidental poisoning by and exposure to narcotics and psychodysleptics [hallucinogens], not elsewhere classified","X42","Decedent's home","4",29,Not Applicable,Not Applicable,Not Applicable,Not Applicable
,"Stanislaus County, CA","06099","Male","M","2023","2023","Accidental poisoning by and exposure to narcotics and psychodysleptics [hallucinogens], not elsewhere classified","X42","Other","7",21,Not Applicable,Not Applicable,Not Applicable,Not Applicable
,"Stanislaus County, CA","06099","Male","M","2023","2023","Accidental poisoning by and exposure to other and unspecified drugs, medicaments and biological substances","X44","Decedent's home","4",27,Not Applicable,Not Applicable,Not Applicable,Not Applicable
,"Stanislaus County, CA","06099","Male","M","2023","2023","Accidental poisoning by and exposure to other and unspecified drugs, medicaments and biological substances","X44","Other","7",30,Not Applicable,Not Applicable,Not Applicable,Not Applicable
,"Tulare County, CA","06107","Male","M","2023","2023","Accidental poisoning by and exposure to antiepileptic, sedative-hypnotic, antiparkinsonism and psychotropic drugs, not elsewhere classified","X41","Other","7",11,Not Applicable,Not Applicable,Not Applicable,Not Applicable
,"Tulare County, CA","06107","Male","M","2023","2023","Accidental poisoning by and exposure to other and unspecified drugs, medicaments and biological substances","X44","Decedent's home","4",10,Not Applicable,Not Applicable,Not Applicable,Not Applicable
,"Tulare County, CA","06107","Male","M","2023","2023","Accidental poisoning by and exposure to other and unspecified drugs, medicaments and biological substances","X44","Other","7",10,Not Applicable,Not Applicable,Not Applicable,Not Applicable
,"Ventura County, CA","06111","Female","F","2023","2023","Accidental poisoning by and exposure to other and unspecified drugs, medicaments and biological substances","X44","Decedent's home","4",14,Not Applicable,Not Applicable,Not Applicable,Not Applicable
,"Ventura County, CA","06111","Male","M","2023","2023","Accidental poisoning by and exposure to narcotics and psychodysleptics [hallucinogens], not elsewhere classified","X42","Decedent's home","4",38,Not Applicable,Not Applicable,Not Applicable,Not Applicable
,"Ventura County, CA","06111","Male","M","2023","2023","Accidental poisoning by and exposure to narcotics and psychodysleptics [hallucinogens], not elsewhere classified","X42","Other","7",29,Not Applicable,Not Applicable,Not Applicable,Not Applicable
,"Ventura County, CA","06111","Male","M","2023","2023","Accidental poisoning by and exposure to other and unspecified drugs, medicaments and biological substances","X44","Medical Facility - Inpatient","1",10,Not Applicable,Not Applicable,Not Applicable,Not Applicable
,"Ventura County, CA","06111","Male","M","2023","2023","Accidental poisoning by and exposure to other and unspecified drugs, medicaments and biological substances","X44","Decedent's home","4",49,Not Applicable,Not Applicable,Not Applicable,Not Applicable
,"Ventura County, CA","06111","Male","M","2023","2023","Accidental poisoning by and exposure to other and unspecified drugs, medicaments and biological substances","X44","Other","7",44,Not Applicable,Not Applicable,Not Applicable,Not Applicable
,"Yolo County, CA","06113","Male","M","2023","2023","Accidental poisoning by and exposure to other and unspecified drugs, medicaments and biological substances","X44","Other","7",10,Not Applicable,Not Applicable,Not Applicable,Not Applicable
,"Adams County, CO","08001","Female","F","2023","2023","Accidental poisoning by and exposure to other and unspecified drugs, medicaments and biological substances","X44","Decedent's home","4",16,Not Applicable,Not Applicable,Not Applicable,Not Applicable
,"Adams County, CO","08001","Female","F","2023","2023","Accidental poisoning by and exposure to other and unspecified drugs, medicaments and biological substances","X44","Other","7",12,Not Applicable,Not Applicable,Not Applicable,Not Applicable
,"Adams County, CO","08001","Male","M","2023","2023","Accidental poisoning by and exposure to narcotics and psychodysleptics [hallucinogens], not elsewhere classified","X42","Decedent's home","4",39,Not Applicable,Not Applicable,Not Applicable,Not Applicable
,"Adams County, CO","08001","Male","M","2023","2023","Accidental poisoning by and exposure to narcotics and psychodysleptics [hallucinogens], not elsewhere classified","X42","Other","7",13,Not Applicable,Not Applicable,Not Applicable,Not Applicable
,"Adams County, CO","08001","Male","M","2023","2023","Accidental poisoning by and exposure to other and unspecified drugs, medicaments and biological substances","X44","Decedent's home","4",24,Not Applicable,Not Applicable,Not Applicable,Not Applicable
,"Adams County, CO","08001","Male","M","2023","2023","Accidental poisoning by and exposure to other and unspecified drugs, medicaments and biological substances","X44","Other","7",22,Not Applicable,Not Applicable,Not Applicable,Not Applicable
,"Arapahoe County, CO","08005","Female","F","2023","2023","Accidental poisoning by and exposure to other and unspecified drugs, medicaments and biological substances","X44","Decedent's home","4",20,Not Applicable,Not Applicable,Not Applicable,Not Applicable
,"Arapahoe County, CO","08005","Male","M","2023","2023","Accidental poisoning by and exposure to narcotics and psychodysleptics [hallucinogens], not elsewhere classified","X42","Decedent's home","4",28,Not Applicable,Not Applicable,Not Applicable,Not Applicable
,"Arapahoe County, CO","08005","Male","M","2023","2023","Accidental poisoning by and exposure to narcotics and psychodysleptics [hallucinogens], not elsewhere classified","X42","Other","7",23,Not Applicable,Not Applicable,Not Applicable,Not Applicable
,"Arapahoe County, CO","08005","Male","M","2023","2023","Accidental poisoning by and exposure to other and unspecified drugs, medicaments and biological substances","X44","Decedent's home","4",23,Not Applicable,Not Applicable,Not Applicable,Not Applicable
,"Arapahoe County, CO","08005","Male","M","2023","2023","Accidental poisoning by and exposure to other and unspecified drugs, medicaments and biological substances","X44","Other","7",15,Not Applicable,Not Applicable,Not Applicable,Not Applicable
,"Boulder County, CO","08013","Male","M","2023","2023","Accidental poisoning by and exposure to narcotics and psychodysleptics [hallucinogens], not elsewhere classified","X42","Decedent's home","4",15,Not Applicable,Not Applicable,Not Applicable,Not Applicable
,"Boulder County, CO","08013","Male","M","2023","2023","Accidental poisoning by and exposure to other and unspecified drugs, medicaments and biological substances","X44","Other","7",10,Not Applicable,Not Applicable,Not Applicable,Not Applicable
,"Denver County, CO","08031","Female","F","2023","2023","Accidental poisoning by and exposure to narcotics and psychodysleptics [hallucinogens], not elsewhere classified","X42","Decedent's home","4",12,Not Applicable,Not Applicable,Not Applicable,Not Applicable
,"Denver County, CO","08031","Female","F","2023","2023","Accidental poisoning by and exposure to other and unspecified drugs, medicaments and biological substances","X44","Decedent's home","4",21,Not Applicable,Not Applicable,Not Applicable,Not Applicable
,"Denver County, CO","08031","Male","M","2023","2023","Accidental poisoning by and exposure to antiepileptic, sedative-hypnotic, antiparkinsonism and psychotropic drugs, not elsewhere classified","X41","Decedent's home","4",16,Not Applicable,Not Applicable,Not Applicable,Not Applicable
,"Denver County, CO","08031","Male","M","2023","2023","Accidental poisoning by and exposure to narcotics and psychodysleptics [hallucinogens], not elsewhere classified","X42","Decedent's home","4",48,Not Applicable,Not Applicable,Not Applicable,Not Applicable
,"Denver County, CO","08031","Male","M","2023","2023","Accidental poisoning by and exposure to narcotics and psychodysleptics [hallucinogens], not elsewhere classified","X42","Other","7",28,Not Applicable,Not Applicable,Not Applicable,Not Applicable
,"Denver County, CO","08031","Male","M","2023","2023","Accidental poisoning by and exposure to other and unspecified drugs, medicaments and biological substances","X44","Medical Facility - Inpatient","1",14,Not Applicable,Not Applicable,Not Applicable,Not Applicable
,"Denver County, CO","08031","Male","M","2023","2023","Accidental poisoning by and exposure to other and unspecified drugs, medicaments and biological substances","X44","Decedent's home","4",70,Not Applicable,Not Applicable,Not Applicable,Not Applicable
,"Denver County, CO","08031","Male","M","2023","2023","Accidental poisoning by and exposure to other and unspecified drugs, medicaments and biological substances","X44","Other","7",42,Not Applicable,Not Applicable,Not Applicable,Not Applicable
,"Douglas County, CO","08035","Male","M","2023","2023","Accidental poisoning by and exposure to narcotics and psychodysleptics [hallucinogens], not elsewhere classified","X42","Decedent's home","4",13,Not Applicable,Not Applicable,Not Applicable,Not Applicable
,"El Paso County, CO","08041","Female","F","2023","2023","Accidental poisoning by and exposure to narcotics and psychodysleptics [hallucinogens], not elsewhere classified","X42","Decedent's home","4",17,Not Applicable,Not Applicable,Not Applicable,Not Applicable
,"El Paso County, CO","08041","Female","F","2023","2023","Accidental poisoning by and exposure to narcotics and psychodysleptics [hallucinogens], not elsewhere classified","X42","Other","7",13,Not Applicable,Not Applicable,Not Applicable,Not Applicable
,"El Paso County, CO","08041","Female","F","2023","2023","Accidental poisoning by and exposure to other and unspecified drugs, medicaments and biological substances","X44","Decedent's home","4",14,Not Applicable,Not Applicable,Not Applicable,Not Applicable
,"El Paso County, CO","08041","Female","F","2023","2023","Accidental poisoning by and exposure to other and unspecified drugs, medicaments and biological substances","X44","Other","7",28,Not Applicable,Not Applicable,Not Applicable,Not Applicable
,"El Paso County, CO","08041","Male","M","2023","2023","Accidental poisoning by and exposure to antiepileptic, sedative-hypnotic, antiparkinsonism and psychotropic drugs, not elsewhere classified","X41","Other","7",30,Not Applicable,Not Applicable,Not Applicable,Not Applicable
,"El Paso County, CO","08041","Male","M","2023","2023","Accidental poisoning by and exposure to narcotics and psychodysleptics [hallucinogens], not elsewhere classified","X42","Decedent's home","4",27,Not Applicable,Not Applicable,Not Applicable,Not Applicable
,"El Paso County, CO","08041","Male","M","2023","2023","Accidental poisoning by and exposure to narcotics and psychodysleptics [hallucinogens], not elsewhere classified","X42","Other","7",55,Not Applicable,Not Applicable,Not Applicable,Not Applicable
,"El Paso County, CO","08041","Male","M","2023","2023","Accidental poisoning by and exposure to other and unspecified drugs, medicaments and biological substances","X44","Medical Facility - Inpatient","1",11,Not Applicable,Not Applicable,Not Applicable,Not Applicable
,"El Paso County, CO","08041","Male","M","2023","2023","Accidental poisoning by and exposure to other and unspecified drugs, medicaments and biological substances","X44","Medical Facility - Outpatient or ER","2",11,Not Applicable,Not Applicable,Not Applicable,Not Applicable
,"El Paso County, CO","08041","Male","M","2023","2023","Accidental poisoning by and exposure to other and unspecified drugs, medicaments and biological substances","X44","Decedent's home","4",24,Not Applicable,Not Applicable,Not Applicable,Not Applicable
,"El Paso County, CO","08041","Male","M","2023","2023","Accidental poisoning by and exposure to other and unspecified drugs, medicaments and biological substances","X44","Other","7",111,Not Applicable,Not Applicable,Not Applicable,Not Applicable
,"Jefferson County, CO","08059","Female","F","2023","2023","Accidental poisoning by and exposure to other and unspecified drugs, medicaments and biological substances","X44","Decedent's home","4",16,Not Applicable,Not Applicable,Not Applicable,Not Applicable
,"Jefferson County, CO","08059","Male","M","2023","2023","Accidental poisoning by and exposure to narcotics and psychodysleptics [hallucinogens], not elsewhere classified","X42","Decedent's home","4",21,Not Applicable,Not Applicable,Not Applicable,Not Applicable
,"Jefferson County, CO","08059","Male","M","2023","2023","Accidental poisoning by and exposure to other and unspecified drugs, medicaments and biological substances","X44","Decedent's home","4",36,Not Applicable,Not Applicable,Not Applicable,Not Applicable
,"Jefferson County, CO","08059","Male","M","2023","2023","Accidental poisoning by and exposure to other and unspecified drugs, medicaments and biological substances","X44","Other","7",19,Not Applicable,Not Applicable,Not Applicable,Not Applicable
,"Larimer County, CO","08069","Male","M","2023","2023","Accidental poisoning by and exposure to narcotics and psychodysleptics [hallucinogens], not elsewhere classified","X42","Decedent's home","4",11,Not Applicable,Not Applicable,Not Applicable,Not Applicable
,"Pueblo County, CO","08101","Male","M","2023","2023","Accidental poisoning by and exposure to narcotics and psychodysleptics [hallucinogens], not elsewhere classified","X42","Decedent's home","4",10,Not Applicable,Not Applicable,Not Applicable,Not Applicable
,"Pueblo County, CO","08101","Male","M","2023","2023","Accidental poisoning by and exposure to other and unspecified drugs, medicaments and biological substances","X44","Decedent's home","4",14,Not Applicable,Not Applicable,Not Applicable,Not Applicable
,"Weld County, CO","08123","Male","M","2023","2023","Accidental poisoning by and exposure to narcotics and psychodysleptics [hallucinogens], not elsewhere classified","X42","Decedent's home","4",13,Not Applicable,Not Applicable,Not Applicable,Not Applicable
,"Fairfield County, CT","09001","Female","F","2023","2023","Accidental poisoning by and exposure to narcotics and psychodysleptics [hallucinogens], not elsewhere classified","X42","Decedent's home","4",14,Not Applicable,Not Applicable,Not Applicable,Not Applicable
,"Fairfield County, CT","09001","Female","F","2023","2023","Accidental poisoning by and exposure to other and unspecified drugs, medicaments and biological substances","X44","Medical Facility - Outpatient or ER","2",10,Not Applicable,Not Applicable,Not Applicable,Not Applicable
,"Fairfield County, CT","09001","Female","F","2023","2023","Accidental poisoning by and exposure to other and unspecified drugs, medicaments and biological substances","X44","Decedent's home","4",15,Not Applicable,Not Applicable,Not Applicable,Not Applicable
,"Fairfield County, CT","09001","Male","M","2023","2023","Accidental poisoning by and exposure to narcotics and psychodysleptics [hallucinogens], not elsewhere classified","X42","Medical Facility - Inpatient","1",12,Not Applicable,Not Applicable,Not Applicable,Not Applicable
,"Fairfield County, CT","09001","Male","M","2023","2023","Accidental poisoning by and exposure to narcotics and psychodysleptics [hallucinogens], not elsewhere classified","X42","Medical Facility - Outpatient or ER","2",15,Not Applicable,Not Applicable,Not Applicable,Not Applicable
,"Fairfield County, CT","09001","Male","M","2023","2023","Accidental poisoning by and exposure to narcotics and psychodysleptics [hallucinogens], not elsewhere classified","X42","Decedent's home","4",40,Not Applicable,Not Applicable,Not Applicable,Not Applicable
,"Fairfield County, CT","09001","Male","M","2023","2023","Accidental poisoning by and exposure to narcotics and psychodysleptics [hallucinogens], not elsewhere classified","X42","Other","7",24,Not Applicable,Not Applicable,Not Applicable,Not Applicable
,"Fairfield County, CT","09001","Male","M","2023","2023","Accidental poisoning by and exposure to other and unspecified drugs, medicaments and biological substances","X44","Medical Facility - Outpatient or ER","2",13,Not Applicable,Not Applicable,Not Applicable,Not Applicable
,"Fairfield County, CT","09001","Male","M","2023","2023","Accidental poisoning by and exposure to other and unspecified drugs, medicaments and biological substances","X44","Decedent's home","4",47,Not Applicable,Not Applicable,Not Applicable,Not Applicable
,"Fairfield County, CT","09001","Male","M","2023","2023","Accidental poisoning by and exposure to other and unspecified drugs, medicaments and biological substances","X44","Other","7",22,Not Applicable,Not Applicable,Not Applicable,Not Applicable
,"Hartford County, CT","09003","Female","F","2023","2023","Accidental poisoning by and exposure to other and unspecified drugs, medicaments and biological substances","X44","Medical Facility - Outpatient or ER","2",11,Not Applicable,Not Applicable,Not Applicable,Not Applicable
,"Hartford County, CT","09003","Female","F","2023","2023","Accidental poisoning by and exposure to other and unspecified drugs, medicaments and biological substances","X44","Decedent's home","4",33,Not Applicable,Not Applicable,Not Applicable,Not Applicable
,"Hartford County, CT","09003","Female","F","2023","2023","Accidental poisoning by and exposure to other and unspecified drugs, medicaments and biological substances","X44","Other","7",14,Not Applicable,Not Applicable,Not Applicable,Not Applicable
,"Hartford County, CT","09003","Male","M","2023","2023","Accidental poisoning by and exposure to narcotics and psychodysleptics [hallucinogens], not elsewhere classified","X42","Medical Facility - Inpatient","1",21,Not Applicable,Not Applicable,Not Applicable,Not Applicable
,"Hartford County, CT","09003","Male","M","2023","2023","Accidental poisoning by and exposure to narcotics and psychodysleptics [hallucinogens], not elsewhere classified","X42","Medical Facility - Outpatient or ER","2",22,Not Applicable,Not Applicable,Not Applicable,Not Applicable
,"Hartford County, CT","09003","Male","M","2023","2023","Accidental poisoning by and exposure to narcotics and psychodysleptics [hallucinogens], not elsewhere classified","X42","Decedent's home","4",56,Not Applicable,Not Applicable,Not Applicable,Not Applicable
,"Hartford County, CT","09003","Male","M","2023","2023","Accidental poisoning by and exposure to narcotics and psychodysleptics [hallucinogens], not elsewhere classified","X42","Other","7",37,Not Applicable,Not Applicable,Not Applicable,Not Applicable
,"Hartford County, CT","09003","Male","M","2023","2023","Accidental poisoning by and exposure to other and unspecified drugs, medicaments and biological substances","X44","Medical Facility - Outpatient or ER","2",16,Not Applicable,Not Applicable,Not Applicable,Not Applicable
,"Hartford County, CT","09003","Male","M","2023","2023","Accidental poisoning by and exposure to other and unspecified drugs, medicaments and biological substances","X44","Decedent's home","4",63,Not Applicable,Not Applicable,Not Applicable,Not Applicable
,"Hartford County, CT","09003","Male","M","2023","2023","Accidental poisoning by and exposure to other and unspecified drugs, medicaments and biological substances","X44","Other","7",32,Not Applicable,Not Applicable,Not Applicable,Not Applicable
,"Litchfield County, CT","09005","Male","M","2023","2023","Accidental poisoning by and exposure to narcotics and psychodysleptics [hallucinogens], not elsewhere classified","X42","Decedent's home","4",10,Not Applicable,Not Applicable,Not Applicable,Not Applicable
,"Litchfield County, CT","09005","Male","M","2023","2023","Accidental poisoning by and exposure to other and unspecified drugs, medicaments and biological substances","X44","Decedent's home","4",13,Not Applicable,Not Applicable,Not Applicable,Not Applicable
,"Middlesex County, CT","09007","Male","M","2023","2023","Accidental poisoning by and exposure to other and unspecified drugs, medicaments and biological substances","X44","Decedent's home","4",13,Not Applicable,Not Applicable,Not Applicable,Not Applicable
,"New Haven County, CT","09009","Female","F","2023","2023","Accidental poisoning by and exposure to narcotics and psychodysleptics [hallucinogens], not elsewhere classified","X42","Decedent's home","4",14,Not Applicable,Not Applicable,Not Applicable,Not Applicable
,"New Haven County, CT","09009","Female","F","2023","2023","Accidental poisoning by and exposure to other and unspecified drugs, medicaments and biological substances","X44","Decedent's home","4",33,Not Applicable,Not Applicable,Not Applicable,Not Applicable
,"New Haven County, CT","09009","Female","F","2023","2023","Accidental poisoning by and exposure to other and unspecified drugs, medicaments and biological substances","X44","Other","7",10,Not Applicable,Not Applicable,Not Applicable,Not Applicable
,"New Haven County, CT","09009","Male","M","2023","2023","Accidental poisoning by and exposure to narcotics and psychodysleptics [hallucinogens], not elsewhere classified","X42","Medical Facility - Inpatient","1",22,Not Applicable,Not Applicable,Not Applicable,Not Applicable
,"New Haven County, CT","09009","Male","M","2023","2023","Accidental poisoning by and exposure to narcotics and psychodysleptics [hallucinogens], not elsewhere classified","X42","Medical Facility - Outpatient or ER","2",18,Not Applicable,Not Applicable,Not Applicable,Not Applicable
,"New Haven County, CT","09009","Male","M","2023","2023","Accidental poisoning by and exposure to narcotics and psychodysleptics [hallucinogens], not elsewhere classified","X42","Decedent's home","4",86,Not Applicable,Not Applicable,Not Applicable,Not Applicable
,"New Haven County, CT","09009","Male","M","2023","2023","Accidental poisoning by and exposure to narcotics and psychodysleptics [hallucinogens], not elsewhere classified","X42","Other","7",45,Not Applicable,Not Applicable,Not Applicable,Not Applicable
,"New Haven County, CT","09009","Male","M","2023","2023","Accidental poisoning by and exposure to other and unspecified drugs, medicaments and biological substances","X44","Medical Facility - Inpatient","1",12,Not Applicable,Not Applicable,Not Applicable,Not Applicable
,"New Haven County, CT","09009","Male","M","2023","2023","Accidental poisoning by and exposure to other and unspecified drugs, medicaments and biological substances","X44","Medical Facility - Outpatient or ER","2",20,Not Applicable,Not Applicable,Not Applicable,Not Applicable
,"New Haven County, CT","09009","Male","M","2023","2023","Accidental poisoning by and exposure to other and unspecified drugs, medicaments and biological substances","X44","Decedent's home","4",85,Not Applicable,Not Applicable,Not Applicable,Not Applicable
,"New Haven County, CT","09009","Male","M","2023","2023","Accidental poisoning by and exposure to other and unspecified drugs, medicaments and biological substances","X44","Other","7",29,Not Applicable,Not Applicable,Not Applicable,Not Applicable
,"New London County, CT","09011","Male","M","2023","2023","Accidental poisoning by and exposure to narcotics and psychodysleptics [hallucinogens], not elsewhere classified","X42","Decedent's home","4",14,Not Applicable,Not Applicable,Not Applicable,Not Applicable
,"New London County, CT","09011","Male","M","2023","2023","Accidental poisoning by and exposure to other and unspecified drugs, medicaments and biological substances","X44","Decedent's home","4",21,Not Applicable,Not Applicable,Not Applicable,Not Applicable
,"Windham County, CT","09015","Male","M","2023","2023","Accidental poisoning by and exposure to other and unspecified drugs, medicaments and biological substances","X44","Decedent's home","4",12,Not Applicable,Not Applicable,Not Applicable,Not Applicable
,"Kent County, DE","10001","Male","M","2023","2023","Accidental poisoning by and exposure to narcotics and psychodysleptics [hallucinogens], not elsewhere classified","X42","Decedent's home","4",21,Not Applicable,Not Applicable,Not Applicable,Not Applicable
,"Kent County, DE","10001","Male","M","2023","2023","Accidental poisoning by and exposure to narcotics and psychodysleptics [hallucinogens], not elsewhere classified","X42","Other","7",21,Not Applicable,Not Applicable,Not Applicable,Not Applicable
,"New Castle County, DE","10003","Female","F","2023","2023","Accidental poisoning by and exposure to narcotics and psychodysleptics [hallucinogens], not elsewhere classified","X42","Decedent's home","4",42,Not Applicable,Not Applicable,Not Applicable,Not Applicable
,"New Castle County, DE","10003","Female","F","2023","2023","Accidental poisoning by and exposure to narcotics and psychodysleptics [hallucinogens], not elsewhere classified","X42","Other","7",19,Not Applicable,Not Applicable,Not Applicable,Not Applicable
,"New Castle County, DE","10003","Male","M","2023","2023","Accidental poisoning by and exposure to narcotics and psychodysleptics [hallucinogens], not elsewhere classified","X42","Medical Facility - Inpatient","1",13,Not Applicable,Not Applicable,Not Applicable,Not Applicable
,"New Castle County, DE","10003","Male","M","2023","2023","Accidental poisoning by and exposure to narcotics and psychodysleptics [hallucinogens], not elsewhere classified","X42","Medical Facility - Outpatient or ER","2",13,Not Applicable,Not Applicable,Not Applicable,Not Applicable
,"New Castle County, DE","10003","Male","M","2023","2023","Accidental poisoning by and exposure to narcotics and psychodysleptics [hallucinogens], not elsewhere classified","X42","Decedent's home","4",64,Not Applicable,Not Applicable,Not Applicable,Not Applicable
,"New Castle County, DE","10003","Male","M","2023","2023","Accidental poisoning by and exposure to narcotics and psychodysleptics [hallucinogens], not elsewhere classified","X42","Other","7",49,Not Applicable,Not Applicable,Not Applicable,Not Applicable
,"New Castle County, DE","10003","Male","M","2023","2023","Accidental poisoning by and exposure to other and unspecified drugs, medicaments and biological substances","X44","Decedent's home","4",16,Not Applicable,Not Applicable,Not Applicable,Not Applicable
,"New Castle County, DE","10003","Male","M","2023","2023","Accidental poisoning by and exposure to other and unspecified drugs, medicaments and biological substances","X44","Other","7",12,Not Applicable,Not Applicable,Not Applicable,Not Applicable
,"Sussex County, DE","10005","Female","F","2023","2023","Accidental poisoning by and exposure to narcotics and psychodysleptics [hallucinogens], not elsewhere classified","X42","Decedent's home","4",14,Not Applicable,Not Applicable,Not Applicable,Not Applicable
,"Sussex County, DE","10005","Male","M","2023","2023","Accidental poisoning by and exposure to narcotics and psychodysleptics [hallucinogens], not elsewhere classified","X42","Decedent's home","4",36,Not Applicable,Not Applicable,Not Applicable,Not Applicable
,"Sussex County, DE","10005","Male","M","2023","2023","Accidental poisoning by and exposure to narcotics and psychodysleptics [hallucinogens], not elsewhere classified","X42","Other","7",30,Not Applicable,Not Applicable,Not Applicable,Not Applicable
,"District of Columbia, DC","11001","Female","F","2023","2023","Accidental poisoning by and exposure to narcotics and psychodysleptics [hallucinogens], not elsewhere classified","X42","Decedent's home","4",48,Not Applicable,Not Applicable,Not Applicable,Not Applicable
,"District of Columbia, DC","11001","Female","F","2023","2023","Accidental poisoning by and exposure to narcotics and psychodysleptics [hallucinogens], not elsewhere classified","X42","Other","7",14,Not Applicable,Not Applicable,Not Applicable,Not Applicable
,"District of Columbia, DC","11001","Female","F","2023","2023","Accidental poisoning by and exposure to other and unspecified drugs, medicaments and biological substances","X44","Decedent's home","4",25,Not Applicable,Not Applicable,Not Applicable,Not Applicable
,"District of Columbia, DC","11001","Male","M","2023","2023","Accidental poisoning by and exposure to narcotics and psychodysleptics [hallucinogens], not elsewhere classified","X42","Medical Facility - Inpatient","1",16,Not Applicable,Not Applicable,Not Applicable,Not Applicable
,"District of Columbia, DC","11001","Male","M","2023","2023","Accidental poisoning by and exposure to narcotics and psychodysleptics [hallucinogens], not elsewhere classified","X42","Medical Facility - Outpatient or ER","2",11,Not Applicable,Not Applicable,Not Applicable,Not Applicable
,"District of Columbia, DC","11001","Male","M","2023","2023","Accidental poisoning by and exposure to narcotics and psychodysleptics [hallucinogens], not elsewhere classified","X42","Decedent's home","4",94,Not Applicable,Not Applicable,Not Applicable,Not Applicable
,"District of Columbia, DC","11001","Male","M","2023","2023","Accidental poisoning by and exposure to narcotics and psychodysleptics [hallucinogens], not elsewhere classified","X42","Other","7",57,Not Applicable,Not Applicable,Not Applicable,Not Applicable
,"District of Columbia, DC","11001","Male","M","2023","2023","Accidental poisoning by and exposure to other and unspecified drugs, medicaments and biological substances","X44","Decedent's home","4",40,Not Applicable,Not Applicable,Not Applicable,Not Applicable
,"District of Columbia, DC","11001","Male","M","2023","2023","Accidental poisoning by and exposure to other and unspecified drugs, medicaments and biological substances","X44","Other","7",36,Not Applicable,Not Applicable,Not Applicable,Not Applicable
,"Alachua County, FL","12001","Male","M","2023","2023","Accidental poisoning by and exposure to narcotics and psychodysleptics [hallucinogens], not elsewhere classified","X42","Other","7",11,Not Applicable,Not Applicable,Not Applicable,Not Applicable
,"Bay County, FL","12005","Male","M","2023","2023","Accidental poisoning by and exposure to other and unspecified drugs, medicaments and biological substances","X44","Other","7",10,Not Applicable,Not Applicable,Not Applicable,Not Applicable
,"Brevard County, FL","12009","Female","F","2023","2023","Accidental poisoning by and exposure to narcotics and psychodysleptics [hallucinogens], not elsewhere classified","X42","Decedent's home","4",13,Not Applicable,Not Applicable,Not Applicable,Not Applicable
,"Brevard County, FL","12009","Female","F","2023","2023","Accidental poisoning by and exposure to other and unspecified drugs, medicaments and biological substances","X44","Decedent's home","4",25,Not Applicable,Not Applicable,Not Applicable,Not Applicable
,"Brevard County, FL","12009","Female","F","2023","2023","Accidental poisoning by and exposure to other and unspecified drugs, medicaments and biological substances","X44","Other","7",10,Not Applicable,Not Applicable,Not Applicable,Not Applicable
,"Brevard County, FL","12009","Male","M","2023","2023","Accidental poisoning by and exposure to narcotics and psychodysleptics [hallucinogens], not elsewhere classified","X42","Decedent's home","4",36,Not Applicable,Not Applicable,Not Applicable,Not Applicable
,"Brevard County, FL","12009","Male","M","2023","2023","Accidental poisoning by and exposure to narcotics and psychodysleptics [hallucinogens], not elsewhere classified","X42","Other","7",16,Not Applicable,Not Applicable,Not Applicable,Not Applicable
,"Brevard County, FL","12009","Male","M","2023","2023","Accidental poisoning by and exposure to other and unspecified drugs, medicaments and biological substances","X44","Medical Facility - Outpatient or ER","2",10,Not Applicable,Not Applicable,Not Applicable,Not Applicable
,"Brevard County, FL","12009","Male","M","2023","2023","Accidental poisoning by and exposure to other and unspecified drugs, medicaments and biological substances","X44","Decedent's home","4",47,Not Applicable,Not Applicable,Not Applicable,Not Applicable
,"Brevard County, FL","12009","Male","M","2023","2023","Accidental poisoning by and exposure to other and unspecified drugs, medicaments and biological substances","X44","Other","7",29,Not Applicable,Not Applicable,Not Applicable,Not Applicable
,"Broward County, FL","12011","Female","F","2023","2023","Accidental poisoning by and exposure to narcotics and psychodysleptics [hallucinogens], not elsewhere classified","X42","Decedent's home","4",24,Not Applicable,Not Applicable,Not Applicable,Not Applicable
,"Broward County, FL","12011","Female","F","2023","2023","Accidental poisoning by and exposure to narcotics and psychodysleptics [hallucinogens], not elsewhere classified","X42","Other","7",18,Not Applicable,Not Applicable,Not Applicable,Not Applicable
,"Broward County, FL","12011","Female","F","2023","2023","Accidental poisoning by and exposure to other and unspecified drugs, medicaments and biological substances","X44","Medical Facility - Outpatient or ER","2",16,Not Applicable,Not Applicable,Not Applicable,Not Applicable
,"Broward County, FL","12011","Female","F","2023","2023","Accidental poisoning by and exposure to other and unspecified drugs, medicaments and biological substances","X44","Decedent's home","4",32,Not Applicable,Not Applicable,Not Applicable,Not Applicable
,"Broward County, FL","12011","Female","F","2023","2023","Accidental poisoning by and exposure to other and unspecified drugs, medicaments and biological substances","X44","Other","7",23,Not Applicable,Not Applicable,Not Applicable,Not Applicable
,"Broward County, FL","12011","Male","M","2023","2023","Accidental poisoning by and exposure to narcotics and psychodysleptics [hallucinogens], not elsewhere classified","X42","Medical Facility - Inpatient","1",26,Not Applicable,Not Applicable,Not Applicable,Not Applicable
,"Broward County, FL","12011","Male","M","2023","2023","Accidental poisoning by and exposure to narcotics and psychodysleptics [hallucinogens], not elsewhere classified","X42","Medical Facility - Outpatient or ER","2",34,Not Applicable,Not Applicable,Not Applicable,Not Applicable
,"Broward County, FL","12011","Male","M","2023","2023","Accidental poisoning by and exposure to narcotics and psychodysleptics [hallucinogens], not elsewhere classified","X42","Decedent's home","4",87,Not Applicable,Not Applicable,Not Applicable,Not Applicable
,"Broward County, FL","12011","Male","M","2023","2023","Accidental poisoning by and exposure to narcotics and psychodysleptics [hallucinogens], not elsewhere classified","X42","Other","7",57,Not Applicable,Not Applicable,Not Applicable,Not Applicable
,"Broward County, FL","12011","Male","M","2023","2023","Accidental poisoning by and exposure to other and unspecified drugs, medicaments and biological substances","X44","Medical Facility - Inpatient","1",11,Not Applicable,Not Applicable,Not Applicable,Not Applicable
,"Broward County, FL","12011","Male","M","2023","2023","Accidental poisoning by and exposure to other and unspecified drugs, medicaments and biological substances","X44","Medical Facility - Outpatient or ER","2",26,Not Applicable,Not Applicable,Not Applicable,Not Applicable
,"Broward County, FL","12011","Male","M","2023","2023","Accidental poisoning by and exposure to other and unspecified drugs, medicaments and biological substances","X44","Decedent's home","4",68,Not Applicable,Not Applicable,Not Applicable,Not Applicable
,"Broward County, FL","12011","Male","M","2023","2023","Accidental poisoning by and exposure to other and unspecified drugs, medicaments and biological substances","X44","Other","7",53,Not Applicable,Not Applicable,Not Applicable,Not Applicable
,"Citrus County, FL","12017","Male","M","2023","2023","Accidental poisoning by and exposure to other and unspecified drugs, medicaments and biological substances","X44","Decedent's home","4",12,Not Applicable,Not Applicable,Not Applicable,Not Applicable
,"Clay County, FL","12019","Male","M","2023","2023","Accidental poisoning by and exposure to other and unspecified drugs, medicaments and biological substances","X44","Other","7",11,Not Applicable,Not Applicable,Not Applicable,Not Applicable
,"Collier County, FL","12021","Male","M","2023","2023","Accidental poisoning by and exposure to narcotics and psychodysleptics [hallucinogens], not elsewhere classified","X42","Decedent's home","4",19,Not Applicable,Not Applicable,Not Applicable,Not Applicable
,"Collier County, FL","12021","Male","M","2023","2023","Accidental poisoning by and exposure to narcotics and psychodysleptics [hallucinogens], not elsewhere classified","X42","Other","7",16,Not Applicable,Not Applicable,Not Applicable,Not Applicable
,"Collier County, FL","12021","Male","M","2023","2023","Accidental poisoning by and exposure to other and unspecified drugs, medicaments and biological substances","X44","Other","7",15,Not Applicable,Not Applicable,Not Applicable,Not Applicable
,"Duval County, FL","12031","Female","F","2023","2023","Accidental poisoning by and exposure to narcotics and psychodysleptics [hallucinogens], not elsewhere classified","X42","Medical Facility - Outpatient or ER","2",11,Not Applicable,Not Applicable,Not Applicable,Not Applicable
,"Duval County, FL","12031","Female","F","2023","2023","Accidental poisoning by and exposure to narcotics and psychodysleptics [hallucinogens], not elsewhere classified","X42","Decedent's home","4",27,Not Applicable,Not Applicable,Not Applicable,Not Applicable
,"Duval County, FL","12031","Female","F","2023","2023","Accidental poisoning by and exposure to narcotics and psychodysleptics [hallucinogens], not elsewhere classified","X42","Other","7",11,Not Applicable,Not Applicable,Not Applicable,Not Applicable
,"Duval County, FL","12031","Female","F","2023","2023","Accidental poisoning by and exposure to other and unspecified drugs, medicaments and biological substances","X44","Medical Facility - Inpatient","1",11,Not Applicable,Not Applicable,Not Applicable,Not Applicable
,"Duval County, FL","12031","Female","F","2023","2023","Accidental poisoning by and exposure to other and unspecified drugs, medicaments and biological substances","X44","Medical Facility - Outpatient or ER","2",11,Not Applicable,Not Applicable,Not Applicable,Not Applicable
,"Duval County, FL","12031","Female","F","2023","2023","Accidental poisoning by and exposure to other and unspecified drugs, medicaments and biological substances","X44","Decedent's home","4",27,Not Applicable,Not Applicable,Not Applicable,Not Applicable
,"Duval County, FL","12031","Female","F","2023","2023","Accidental poisoning by and exposure to other and unspecified drugs, medicaments and biological substances","X44","Other","7",12,Not Applicable,Not Applicable,Not Applicable,Not Applicable
,"Duval County, FL","12031","Male","M","2023","2023","Accidental poisoning by and exposure to antiepileptic, sedative-hypnotic, antiparkinsonism and psychotropic drugs, not elsewhere classified","X41","Decedent's home","4",11,Not Applicable,Not Applicable,Not Applicable,Not Applicable
,"Duval County, FL","12031","Male","M","2023","2023","Accidental poisoning by and exposure to narcotics and psychodysleptics [hallucinogens], not elsewhere classified","X42","Medical Facility - Inpatient","1",17,Not Applicable,Not Applicable,Not Applicable,Not Applicable
,"Duval County, FL","12031","Male","M","2023","2023","Accidental poisoning by and exposure to narcotics and psychodysleptics [hallucinogens], not elsewhere classified","X42","Medical Facility - Outpatient or ER","2",33,Not Applicable,Not Applicable,Not Applicable,Not Applicable
,"Duval County, FL","12031","Male","M","2023","2023","Accidental poisoning by and exposure to narcotics and psychodysleptics [hallucinogens], not elsewhere classified","X42","Decedent's home","4",77,Not Applicable,Not Applicable,Not Applicable,Not Applicable
,"Duval County, FL","12031","Male","M","2023","2023","Accidental poisoning by and exposure to narcotics and psychodysleptics [hallucinogens], not elsewhere classified","X42","Other","7",48,Not Applicable,Not Applicable,Not Applicable,Not Applicable
,"Duval County, FL","12031","Male","M","2023","2023","Accidental poisoning by and exposure to other and unspecified drugs, medicaments and biological substances","X44","Medical Facility - Inpatient","1",11,Not Applicable,Not Applicable,Not Applicable,Not Applicable
,"Duval County, FL","12031","Male","M","2023","2023","Accidental poisoning by and exposure to other and unspecified drugs, medicaments and biological substances","X44","Medical Facility - Outpatient or ER","2",21,Not Applicable,Not Applicable,Not Applicable,Not Applicable
,"Duval County, FL","12031","Male","M","2023","2023","Accidental poisoning by and exposure to other and unspecified drugs, medicaments and biological substances","X44","Decedent's home","4",45,Not Applicable,Not Applicable,Not Applicable,Not Applicable
,"Duval County, FL","12031","Male","M","2023","2023","Accidental poisoning by and exposure to other and unspecified drugs, medicaments and biological substances","X44","Other","7",30,Not Applicable,Not Applicable,Not Applicable,Not Applicable
,"Escambia County, FL","12033","Female","F","2023","2023","Accidental poisoning by and exposure to other and unspecified drugs, medicaments and biological substances","X44","Decedent's home","4",12,Not Applicable,Not Applicable,Not Applicable,Not Applicable
,"Escambia County, FL","12033","Female","F","2023","2023","Accidental poisoning by and exposure to other and unspecified drugs, medicaments and biological substances","X44","Other","7",11,Not Applicable,Not Applicable,Not Applicable,Not Applicable
,"Escambia County, FL","12033","Male","M","2023","2023","Accidental poisoning by and exposure to narcotics and psychodysleptics [hallucinogens], not elsewhere classified","X42","Medical Facility - Outpatient or ER","2",10,Not Applicable,Not Applicable,Not Applicable,Not Applicable
,"Escambia County, FL","12033","Male","M","2023","2023","Accidental poisoning by and exposure to narcotics and psychodysleptics [hallucinogens], not elsewhere classified","X42","Decedent's home","4",33,Not Applicable,Not Applicable,Not Applicable,Not Applicable
,"Escambia County, FL","12033","Male","M","2023","2023","Accidental poisoning by and exposure to narcotics and psychodysleptics [hallucinogens], not elsewhere classified","X42","Other","7",11,Not Applicable,Not Applicable,Not Applicable,Not Applicable
,"Escambia County, FL","12033","Male","M","2023","2023","Accidental poisoning by and exposure to other and unspecified drugs, medicaments and biological substances","X44","Decedent's home","4",31,Not Applicable,Not Applicable,Not Applicable,Not Applicable
,"Escambia County, FL","12033","Male","M","2023","2023","Accidental poisoning by and exposure to other and unspecified drugs, medicaments and biological substances","X44","Other","7",25,Not Applicable,Not Applicable,Not Applicable,Not Applicable
,"Hernando County, FL","12053","Male","M","2023","2023","Accidental poisoning by and exposure to other and unspecified drugs, medicaments and biological substances","X44","Decedent's home","4",12,Not Applicable,Not Applicable,Not Applicable,Not Applicable
,"Hillsborough County, FL","12057","Female","F","2023","2023","Accidental poisoning by and exposure to narcotics and psychodysleptics [hallucinogens], not elsewhere classified","X42","Medical Facility - Inpatient","1",10,Not Applicable,Not Applicable,Not Applicable,Not Applicable
,"Hillsborough County, FL","12057","Female","F","2023","2023","Accidental poisoning by and exposure to narcotics and psychodysleptics [hallucinogens], not elsewhere classified","X42","Medical Facility - Outpatient or ER","2",11,Not Applicable,Not Applicable,Not Applicable,Not Applicable
,"Hillsborough County, FL","12057","Female","F","2023","2023","Accidental poisoning by and exposure to narcotics and psychodysleptics [hallucinogens], not elsewhere classified","X42","Decedent's home","4",26,Not Applicable,Not Applicable,Not Applicable,Not Applicable
,"Hillsborough County, FL","12057","Female","F","2023","2023","Accidental poisoning by and exposure to narcotics and psychodysleptics [hallucinogens], not elsewhere classified","X42","Other","7",14,Not Applicable,Not Applicable,Not Applicable,Not Applicable
,"Hillsborough County, FL","12057","Female","F","2023","2023","Accidental poisoning by and exposure to other and unspecified drugs, medicaments and biological substances","X44","Medical Facility - Outpatient or ER","2",12,Not Applicable,Not Applicable,Not Applicable,Not Applicable
,"Hillsborough County, FL","12057","Female","F","2023","2023","Accidental poisoning by and exposure to other and unspecified drugs, medicaments and biological substances","X44","Decedent's home","4",32,Not Applicable,Not Applicable,Not Applicable,Not Applicable
,"Hillsborough County, FL","12057","Female","F","2023","2023","Accidental poisoning by and exposure to other and unspecified drugs, medicaments and biological substances","X44","Other","7",18,Not Applicable,Not Applicable,Not Applicable,Not Applicable
,"Hillsborough County, FL","12057","Male","M","2023","2023","Accidental poisoning by and exposure to antiepileptic, sedative-hypnotic, antiparkinsonism and psychotropic drugs, not elsewhere classified","X41","Decedent's home","4",15,Not Applicable,Not Applicable,Not Applicable,Not Applicable
,"Hillsborough County, FL","12057","Male","M","2023","2023","Accidental poisoning by and exposure to narcotics and psychodysleptics [hallucinogens], not elsewhere classified","X42","Medical Facility - Inpatient","1",17,Not Applicable,Not Applicable,Not Applicable,Not Applicable
,"Hillsborough County, FL","12057","Male","M","2023","2023","Accidental poisoning by and exposure to narcotics and psychodysleptics [hallucinogens], not elsewhere classified","X42","Medical Facility - Outpatient or ER","2",28,Not Applicable,Not Applicable,Not Applicable,Not Applicable
,"Hillsborough County, FL","12057","Male","M","2023","2023","Accidental poisoning by and exposure to narcotics and psychodysleptics [hallucinogens], not elsewhere classified","X42","Decedent's home","4",99,Not Applicable,Not Applicable,Not Applicable,Not Applicable
,"Hillsborough County, FL","12057","Male","M","2023","2023","Accidental poisoning by and exposure to narcotics and psychodysleptics [hallucinogens], not elsewhere classified","X42","Other","7",42,Not Applicable,Not Applicable,Not Applicable,Not Applicable
,"Hillsborough County, FL","12057","Male","M","2023","2023","Accidental poisoning by and exposure to other and unspecified drugs, medicaments and biological substances","X44","Medical Facility - Inpatient","1",13,Not Applicable,Not Applicable,Not Applicable,Not Applicable
,"Hillsborough County, FL","12057","Male","M","2023","2023","Accidental poisoning by and exposure to other and unspecified drugs, medicaments and biological substances","X44","Medical Facility - Outpatient or ER","2",24,Not Applicable,Not Applicable,Not Applicable,Not Applicable
,"Hillsborough County, FL","12057","Male","M","2023","2023","Accidental poisoning by and exposure to other and unspecified drugs, medicaments and biological substances","X44","Decedent's home","4",48,Not Applicable,Not Applicable,Not Applicable,Not Applicable
,"Hillsborough County, FL","12057","Male","M","2023","2023","Accidental poisoning by and exposure to other and unspecified drugs, medicaments and biological substances","X44","Other","7",32,Not Applicable,Not Applicable,Not Applicable,Not Applicable
,"Lake County, FL","12069","Male","M","2023","2023","Accidental poisoning by and exposure to narcotics and psychodysleptics [hallucinogens], not elsewhere classified","X42","Decedent's home","4",16,Not Applicable,Not Applicable,Not Applicable,Not Applicable
,"Lake County, FL","12069","Male","M","2023","2023","Accidental poisoning by and exposure to other and unspecified drugs, medicaments and biological substances","X44","Decedent's home","4",15,Not Applicable,Not Applicable,Not Applicable,Not Applicable
,"Lake County, FL","12069","Male","M","2023","2023","Accidental poisoning by and exposure to other and unspecified drugs, medicaments and biological substances","X44","Other","7",12,Not Applicable,Not Applicable,Not Applicable,Not Applicable
,"Lee County, FL","12071","Female","F","2023","2023","Accidental poisoning by and exposure to other and unspecified drugs, medicaments and biological substances","X44","Decedent's home","4",27,Not Applicable,Not Applicable,Not Applicable,Not Applicable
,"Lee County, FL","12071","Male","M","2023","2023","Accidental poisoning by and exposure to narcotics and psychodysleptics [hallucinogens], not elsewhere classified","X42","Medical Facility - Inpatient","1",11,Not Applicable,Not Applicable,Not Applicable,Not Applicable
,"Lee County, FL","12071","Male","M","2023","2023","Accidental poisoning by and exposure to narcotics and psychodysleptics [hallucinogens], not elsewhere classified","X42","Decedent's home","4",30,Not Applicable,Not Applicable,Not Applicable,Not Applicable
,"Lee County, FL","12071","Male","M","2023","2023","Accidental poisoning by and exposure to narcotics and psychodysleptics [hallucinogens], not elsewhere classified","X42","Other","7",13,Not Applicable,Not Applicable,Not Applicable,Not Applicable
,"Lee County, FL","12071","Male","M","2023","2023","Accidental poisoning by and exposure to other and unspecified drugs, medicaments and biological substances","X44","Decedent's home","4",40,Not Applicable,Not Applicable,Not Applicable,Not Applicable
,"Lee County, FL","12071","Male","M","2023","2023","Accidental poisoning by and exposure to other and unspecified drugs, medicaments and biological substances","X44","Other","7",30,Not Applicable,Not Applicable,Not Applicable,Not Applicable
,"Manatee County, FL","12081","Male","M","2023","2023","Accidental poisoning by and exposure to narcotics and psychodysleptics [hallucinogens], not elsewhere classified","X42","Decedent's home","4",29,Not Applicable,Not Applicable,Not Applicable,Not Applicable
,"Manatee County, FL","12081","Male","M","2023","2023","Accidental poisoning by and exposure to narcotics and psychodysleptics [hallucinogens], not elsewhere classified","X42","Other","7",16,Not Applicable,Not Applicable,Not Applicable,Not Applicable
,"Manatee County, FL","12081","Male","M","2023","2023","Accidental poisoning by and exposure to other and unspecified drugs, medicaments and biological substances","X44","Decedent's home","4",13,Not Applicable,Not Applicable,Not Applicable,Not Applicable
,"Manatee County, FL","12081","Male","M","2023","2023","Accidental poisoning by and exposure to other and unspecified drugs, medicaments and biological substances","X44","Other","7",24,Not Applicable,Not Applicable,Not Applicable,Not Applicable
,"Marion County, FL","12083","Female","F","2023","2023","Accidental poisoning by and exposure to narcotics and psychodysleptics [hallucinogens], not elsewhere classified","X42","Decedent's home","4",11,Not Applicable,Not Applicable,Not Applicable,Not Applicable
,"Marion County, FL","12083","Female","F","2023","2023","Accidental poisoning by and exposure to other and unspecified drugs, medicaments and biological substances","X44","Decedent's home","4",18,Not Applicable,Not Applicable,Not Applicable,Not Applicable
,"Marion County, FL","12083","Female","F","2023","2023","Accidental poisoning by and exposure to other and unspecified drugs, medicaments and biological substances","X44","Other","7",11,Not Applicable,Not Applicable,Not Applicable,Not Applicable
,"Marion County, FL","12083","Male","M","2023","2023","Accidental poisoning by and exposure to narcotics and psychodysleptics [hallucinogens], not elsewhere classified","X42","Decedent's home","4",32,Not Applicable,Not Applicable,Not Applicable,Not Applicable
,"Marion County, FL","12083","Male","M","2023","2023","Accidental poisoning by and exposure to narcotics and psychodysleptics [hallucinogens], not elsewhere classified","X42","Other","7",11,Not Applicable,Not Applicable,Not Applicable,Not Applicable
,"Marion County, FL","12083","Male","M","2023","2023","Accidental poisoning by and exposure to other and unspecified drugs, medicaments and biological substances","X44","Decedent's home","4",28,Not Applicable,Not Applicable,Not Applicable,Not Applicable
,"Marion County, FL","12083","Male","M","2023","2023","Accidental poisoning by and exposure to other and unspecified drugs, medicaments and biological substances","X44","Other","7",39,Not Applicable,Not Applicable,Not Applicable,Not Applicable
,"Miami-Dade County, FL","12086","Female","F","2023","2023","Accidental poisoning by and exposure to other and unspecified drugs, medicaments and biological substances","X44","Medical Facility - Outpatient or ER","2",13,Not Applicable,Not Applicable,Not Applicable,Not Applicable
,"Miami-Dade County, FL","12086","Female","F","2023","2023","Accidental poisoning by and exposure to other and unspecified drugs, medicaments and biological substances","X44","Decedent's home","4",16,Not Applicable,Not Applicable,Not Applicable,Not Applicable
,"Miami-Dade County, FL","12086","Female","F","2023","2023","Accidental poisoning by and exposure to other and unspecified drugs, medicaments and biological substances","X44","Other","7",18,Not Applicable,Not Applicable,Not Applicable,Not Applicable
,"Miami-Dade County, FL","12086","Male","M","2023","2023","Accidental poisoning by and exposure to narcotics and psychodysleptics [hallucinogens], not elsewhere classified","X42","Medical Facility - Inpatient","1",10,Not Applicable,Not Applicable,Not Applicable,Not Applicable
,"Miami-Dade County, FL","12086","Male","M","2023","2023","Accidental poisoning by and exposure to narcotics and psychodysleptics [hallucinogens], not elsewhere classified","X42","Medical Facility - Outpatient or ER","2",21,Not Applicable,Not Applicable,Not Applicable,Not Applicable
,"Miami-Dade County, FL","12086","Male","M","2023","2023","Accidental poisoning by and exposure to narcotics and psychodysleptics [hallucinogens], not elsewhere classified","X42","Decedent's home","4",37,Not Applicable,Not Applicable,Not Applicable,Not Applicable
,"Miami-Dade County, FL","12086","Male","M","2023","2023","Accidental poisoning by and exposure to narcotics and psychodysleptics [hallucinogens], not elsewhere classified","X42","Other","7",25,Not Applicable,Not Applicable,Not Applicable,Not Applicable
,"Miami-Dade County, FL","12086","Male","M","2023","2023","Accidental poisoning by and exposure to other and unspecified drugs, medicaments and biological substances","X44","Medical Facility - Inpatient","1",14,Not Applicable,Not Applicable,Not Applicable,Not Applicable
,"Miami-Dade County, FL","12086","Male","M","2023","2023","Accidental poisoning by and exposure to other and unspecified drugs, medicaments and biological substances","X44","Medical Facility - Outpatient or ER","2",45,Not Applicable,Not Applicable,Not Applicable,Not Applicable
,"Miami-Dade County, FL","12086","Male","M","2023","2023","Accidental poisoning by and exposure to other and unspecified drugs, medicaments and biological substances","X44","Decedent's home","4",47,Not Applicable,Not Applicable,Not Applicable,Not Applicable
,"Miami-Dade County, FL","12086","Male","M","2023","2023","Accidental poisoning by and exposure to other and unspecified drugs, medicaments and biological substances","X44","Other","7",68,Not Applicable,Not Applicable,Not Applicable,Not Applicable
,"Okaloosa County, FL","12091","Female","F","2023","2023","Accidental poisoning by and exposure to other and unspecified drugs, medicaments and biological substances","X44","Decedent's home","4",10,Not Applicable,Not Applicable,Not Applicable,Not Applicable
,"Okaloosa County, FL","12091","Male","M","2023","2023","Accidental poisoning by and exposure to narcotics and psychodysleptics [hallucinogens], not elsewhere classified","X42","Decedent's home","4",15,Not Applicable,Not Applicable,Not Applicable,Not Applicable
,"Okaloosa County, FL","12091","Male","M","2023","2023","Accidental poisoning by and exposure to other and unspecified drugs, medicaments and biological substances","X44","Decedent's home","4",13,Not Applicable,Not Applicable,Not Applicable,Not Applicable
,"Orange County, FL","12095","Female","F","2023","2023","Accidental poisoning by and exposure to narcotics and psychodysleptics [hallucinogens], not elsewhere classified","X42","Decedent's home","4",25,Not Applicable,Not Applicable,Not Applicable,Not Applicable
,"Orange County, FL","12095","Female","F","2023","2023","Accidental poisoning by and exposure to narcotics and psychodysleptics [hallucinogens], not elsewhere classified","X42","Other","7",11,Not Applicable,Not Applicable,Not Applicable,Not Applicable
,"Orange County, FL","12095","Female","F","2023","2023","Accidental poisoning by and exposure to other and unspecified drugs, medicaments and biological substances","X44","Medical Facility - Outpatient or ER","2",11,Not Applicable,Not Applicable,Not Applicable,Not Applicable
,"Orange County, FL","12095","Female","F","2023","2023","Accidental poisoning by and exposure to other and unspecified drugs, medicaments and biological substances","X44","Decedent's home","4",17,Not Applicable,Not Applicable,Not Applicable,Not Applicable
,"Orange County, FL","12095","Male","M","2023","2023","Accidental poisoning by and exposure to narcotics and psychodysleptics [hallucinogens], not elsewhere classified","X42","Medical Facility - Inpatient","1",23,Not Applicable,Not Applicable,Not Applicable,Not Applicable
,"Orange County, FL","12095","Male","M","2023","2023","Accidental poisoning by and exposure to narcotics and psychodysleptics [hallucinogens], not elsewhere classified","X42","Medical Facility - Outpatient or ER","2",32,Not Applicable,Not Applicable,Not Applicable,Not Applicable
,"Orange County, FL","12095","Male","M","2023","2023","Accidental poisoning by and exposure to narcotics and psychodysleptics [hallucinogens], not elsewhere classified","X42","Decedent's home","4",75,Not Applicable,Not Applicable,Not Applicable,Not Applicable
,"Orange County, FL","12095","Male","M","2023","2023","Accidental poisoning by and exposure to narcotics and psychodysleptics [hallucinogens], not elsewhere classified","X42","Other","7",51,Not Applicable,Not Applicable,Not Applicable,Not Applicable
,"Orange County, FL","12095","Male","M","2023","2023","Accidental poisoning by and exposure to other and unspecified drugs, medicaments and biological substances","X44","Decedent's home","4",24,Not Applicable,Not Applicable,Not Applicable,Not Applicable
,"Orange County, FL","12095","Male","M","2023","2023","Accidental poisoning by and exposure to other and unspecified drugs, medicaments and biological substances","X44","Other","7",41,Not Applicable,Not Applicable,Not Applicable,Not Applicable
,"Osceola County, FL","12097","Male","M","2023","2023","Accidental poisoning by and exposure to narcotics and psychodysleptics [hallucinogens], not elsewhere classified","X42","Medical Facility - Outpatient or ER","2",17,Not Applicable,Not Applicable,Not Applicable,Not Applicable
,"Osceola County, FL","12097","Male","M","2023","2023","Accidental poisoning by and exposure to narcotics and psychodysleptics [hallucinogens], not elsewhere classified","X42","Decedent's home","4",19,Not Applicable,Not Applicable,Not Applicable,Not Applicable
,"Osceola County, FL","12097","Male","M","2023","2023","Accidental poisoning by and exposure to narcotics and psychodysleptics [hallucinogens], not elsewhere classified","X42","Other","7",30,Not Applicable,Not Applicable,Not Applicable,Not Applicable
,"Palm Beach County, FL","12099","Female","F","2023","2023","Accidental poisoning by and exposure to narcotics and psychodysleptics [hallucinogens], not elsewhere classified","X42","Decedent's home","4",30,Not Applicable,Not Applicable,Not Applicable,Not Applicable
,"Palm Beach County, FL","12099","Female","F","2023","2023","Accidental poisoning by and exposure to other and unspecified drugs, medicaments and biological substances","X44","Decedent's home","4",26,Not Applicable,Not Applicable,Not Applicable,Not Applicable
,"Palm Beach County, FL","12099","Female","F","2023","2023","Accidental poisoning by and exposure to other and unspecified drugs, medicaments and biological substances","X44","Other","7",17,Not Applicable,Not Applicable,Not Applicable,Not Applicable
,"Palm Beach County, FL","12099","Male","M","2023","2023","Accidental poisoning by and exposure to narcotics and psychodysleptics [hallucinogens], not elsewhere classified","X42","Medical Facility - Inpatient","1",14,Not Applicable,Not Applicable,Not Applicable,Not Applicable
,"Palm Beach County, FL","12099","Male","M","2023","2023","Accidental poisoning by and exposure to narcotics and psychodysleptics [hallucinogens], not elsewhere classified","X42","Medical Facility - Outpatient or ER","2",19,Not Applicable,Not Applicable,Not Applicable,Not Applicable
,"Palm Beach County, FL","12099","Male","M","2023","2023","Accidental poisoning by and exposure to narcotics and psychodysleptics [hallucinogens], not elsewhere classified","X42","Decedent's home","4",107,Not Applicable,Not Applicable,Not Applicable,Not Applicable
,"Palm Beach County, FL","12099","Male","M","2023","2023","Accidental poisoning by and exposure to narcotics and psychodysleptics [hallucinogens], not elsewhere classified","X42","Other","7",54,Not Applicable,Not Applicable,Not Applicable,Not Applicable
,"Palm Beach County, FL","12099","Male","M","2023","2023","Accidental poisoning by and exposure to other and unspecified drugs, medicaments and biological substances","X44","Medical Facility - Inpatient","1",14,Not Applicable,Not Applicable,Not Applicable,Not Applicable
,"Palm Beach County, FL","12099","Male","M","2023","2023","Accidental poisoning by and exposure to other and unspecified drugs, medicaments and biological substances","X44","Medical Facility - Outpatient or ER","2",25,Not Applicable,Not Applicable,Not Applicable,Not Applicable
,"Palm Beach County, FL","12099","Male","M","2023","2023","Accidental poisoning by and exposure to other and unspecified drugs, medicaments and biological substances","X44","Decedent's home","4",58,Not Applicable,Not Applicable,Not Applicable,Not Applicable
,"Palm Beach County, FL","12099","Male","M","2023","2023","Accidental poisoning by and exposure to other and unspecified drugs, medicaments and biological substances","X44","Other","7",41,Not Applicable,Not Applicable,Not Applicable,Not Applicable
,"Pasco County, FL","12101","Female","F","2023","2023","Accidental poisoning by and exposure to other and unspecified drugs, medicaments and biological substances","X44","Decedent's home","4",40,Not Applicable,Not Applicable,Not Applicable,Not Applicable
,"Pasco County, FL","12101","Female","F","2023","2023","Accidental poisoning by and exposure to other and unspecified drugs, medicaments and biological substances","X44","Other","7",27,Not Applicable,Not Applicable,Not Applicable,Not Applicable
,"Pasco County, FL","12101","Male","M","2023","2023","Accidental poisoning by and exposure to narcotics and psychodysleptics [hallucinogens], not elsewhere classified","X42","Decedent's home","4",25,Not Applicable,Not Applicable,Not Applicable,Not Applicable
,"Pasco County, FL","12101","Male","M","2023","2023","Accidental poisoning by and exposure to narcotics and psychodysleptics [hallucinogens], not elsewhere classified","X42","Other","7",14,Not Applicable,Not Applicable,Not Applicable,Not Applicable
,"Pasco County, FL","12101","Male","M","2023","2023","Accidental poisoning by and exposure to other and unspecified drugs, medicaments and biological substances","X44","Medical Facility - Inpatient","1",16,Not Applicable,Not Applicable,Not Applicable,Not Applicable
,"Pasco County, FL","12101","Male","M","2023","2023","Accidental poisoning by and exposure to other and unspecified drugs, medicaments and biological substances","X44","Medical Facility - Outpatient or ER","2",15,Not Applicable,Not Applicable,Not Applicable,Not Applicable
,"Pasco County, FL","12101","Male","M","2023","2023","Accidental poisoning by and exposure to other and unspecified drugs, medicaments and biological substances","X44","Decedent's home","4",62,Not Applicable,Not Applicable,Not Applicable,Not Applicable
,"Pasco County, FL","12101","Male","M","2023","2023","Accidental poisoning by and exposure to other and unspecified drugs, medicaments and biological substances","X44","Other","7",47,Not Applicable,Not Applicable,Not Applicable,Not Applicable
,"Pinellas County, FL","12103","Female","F","2023","2023","Accidental poisoning by and exposure to narcotics and psychodysleptics [hallucinogens], not elsewhere classified","X42","Decedent's home","4",10,Not Applicable,Not Applicable,Not Applicable,Not Applicable
,"Pinellas County, FL","12103","Female","F","2023","2023","Accidental poisoning by and exposure to other and unspecified drugs, medicaments and biological substances","X44","Decedent's home","4",47,Not Applicable,Not Applicable,Not Applicable,Not Applicable
,"Pinellas County, FL","12103","Female","F","2023","2023","Accidental poisoning by and exposure to other and unspecified drugs, medicaments and biological substances","X44","Other","7",25,Not Applicable,Not Applicable,Not Applicable,Not Applicable
,"Pinellas County, FL","12103","Male","M","2023","2023","Accidental poisoning by and exposure to narcotics and psychodysleptics [hallucinogens], not elsewhere classified","X42","Decedent's home","4",39,Not Applicable,Not Applicable,Not Applicable,Not Applicable
,"Pinellas County, FL","12103","Male","M","2023","2023","Accidental poisoning by and exposure to narcotics and psychodysleptics [hallucinogens], not elsewhere classified","X42","Other","7",31,Not Applicable,Not Applicable,Not Applicable,Not Applicable
,"Pinellas County, FL","12103","Male","M","2023","2023","Accidental poisoning by and exposure to other and unspecified drugs, medicaments and biological substances","X44","Medical Facility - Inpatient","1",15,Not Applicable,Not Applicable,Not Applicable,Not Applicable
,"Pinellas County, FL","12103","Male","M","2023","2023","Accidental poisoning by and exposure to other and unspecified drugs, medicaments and biological substances","X44","Medical Facility - Outpatient or ER","2",18,Not Applicable,Not Applicable,Not Applicable,Not Applicable
,"Pinellas County, FL","12103","Male","M","2023","2023","Accidental poisoning by and exposure to other and unspecified drugs, medicaments and biological substances","X44","Decedent's home","4",80,Not Applicable,Not Applicable,Not Applicable,Not Applicable
,"Pinellas County, FL","12103","Male","M","2023","2023","Accidental poisoning by and exposure to other and unspecified drugs, medicaments and biological substances","X44","Other","7",90,Not Applicable,Not Applicable,Not Applicable,Not Applicable
,"Polk County, FL","12105","Male","M","2023","2023","Accidental poisoning by and exposure to narcotics and psychodysleptics [hallucinogens], not elsewhere classified","X42","Medical Facility - Inpatient","1",10,Not Applicable,Not Applicable,Not Applicable,Not Applicable
,"Polk County, FL","12105","Male","M","2023","2023","Accidental poisoning by and exposure to narcotics and psychodysleptics [hallucinogens], not elsewhere classified","X42","Medical Facility - Outpatient or ER","2",15,Not Applicable,Not Applicable,Not Applicable,Not Applicable
,"Polk County, FL","12105","Male","M","2023","2023","Accidental poisoning by and exposure to narcotics and psychodysleptics [hallucinogens], not elsewhere classified","X42","Decedent's home","4",19,Not Applicable,Not Applicable,Not Applicable,Not Applicable
,"Polk County, FL","12105","Male","M","2023","2023","Accidental poisoning by and exposure to narcotics and psychodysleptics [hallucinogens], not elsewhere classified","X42","Other","7",22,Not Applicable,Not Applicable,Not Applicable,Not Applicable
,"Polk County, FL","12105","Male","M","2023","2023","Accidental poisoning by and exposure to other and unspecified drugs, medicaments and biological substances","X44","Medical Facility - Inpatient","1",11,Not Applicable,Not Applicable,Not Applicable,Not Applicable
,"Polk County, FL","12105","Male","M","2023","2023","Accidental poisoning by and exposure to other and unspecified drugs, medicaments and biological substances","X44","Medical Facility - Outpatient or ER","2",13,Not Applicable,Not Applicable,Not Applicable,Not Applicable
,"Polk County, FL","12105","Male","M","2023","2023","Accidental poisoning by and exposure to other and unspecified drugs, medicaments and biological substances","X44","Decedent's home","4",13,Not Applicable,Not Applicable,Not Applicable,Not Applicable
,"Polk County, FL","12105","Male","M","2023","2023","Accidental poisoning by and exposure to other and unspecified drugs, medicaments and biological substances","X44","Other","7",15,Not Applicable,Not Applicable,Not Applicable,Not Applicable
,"St. Johns County, FL","12109","Male","M","2023","2023","Accidental poisoning by and exposure to other and unspecified drugs, medicaments and biological substances","X44","Decedent's home","4",12,Not Applicable,Not Applicable,Not Applicable,Not Applicable
,"St. Lucie County, FL","12111","Male","M","2023","2023","Accidental poisoning by and exposure to narcotics and psychodysleptics [hallucinogens], not elsewhere classified","X42","Medical Facility - Outpatient or ER","2",11,Not Applicable,Not Applicable,Not Applicable,Not Applicable
,"St. Lucie County, FL","12111","Male","M","2023","2023","Accidental poisoning by and exposure to narcotics and psychodysleptics [hallucinogens], not elsewhere classified","X42","Decedent's home","4",21,Not Applicable,Not Applicable,Not Applicable,Not Applicable
,"Sarasota County, FL","12115","Female","F","2023","2023","Accidental poisoning by and exposure to narcotics and psychodysleptics [hallucinogens], not elsewhere classified","X42","Decedent's home","4",10,Not Applicable,Not Applicable,Not Applicable,Not Applicable
,"Sarasota County, FL","12115","Male","M","2023","2023","Accidental poisoning by and exposure to narcotics and psychodysleptics [hallucinogens], not elsewhere classified","X42","Decedent's home","4",25,Not Applicable,Not Applicable,Not Applicable,Not Applicable
,"Sarasota County, FL","12115","Male","M","2023","2023","Accidental poisoning by and exposure to other and unspecified drugs, medicaments and biological substances","X44","Decedent's home","4",22,Not Applicable,Not Applicable,Not Applicable,Not Applicable
,"Sarasota County, FL","12115","Male","M","2023","2023","Accidental poisoning by and exposure to other and unspecified drugs, medicaments and biological substances","X44","Other","7",13,Not Applicable,Not Applicable,Not Applicable,Not Applicable
,"Seminole County, FL","12117","Male","M","2023","2023","Accidental poisoning by and exposure to narcotics and psychodysleptics [hallucinogens], not elsewhere classified","X42","Medical Facility - Inpatient","1",11,Not Applicable,Not Applicable,Not Applicable,Not Applicable
,"Seminole County, FL","12117","Male","M","2023","2023","Accidental poisoning by and exposure to narcotics and psychodysleptics [hallucinogens], not elsewhere classified","X42","Decedent's home","4",27,Not Applicable,Not Applicable,Not Applicable,Not Applicable
,"Seminole County, FL","12117","Male","M","2023","2023","Accidental poisoning by and exposure to narcotics and psychodysleptics [hallucinogens], not elsewhere classified","X42","Other","7",11,Not Applicable,Not Applicable,Not Applicable,Not Applicable
,"Seminole County, FL","12117","Male","M","2023","2023","Accidental poisoning by and exposure to other and unspecified drugs, medicaments and biological substances","X44","Decedent's home","4",14,Not Applicable,Not Applicable,Not Applicable,Not Applicable
,"Seminole County, FL","12117","Male","M","2023","2023","Accidental poisoning by and exposure to other and unspecified drugs, medicaments and biological substances","X44","Other","7",14,Not Applicable,Not Applicable,Not Applicable,Not Applicable
,"Volusia County, FL","12127","Female","F","2023","2023","Accidental poisoning by and exposure to narcotics and psychodysleptics [hallucinogens], not elsewhere classified","X42","Decedent's home","4",17,Not Applicable,Not Applicable,Not Applicable,Not Applicable
,"Volusia County, FL","12127","Female","F","2023","2023","Accidental poisoning by and exposure to narcotics and psychodysleptics [hallucinogens], not elsewhere classified","X42","Other","7",10,Not Applicable,Not Applicable,Not Applicable,Not Applicable
,"Volusia County, FL","12127","Female","F","2023","2023","Accidental poisoning by and exposure to other and unspecified drugs, medicaments and biological substances","X44","Decedent's home","4",21,Not Applicable,Not Applicable,Not Applicable,Not Applicable
,"Volusia County, FL","12127","Male","M","2023","2023","Accidental poisoning by and exposure to narcotics and psychodysleptics [hallucinogens], not elsewhere classified","X42","Medical Facility - Inpatient","1",13,Not Applicable,Not Applicable,Not Applicable,Not Applicable
,"Volusia County, FL","12127","Male","M","2023","2023","Accidental poisoning by and exposure to narcotics and psychodysleptics [hallucinogens], not elsewhere classified","X42","Medical Facility - Outpatient or ER","2",11,Not Applicable,Not Applicable,Not Applicable,Not Applicable
,"Volusia County, FL","12127","Male","M","2023","2023","Accidental poisoning by and exposure to narcotics and psychodysleptics [hallucinogens], not elsewhere classified","X42","Decedent's home","4",41,Not Applicable,Not Applicable,Not Applicable,Not Applicable
,"Volusia County, FL","12127","Male","M","2023","2023","Accidental poisoning by and exposure to narcotics and psychodysleptics [hallucinogens], not elsewhere classified","X42","Other","7",27,Not Applicable,Not Applicable,Not Applicable,Not Applicable
,"Volusia County, FL","12127","Male","M","2023","2023","Accidental poisoning by and exposure to other and unspecified drugs, medicaments and biological substances","X44","Medical Facility - Outpatient or ER","2",14,Not Applicable,Not Applicable,Not Applicable,Not Applicable
,"Volusia County, FL","12127","Male","M","2023","2023","Accidental poisoning by and exposure to other and unspecified drugs, medicaments and biological substances","X44","Decedent's home","4",44,Not Applicable,Not Applicable,Not Applicable,Not Applicable
,"Volusia County, FL","12127","Male","M","2023","2023","Accidental poisoning by and exposure to other and unspecified drugs, medicaments and biological substances","X44","Other","7",24,Not Applicable,Not Applicable,Not Applicable,Not Applicable
,"Bibb County, GA","13021","Male","M","2023","2023","Accidental poisoning by and exposure to narcotics and psychodysleptics [hallucinogens], not elsewhere classified","X42","Decedent's home","4",10,Not Applicable,Not Applicable,Not Applicable,Not Applicable
,"Chatham County, GA","13051","Male","M","2023","2023","Accidental poisoning by and exposure to narcotics and psychodysleptics [hallucinogens], not elsewhere classified","X42","Decedent's home","4",11,Not Applicable,Not Applicable,Not Applicable,Not Applicable
,"Chatham County, GA","13051","Male","M","2023","2023","Accidental poisoning by and exposure to other and unspecified drugs, medicaments and biological substances","X44","Decedent's home","4",19,Not Applicable,Not Applicable,Not Applicable,Not Applicable
,"Chatham County, GA","13051","Male","M","2023","2023","Accidental poisoning by and exposure to other and unspecified drugs, medicaments and biological substances","X44","Other","7",12,Not Applicable,Not Applicable,Not Applicable,Not Applicable
,"Cobb County, GA","13067","Male","M","2023","2023","Accidental poisoning by and exposure to narcotics and psychodysleptics [hallucinogens], not elsewhere classified","X42","Medical Facility - Outpatient or ER","2",12,Not Applicable,Not Applicable,Not Applicable,Not Applicable
,"Cobb County, GA","13067","Male","M","2023","2023","Accidental poisoning by and exposure to narcotics and psychodysleptics [hallucinogens], not elsewhere classified","X42","Decedent's home","4",24,Not Applicable,Not Applicable,Not Applicable,Not Applicable
,"Cobb County, GA","13067","Male","M","2023","2023","Accidental poisoning by and exposure to narcotics and psychodysleptics [hallucinogens], not elsewhere classified","X42","Other","7",15,Not Applicable,Not Applicable,Not Applicable,Not Applicable
,"Cobb County, GA","13067","Male","M","2023","2023","Accidental poisoning by and exposure to other and unspecified drugs, medicaments and biological substances","X44","Decedent's home","4",31,Not Applicable,Not Applicable,Not Applicable,Not Applicable
,"Cobb County, GA","13067","Male","M","2023","2023","Accidental poisoning by and exposure to other and unspecified drugs, medicaments and biological substances","X44","Other","7",13,Not Applicable,Not Applicable,Not Applicable,Not Applicable
,"Columbia County, GA","13073","Male","M","2023","2023","Accidental poisoning by and exposure to other and unspecified drugs, medicaments and biological substances","X44","Other","7",12,Not Applicable,Not Applicable,Not Applicable,Not Applicable
,"DeKalb County, GA","13089","Female","F","2023","2023","Accidental poisoning by and exposure to narcotics and psychodysleptics [hallucinogens], not elsewhere classified","X42","Decedent's home","4",11,Not Applicable,Not Applicable,Not Applicable,Not Applicable
,"DeKalb County, GA","13089","Male","M","2023","2023","Accidental poisoning by and exposure to narcotics and psychodysleptics [hallucinogens], not elsewhere classified","X42","Medical Facility - Outpatient or ER","2",10,Not Applicable,Not Applicable,Not Applicable,Not Applicable
,"DeKalb County, GA","13089","Male","M","2023","2023","Accidental poisoning by and exposure to narcotics and psychodysleptics [hallucinogens], not elsewhere classified","X42","Decedent's home","4",40,Not Applicable,Not Applicable,Not Applicable,Not Applicable
,"DeKalb County, GA","13089","Male","M","2023","2023","Accidental poisoning by and exposure to narcotics and psychodysleptics [hallucinogens], not elsewhere classified","X42","Other","7",22,Not Applicable,Not Applicable,Not Applicable,Not Applicable
,"DeKalb County, GA","13089","Male","M","2023","2023","Accidental poisoning by and exposure to other and unspecified drugs, medicaments and biological substances","X44","Decedent's home","4",18,Not Applicable,Not Applicable,Not Applicable,Not Applicable
,"DeKalb County, GA","13089","Male","M","2023","2023","Accidental poisoning by and exposure to other and unspecified drugs, medicaments and biological substances","X44","Other","7",14,Not Applicable,Not Applicable,Not Applicable,Not Applicable
,"Fulton County, GA","13121","Female","F","2023","2023","Accidental poisoning by and exposure to narcotics and psychodysleptics [hallucinogens], not elsewhere classified","X42","Decedent's home","4",24,Not Applicable,Not Applicable,Not Applicable,Not Applicable
,"Fulton County, GA","13121","Female","F","2023","2023","Accidental poisoning by and exposure to other and unspecified drugs, medicaments and biological substances","X44","Decedent's home","4",14,Not Applicable,Not Applicable,Not Applicable,Not Applicable
,"Fulton County, GA","13121","Female","F","2023","2023","Accidental poisoning by and exposure to other and unspecified drugs, medicaments and biological substances","X44","Other","7",10,Not Applicable,Not Applicable,Not Applicable,Not Applicable
,"Fulton County, GA","13121","Male","M","2023","2023","Accidental poisoning by and exposure to antiepileptic, sedative-hypnotic, antiparkinsonism and psychotropic drugs, not elsewhere classified","X41","Decedent's home","4",12,Not Applicable,Not Applicable,Not Applicable,Not Applicable
,"Fulton County, GA","13121","Male","M","2023","2023","Accidental poisoning by and exposure to narcotics and psychodysleptics [hallucinogens], not elsewhere classified","X42","Medical Facility - Outpatient or ER","2",19,Not Applicable,Not Applicable,Not Applicable,Not Applicable
,"Fulton County, GA","13121","Male","M","2023","2023","Accidental poisoning by and exposure to narcotics and psychodysleptics [hallucinogens], not elsewhere classified","X42","Decedent's home","4",61,Not Applicable,Not Applicable,Not Applicable,Not Applicable
,"Fulton County, GA","13121","Male","M","2023","2023","Accidental poisoning by and exposure to narcotics and psychodysleptics [hallucinogens], not elsewhere classified","X42","Other","7",41,Not Applicable,Not Applicable,Not Applicable,Not Applicable
,"Fulton County, GA","13121","Male","M","2023","2023","Accidental poisoning by and exposure to other and unspecified drugs, medicaments and biological substances","X44","Medical Facility - Outpatient or ER","2",10,Not Applicable,Not Applicable,Not Applicable,Not Applicable
,"Fulton County, GA","13121","Male","M","2023","2023","Accidental poisoning by and exposure to other and unspecified drugs, medicaments and biological substances","X44","Decedent's home","4",32,Not Applicable,Not Applicable,Not Applicable,Not Applicable
,"Fulton County, GA","13121","Male","M","2023","2023","Accidental poisoning by and exposure to other and unspecified drugs, medicaments and biological substances","X44","Other","7",26,Not Applicable,Not Applicable,Not Applicable,Not Applicable
,"Gwinnett County, GA","13135","Female","F","2023","2023","Accidental poisoning by and exposure to other and unspecified drugs, medicaments and biological substances","X44","Decedent's home","4",25,Not Applicable,Not Applicable,Not Applicable,Not Applicable
,"Gwinnett County, GA","13135","Male","M","2023","2023","Accidental poisoning by and exposure to narcotics and psychodysleptics [hallucinogens], not elsewhere classified","X42","Decedent's home","4",21,Not Applicable,Not Applicable,Not Applicable,Not Applicable
,"Gwinnett County, GA","13135","Male","M","2023","2023","Accidental poisoning by and exposure to narcotics and psychodysleptics [hallucinogens], not elsewhere classified","X42","Other","7",17,Not Applicable,Not Applicable,Not Applicable,Not Applicable
,"Gwinnett County, GA","13135","Male","M","2023","2023","Accidental poisoning by and exposure to other and unspecified drugs, medicaments and biological substances","X44","Decedent's home","4",33,Not Applicable,Not Applicable,Not Applicable,Not Applicable
,"Gwinnett County, GA","13135","Male","M","2023","2023","Accidental poisoning by and exposure to other and unspecified drugs, medicaments and biological substances","X44","Other","7",14,Not Applicable,Not Applicable,Not Applicable,Not Applicable
,"Hall County, GA","13139","Male","M","2023","2023","Accidental poisoning by and exposure to narcotics and psychodysleptics [hallucinogens], not elsewhere classified","X42","Decedent's home","4",11,Not Applicable,Not Applicable,Not Applicable,Not Applicable
,"Richmond County, GA","13245","Female","F","2023","2023","Accidental poisoning by and exposure to other and unspecified drugs, medicaments and biological substances","X44","Decedent's home","4",14,Not Applicable,Not Applicable,Not Applicable,Not Applicable
,"Richmond County, GA","13245","Male","M","2023","2023","Accidental poisoning by and exposure to narcotics and psychodysleptics [hallucinogens], not elsewhere classified","X42","Decedent's home","4",11,Not Applicable,Not Applicable,Not Applicable,Not Applicable
,"Richmond County, GA","13245","Male","M","2023","2023","Accidental poisoning by and exposure to narcotics and psychodysleptics [hallucinogens], not elsewhere classified","X42","Other","7",13,Not Applicable,Not Applicable,Not Applicable,Not Applicable
,"Richmond County, GA","13245","Male","M","2023","2023","Accidental poisoning by and exposure to other and unspecified drugs, medicaments and biological substances","X44","Decedent's home","4",16,Not Applicable,Not Applicable,Not Applicable,Not Applicable
,"Richmond County, GA","13245","Male","M","2023","2023","Accidental poisoning by and exposure to other and unspecified drugs, medicaments and biological substances","X44","Other","7",11,Not Applicable,Not Applicable,Not Applicable,Not Applicable
,"Honolulu County, HI","15003","Male","M","2023","2023","Accidental poisoning by and exposure to antiepileptic, sedative-hypnotic, antiparkinsonism and psychotropic drugs, not elsewhere classified","X41","Medical Facility - Inpatient","1",13,Not Applicable,Not Applicable,Not Applicable,Not Applicable
,"Honolulu County, HI","15003","Male","M","2023","2023","Accidental poisoning by and exposure to antiepileptic, sedative-hypnotic, antiparkinsonism and psychotropic drugs, not elsewhere classified","X41","Medical Facility - Outpatient or ER","2",15,Not Applicable,Not Applicable,Not Applicable,Not Applicable
,"Honolulu County, HI","15003","Male","M","2023","2023","Accidental poisoning by and exposure to antiepileptic, sedative-hypnotic, antiparkinsonism and psychotropic drugs, not elsewhere classified","X41","Decedent's home","4",22,Not Applicable,Not Applicable,Not Applicable,Not Applicable
,"Honolulu County, HI","15003","Male","M","2023","2023","Accidental poisoning by and exposure to antiepileptic, sedative-hypnotic, antiparkinsonism and psychotropic drugs, not elsewhere classified","X41","Other","7",24,Not Applicable,Not Applicable,Not Applicable,Not Applicable
,"Honolulu County, HI","15003","Male","M","2023","2023","Accidental poisoning by and exposure to narcotics and psychodysleptics [hallucinogens], not elsewhere classified","X42","Decedent's home","4",19,Not Applicable,Not Applicable,Not Applicable,Not Applicable
,"Honolulu County, HI","15003","Male","M","2023","2023","Accidental poisoning by and exposure to other and unspecified drugs, medicaments and biological substances","X44","Decedent's home","4",13,Not Applicable,Not Applicable,Not Applicable,Not Applicable
,"Honolulu County, HI","15003","Male","M","2023","2023","Accidental poisoning by and exposure to other and unspecified drugs, medicaments and biological substances","X44","Other","7",12,Not Applicable,Not Applicable,Not Applicable,Not Applicable
,"Maui County, HI","15009","Male","M","2023","2023","Accidental poisoning by and exposure to other and unspecified drugs, medicaments and biological substances","X44","Decedent's home","4",10,Not Applicable,Not Applicable,Not Applicable,Not Applicable
,"Ada County, ID","16001","Male","M","2023","2023","Accidental poisoning by and exposure to narcotics and psychodysleptics [hallucinogens], not elsewhere classified","X42","Decedent's home","4",19,Not Applicable,Not Applicable,Not Applicable,Not Applicable
,"Ada County, ID","16001","Male","M","2023","2023","Accidental poisoning by and exposure to other and unspecified drugs, medicaments and biological substances","X44","Decedent's home","4",17,Not Applicable,Not Applicable,Not Applicable,Not Applicable
,"Canyon County, ID","16027","Male","M","2023","2023","Accidental poisoning by and exposure to narcotics and psychodysleptics [hallucinogens], not elsewhere classified","X42","Decedent's home","4",13,Not Applicable,Not Applicable,Not Applicable,Not Applicable
,"Champaign County, IL","17019","Male","M","2023","2023","Accidental poisoning by and exposure to narcotics and psychodysleptics [hallucinogens], not elsewhere classified","X42","Decedent's home","4",12,Not Applicable,Not Applicable,Not Applicable,Not Applicable
,"Cook County, IL","17031","Female","F","2023","2023","Accidental poisoning by and exposure to narcotics and psychodysleptics [hallucinogens], not elsewhere classified","X42","Medical Facility - Inpatient","1",31,Not Applicable,Not Applicable,Not Applicable,Not Applicable
,"Cook County, IL","17031","Female","F","2023","2023","Accidental poisoning by and exposure to narcotics and psychodysleptics [hallucinogens], not elsewhere classified","X42","Medical Facility - Outpatient or ER","2",33,Not Applicable,Not Applicable,Not Applicable,Not Applicable
,"Cook County, IL","17031","Female","F","2023","2023","Accidental poisoning by and exposure to narcotics and psychodysleptics [hallucinogens], not elsewhere classified","X42","Decedent's home","4",97,Not Applicable,Not Applicable,Not Applicable,Not Applicable
,"Cook County, IL","17031","Female","F","2023","2023","Accidental poisoning by and exposure to narcotics and psychodysleptics [hallucinogens], not elsewhere classified","X42","Other","7",57,Not Applicable,Not Applicable,Not Applicable,Not Applicable
,"Cook County, IL","17031","Female","F","2023","2023","Accidental poisoning by and exposure to other and unspecified drugs, medicaments and biological substances","X44","Medical Facility - Inpatient","1",12,Not Applicable,Not Applicable,Not Applicable,Not Applicable
,"Cook County, IL","17031","Female","F","2023","2023","Accidental poisoning by and exposure to other and unspecified drugs, medicaments and biological substances","X44","Medical Facility - Outpatient or ER","2",36,Not Applicable,Not Applicable,Not Applicable,Not Applicable
,"Cook County, IL","17031","Female","F","2023","2023","Accidental poisoning by and exposure to other and unspecified drugs, medicaments and biological substances","X44","Decedent's home","4",65,Not Applicable,Not Applicable,Not Applicable,Not Applicable
,"Cook County, IL","17031","Female","F","2023","2023","Accidental poisoning by and exposure to other and unspecified drugs, medicaments and biological substances","X44","Other","7",37,Not Applicable,Not Applicable,Not Applicable,Not Applicable
,"Cook County, IL","17031","Female","F","2023","2023","Intentional self-poisoning by and exposure to antiepileptic, sedative-hypnotic, antiparkinsonism and psychotropic drugs, not elsewhere classified","X61","Decedent's home","4",12,Not Applicable,Not Applicable,Not Applicable,Not Applicable
,"Cook County, IL","17031","Female","F","2023","2023","Intentional self-poisoning by and exposure to other and unspecified drugs, medicaments and biological substances","X64","Decedent's home","4",10,Not Applicable,Not Applicable,Not Applicable,Not Applicable
,"Cook County, IL","17031","Male","M","2023","2023","Accidental poisoning by and exposure to narcotics and psychodysleptics [hallucinogens], not elsewhere classified","X42","Medical Facility - Inpatient","1",114,Not Applicable,Not Applicable,Not Applicable,Not Applicable
,"Cook County, IL","17031","Male","M","2023","2023","Accidental poisoning by and exposure to narcotics and psychodysleptics [hallucinogens], not elsewhere classified","X42","Medical Facility - Outpatient or ER","2",136,Not Applicable,Not Applicable,Not Applicable,Not Applicable
,"Cook County, IL","17031","Male","M","2023","2023","Accidental poisoning by and exposure to narcotics and psychodysleptics [hallucinogens], not elsewhere classified","X42","Medical Facility - Dead on Arrival","3",10,Not Applicable,Not Applicable,Not Applicable,Not Applicable
,"Cook County, IL","17031","Male","M","2023","2023","Accidental poisoning by and exposure to narcotics and psychodysleptics [hallucinogens], not elsewhere classified","X42","Decedent's home","4",415,Not Applicable,Not Applicable,Not Applicable,Not Applicable
,"Cook County, IL","17031","Male","M","2023","2023","Accidental poisoning by and exposure to narcotics and psychodysleptics [hallucinogens], not elsewhere classified","X42","Other","7",258,Not Applicable,Not Applicable,Not Applicable,Not Applicable
,"Cook County, IL","17031","Male","M","2023","2023","Accidental poisoning by and exposure to other and unspecified drugs, medicaments and biological substances","X44","Medical Facility - Inpatient","1",43,Not Applicable,Not Applicable,Not Applicable,Not Applicable
,"Cook County, IL","17031","Male","M","2023","2023","Accidental poisoning by and exposure to other and unspecified drugs, medicaments and biological substances","X44","Medical Facility - Outpatient or ER","2",80,Not Applicable,Not Applicable,Not Applicable,Not Applicable
,"Cook County, IL","17031","Male","M","2023","2023","Accidental poisoning by and exposure to other and unspecified drugs, medicaments and biological substances","X44","Decedent's home","4",223,Not Applicable,Not Applicable,Not Applicable,Not Applicable
,"Cook County, IL","17031","Male","M","2023","2023","Accidental poisoning by and exposure to other and unspecified drugs, medicaments and biological substances","X44","Other","7",135,Not Applicable,Not Applicable,Not Applicable,Not Applicable
,"DuPage County, IL","17043","Male","M","2023","2023","Accidental poisoning by and exposure to narcotics and psychodysleptics [hallucinogens], not elsewhere classified","X42","Decedent's home","4",16,Not Applicable,Not Applicable,Not Applicable,Not Applicable
,"DuPage County, IL","17043","Male","M","2023","2023","Accidental poisoning by and exposure to narcotics and psychodysleptics [hallucinogens], not elsewhere classified","X42","Other","7",17,Not Applicable,Not Applicable,Not Applicable,Not Applicable
,"DuPage County, IL","17043","Male","M","2023","2023","Accidental poisoning by and exposure to other and unspecified drugs, medicaments and biological substances","X44","Decedent's home","4",24,Not Applicable,Not Applicable,Not Applicable,Not Applicable
,"Kane County, IL","17089","Male","M","2023","2023","Accidental poisoning by and exposure to narcotics and psychodysleptics [hallucinogens], not elsewhere classified","X42","Decedent's home","4",25,Not Applicable,Not Applicable,Not Applicable,Not Applicable
,"Lake County, IL","17097","Female","F","2023","2023","Accidental poisoning by and exposure to other and unspecified drugs, medicaments and biological substances","X44","Decedent's home","4",12,Not Applicable,Not Applicable,Not Applicable,Not Applicable
,"Lake County, IL","17097","Male","M","2023","2023","Accidental poisoning by and exposure to narcotics and psychodysleptics [hallucinogens], not elsewhere classified","X42","Medical Facility - Outpatient or ER","2",13,Not Applicable,Not Applicable,Not Applicable,Not Applicable
,"Lake County, IL","17097","Male","M","2023","2023","Accidental poisoning by and exposure to narcotics and psychodysleptics [hallucinogens], not elsewhere classified","X42","Decedent's home","4",32,Not Applicable,Not Applicable,Not Applicable,Not Applicable
,"Lake County, IL","17097","Male","M","2023","2023","Accidental poisoning by and exposure to narcotics and psychodysleptics [hallucinogens], not elsewhere classified","X42","Other","7",14,Not Applicable,Not Applicable,Not Applicable,Not Applicable
,"Lake County, IL","17097","Male","M","2023","2023","Accidental poisoning by and exposure to other and unspecified drugs, medicaments and biological substances","X44","Decedent's home","4",21,Not Applicable,Not Applicable,Not Applicable,Not Applicable
,"McHenry County, IL","17111","Male","M","2023","2023","Accidental poisoning by and exposure to narcotics and psychodysleptics [hallucinogens], not elsewhere classified","X42","Decedent's home","4",13,Not Applicable,Not Applicable,Not Applicable,Not Applicable
,"Madison County, IL","17119","Female","F","2023","2023","Accidental poisoning by and exposure to other and unspecified drugs, medicaments and biological substances","X44","Decedent's home","4",11,Not Applicable,Not Applicable,Not Applicable,Not Applicable
,"Madison County, IL","17119","Male","M","2023","2023","Accidental poisoning by and exposure to other and unspecified drugs, medicaments and biological substances","X44","Decedent's home","4",22,Not Applicable,Not Applicable,Not Applicable,Not Applicable
,"Peoria County, IL","17143","Male","M","2023","2023","Accidental poisoning by and exposure to narcotics and psychodysleptics [hallucinogens], not elsewhere classified","X42","Decedent's home","4",12,Not Applicable,Not Applicable,Not Applicable,Not Applicable
,"Peoria County, IL","17143","Male","M","2023","2023","Accidental poisoning by and exposure to other and unspecified drugs, medicaments and biological substances","X44","Decedent's home","4",16,Not Applicable,Not Applicable,Not Applicable,Not Applicable
,"St. Clair County, IL","17163","Male","M","2023","2023","Accidental poisoning by and exposure to narcotics and psychodysleptics [hallucinogens], not elsewhere classified","X42","Decedent's home","4",15,Not Applicable,Not Applicable,Not Applicable,Not Applicable
,"Sangamon County, IL","17167","Male","M","2023","2023","Accidental poisoning by and exposure to narcotics and psychodysleptics [hallucinogens], not elsewhere classified","X42","Decedent's home","4",13,Not Applicable,Not Applicable,Not Applicable,Not Applicable
,"Sangamon County, IL","17167","Male","M","2023","2023","Accidental poisoning by and exposure to other and unspecified drugs, medicaments and biological substances","X44","Decedent's home","4",20,Not Applicable,Not Applicable,Not Applicable,Not Applicable
,"Tazewell County, IL","17179","Male","M","2023","2023","Accidental poisoning by and exposure to other and unspecified drugs, medicaments and biological substances","X44","Decedent's home","4",13,Not Applicable,Not Applicable,Not Applicable,Not Applicable
,"Will County, IL","17197","Female","F","2023","2023","Accidental poisoning by and exposure to narcotics and psychodysleptics [hallucinogens], not elsewhere classified","X42","Decedent's home","4",10,Not Applicable,Not Applicable,Not Applicable,Not Applicable
,"Will County, IL","17197","Male","M","2023","2023","Accidental poisoning by and exposure to narcotics and psychodysleptics [hallucinogens], not elsewhere classified","X42","Medical Facility - Outpatient or ER","2",10,Not Applicable,Not Applicable,Not Applicable,Not Applicable
,"Will County, IL","17197","Male","M","2023","2023","Accidental poisoning by and exposure to narcotics and psychodysleptics [hallucinogens], not elsewhere classified","X42","Decedent's home","4",37,Not Applicable,Not Applicable,Not Applicable,Not Applicable
,"Will County, IL","17197","Male","M","2023","2023","Accidental poisoning by and exposure to narcotics and psychodysleptics [hallucinogens], not elsewhere classified","X42","Other","7",10,Not Applicable,Not Applicable,Not Applicable,Not Applicable
,"Winnebago County, IL","17201","Female","F","2023","2023","Accidental poisoning by and exposure to narcotics and psychodysleptics [hallucinogens], not elsewhere classified","X42","Medical Facility - Outpatient or ER","2",12,Not Applicable,Not Applicable,Not Applicable,Not Applicable
,"Winnebago County, IL","17201","Female","F","2023","2023","Accidental poisoning by and exposure to narcotics and psychodysleptics [hallucinogens], not elsewhere classified","X42","Decedent's home","4",14,Not Applicable,Not Applicable,Not Applicable,Not Applicable
,"Winnebago County, IL","17201","Female","F","2023","2023","Accidental poisoning by and exposure to narcotics and psychodysleptics [hallucinogens], not elsewhere classified","X42","Other","7",10,Not Applicable,Not Applicable,Not Applicable,Not Applicable
,"Winnebago County, IL","17201","Male","M","2023","2023","Accidental poisoning by and exposure to narcotics and psychodysleptics [hallucinogens], not elsewhere classified","X42","Medical Facility - Outpatient or ER","2",10,Not Applicable,Not Applicable,Not Applicable,Not Applicable
,"Winnebago County, IL","17201","Male","M","2023","2023","Accidental poisoning by and exposure to narcotics and psychodysleptics [hallucinogens], not elsewhere classified","X42","Decedent's home","4",43,Not Applicable,Not Applicable,Not Applicable,Not Applicable
,"Winnebago County, IL","17201","Male","M","2023","2023","Accidental poisoning by and exposure to narcotics and psychodysleptics [hallucinogens], not elsewhere classified","X42","Other","7",18,Not Applicable,Not Applicable,Not Applicable,Not Applicable
,"Allen County, IN","18003","Female","F","2023","2023","Accidental poisoning by and exposure to narcotics and psychodysleptics [hallucinogens], not elsewhere classified","X42","Decedent's home","4",12,Not Applicable,Not Applicable,Not Applicable,Not Applicable
,"Allen County, IN","18003","Male","M","2023","2023","Accidental poisoning by and exposure to narcotics and psychodysleptics [hallucinogens], not elsewhere classified","X42","Decedent's home","4",16,Not Applicable,Not Applicable,Not Applicable,Not Applicable
,"Allen County, IN","18003","Male","M","2023","2023","Accidental poisoning by and exposure to other and unspecified drugs, medicaments and biological substances","X44","Other","7",11,Not Applicable,Not Applicable,Not Applicable,Not Applicable
,"Delaware County, IN","18035","Female","F","2023","2023","Accidental poisoning by and exposure to other and unspecified drugs, medicaments and biological substances","X44","Decedent's home","4",12,Not Applicable,Not Applicable,Not Applicable,Not Applicable
,"Grant County, IN","18053","Male","M","2023","2023","Accidental poisoning by and exposure to other and unspecified drugs, medicaments and biological substances","X44","Decedent's home","4",10,Not Applicable,Not Applicable,Not Applicable,Not Applicable
,"Lake County, IN","18089","Male","M","2023","2023","Accidental poisoning by and exposure to narcotics and psychodysleptics [hallucinogens], not elsewhere classified","X42","Decedent's home","4",43,Not Applicable,Not Applicable,Not Applicable,Not Applicable
,"Lake County, IN","18089","Male","M","2023","2023","Accidental poisoning by and exposure to narcotics and psychodysleptics [hallucinogens], not elsewhere classified","X42","Other","7",32,Not Applicable,Not Applicable,Not Applicable,Not Applicable
,"Lake County, IN","18089","Male","M","2023","2023","Accidental poisoning by and exposure to other and unspecified drugs, medicaments and biological substances","X44","Other","7",20,Not Applicable,Not Applicable,Not Applicable,Not Applicable
,"Marion County, IN","18097","Female","F","2023","2023","Accidental poisoning by and exposure to narcotics and psychodysleptics [hallucinogens], not elsewhere classified","X42","Medical Facility - Inpatient","1",11,Not Applicable,Not Applicable,Not Applicable,Not Applicable
,"Marion County, IN","18097","Female","F","2023","2023","Accidental poisoning by and exposure to narcotics and psychodysleptics [hallucinogens], not elsewhere classified","X42","Decedent's home","4",20,Not Applicable,Not Applicable,Not Applicable,Not Applicable
,"Marion County, IN","18097","Female","F","2023","2023","Accidental poisoning by and exposure to narcotics and psychodysleptics [hallucinogens], not elsewhere classified","X42","Other","7",29,Not Applicable,Not Applicable,Not Applicable,Not Applicable
,"Marion County, IN","18097","Female","F","2023","2023","Accidental poisoning by and exposure to other and unspecified drugs, medicaments and biological substances","X44","Decedent's home","4",51,Not Applicable,Not Applicable,Not Applicable,Not Applicable
,"Marion County, IN","18097","Female","F","2023","2023","Accidental poisoning by and exposure to other and unspecified drugs, medicaments and biological substances","X44","Other","7",31,Not Applicable,Not Applicable,Not Applicable,Not Applicable
,"Marion County, IN","18097","Male","M","2023","2023","Accidental poisoning by and exposure to antiepileptic, sedative-hypnotic, antiparkinsonism and psychotropic drugs, not elsewhere classified","X41","Decedent's home","4",14,Not Applicable,Not Applicable,Not Applicable,Not Applicable
,"Marion County, IN","18097","Male","M","2023","2023","Accidental poisoning by and exposure to narcotics and psychodysleptics [hallucinogens], not elsewhere classified","X42","Medical Facility - Inpatient","1",21,Not Applicable,Not Applicable,Not Applicable,Not Applicable
,"Marion County, IN","18097","Male","M","2023","2023","Accidental poisoning by and exposure to narcotics and psychodysleptics [hallucinogens], not elsewhere classified","X42","Medical Facility - Outpatient or ER","2",17,Not Applicable,Not Applicable,Not Applicable,Not Applicable
,"Marion County, IN","18097","Male","M","2023","2023","Accidental poisoning by and exposure to narcotics and psychodysleptics [hallucinogens], not elsewhere classified","X42","Decedent's home","4",83,Not Applicable,Not Applicable,Not Applicable,Not Applicable
,"Marion County, IN","18097","Male","M","2023","2023","Accidental poisoning by and exposure to narcotics and psychodysleptics [hallucinogens], not elsewhere classified","X42","Other","7",66,Not Applicable,Not Applicable,Not Applicable,Not Applicable
,"Marion County, IN","18097","Male","M","2023","2023","Accidental poisoning by and exposure to other and unspecified drugs, medicaments and biological substances","X44","Medical Facility - Inpatient","1",17,Not Applicable,Not Applicable,Not Applicable,Not Applicable
,"Marion County, IN","18097","Male","M","2023","2023","Accidental poisoning by and exposure to other and unspecified drugs, medicaments and biological substances","X44","Decedent's home","4",86,Not Applicable,Not Applicable,Not Applicable,Not Applicable
,"Marion County, IN","18097","Male","M","2023","2023","Accidental poisoning by and exposure to other and unspecified drugs, medicaments and biological substances","X44","Other","7",67,Not Applicable,Not Applicable,Not Applicable,Not Applicable
,"Monroe County, IN","18105","Male","M","2023","2023","Accidental poisoning by and exposure to other and unspecified drugs, medicaments and biological substances","X44","Decedent's home","4",13,Not Applicable,Not Applicable,Not Applicable,Not Applicable
,"St. Joseph County, IN","18141","Male","M","2023","2023","Accidental poisoning by and exposure to narcotics and psychodysleptics [hallucinogens], not elsewhere classified","X42","Decedent's home","4",20,Not Applicable,Not Applicable,Not Applicable,Not Applicable
,"Polk County, IA","19153","Female","F","2023","2023","Accidental poisoning by and exposure to other and unspecified drugs, medicaments and biological substances","X44","Decedent's home","4",10,Not Applicable,Not Applicable,Not Applicable,Not Applicable
,"Polk County, IA","19153","Female","F","2023","2023","Accidental poisoning by and exposure to other and unspecified drugs, medicaments and biological substances","X44","Other","7",11,Not Applicable,Not Applicable,Not Applicable,Not Applicable
,"Polk County, IA","19153","Male","M","2023","2023","Accidental poisoning by and exposure to antiepileptic, sedative-hypnotic, antiparkinsonism and psychotropic drugs, not elsewhere classified","X41","Decedent's home","4",11,Not Applicable,Not Applicable,Not Applicable,Not Applicable
,"Polk County, IA","19153","Male","M","2023","2023","Accidental poisoning by and exposure to other and unspecified drugs, medicaments and biological substances","X44","Decedent's home","4",10,Not Applicable,Not Applicable,Not Applicable,Not Applicable
,"Johnson County, KS","20091","Female","F","2023","2023","Accidental poisoning by and exposure to other and unspecified drugs, medicaments and biological substances","X44","Decedent's home","4",12,Not Applicable,Not Applicable,Not Applicable,Not Applicable
,"Johnson County, KS","20091","Male","M","2023","2023","Accidental poisoning by and exposure to narcotics and psychodysleptics [hallucinogens], not elsewhere classified","X42","Decedent's home","4",10,Not Applicable,Not Applicable,Not Applicable,Not Applicable
,"Johnson County, KS","20091","Male","M","2023","2023","Accidental poisoning by and exposure to other and unspecified drugs, medicaments and biological substances","X44","Decedent's home","4",16,Not Applicable,Not Applicable,Not Applicable,Not Applicable
,"Sedgwick County, KS","20173","Female","F","2023","2023","Accidental poisoning by and exposure to narcotics and psychodysleptics [hallucinogens], not elsewhere classified","X42","Decedent's home","4",11,Not Applicable,Not Applicable,Not Applicable,Not Applicable
,"Sedgwick County, KS","20173","Female","F","2023","2023","Accidental poisoning by and exposure to other and unspecified drugs, medicaments and biological substances","X44","Decedent's home","4",18,Not Applicable,Not Applicable,Not Applicable,Not Applicable
,"Sedgwick County, KS","20173","Male","M","2023","2023","Accidental poisoning by and exposure to antiepileptic, sedative-hypnotic, antiparkinsonism and psychotropic drugs, not elsewhere classified","X41","Decedent's home","4",22,Not Applicable,Not Applicable,Not Applicable,Not Applicable
,"Sedgwick County, KS","20173","Male","M","2023","2023","Accidental poisoning by and exposure to narcotics and psychodysleptics [hallucinogens], not elsewhere classified","X42","Decedent's home","4",38,Not Applicable,Not Applicable,Not Applicable,Not Applicable
,"Sedgwick County, KS","20173","Male","M","2023","2023","Accidental poisoning by and exposure to narcotics and psychodysleptics [hallucinogens], not elsewhere classified","X42","Other","7",13,Not Applicable,Not Applicable,Not Applicable,Not Applicable
,"Sedgwick County, KS","20173","Male","M","2023","2023","Accidental poisoning by and exposure to other and unspecified drugs, medicaments and biological substances","X44","Decedent's home","4",34,Not Applicable,Not Applicable,Not Applicable,Not Applicable
,"Sedgwick County, KS","20173","Male","M","2023","2023","Accidental poisoning by and exposure to other and unspecified drugs, medicaments and biological substances","X44","Other","7",13,Not Applicable,Not Applicable,Not Applicable,Not Applicable
,"Wyandotte County, KS","20209","Male","M","2023","2023","Accidental poisoning by and exposure to narcotics and psychodysleptics [hallucinogens], not elsewhere classified","X42","Decedent's home","4",16,Not Applicable,Not Applicable,Not Applicable,Not Applicable
,"Fayette County, KY","21067","Female","F","2023","2023","Accidental poisoning by and exposure to narcotics and psychodysleptics [hallucinogens], not elsewhere classified","X42","Decedent's home","4",10,Not Applicable,Not Applicable,Not Applicable,Not Applicable
,"Fayette County, KY","21067","Male","M","2023","2023","Accidental poisoning by and exposure to narcotics and psychodysleptics [hallucinogens], not elsewhere classified","X42","Decedent's home","4",26,Not Applicable,Not Applicable,Not Applicable,Not Applicable
,"Fayette County, KY","21067","Male","M","2023","2023","Accidental poisoning by and exposure to narcotics and psychodysleptics [hallucinogens], not elsewhere classified","X42","Other","7",13,Not Applicable,Not Applicable,Not Applicable,Not Applicable
,"Fayette County, KY","21067","Male","M","2023","2023","Accidental poisoning by and exposure to other and unspecified drugs, medicaments and biological substances","X44","Decedent's home","4",16,Not Applicable,Not Applicable,Not Applicable,Not Applicable
,"Fayette County, KY","21067","Male","M","2023","2023","Accidental poisoning by and exposure to other and unspecified drugs, medicaments and biological substances","X44","Other","7",15,Not Applicable,Not Applicable,Not Applicable,Not Applicable
,"Jefferson County, KY","21111","Female","F","2023","2023","Accidental poisoning by and exposure to narcotics and psychodysleptics [hallucinogens], not elsewhere classified","X42","Medical Facility - Inpatient","1",10,Not Applicable,Not Applicable,Not Applicable,Not Applicable
,"Jefferson County, KY","21111","Female","F","2023","2023","Accidental poisoning by and exposure to narcotics and psychodysleptics [hallucinogens], not elsewhere classified","X42","Medical Facility - Outpatient or ER","2",10,Not Applicable,Not Applicable,Not Applicable,Not Applicable
,"Jefferson County, KY","21111","Female","F","2023","2023","Accidental poisoning by and exposure to narcotics and psychodysleptics [hallucinogens], not elsewhere classified","X42","Decedent's home","4",20,Not Applicable,Not Applicable,Not Applicable,Not Applicable
,"Jefferson County, KY","21111","Female","F","2023","2023","Accidental poisoning by and exposure to narcotics and psychodysleptics [hallucinogens], not elsewhere classified","X42","Other","7",13,Not Applicable,Not Applicable,Not Applicable,Not Applicable
,"Jefferson County, KY","21111","Female","F","2023","2023","Accidental poisoning by and exposure to other and unspecified drugs, medicaments and biological substances","X44","Medical Facility - Inpatient","1",14,Not Applicable,Not Applicable,Not Applicable,Not Applicable
,"Jefferson County, KY","21111","Female","F","2023","2023","Accidental poisoning by and exposure to other and unspecified drugs, medicaments and biological substances","X44","Decedent's home","4",39,Not Applicable,Not Applicable,Not Applicable,Not Applicable
,"Jefferson County, KY","21111","Female","F","2023","2023","Accidental poisoning by and exposure to other and unspecified drugs, medicaments and biological substances","X44","Other","7",20,Not Applicable,Not Applicable,Not Applicable,Not Applicable
,"Jefferson County, KY","21111","Male","M","2023","2023","Accidental poisoning by and exposure to narcotics and psychodysleptics [hallucinogens], not elsewhere classified","X42","Medical Facility - Inpatient","1",15,Not Applicable,Not Applicable,Not Applicable,Not Applicable
,"Jefferson County, KY","21111","Male","M","2023","2023","Accidental poisoning by and exposure to narcotics and psychodysleptics [hallucinogens], not elsewhere classified","X42","Medical Facility - Outpatient or ER","2",34,Not Applicable,Not Applicable,Not Applicable,Not Applicable
,"Jefferson County, KY","21111","Male","M","2023","2023","Accidental poisoning by and exposure to narcotics and psychodysleptics [hallucinogens], not elsewhere classified","X42","Decedent's home","4",83,Not Applicable,Not Applicable,Not Applicable,Not Applicable
,"Jefferson County, KY","21111","Male","M","2023","2023","Accidental poisoning by and exposure to narcotics and psychodysleptics [hallucinogens], not elsewhere classified","X42","Other","7",33,Not Applicable,Not Applicable,Not Applicable,Not Applicable
,"Jefferson County, KY","21111","Male","M","2023","2023","Accidental poisoning by and exposure to other and unspecified drugs, medicaments and biological substances","X44","Medical Facility - Inpatient","1",15,Not Applicable,Not Applicable,Not Applicable,Not Applicable
,"Jefferson County, KY","21111","Male","M","2023","2023","Accidental poisoning by and exposure to other and unspecified drugs, medicaments and biological substances","X44","Medical Facility - Outpatient or ER","2",18,Not Applicable,Not Applicable,Not Applicable,Not Applicable
,"Jefferson County, KY","21111","Male","M","2023","2023","Accidental poisoning by and exposure to other and unspecified drugs, medicaments and biological substances","X44","Decedent's home","4",65,Not Applicable,Not Applicable,Not Applicable,Not Applicable
,"Jefferson County, KY","21111","Male","M","2023","2023","Accidental poisoning by and exposure to other and unspecified drugs, medicaments and biological substances","X44","Other","7",67,Not Applicable,Not Applicable,Not Applicable,Not Applicable
,"Kenton County, KY","21117","Female","F","2023","2023","Accidental poisoning by and exposure to other and unspecified drugs, medicaments and biological substances","X44","Decedent's home","4",12,Not Applicable,Not Applicable,Not Applicable,Not Applicable
,"Kenton County, KY","21117","Male","M","2023","2023","Accidental poisoning by and exposure to narcotics and psychodysleptics [hallucinogens], not elsewhere classified","X42","Decedent's home","4",16,Not Applicable,Not Applicable,Not Applicable,Not Applicable
,"Laurel County, KY","21125","Male","M","2023","2023","Accidental poisoning by and exposure to other and unspecified drugs, medicaments and biological substances","X44","Decedent's home","4",11,Not Applicable,Not Applicable,Not Applicable,Not Applicable
,"Madison County, KY","21151","Male","M","2023","2023","Accidental poisoning by and exposure to other and unspecified drugs, medicaments and biological substances","X44","Decedent's home","4",14,Not Applicable,Not Applicable,Not Applicable,Not Applicable
,"Madison County, KY","21151","Male","M","2023","2023","Accidental poisoning by and exposure to other and unspecified drugs, medicaments and biological substances","X44","Other","7",12,Not Applicable,Not Applicable,Not Applicable,Not Applicable
,"Pike County, KY","21195","Male","M","2023","2023","Accidental poisoning by and exposure to other and unspecified drugs, medicaments and biological substances","X44","Decedent's home","4",13,Not Applicable,Not Applicable,Not Applicable,Not Applicable
,"Ascension Parish, LA","22005","Male","M","2023","2023","Accidental poisoning by and exposure to narcotics and psychodysleptics [hallucinogens], not elsewhere classified","X42","Decedent's home","4",15,Not Applicable,Not Applicable,Not Applicable,Not Applicable
,"Calcasieu Parish, LA","22019","Male","M","2023","2023","Poisoning by and exposure to narcotics and psychodysleptics [hallucinogens], not elsewhere classified, undetermined intent","Y12","Decedent's home","4",12,Not Applicable,Not Applicable,Not Applicable,Not Applicable
,"Calcasieu Parish, LA","22019","Male","M","2023","2023","Poisoning by and exposure to other and unspecified drugs, medicaments and biological substances, undetermined intent","Y14","Decedent's home","4",12,Not Applicable,Not Applicable,Not Applicable,Not Applicable
,"East Baton Rouge Parish, LA","22033","Female","F","2023","2023","Accidental poisoning by and exposure to other and unspecified drugs, medicaments and biological substances","X44","Decedent's home","4",22,Not Applicable,Not Applicable,Not Applicable,Not Applicable
,"East Baton Rouge Parish, LA","22033","Female","F","2023","2023","Accidental poisoning by and exposure to other and unspecified drugs, medicaments and biological substances","X44","Other","7",18,Not Applicable,Not Applicable,Not Applicable,Not Applicable
,"East Baton Rouge Parish, LA","22033","Male","M","2023","2023","Accidental poisoning by and exposure to narcotics and psychodysleptics [hallucinogens], not elsewhere classified","X42","Decedent's home","4",12,Not Applicable,Not Applicable,Not Applicable,Not Applicable
,"East Baton Rouge Parish, LA","22033","Male","M","2023","2023","Accidental poisoning by and exposure to narcotics and psychodysleptics [hallucinogens], not elsewhere classified","X42","Other","7",13,Not Applicable,Not Applicable,Not Applicable,Not Applicable
,"East Baton Rouge Parish, LA","22033","Male","M","2023","2023","Accidental poisoning by and exposure to other and unspecified drugs, medicaments and biological substances","X44","Medical Facility - Outpatient or ER","2",12,Not Applicable,Not Applicable,Not Applicable,Not Applicable
,"East Baton Rouge Parish, LA","22033","Male","M","2023","2023","Accidental poisoning by and exposure to other and unspecified drugs, medicaments and biological substances","X44","Decedent's home","4",85,Not Applicable,Not Applicable,Not Applicable,Not Applicable
,"East Baton Rouge Parish, LA","22033","Male","M","2023","2023","Accidental poisoning by and exposure to other and unspecified drugs, medicaments and biological substances","X44","Other","7",60,Not Applicable,Not Applicable,Not Applicable,Not Applicable
,"Jefferson Parish, LA","22051","Female","F","2023","2023","Accidental poisoning by and exposure to other and unspecified drugs, medicaments and biological substances","X44","Decedent's home","4",20,Not Applicable,Not Applicable,Not Applicable,Not Applicable
,"Jefferson Parish, LA","22051","Male","M","2023","2023","Accidental poisoning by and exposure to narcotics and psychodysleptics [hallucinogens], not elsewhere classified","X42","Medical Facility - Inpatient","1",11,Not Applicable,Not Applicable,Not Applicable,Not Applicable
,"Jefferson Parish, LA","22051","Male","M","2023","2023","Accidental poisoning by and exposure to narcotics and psychodysleptics [hallucinogens], not elsewhere classified","X42","Medical Facility - Outpatient or ER","2",14,Not Applicable,Not Applicable,Not Applicable,Not Applicable
,"Jefferson Parish, LA","22051","Male","M","2023","2023","Accidental poisoning by and exposure to narcotics and psychodysleptics [hallucinogens], not elsewhere classified","X42","Decedent's home","4",38,Not Applicable,Not Applicable,Not Applicable,Not Applicable
,"Jefferson Parish, LA","22051","Male","M","2023","2023","Accidental poisoning by and exposure to narcotics and psychodysleptics [hallucinogens], not elsewhere classified","X42","Other","7",18,Not Applicable,Not Applicable,Not Applicable,Not Applicable
,"Jefferson Parish, LA","22051","Male","M","2023","2023","Accidental poisoning by and exposure to other and unspecified drugs, medicaments and biological substances","X44","Medical Facility - Outpatient or ER","2",11,Not Applicable,Not Applicable,Not Applicable,Not Applicable
,"Jefferson Parish, LA","22051","Male","M","2023","2023","Accidental poisoning by and exposure to other and unspecified drugs, medicaments and biological substances","X44","Decedent's home","4",30,Not Applicable,Not Applicable,Not Applicable,Not Applicable
,"Jefferson Parish, LA","22051","Male","M","2023","2023","Accidental poisoning by and exposure to other and unspecified drugs, medicaments and biological substances","X44","Other","7",31,Not Applicable,Not Applicable,Not Applicable,Not Applicable
,"Lafayette Parish, LA","22055","Male","M","2023","2023","Accidental poisoning by and exposure to other and unspecified drugs, medicaments and biological substances","X44","Decedent's home","4",18,Not Applicable,Not Applicable,Not Applicable,Not Applicable
,"Lafayette Parish, LA","22055","Male","M","2023","2023","Accidental poisoning by and exposure to other and unspecified drugs, medicaments and biological substances","X44","Other","7",12,Not Applicable,Not Applicable,Not Applicable,Not Applicable
,"Livingston Parish, LA","22063","Male","M","2023","2023","Accidental poisoning by and exposure to narcotics and psychodysleptics [hallucinogens], not elsewhere classified","X42","Decedent's home","4",14,Not Applicable,Not Applicable,Not Applicable,Not Applicable
,"Livingston Parish, LA","22063","Male","M","2023","2023","Accidental poisoning by and exposure to other and unspecified drugs, medicaments and biological substances","X44","Decedent's home","4",15,Not Applicable,Not Applicable,Not Applicable,Not Applicable
,"Livingston Parish, LA","22063","Male","M","2023","2023","Accidental poisoning by and exposure to other and unspecified drugs, medicaments and biological substances","X44","Other","7",12,Not Applicable,Not Applicable,Not Applicable,Not Applicable
,"Orleans Parish, LA","22071","Female","F","2023","2023","Accidental poisoning by and exposure to other and unspecified drugs, medicaments and biological substances","X44","Decedent's home","4",41,Not Applicable,Not Applicable,Not Applicable,Not Applicable
,"Orleans Parish, LA","22071","Female","F","2023","2023","Accidental poisoning by and exposure to other and unspecified drugs, medicaments and biological substances","X44","Other","7",14,Not Applicable,Not Applicable,Not Applicable,Not Applicable
,"Orleans Parish, LA","22071","Male","M","2023","2023","Accidental poisoning by and exposure to narcotics and psychodysleptics [hallucinogens], not elsewhere classified","X42","Medical Facility - Outpatient or ER","2",11,Not Applicable,Not Applicable,Not Applicable,Not Applicable
,"Orleans Parish, LA","22071","Male","M","2023","2023","Accidental poisoning by and exposure to narcotics and psychodysleptics [hallucinogens], not elsewhere classified","X42","Decedent's home","4",25,Not Applicable,Not Applicable,Not Applicable,Not Applicable
,"Orleans Parish, LA","22071","Male","M","2023","2023","Accidental poisoning by and exposure to narcotics and psychodysleptics [hallucinogens], not elsewhere classified","X42","Other","7",14,Not Applicable,Not Applicable,Not Applicable,Not Applicable
,"Orleans Parish, LA","22071","Male","M","2023","2023","Accidental poisoning by and exposure to other and unspecified drugs, medicaments and biological substances","X44","Medical Facility - Inpatient","1",19,Not Applicable,Not Applicable,Not Applicable,Not Applicable
,"Orleans Parish, LA","22071","Male","M","2023","2023","Accidental poisoning by and exposure to other and unspecified drugs, medicaments and biological substances","X44","Medical Facility - Outpatient or ER","2",39,Not Applicable,Not Applicable,Not Applicable,Not Applicable
,"Orleans Parish, LA","22071","Male","M","2023","2023","Accidental poisoning by and exposure to other and unspecified drugs, medicaments and biological substances","X44","Decedent's home","4",98,Not Applicable,Not Applicable,Not Applicable,Not Applicable
,"Orleans Parish, LA","22071","Male","M","2023","2023","Accidental poisoning by and exposure to other and unspecified drugs, medicaments and biological substances","X44","Other","7",57,Not Applicable,Not Applicable,Not Applicable,Not Applicable
,"Ouachita Parish, LA","22073","Female","F","2023","2023","Accidental poisoning by and exposure to other and unspecified drugs, medicaments and biological substances","X44","Decedent's home","4",11,Not Applicable,Not Applicable,Not Applicable,Not Applicable
,"Ouachita Parish, LA","22073","Male","M","2023","2023","Accidental poisoning by and exposure to narcotics and psychodysleptics [hallucinogens], not elsewhere classified","X42","Decedent's home","4",14,Not Applicable,Not Applicable,Not Applicable,Not Applicable
,"Ouachita Parish, LA","22073","Male","M","2023","2023","Accidental poisoning by and exposure to other and unspecified drugs, medicaments and biological substances","X44","Other","7",13,Not Applicable,Not Applicable,Not Applicable,Not Applicable
,"Rapides Parish, LA","22079","Male","M","2023","2023","Accidental poisoning by and exposure to narcotics and psychodysleptics [hallucinogens], not elsewhere classified","X42","Decedent's home","4",12,Not Applicable,Not Applicable,Not Applicable,Not Applicable
,"Rapides Parish, LA","22079","Male","M","2023","2023","Accidental poisoning by and exposure to other and unspecified drugs, medicaments and biological substances","X44","Decedent's home","4",19,Not Applicable,Not Applicable,Not Applicable,Not Applicable
,"Rapides Parish, LA","22079","Male","M","2023","2023","Accidental poisoning by and exposure to other and unspecified drugs, medicaments and biological substances","X44","Other","7",13,Not Applicable,Not Applicable,Not Applicable,Not Applicable
,"St. Tammany Parish, LA","22103","Female","F","2023","2023","Accidental poisoning by and exposure to other and unspecified drugs, medicaments and biological substances","X44","Decedent's home","4",12,Not Applicable,Not Applicable,Not Applicable,Not Applicable
,"St. Tammany Parish, LA","22103","Male","M","2023","2023","Accidental poisoning by and exposure to narcotics and psychodysleptics [hallucinogens], not elsewhere classified","X42","Decedent's home","4",10,Not Applicable,Not Applicable,Not Applicable,Not Applicable
,"St. Tammany Parish, LA","22103","Male","M","2023","2023","Accidental poisoning by and exposure to other and unspecified drugs, medicaments and biological substances","X44","Decedent's home","4",18,Not Applicable,Not Applicable,Not Applicable,Not Applicable
,"St. Tammany Parish, LA","22103","Male","M","2023","2023","Accidental poisoning by and exposure to other and unspecified drugs, medicaments and biological substances","X44","Other","7",17,Not Applicable,Not Applicable,Not Applicable,Not Applicable
,"Tangipahoa Parish, LA","22105","Male","M","2023","2023","Accidental poisoning by and exposure to other and unspecified drugs, medicaments and biological substances","X44","Decedent's home","4",10,Not Applicable,Not Applicable,Not Applicable,Not Applicable
,"Terrebonne Parish, LA","22109","Female","F","2023","2023","Accidental poisoning by and exposure to other and unspecified drugs, medicaments and biological substances","X44","Decedent's home","4",14,Not Applicable,Not Applicable,Not Applicable,Not Applicable
,"Terrebonne Parish, LA","22109","Male","M","2023","2023","Accidental poisoning by and exposure to other and unspecified drugs, medicaments and biological substances","X44","Decedent's home","4",17,Not Applicable,Not Applicable,Not Applicable,Not Applicable
,"Washington Parish, LA","22117","Male","M","2023","2023","Accidental poisoning by and exposure to other and unspecified drugs, medicaments and biological substances","X44","Decedent's home","4",13,Not Applicable,Not Applicable,Not Applicable,Not Applicable
,"Androscoggin County, ME","23001","Female","F","2023","2023","Accidental poisoning by and exposure to other and unspecified drugs, medicaments and biological substances","X44","Decedent's home","4",10,Not Applicable,Not Applicable,Not Applicable,Not Applicable
,"Androscoggin County, ME","23001","Male","M","2023","2023","Accidental poisoning by and exposure to other and unspecified drugs, medicaments and biological substances","X44","Decedent's home","4",18,Not Applicable,Not Applicable,Not Applicable,Not Applicable
,"Aroostook County, ME","23003","Male","M","2023","2023","Accidental poisoning by and exposure to other and unspecified drugs, medicaments and biological substances","X44","Decedent's home","4",12,Not Applicable,Not Applicable,Not Applicable,Not Applicable
,"Cumberland County, ME","23005","Male","M","2023","2023","Accidental poisoning by and exposure to narcotics and psychodysleptics [hallucinogens], not elsewhere classified","X42","Decedent's home","4",19,Not Applicable,Not Applicable,Not Applicable,Not Applicable
,"Cumberland County, ME","23005","Male","M","2023","2023","Accidental poisoning by and exposure to narcotics and psychodysleptics [hallucinogens], not elsewhere classified","X42","Other","7",13,Not Applicable,Not Applicable,Not Applicable,Not Applicable
,"Cumberland County, ME","23005","Male","M","2023","2023","Accidental poisoning by and exposure to other and unspecified drugs, medicaments and biological substances","X44","Decedent's home","4",25,Not Applicable,Not Applicable,Not Applicable,Not Applicable
,"Cumberland County, ME","23005","Male","M","2023","2023","Accidental poisoning by and exposure to other and unspecified drugs, medicaments and biological substances","X44","Other","7",22,Not Applicable,Not Applicable,Not Applicable,Not Applicable
,"Kennebec County, ME","23011","Male","M","2023","2023","Accidental poisoning by and exposure to narcotics and psychodysleptics [hallucinogens], not elsewhere classified","X42","Decedent's home","4",12,Not Applicable,Not Applicable,Not Applicable,Not Applicable
,"Kennebec County, ME","23011","Male","M","2023","2023","Accidental poisoning by and exposure to other and unspecified drugs, medicaments and biological substances","X44","Decedent's home","4",17,Not Applicable,Not Applicable,Not Applicable,Not Applicable
,"Oxford County, ME","23017","Male","M","2023","2023","Accidental poisoning by and exposure to other and unspecified drugs, medicaments and biological substances","X44","Decedent's home","4",11,Not Applicable,Not Applicable,Not Applicable,Not Applicable
,"Penobscot County, ME","23019","Male","M","2023","2023","Accidental poisoning by and exposure to narcotics and psychodysleptics [hallucinogens], not elsewhere classified","X42","Decedent's home","4",13,Not Applicable,Not Applicable,Not Applicable,Not Applicable
,"Penobscot County, ME","23019","Male","M","2023","2023","Accidental poisoning by and exposure to other and unspecified drugs, medicaments and biological substances","X44","Decedent's home","4",27,Not Applicable,Not Applicable,Not Applicable,Not Applicable
,"Penobscot County, ME","23019","Male","M","2023","2023","Accidental poisoning by and exposure to other and unspecified drugs, medicaments and biological substances","X44","Other","7",17,Not Applicable,Not Applicable,Not Applicable,Not Applicable
,"York County, ME","23031","Female","F","2023","2023","Accidental poisoning by and exposure to other and unspecified drugs, medicaments and biological substances","X44","Decedent's home","4",10,Not Applicable,Not Applicable,Not Applicable,Not Applicable
,"York County, ME","23031","Male","M","2023","2023","Accidental poisoning by and exposure to narcotics and psychodysleptics [hallucinogens], not elsewhere classified","X42","Decedent's home","4",12,Not Applicable,Not Applicable,Not Applicable,Not Applicable
,"York County, ME","23031","Male","M","2023","2023","Accidental poisoning by and exposure to other and unspecified drugs, medicaments and biological substances","X44","Decedent's home","4",13,Not Applicable,Not Applicable,Not Applicable,Not Applicable
,"Anne Arundel County, MD","24003","Female","F","2023","2023","Accidental poisoning by and exposure to narcotics and psychodysleptics [hallucinogens], not elsewhere classified","X42","Decedent's home","4",11,Not Applicable,Not Applicable,Not Applicable,Not Applicable
,"Anne Arundel County, MD","24003","Male","M","2023","2023","Accidental poisoning by and exposure to narcotics and psychodysleptics [hallucinogens], not elsewhere classified","X42","Decedent's home","4",26,Not Applicable,Not Applicable,Not Applicable,Not Applicable
,"Anne Arundel County, MD","24003","Male","M","2023","2023","Accidental poisoning by and exposure to narcotics and psychodysleptics [hallucinogens], not elsewhere classified","X42","Other","7",26,Not Applicable,Not Applicable,Not Applicable,Not Applicable
,"Anne Arundel County, MD","24003","Male","M","2023","2023","Accidental poisoning by and exposure to other and unspecified drugs, medicaments and biological substances","X44","Decedent's home","4",12,Not Applicable,Not Applicable,Not Applicable,Not Applicable
,"Anne Arundel County, MD","24003","Male","M","2023","2023","Poisoning by and exposure to narcotics and psychodysleptics [hallucinogens], not elsewhere classified, undetermined intent","Y12","Decedent's home","4",19,Not Applicable,Not Applicable,Not Applicable,Not Applicable
,"Anne Arundel County, MD","24003","Male","M","2023","2023","Poisoning by and exposure to narcotics and psychodysleptics [hallucinogens], not elsewhere classified, undetermined intent","Y12","Other","7",15,Not Applicable,Not Applicable,Not Applicable,Not Applicable
,"Baltimore County, MD","24005","Female","F","2023","2023","Accidental poisoning by and exposure to narcotics and psychodysleptics [hallucinogens], not elsewhere classified","X42","Decedent's home","4",18,Not Applicable,Not Applicable,Not Applicable,Not Applicable
,"Baltimore County, MD","24005","Female","F","2023","2023","Accidental poisoning by and exposure to narcotics and psychodysleptics [hallucinogens], not elsewhere classified","X42","Other","7",12,Not Applicable,Not Applicable,Not Applicable,Not Applicable
,"Baltimore County, MD","24005","Female","F","2023","2023","Accidental poisoning by and exposure to other and unspecified drugs, medicaments and biological substances","X44","Decedent's home","4",15,Not Applicable,Not Applicable,Not Applicable,Not Applicable
,"Baltimore County, MD","24005","Female","F","2023","2023","Poisoning by and exposure to narcotics and psychodysleptics [hallucinogens], not elsewhere classified, undetermined intent","Y12","Decedent's home","4",14,Not Applicable,Not Applicable,Not Applicable,Not Applicable
,"Baltimore County, MD","24005","Male","M","2023","2023","Accidental poisoning by and exposure to narcotics and psychodysleptics [hallucinogens], not elsewhere classified","X42","Medical Facility - Inpatient","1",11,Not Applicable,Not Applicable,Not Applicable,Not Applicable
,"Baltimore County, MD","24005","Male","M","2023","2023","Accidental poisoning by and exposure to narcotics and psychodysleptics [hallucinogens], not elsewhere classified","X42","Medical Facility - Outpatient or ER","2",14,Not Applicable,Not Applicable,Not Applicable,Not Applicable
,"Baltimore County, MD","24005","Male","M","2023","2023","Accidental poisoning by and exposure to narcotics and psychodysleptics [hallucinogens], not elsewhere classified","X42","Decedent's home","4",38,Not Applicable,Not Applicable,Not Applicable,Not Applicable
,"Baltimore County, MD","24005","Male","M","2023","2023","Accidental poisoning by and exposure to narcotics and psychodysleptics [hallucinogens], not elsewhere classified","X42","Other","7",37,Not Applicable,Not Applicable,Not Applicable,Not Applicable
,"Baltimore County, MD","24005","Male","M","2023","2023","Accidental poisoning by and exposure to other and unspecified drugs, medicaments and biological substances","X44","Decedent's home","4",13,Not Applicable,Not Applicable,Not Applicable,Not Applicable
,"Baltimore County, MD","24005","Male","M","2023","2023","Accidental poisoning by and exposure to other and unspecified drugs, medicaments and biological substances","X44","Other","7",14,Not Applicable,Not Applicable,Not Applicable,Not Applicable
,"Baltimore County, MD","24005","Male","M","2023","2023","Poisoning by and exposure to narcotics and psychodysleptics [hallucinogens], not elsewhere classified, undetermined intent","Y12","Decedent's home","4",35,Not Applicable,Not Applicable,Not Applicable,Not Applicable
,"Baltimore County, MD","24005","Male","M","2023","2023","Poisoning by and exposure to narcotics and psychodysleptics [hallucinogens], not elsewhere classified, undetermined intent","Y12","Other","7",25,Not Applicable,Not Applicable,Not Applicable,Not Applicable
,"Frederick County, MD","24021","Male","M","2023","2023","Poisoning by and exposure to narcotics and psychodysleptics [hallucinogens], not elsewhere classified, undetermined intent","Y12","Decedent's home","4",10,Not Applicable,Not Applicable,Not Applicable,Not Applicable
,"Harford County, MD","24025","Male","M","2023","2023","Poisoning by and exposure to narcotics and psychodysleptics [hallucinogens], not elsewhere classified, undetermined intent","Y12","Other","7",12,Not Applicable,Not Applicable,Not Applicable,Not Applicable
,"Montgomery County, MD","24031","Male","M","2023","2023","Accidental poisoning by and exposure to narcotics and psychodysleptics [hallucinogens], not elsewhere classified","X42","Decedent's home","4",19,Not Applicable,Not Applicable,Not Applicable,Not Applicable
,"Montgomery County, MD","24031","Male","M","2023","2023","Accidental poisoning by and exposure to narcotics and psychodysleptics [hallucinogens], not elsewhere classified","X42","Other","7",20,Not Applicable,Not Applicable,Not Applicable,Not Applicable
,"Montgomery County, MD","24031","Male","M","2023","2023","Accidental poisoning by and exposure to other and unspecified drugs, medicaments and biological substances","X44","Decedent's home","4",10,Not Applicable,Not Applicable,Not Applicable,Not Applicable
,"Montgomery County, MD","24031","Male","M","2023","2023","Poisoning by and exposure to narcotics and psychodysleptics [hallucinogens], not elsewhere classified, undetermined intent","Y12","Decedent's home","4",19,Not Applicable,Not Applicable,Not Applicable,Not Applicable
,"Montgomery County, MD","24031","Male","M","2023","2023","Poisoning by and exposure to narcotics and psychodysleptics [hallucinogens], not elsewhere classified, undetermined intent","Y12","Other","7",11,Not Applicable,Not Applicable,Not Applicable,Not Applicable
,"Prince George's County, MD","24033","Female","F","2023","2023","Accidental poisoning by and exposure to narcotics and psychodysleptics [hallucinogens], not elsewhere classified","X42","Decedent's home","4",12,Not Applicable,Not Applicable,Not Applicable,Not Applicable
,"Prince George's County, MD","24033","Male","M","2023","2023","Accidental poisoning by and exposure to narcotics and psychodysleptics [hallucinogens], not elsewhere classified","X42","Medical Facility - Outpatient or ER","2",11,Not Applicable,Not Applicable,Not Applicable,Not Applicable
,"Prince George's County, MD","24033","Male","M","2023","2023","Accidental poisoning by and exposure to narcotics and psychodysleptics [hallucinogens], not elsewhere classified","X42","Decedent's home","4",39,Not Applicable,Not Applicable,Not Applicable,Not Applicable
,"Prince George's County, MD","24033","Male","M","2023","2023","Accidental poisoning by and exposure to narcotics and psychodysleptics [hallucinogens], not elsewhere classified","X42","Other","7",46,Not Applicable,Not Applicable,Not Applicable,Not Applicable
,"Prince George's County, MD","24033","Male","M","2023","2023","Accidental poisoning by and exposure to other and unspecified drugs, medicaments and biological substances","X44","Other","7",21,Not Applicable,Not Applicable,Not Applicable,Not Applicable
,"Prince George's County, MD","24033","Male","M","2023","2023","Poisoning by and exposure to narcotics and psychodysleptics [hallucinogens], not elsewhere classified, undetermined intent","Y12","Decedent's home","4",25,Not Applicable,Not Applicable,Not Applicable,Not Applicable
,"Prince George's County, MD","24033","Male","M","2023","2023","Poisoning by and exposure to narcotics and psychodysleptics [hallucinogens], not elsewhere classified, undetermined intent","Y12","Other","7",13,Not Applicable,Not Applicable,Not Applicable,Not Applicable
,"Washington County, MD","24043","Male","M","2023","2023","Accidental poisoning by and exposure to narcotics and psychodysleptics [hallucinogens], not elsewhere classified","X42","Decedent's home","4",14,Not Applicable,Not Applicable,Not Applicable,Not Applicable
,"Washington County, MD","24043","Male","M","2023","2023","Poisoning by and exposure to narcotics and psychodysleptics [hallucinogens], not elsewhere classified, undetermined intent","Y12","Other","7",10,Not Applicable,Not Applicable,Not Applicable,Not Applicable
,"Baltimore city, MD","24510","Female","F","2023","2023","Accidental poisoning by and exposure to narcotics and psychodysleptics [hallucinogens], not elsewhere classified","X42","Medical Facility - Inpatient","1",18,Not Applicable,Not Applicable,Not Applicable,Not Applicable
,"Baltimore city, MD","24510","Female","F","2023","2023","Accidental poisoning by and exposure to narcotics and psychodysleptics [hallucinogens], not elsewhere classified","X42","Decedent's home","4",51,Not Applicable,Not Applicable,Not Applicable,Not Applicable
,"Baltimore city, MD","24510","Female","F","2023","2023","Accidental poisoning by and exposure to narcotics and psychodysleptics [hallucinogens], not elsewhere classified","X42","Other","7",31,Not Applicable,Not Applicable,Not Applicable,Not Applicable
,"Baltimore city, MD","24510","Female","F","2023","2023","Accidental poisoning by and exposure to other and unspecified drugs, medicaments and biological substances","X44","Decedent's home","4",24,Not Applicable,Not Applicable,Not Applicable,Not Applicable
,"Baltimore city, MD","24510","Female","F","2023","2023","Accidental poisoning by and exposure to other and unspecified drugs, medicaments and biological substances","X44","Other","7",11,Not Applicable,Not Applicable,Not Applicable,Not Applicable
,"Baltimore city, MD","24510","Female","F","2023","2023","Poisoning by and exposure to narcotics and psychodysleptics [hallucinogens], not elsewhere classified, undetermined intent","Y12","Decedent's home","4",28,Not Applicable,Not Applicable,Not Applicable,Not Applicable
,"Baltimore city, MD","24510","Female","F","2023","2023","Poisoning by and exposure to narcotics and psychodysleptics [hallucinogens], not elsewhere classified, undetermined intent","Y12","Other","7",19,Not Applicable,Not Applicable,Not Applicable,Not Applicable
,"Baltimore city, MD","24510","Female","F","2023","2023","Poisoning by and exposure to other and unspecified drugs, medicaments and biological substances, undetermined intent","Y14","Decedent's home","4",12,Not Applicable,Not Applicable,Not Applicable,Not Applicable
,"Baltimore city, MD","24510","Male","M","2023","2023","Accidental poisoning by and exposure to narcotics and psychodysleptics [hallucinogens], not elsewhere classified","X42","Medical Facility - Inpatient","1",27,Not Applicable,Not Applicable,Not Applicable,Not Applicable
,"Baltimore city, MD","24510","Male","M","2023","2023","Accidental poisoning by and exposure to narcotics and psychodysleptics [hallucinogens], not elsewhere classified","X42","Medical Facility - Outpatient or ER","2",27,Not Applicable,Not Applicable,Not Applicable,Not Applicable
,"Baltimore city, MD","24510","Male","M","2023","2023","Accidental poisoning by and exposure to narcotics and psychodysleptics [hallucinogens], not elsewhere classified","X42","Decedent's home","4",145,Not Applicable,Not Applicable,Not Applicable,Not Applicable
,"Baltimore city, MD","24510","Male","M","2023","2023","Accidental poisoning by and exposure to narcotics and psychodysleptics [hallucinogens], not elsewhere classified","X42","Other","7",62,Not Applicable,Not Applicable,Not Applicable,Not Applicable
,"Baltimore city, MD","24510","Male","M","2023","2023","Accidental poisoning by and exposure to other and unspecified drugs, medicaments and biological substances","X44","Medical Facility - Outpatient or ER","2",11,Not Applicable,Not Applicable,Not Applicable,Not Applicable
,"Baltimore city, MD","24510","Male","M","2023","2023","Accidental poisoning by and exposure to other and unspecified drugs, medicaments and biological substances","X44","Decedent's home","4",49,Not Applicable,Not Applicable,Not Applicable,Not Applicable
,"Baltimore city, MD","24510","Male","M","2023","2023","Accidental poisoning by and exposure to other and unspecified drugs, medicaments and biological substances","X44","Other","7",18,Not Applicable,Not Applicable,Not Applicable,Not Applicable
,"Baltimore city, MD","24510","Male","M","2023","2023","Poisoning by and exposure to narcotics and psychodysleptics [hallucinogens], not elsewhere classified, undetermined intent","Y12","Medical Facility - Outpatient or ER","2",23,Not Applicable,Not Applicable,Not Applicable,Not Applicable
,"Baltimore city, MD","24510","Male","M","2023","2023","Poisoning by and exposure to narcotics and psychodysleptics [hallucinogens], not elsewhere classified, undetermined intent","Y12","Decedent's home","4",110,Not Applicable,Not Applicable,Not Applicable,Not Applicable
,"Baltimore city, MD","24510","Male","M","2023","2023","Poisoning by and exposure to narcotics and psychodysleptics [hallucinogens], not elsewhere classified, undetermined intent","Y12","Other","7",61,Not Applicable,Not Applicable,Not Applicable,Not Applicable
,"Baltimore city, MD","24510","Male","M","2023","2023","Poisoning by and exposure to other and unspecified drugs, medicaments and biological substances, undetermined intent","Y14","Decedent's home","4",24,Not Applicable,Not Applicable,Not Applicable,Not Applicable
,"Baltimore city, MD","24510","Male","M","2023","2023","Poisoning by and exposure to other and unspecified drugs, medicaments and biological substances, undetermined intent","Y14","Other","7",11,Not Applicable,Not Applicable,Not Applicable,Not Applicable
,"Barnstable County, MA","25001","Male","M","2023","2023","Accidental poisoning by and exposure to narcotics and psychodysleptics [hallucinogens], not elsewhere classified","X42","Decedent's home","4",14,Not Applicable,Not Applicable,Not Applicable,Not Applicable
,"Berkshire County, MA","25003","Male","M","2023","2023","Accidental poisoning by and exposure to narcotics and psychodysleptics [hallucinogens], not elsewhere classified","X42","Decedent's home","4",15,Not Applicable,Not Applicable,Not Applicable,Not Applicable
,"Bristol County, MA","25005","Female","F","2023","2023","Accidental poisoning by and exposure to narcotics and psychodysleptics [hallucinogens], not elsewhere classified","X42","Decedent's home","4",15,Not Applicable,Not Applicable,Not Applicable,Not Applicable
,"Bristol County, MA","25005","Female","F","2023","2023","Accidental poisoning by and exposure to other and unspecified drugs, medicaments and biological substances","X44","Decedent's home","4",18,Not Applicable,Not Applicable,Not Applicable,Not Applicable
,"Bristol County, MA","25005","Male","M","2023","2023","Accidental poisoning by and exposure to narcotics and psychodysleptics [hallucinogens], not elsewhere classified","X42","Medical Facility - Inpatient","1",13,Not Applicable,Not Applicable,Not Applicable,Not Applicable
,"Bristol County, MA","25005","Male","M","2023","2023","Accidental poisoning by and exposure to narcotics and psychodysleptics [hallucinogens], not elsewhere classified","X42","Medical Facility - Outpatient or ER","2",27,Not Applicable,Not Applicable,Not Applicable,Not Applicable
,"Bristol County, MA","25005","Male","M","2023","2023","Accidental poisoning by and exposure to narcotics and psychodysleptics [hallucinogens], not elsewhere classified","X42","Decedent's home","4",59,Not Applicable,Not Applicable,Not Applicable,Not Applicable
,"Bristol County, MA","25005","Male","M","2023","2023","Accidental poisoning by and exposure to narcotics and psychodysleptics [hallucinogens], not elsewhere classified","X42","Other","7",25,Not Applicable,Not Applicable,Not Applicable,Not Applicable
,"Bristol County, MA","25005","Male","M","2023","2023","Accidental poisoning by and exposure to other and unspecified drugs, medicaments and biological substances","X44","Medical Facility - Outpatient or ER","2",12,Not Applicable,Not Applicable,Not Applicable,Not Applicable
,"Bristol County, MA","25005","Male","M","2023","2023","Accidental poisoning by and exposure to other and unspecified drugs, medicaments and biological substances","X44","Decedent's home","4",26,Not Applicable,Not Applicable,Not Applicable,Not Applicable
,"Bristol County, MA","25005","Male","M","2023","2023","Accidental poisoning by and exposure to other and unspecified drugs, medicaments and biological substances","X44","Other","7",11,Not Applicable,Not Applicable,Not Applicable,Not Applicable
,"Essex County, MA","25009","Female","F","2023","2023","Accidental poisoning by and exposure to narcotics and psychodysleptics [hallucinogens], not elsewhere classified","X42","Decedent's home","4",11,Not Applicable,Not Applicable,Not Applicable,Not Applicable
,"Essex County, MA","25009","Female","F","2023","2023","Accidental poisoning by and exposure to other and unspecified drugs, medicaments and biological substances","X44","Decedent's home","4",22,Not Applicable,Not Applicable,Not Applicable,Not Applicable
,"Essex County, MA","25009","Male","M","2023","2023","Accidental poisoning by and exposure to narcotics and psychodysleptics [hallucinogens], not elsewhere classified","X42","Medical Facility - Inpatient","1",12,Not Applicable,Not Applicable,Not Applicable,Not Applicable
,"Essex County, MA","25009","Male","M","2023","2023","Accidental poisoning by and exposure to narcotics and psychodysleptics [hallucinogens], not elsewhere classified","X42","Medical Facility - Dead on Arrival","3",15,Not Applicable,Not Applicable,Not Applicable,Not Applicable
,"Essex County, MA","25009","Male","M","2023","2023","Accidental poisoning by and exposure to narcotics and psychodysleptics [hallucinogens], not elsewhere classified","X42","Decedent's home","4",48,Not Applicable,Not Applicable,Not Applicable,Not Applicable
,"Essex County, MA","25009","Male","M","2023","2023","Accidental poisoning by and exposure to narcotics and psychodysleptics [hallucinogens], not elsewhere classified","X42","Other","7",19,Not Applicable,Not Applicable,Not Applicable,Not Applicable
,"Essex County, MA","25009","Male","M","2023","2023","Accidental poisoning by and exposure to other and unspecified drugs, medicaments and biological substances","X44","Medical Facility - Dead on Arrival","3",11,Not Applicable,Not Applicable,Not Applicable,Not Applicable
,"Essex County, MA","25009","Male","M","2023","2023","Accidental poisoning by and exposure to other and unspecified drugs, medicaments and biological substances","X44","Decedent's home","4",29,Not Applicable,Not Applicable,Not Applicable,Not Applicable
,"Essex County, MA","25009","Male","M","2023","2023","Accidental poisoning by and exposure to other and unspecified drugs, medicaments and biological substances","X44","Other","7",11,Not Applicable,Not Applicable,Not Applicable,Not Applicable
,"Hampden County, MA","25013","Female","F","2023","2023","Accidental poisoning by and exposure to narcotics and psychodysleptics [hallucinogens], not elsewhere classified","X42","Decedent's home","4",19,Not Applicable,Not Applicable,Not Applicable,Not Applicable
,"Hampden County, MA","25013","Female","F","2023","2023","Accidental poisoning by and exposure to narcotics and psychodysleptics [hallucinogens], not elsewhere classified","X42","Other","7",10,Not Applicable,Not Applicable,Not Applicable,Not Applicable
,"Hampden County, MA","25013","Female","F","2023","2023","Accidental poisoning by and exposure to other and unspecified drugs, medicaments and biological substances","X44","Decedent's home","4",10,Not Applicable,Not Applicable,Not Applicable,Not Applicable
,"Hampden County, MA","25013","Male","M","2023","2023","Accidental poisoning by and exposure to narcotics and psychodysleptics [hallucinogens], not elsewhere classified","X42","Medical Facility - Inpatient","1",11,Not Applicable,Not Applicable,Not Applicable,Not Applicable
,"Hampden County, MA","25013","Male","M","2023","2023","Accidental poisoning by and exposure to narcotics and psychodysleptics [hallucinogens], not elsewhere classified","X42","Medical Facility - Outpatient or ER","2",24,Not Applicable,Not Applicable,Not Applicable,Not Applicable
,"Hampden County, MA","25013","Male","M","2023","2023","Accidental poisoning by and exposure to narcotics and psychodysleptics [hallucinogens], not elsewhere classified","X42","Decedent's home","4",64,Not Applicable,Not Applicable,Not Applicable,Not Applicable
,"Hampden County, MA","25013","Male","M","2023","2023","Accidental poisoning by and exposure to narcotics and psychodysleptics [hallucinogens], not elsewhere classified","X42","Other","7",38,Not Applicable,Not Applicable,Not Applicable,Not Applicable
,"Hampden County, MA","25013","Male","M","2023","2023","Accidental poisoning by and exposure to other and unspecified drugs, medicaments and biological substances","X44","Decedent's home","4",18,Not Applicable,Not Applicable,Not Applicable,Not Applicable
,"Hampden County, MA","25013","Male","M","2023","2023","Accidental poisoning by and exposure to other and unspecified drugs, medicaments and biological substances","X44","Other","7",14,Not Applicable,Not Applicable,Not Applicable,Not Applicable
,"Middlesex County, MA","25017","Female","F","2023","2023","Accidental poisoning by and exposure to narcotics and psychodysleptics [hallucinogens], not elsewhere classified","X42","Decedent's home","4",23,Not Applicable,Not Applicable,Not Applicable,Not Applicable
,"Middlesex County, MA","25017","Female","F","2023","2023","Accidental poisoning by and exposure to other and unspecified drugs, medicaments and biological substances","X44","Decedent's home","4",33,Not Applicable,Not Applicable,Not Applicable,Not Applicable
,"Middlesex County, MA","25017","Male","M","2023","2023","Accidental poisoning by and exposure to narcotics and psychodysleptics [hallucinogens], not elsewhere classified","X42","Medical Facility - Inpatient","1",16,Not Applicable,Not Applicable,Not Applicable,Not Applicable
,"Middlesex County, MA","25017","Male","M","2023","2023","Accidental poisoning by and exposure to narcotics and psychodysleptics [hallucinogens], not elsewhere classified","X42","Decedent's home","4",59,Not Applicable,Not Applicable,Not Applicable,Not Applicable
,"Middlesex County, MA","25017","Male","M","2023","2023","Accidental poisoning by and exposure to narcotics and psychodysleptics [hallucinogens], not elsewhere classified","X42","Other","7",27,Not Applicable,Not Applicable,Not Applicable,Not Applicable
,"Middlesex County, MA","25017","Male","M","2023","2023","Accidental poisoning by and exposure to other and unspecified drugs, medicaments and biological substances","X44","Medical Facility - Dead on Arrival","3",13,Not Applicable,Not Applicable,Not Applicable,Not Applicable
,"Middlesex County, MA","25017","Male","M","2023","2023","Accidental poisoning by and exposure to other and unspecified drugs, medicaments and biological substances","X44","Decedent's home","4",52,Not Applicable,Not Applicable,Not Applicable,Not Applicable
,"Middlesex County, MA","25017","Male","M","2023","2023","Accidental poisoning by and exposure to other and unspecified drugs, medicaments and biological substances","X44","Other","7",28,Not Applicable,Not Applicable,Not Applicable,Not Applicable
,"Norfolk County, MA","25021","Female","F","2023","2023","Accidental poisoning by and exposure to other and unspecified drugs, medicaments and biological substances","X44","Decedent's home","4",18,Not Applicable,Not Applicable,Not Applicable,Not Applicable
,"Norfolk County, MA","25021","Male","M","2023","2023","Accidental poisoning by and exposure to narcotics and psychodysleptics [hallucinogens], not elsewhere classified","X42","Medical Facility - Dead on Arrival","3",10,Not Applicable,Not Applicable,Not Applicable,Not Applicable
,"Norfolk County, MA","25021","Male","M","2023","2023","Accidental poisoning by and exposure to narcotics and psychodysleptics [hallucinogens], not elsewhere classified","X42","Decedent's home","4",27,Not Applicable,Not Applicable,Not Applicable,Not Applicable
,"Norfolk County, MA","25021","Male","M","2023","2023","Accidental poisoning by and exposure to narcotics and psychodysleptics [hallucinogens], not elsewhere classified","X42","Other","7",18,Not Applicable,Not Applicable,Not Applicable,Not Applicable
,"Norfolk County, MA","25021","Male","M","2023","2023","Accidental poisoning by and exposure to other and unspecified drugs, medicaments and biological substances","X44","Decedent's home","4",23,Not Applicable,Not Applicable,Not Applicable,Not Applicable
,"Norfolk County, MA","25021","Male","M","2023","2023","Accidental poisoning by and exposure to other and unspecified drugs, medicaments and biological substances","X44","Other","7",15,Not Applicable,Not Applicable,Not Applicable,Not Applicable
,"Plymouth County, MA","25023","Male","M","2023","2023","Accidental poisoning by and exposure to narcotics and psychodysleptics [hallucinogens], not elsewhere classified","X42","Medical Facility - Outpatient or ER","2",18,Not Applicable,Not Applicable,Not Applicable,Not Applicable
,"Plymouth County, MA","25023","Male","M","2023","2023","Accidental poisoning by and exposure to narcotics and psychodysleptics [hallucinogens], not elsewhere classified","X42","Decedent's home","4",35,Not Applicable,Not Applicable,Not Applicable,Not Applicable
,"Plymouth County, MA","25023","Male","M","2023","2023","Accidental poisoning by and exposure to narcotics and psychodysleptics [hallucinogens], not elsewhere classified","X42","Other","7",17,Not Applicable,Not Applicable,Not Applicable,Not Applicable
,"Plymouth County, MA","25023","Male","M","2023","2023","Accidental poisoning by and exposure to other and unspecified drugs, medicaments and biological substances","X44","Decedent's home","4",19,Not Applicable,Not Applicable,Not Applicable,Not Applicable
,"Suffolk County, MA","25025","Female","F","2023","2023","Accidental poisoning by and exposure to narcotics and psychodysleptics [hallucinogens], not elsewhere classified","X42","Decedent's home","4",31,Not Applicable,Not Applicable,Not Applicable,Not Applicable
,"Suffolk County, MA","25025","Female","F","2023","2023","Accidental poisoning by and exposure to narcotics and psychodysleptics [hallucinogens], not elsewhere classified","X42","Other","7",12,Not Applicable,Not Applicable,Not Applicable,Not Applicable
,"Suffolk County, MA","25025","Female","F","2023","2023","Accidental poisoning by and exposure to other and unspecified drugs, medicaments and biological substances","X44","Decedent's home","4",23,Not Applicable,Not Applicable,Not Applicable,Not Applicable
,"Suffolk County, MA","25025","Male","M","2023","2023","Accidental poisoning by and exposure to narcotics and psychodysleptics [hallucinogens], not elsewhere classified","X42","Medical Facility - Inpatient","1",23,Not Applicable,Not Applicable,Not Applicable,Not Applicable
,"Suffolk County, MA","25025","Male","M","2023","2023","Accidental poisoning by and exposure to narcotics and psychodysleptics [hallucinogens], not elsewhere classified","X42","Medical Facility - Outpatient or ER","2",12,Not Applicable,Not Applicable,Not Applicable,Not Applicable
,"Suffolk County, MA","25025","Male","M","2023","2023","Accidental poisoning by and exposure to narcotics and psychodysleptics [hallucinogens], not elsewhere classified","X42","Decedent's home","4",95,Not Applicable,Not Applicable,Not Applicable,Not Applicable
,"Suffolk County, MA","25025","Male","M","2023","2023","Accidental poisoning by and exposure to narcotics and psychodysleptics [hallucinogens], not elsewhere classified","X42","Other","7",37,Not Applicable,Not Applicable,Not Applicable,Not Applicable
,"Suffolk County, MA","25025","Male","M","2023","2023","Accidental poisoning by and exposure to other and unspecified drugs, medicaments and biological substances","X44","Medical Facility - Dead on Arrival","3",14,Not Applicable,Not Applicable,Not Applicable,Not Applicable
,"Suffolk County, MA","25025","Male","M","2023","2023","Accidental poisoning by and exposure to other and unspecified drugs, medicaments and biological substances","X44","Decedent's home","4",50,Not Applicable,Not Applicable,Not Applicable,Not Applicable
,"Suffolk County, MA","25025","Male","M","2023","2023","Accidental poisoning by and exposure to other and unspecified drugs, medicaments and biological substances","X44","Other","7",20,Not Applicable,Not Applicable,Not Applicable,Not Applicable
,"Worcester County, MA","25027","Female","F","2023","2023","Accidental poisoning by and exposure to narcotics and psychodysleptics [hallucinogens], not elsewhere classified","X42","Medical Facility - Outpatient or ER","2",10,Not Applicable,Not Applicable,Not Applicable,Not Applicable
,"Worcester County, MA","25027","Female","F","2023","2023","Accidental poisoning by and exposure to narcotics and psychodysleptics [hallucinogens], not elsewhere classified","X42","Decedent's home","4",23,Not Applicable,Not Applicable,Not Applicable,Not Applicable
,"Worcester County, MA","25027","Female","F","2023","2023","Accidental poisoning by and exposure to other and unspecified drugs, medicaments and biological substances","X44","Decedent's home","4",17,Not Applicable,Not Applicable,Not Applicable,Not Applicable
,"Worcester County, MA","25027","Male","M","2023","2023","Accidental poisoning by and exposure to narcotics and psychodysleptics [hallucinogens], not elsewhere classified","X42","Medical Facility - Outpatient or ER","2",31,Not Applicable,Not Applicable,Not Applicable,Not Applicable
,"Worcester County, MA","25027","Male","M","2023","2023","Accidental poisoning by and exposure to narcotics and psychodysleptics [hallucinogens], not elsewhere classified","X42","Decedent's home","4",63,Not Applicable,Not Applicable,Not Applicable,Not Applicable
,"Worcester County, MA","25027","Male","M","2023","2023","Accidental poisoning by and exposure to narcotics and psychodysleptics [hallucinogens], not elsewhere classified","X42","Other","7",42,Not Applicable,Not Applicable,Not Applicable,Not Applicable
,"Worcester County, MA","25027","Male","M","2023","2023","Accidental poisoning by and exposure to other and unspecified drugs, medicaments and biological substances","X44","Decedent's home","4",31,Not Applicable,Not Applicable,Not Applicable,Not Applicable
,"Worcester County, MA","25027","Male","M","2023","2023","Accidental poisoning by and exposure to other and unspecified drugs, medicaments and biological substances","X44","Other","7",16,Not Applicable,Not Applicable,Not Applicable,Not Applicable
,"Bay County, MI","26017","Male","M","2023","2023","Accidental poisoning by and exposure to narcotics and psychodysleptics [hallucinogens], not elsewhere classified","X42","Decedent's home","4",12,Not Applicable,Not Applicable,Not Applicable,Not Applicable
,"Calhoun County, MI","26025","Male","M","2023","2023","Accidental poisoning by and exposure to narcotics and psychodysleptics [hallucinogens], not elsewhere classified","X42","Decedent's home","4",11,Not Applicable,Not Applicable,Not Applicable,Not Applicable
,"Genesee County, MI","26049","Female","F","2023","2023","Accidental poisoning by and exposure to narcotics and psychodysleptics [hallucinogens], not elsewhere classified","X42","Decedent's home","4",20,Not Applicable,Not Applicable,Not Applicable,Not Applicable
,"Genesee County, MI","26049","Female","F","2023","2023","Accidental poisoning by and exposure to other and unspecified drugs, medicaments and biological substances","X44","Decedent's home","4",11,Not Applicable,Not Applicable,Not Applicable,Not Applicable
,"Genesee County, MI","26049","Male","M","2023","2023","Accidental poisoning by and exposure to narcotics and psychodysleptics [hallucinogens], not elsewhere classified","X42","Decedent's home","4",64,Not Applicable,Not Applicable,Not Applicable,Not Applicable
,"Genesee County, MI","26049","Male","M","2023","2023","Accidental poisoning by and exposure to narcotics and psychodysleptics [hallucinogens], not elsewhere classified","X42","Other","7",18,Not Applicable,Not Applicable,Not Applicable,Not Applicable
,"Genesee County, MI","26049","Male","M","2023","2023","Accidental poisoning by and exposure to other and unspecified drugs, medicaments and biological substances","X44","Decedent's home","4",36,Not Applicable,Not Applicable,Not Applicable,Not Applicable
,"Genesee County, MI","26049","Male","M","2023","2023","Accidental poisoning by and exposure to other and unspecified drugs, medicaments and biological substances","X44","Other","7",10,Not Applicable,Not Applicable,Not Applicable,Not Applicable
,"Ingham County, MI","26065","Female","F","2023","2023","Accidental poisoning by and exposure to other and unspecified drugs, medicaments and biological substances","X44","Decedent's home","4",10,Not Applicable,Not Applicable,Not Applicable,Not Applicable
,"Ingham County, MI","26065","Male","M","2023","2023","Accidental poisoning by and exposure to narcotics and psychodysleptics [hallucinogens], not elsewhere classified","X42","Decedent's home","4",19,Not Applicable,Not Applicable,Not Applicable,Not Applicable
,"Ingham County, MI","26065","Male","M","2023","2023","Accidental poisoning by and exposure to narcotics and psychodysleptics [hallucinogens], not elsewhere classified","X42","Other","7",13,Not Applicable,Not Applicable,Not Applicable,Not Applicable
,"Ingham County, MI","26065","Male","M","2023","2023","Accidental poisoning by and exposure to other and unspecified drugs, medicaments and biological substances","X44","Decedent's home","4",11,Not Applicable,Not Applicable,Not Applicable,Not Applicable
,"Kalamazoo County, MI","26077","Male","M","2023","2023","Accidental poisoning by and exposure to narcotics and psychodysleptics [hallucinogens], not elsewhere classified","X42","Decedent's home","4",17,Not Applicable,Not Applicable,Not Applicable,Not Applicable
,"Kent County, MI","26081","Male","M","2023","2023","Accidental poisoning by and exposure to narcotics and psychodysleptics [hallucinogens], not elsewhere classified","X42","Decedent's home","4",32,Not Applicable,Not Applicable,Not Applicable,Not Applicable
,"Kent County, MI","26081","Male","M","2023","2023","Accidental poisoning by and exposure to narcotics and psychodysleptics [hallucinogens], not elsewhere classified","X42","Other","7",15,Not Applicable,Not Applicable,Not Applicable,Not Applicable
,"Macomb County, MI","26099","Female","F","2023","2023","Accidental poisoning by and exposure to narcotics and psychodysleptics [hallucinogens], not elsewhere classified","X42","Decedent's home","4",26,Not Applicable,Not Applicable,Not Applicable,Not Applicable
,"Macomb County, MI","26099","Female","F","2023","2023","Accidental poisoning by and exposure to other and unspecified drugs, medicaments and biological substances","X44","Decedent's home","4",18,Not Applicable,Not Applicable,Not Applicable,Not Applicable
,"Macomb County, MI","26099","Male","M","2023","2023","Accidental poisoning by and exposure to narcotics and psychodysleptics [hallucinogens], not elsewhere classified","X42","Decedent's home","4",46,Not Applicable,Not Applicable,Not Applicable,Not Applicable
,"Macomb County, MI","26099","Male","M","2023","2023","Accidental poisoning by and exposure to narcotics and psychodysleptics [hallucinogens], not elsewhere classified","X42","Other","7",21,Not Applicable,Not Applicable,Not Applicable,Not Applicable
,"Macomb County, MI","26099","Male","M","2023","2023","Accidental poisoning by and exposure to other and unspecified drugs, medicaments and biological substances","X44","Decedent's home","4",19,Not Applicable,Not Applicable,Not Applicable,Not Applicable
,"Macomb County, MI","26099","Male","M","2023","2023","Poisoning by and exposure to narcotics and psychodysleptics [hallucinogens], not elsewhere classified, undetermined intent","Y12","Decedent's home","4",21,Not Applicable,Not Applicable,Not Applicable,Not Applicable
,"Muskegon County, MI","26121","Male","M","2023","2023","Accidental poisoning by and exposure to narcotics and psychodysleptics [hallucinogens], not elsewhere classified","X42","Decedent's home","4",13,Not Applicable,Not Applicable,Not Applicable,Not Applicable
,"Oakland County, MI","26125","Female","F","2023","2023","Poisoning by and exposure to narcotics and psychodysleptics [hallucinogens], not elsewhere classified, undetermined intent","Y12","Decedent's home","4",26,Not Applicable,Not Applicable,Not Applicable,Not Applicable
,"Oakland County, MI","26125","Male","M","2023","2023","Accidental poisoning by and exposure to narcotics and psychodysleptics [hallucinogens], not elsewhere classified","X42","Decedent's home","4",11,Not Applicable,Not Applicable,Not Applicable,Not Applicable
,"Oakland County, MI","26125","Male","M","2023","2023","Accidental poisoning by and exposure to narcotics and psychodysleptics [hallucinogens], not elsewhere classified","X42","Other","7",13,Not Applicable,Not Applicable,Not Applicable,Not Applicable
,"Oakland County, MI","26125","Male","M","2023","2023","Poisoning by and exposure to narcotics and psychodysleptics [hallucinogens], not elsewhere classified, undetermined intent","Y12","Medical Facility - Dead on Arrival","3",10,Not Applicable,Not Applicable,Not Applicable,Not Applicable
,"Oakland County, MI","26125","Male","M","2023","2023","Poisoning by and exposure to narcotics and psychodysleptics [hallucinogens], not elsewhere classified, undetermined intent","Y12","Decedent's home","4",88,Not Applicable,Not Applicable,Not Applicable,Not Applicable
,"Oakland County, MI","26125","Male","M","2023","2023","Poisoning by and exposure to narcotics and psychodysleptics [hallucinogens], not elsewhere classified, undetermined intent","Y12","Other","7",11,Not Applicable,Not Applicable,Not Applicable,Not Applicable
,"Ottawa County, MI","26139","Male","M","2023","2023","Accidental poisoning by and exposure to narcotics and psychodysleptics [hallucinogens], not elsewhere classified","X42","Decedent's home","4",10,Not Applicable,Not Applicable,Not Applicable,Not Applicable
,"Saginaw County, MI","26145","Male","M","2023","2023","Accidental poisoning by and exposure to narcotics and psychodysleptics [hallucinogens], not elsewhere classified","X42","Decedent's home","4",11,Not Applicable,Not Applicable,Not Applicable,Not Applicable
,"St. Clair County, MI","26147","Male","M","2023","2023","Accidental poisoning by and exposure to narcotics and psychodysleptics [hallucinogens], not elsewhere classified","X42","Decedent's home","4",12,Not Applicable,Not Applicable,Not Applicable,Not Applicable
,"St. Clair County, MI","26147","Male","M","2023","2023","Accidental poisoning by and exposure to other and unspecified drugs, medicaments and biological substances","X44","Decedent's home","4",10,Not Applicable,Not Applicable,Not Applicable,Not Applicable
,"Washtenaw County, MI","26161","Female","F","2023","2023","Accidental poisoning by and exposure to narcotics and psychodysleptics [hallucinogens], not elsewhere classified","X42","Decedent's home","4",13,Not Applicable,Not Applicable,Not Applicable,Not Applicable
,"Washtenaw County, MI","26161","Male","M","2023","2023","Accidental poisoning by and exposure to narcotics and psychodysleptics [hallucinogens], not elsewhere classified","X42","Decedent's home","4",23,Not Applicable,Not Applicable,Not Applicable,Not Applicable
,"Wayne County, MI","26163","Female","F","2023","2023","Accidental poisoning by and exposure to narcotics and psychodysleptics [hallucinogens], not elsewhere classified","X42","Medical Facility - Inpatient","1",17,Not Applicable,Not Applicable,Not Applicable,Not Applicable
,"Wayne County, MI","26163","Female","F","2023","2023","Accidental poisoning by and exposure to narcotics and psychodysleptics [hallucinogens], not elsewhere classified","X42","Medical Facility - Outpatient or ER","2",25,Not Applicable,Not Applicable,Not Applicable,Not Applicable
,"Wayne County, MI","26163","Female","F","2023","2023","Accidental poisoning by and exposure to narcotics and psychodysleptics [hallucinogens], not elsewhere classified","X42","Decedent's home","4",132,Not Applicable,Not Applicable,Not Applicable,Not Applicable
,"Wayne County, MI","26163","Female","F","2023","2023","Accidental poisoning by and exposure to narcotics and psychodysleptics [hallucinogens], not elsewhere classified","X42","Other","7",27,Not Applicable,Not Applicable,Not Applicable,Not Applicable
,"Wayne County, MI","26163","Female","F","2023","2023","Accidental poisoning by and exposure to other and unspecified drugs, medicaments and biological substances","X44","Decedent's home","4",27,Not Applicable,Not Applicable,Not Applicable,Not Applicable
,"Wayne County, MI","26163","Male","M","2023","2023","Accidental poisoning by and exposure to narcotics and psychodysleptics [hallucinogens], not elsewhere classified","X42","Medical Facility - Inpatient","1",26,Not Applicable,Not Applicable,Not Applicable,Not Applicable
,"Wayne County, MI","26163","Male","M","2023","2023","Accidental poisoning by and exposure to narcotics and psychodysleptics [hallucinogens], not elsewhere classified","X42","Medical Facility - Outpatient or ER","2",58,Not Applicable,Not Applicable,Not Applicable,Not Applicable
,"Wayne County, MI","26163","Male","M","2023","2023","Accidental poisoning by and exposure to narcotics and psychodysleptics [hallucinogens], not elsewhere classified","X42","Decedent's home","4",348,Not Applicable,Not Applicable,Not Applicable,Not Applicable
,"Wayne County, MI","26163","Male","M","2023","2023","Accidental poisoning by and exposure to narcotics and psychodysleptics [hallucinogens], not elsewhere classified","X42","Other","7",99,Not Applicable,Not Applicable,Not Applicable,Not Applicable
,"Wayne County, MI","26163","Male","M","2023","2023","Accidental poisoning by and exposure to other and unspecified drugs, medicaments and biological substances","X44","Medical Facility - Outpatient or ER","2",11,Not Applicable,Not Applicable,Not Applicable,Not Applicable
,"Wayne County, MI","26163","Male","M","2023","2023","Accidental poisoning by and exposure to other and unspecified drugs, medicaments and biological substances","X44","Decedent's home","4",42,Not Applicable,Not Applicable,Not Applicable,Not Applicable
,"Wayne County, MI","26163","Male","M","2023","2023","Accidental poisoning by and exposure to other and unspecified drugs, medicaments and biological substances","X44","Other","7",25,Not Applicable,Not Applicable,Not Applicable,Not Applicable
,"Anoka County, MN","27003","Male","M","2023","2023","Accidental poisoning by and exposure to narcotics and psychodysleptics [hallucinogens], not elsewhere classified","X42","Decedent's home","4",12,Not Applicable,Not Applicable,Not Applicable,Not Applicable
,"Dakota County, MN","27037","Male","M","2023","2023","Accidental poisoning by and exposure to narcotics and psychodysleptics [hallucinogens], not elsewhere classified","X42","Decedent's home","4",13,Not Applicable,Not Applicable,Not Applicable,Not Applicable
,"Dakota County, MN","27037","Male","M","2023","2023","Accidental poisoning by and exposure to other and unspecified drugs, medicaments and biological substances","X44","Decedent's home","4",10,Not Applicable,Not Applicable,Not Applicable,Not Applicable
,"Hennepin County, MN","27053","Female","F","2023","2023","Accidental poisoning by and exposure to narcotics and psychodysleptics [hallucinogens], not elsewhere classified","X42","Decedent's home","4",30,Not Applicable,Not Applicable,Not Applicable,Not Applicable
,"Hennepin County, MN","27053","Female","F","2023","2023","Accidental poisoning by and exposure to narcotics and psychodysleptics [hallucinogens], not elsewhere classified","X42","Other","7",14,Not Applicable,Not Applicable,Not Applicable,Not Applicable
,"Hennepin County, MN","27053","Female","F","2023","2023","Accidental poisoning by and exposure to other and unspecified drugs, medicaments and biological substances","X44","Decedent's home","4",34,Not Applicable,Not Applicable,Not Applicable,Not Applicable
,"Hennepin County, MN","27053","Female","F","2023","2023","Accidental poisoning by and exposure to other and unspecified drugs, medicaments and biological substances","X44","Other","7",15,Not Applicable,Not Applicable,Not Applicable,Not Applicable
,"Hennepin County, MN","27053","Male","M","2023","2023","Mental and behavioural disorders due to use of tobacco, unspecified mental and behavioural disorder","F17.9","Decedent's home","4",16,Not Applicable,Not Applicable,Not Applicable,Not Applicable
,"Hennepin County, MN","27053","Male","M","2023","2023","Accidental poisoning by and exposure to antiepileptic, sedative-hypnotic, antiparkinsonism and psychotropic drugs, not elsewhere classified","X41","Decedent's home","4",17,Not Applicable,Not Applicable,Not Applicable,Not Applicable
,"Hennepin County, MN","27053","Male","M","2023","2023","Accidental poisoning by and exposure to narcotics and psychodysleptics [hallucinogens], not elsewhere classified","X42","Medical Facility - Inpatient","1",15,Not Applicable,Not Applicable,Not Applicable,Not Applicable
,"Hennepin County, MN","27053","Male","M","2023","2023","Accidental poisoning by and exposure to narcotics and psychodysleptics [hallucinogens], not elsewhere classified","X42","Medical Facility - Outpatient or ER","2",15,Not Applicable,Not Applicable,Not Applicable,Not Applicable
,"Hennepin County, MN","27053","Male","M","2023","2023","Accidental poisoning by and exposure to narcotics and psychodysleptics [hallucinogens], not elsewhere classified","X42","Decedent's home","4",74,Not Applicable,Not Applicable,Not Applicable,Not Applicable
,"Hennepin County, MN","27053","Male","M","2023","2023","Accidental poisoning by and exposure to narcotics and psychodysleptics [hallucinogens], not elsewhere classified","X42","Other","7",37,Not Applicable,Not Applicable,Not Applicable,Not Applicable
,"Hennepin County, MN","27053","Male","M","2023","2023","Accidental poisoning by and exposure to other and unspecified drugs, medicaments and biological substances","X44","Medical Facility - Inpatient","1",10,Not Applicable,Not Applicable,Not Applicable,Not Applicable
,"Hennepin County, MN","27053","Male","M","2023","2023","Accidental poisoning by and exposure to other and unspecified drugs, medicaments and biological substances","X44","Medical Facility - Outpatient or ER","2",19,Not Applicable,Not Applicable,Not Applicable,Not Applicable
,"Hennepin County, MN","27053","Male","M","2023","2023","Accidental poisoning by and exposure to other and unspecified drugs, medicaments and biological substances","X44","Decedent's home","4",84,Not Applicable,Not Applicable,Not Applicable,Not Applicable
,"Hennepin County, MN","27053","Male","M","2023","2023","Accidental poisoning by and exposure to other and unspecified drugs, medicaments and biological substances","X44","Other","7",36,Not Applicable,Not Applicable,Not Applicable,Not Applicable
,"Ramsey County, MN","27123","Female","F","2023","2023","Accidental poisoning by and exposure to narcotics and psychodysleptics [hallucinogens], not elsewhere classified","X42","Decedent's home","4",23,Not Applicable,Not Applicable,Not Applicable,Not Applicable
,"Ramsey County, MN","27123","Male","M","2023","2023","Accidental poisoning by and exposure to narcotics and psychodysleptics [hallucinogens], not elsewhere classified","X42","Decedent's home","4",33,Not Applicable,Not Applicable,Not Applicable,Not Applicable
,"Ramsey County, MN","27123","Male","M","2023","2023","Accidental poisoning by and exposure to narcotics and psychodysleptics [hallucinogens], not elsewhere classified","X42","Other","7",15,Not Applicable,Not Applicable,Not Applicable,Not Applicable
,"Ramsey County, MN","27123","Male","M","2023","2023","Accidental poisoning by and exposure to other and unspecified drugs, medicaments and biological substances","X44","Decedent's home","4",27,Not Applicable,Not Applicable,Not Applicable,Not Applicable
,"Ramsey County, MN","27123","Male","M","2023","2023","Accidental poisoning by and exposure to other and unspecified drugs, medicaments and biological substances","X44","Other","7",15,Not Applicable,Not Applicable,Not Applicable,Not Applicable
,"St. Louis County, MN","27137","Male","M","2023","2023","Accidental poisoning by and exposure to other and unspecified drugs, medicaments and biological substances","X44","Decedent's home","4",15,Not Applicable,Not Applicable,Not Applicable,Not Applicable
,"St. Louis County, MN","27137","Male","M","2023","2023","Accidental poisoning by and exposure to other and unspecified drugs, medicaments and biological substances","X44","Other","7",12,Not Applicable,Not Applicable,Not Applicable,Not Applicable
,"Harrison County, MS","28047","Male","M","2023","2023","Accidental poisoning by and exposure to other and unspecified drugs, medicaments and biological substances","X44","Decedent's home","4",12,Not Applicable,Not Applicable,Not Applicable,Not Applicable
,"Jackson County, MS","28059","Male","M","2023","2023","Accidental poisoning by and exposure to narcotics and psychodysleptics [hallucinogens], not elsewhere classified","X42","Decedent's home","4",12,Not Applicable,Not Applicable,Not Applicable,Not Applicable
,"Jackson County, MS","28059","Male","M","2023","2023","Accidental poisoning by and exposure to other and unspecified drugs, medicaments and biological substances","X44","Decedent's home","4",16,Not Applicable,Not Applicable,Not Applicable,Not Applicable
,"Boone County, MO","29019","Male","M","2023","2023","Accidental poisoning by and exposure to narcotics and psychodysleptics [hallucinogens], not elsewhere classified","X42","Decedent's home","4",14,Not Applicable,Not Applicable,Not Applicable,Not Applicable
,"Greene County, MO","29077","Female","F","2023","2023","Accidental poisoning by and exposure to other and unspecified drugs, medicaments and biological substances","X44","Decedent's home","4",13,Not Applicable,Not Applicable,Not Applicable,Not Applicable
,"Greene County, MO","29077","Male","M","2023","2023","Accidental poisoning by and exposure to narcotics and psychodysleptics [hallucinogens], not elsewhere classified","X42","Decedent's home","4",13,Not Applicable,Not Applicable,Not Applicable,Not Applicable
,"Greene County, MO","29077","Male","M","2023","2023","Accidental poisoning by and exposure to other and unspecified drugs, medicaments and biological substances","X44","Decedent's home","4",18,Not Applicable,Not Applicable,Not Applicable,Not Applicable
,"Greene County, MO","29077","Male","M","2023","2023","Accidental poisoning by and exposure to other and unspecified drugs, medicaments and biological substances","X44","Other","7",14,Not Applicable,Not Applicable,Not Applicable,Not Applicable
,"Jackson County, MO","29095","Female","F","2023","2023","Accidental poisoning by and exposure to narcotics and psychodysleptics [hallucinogens], not elsewhere classified","X42","Decedent's home","4",12,Not Applicable,Not Applicable,Not Applicable,Not Applicable
,"Jackson County, MO","29095","Female","F","2023","2023","Accidental poisoning by and exposure to other and unspecified drugs, medicaments and biological substances","X44","Decedent's home","4",23,Not Applicable,Not Applicable,Not Applicable,Not Applicable
,"Jackson County, MO","29095","Male","M","2023","2023","Accidental poisoning by and exposure to antiepileptic, sedative-hypnotic, antiparkinsonism and psychotropic drugs, not elsewhere classified","X41","Decedent's home","4",21,Not Applicable,Not Applicable,Not Applicable,Not Applicable
,"Jackson County, MO","29095","Male","M","2023","2023","Accidental poisoning by and exposure to antiepileptic, sedative-hypnotic, antiparkinsonism and psychotropic drugs, not elsewhere classified","X41","Other","7",19,Not Applicable,Not Applicable,Not Applicable,Not Applicable
,"Jackson County, MO","29095","Male","M","2023","2023","Accidental poisoning by and exposure to narcotics and psychodysleptics [hallucinogens], not elsewhere classified","X42","Medical Facility - Outpatient or ER","2",17,Not Applicable,Not Applicable,Not Applicable,Not Applicable
,"Jackson County, MO","29095","Male","M","2023","2023","Accidental poisoning by and exposure to narcotics and psychodysleptics [hallucinogens], not elsewhere classified","X42","Decedent's home","4",52,Not Applicable,Not Applicable,Not Applicable,Not Applicable
,"Jackson County, MO","29095","Male","M","2023","2023","Accidental poisoning by and exposure to narcotics and psychodysleptics [hallucinogens], not elsewhere classified","X42","Other","7",19,Not Applicable,Not Applicable,Not Applicable,Not Applicable
,"Jackson County, MO","29095","Male","M","2023","2023","Accidental poisoning by and exposure to other and unspecified drugs, medicaments and biological substances","X44","Decedent's home","4",30,Not Applicable,Not Applicable,Not Applicable,Not Applicable
,"Jackson County, MO","29095","Male","M","2023","2023","Accidental poisoning by and exposure to other and unspecified drugs, medicaments and biological substances","X44","Other","7",21,Not Applicable,Not Applicable,Not Applicable,Not Applicable
,"Jefferson County, MO","29099","Female","F","2023","2023","Accidental poisoning by and exposure to other and unspecified drugs, medicaments and biological substances","X44","Decedent's home","4",10,Not Applicable,Not Applicable,Not Applicable,Not Applicable
,"Jefferson County, MO","29099","Male","M","2023","2023","Accidental poisoning by and exposure to other and unspecified drugs, medicaments and biological substances","X44","Decedent's home","4",13,Not Applicable,Not Applicable,Not Applicable,Not Applicable
,"St. Charles County, MO","29183","Male","M","2023","2023","Accidental poisoning by and exposure to narcotics and psychodysleptics [hallucinogens], not elsewhere classified","X42","Decedent's home","4",15,Not Applicable,Not Applicable,Not Applicable,Not Applicable
,"St. Charles County, MO","29183","Male","M","2023","2023","Accidental poisoning by and exposure to other and unspecified drugs, medicaments and biological substances","X44","Decedent's home","4",22,Not Applicable,Not Applicable,Not Applicable,Not Applicable
,"St. Louis County, MO","29189","Female","F","2023","2023","Accidental poisoning by and exposure to narcotics and psychodysleptics [hallucinogens], not elsewhere classified","X42","Decedent's home","4",18,Not Applicable,Not Applicable,Not Applicable,Not Applicable
,"St. Louis County, MO","29189","Female","F","2023","2023","Accidental poisoning by and exposure to other and unspecified drugs, medicaments and biological substances","X44","Decedent's home","4",20,Not Applicable,Not Applicable,Not Applicable,Not Applicable
,"St. Louis County, MO","29189","Female","F","2023","2023","Accidental poisoning by and exposure to other and unspecified drugs, medicaments and biological substances","X44","Other","7",12,Not Applicable,Not Applicable,Not Applicable,Not Applicable
,"St. Louis County, MO","29189","Male","M","2023","2023","Accidental poisoning by and exposure to narcotics and psychodysleptics [hallucinogens], not elsewhere classified","X42","Medical Facility - Inpatient","1",14,Not Applicable,Not Applicable,Not Applicable,Not Applicable
,"St. Louis County, MO","29189","Male","M","2023","2023","Accidental poisoning by and exposure to narcotics and psychodysleptics [hallucinogens], not elsewhere classified","X42","Decedent's home","4",49,Not Applicable,Not Applicable,Not Applicable,Not Applicable
,"St. Louis County, MO","29189","Male","M","2023","2023","Accidental poisoning by and exposure to narcotics and psychodysleptics [hallucinogens], not elsewhere classified","X42","Other","7",43,Not Applicable,Not Applicable,Not Applicable,Not Applicable
,"St. Louis County, MO","29189","Male","M","2023","2023","Accidental poisoning by and exposure to other and unspecified drugs, medicaments and biological substances","X44","Medical Facility - Inpatient","1",10,Not Applicable,Not Applicable,Not Applicable,Not Applicable
,"St. Louis County, MO","29189","Male","M","2023","2023","Accidental poisoning by and exposure to other and unspecified drugs, medicaments and biological substances","X44","Decedent's home","4",36,Not Applicable,Not Applicable,Not Applicable,Not Applicable
,"St. Louis County, MO","29189","Male","M","2023","2023","Accidental poisoning by and exposure to other and unspecified drugs, medicaments and biological substances","X44","Other","7",33,Not Applicable,Not Applicable,Not Applicable,Not Applicable
,"St. Louis city, MO","29510","Female","F","2023","2023","Accidental poisoning by and exposure to narcotics and psychodysleptics [hallucinogens], not elsewhere classified","X42","Decedent's home","4",26,Not Applicable,Not Applicable,Not Applicable,Not Applicable
,"St. Louis city, MO","29510","Female","F","2023","2023","Accidental poisoning by and exposure to other and unspecified drugs, medicaments and biological substances","X44","Decedent's home","4",14,Not Applicable,Not Applicable,Not Applicable,Not Applicable
,"St. Louis city, MO","29510","Female","F","2023","2023","Accidental poisoning by and exposure to other and unspecified drugs, medicaments and biological substances","X44","Other","7",10,Not Applicable,Not Applicable,Not Applicable,Not Applicable
,"St. Louis city, MO","29510","Male","M","2023","2023","Accidental poisoning by and exposure to narcotics and psychodysleptics [hallucinogens], not elsewhere classified","X42","Medical Facility - Inpatient","1",12,Not Applicable,Not Applicable,Not Applicable,Not Applicable
,"St. Louis city, MO","29510","Male","M","2023","2023","Accidental poisoning by and exposure to narcotics and psychodysleptics [hallucinogens], not elsewhere classified","X42","Medical Facility - Outpatient or ER","2",18,Not Applicable,Not Applicable,Not Applicable,Not Applicable
,"St. Louis city, MO","29510","Male","M","2023","2023","Accidental poisoning by and exposure to narcotics and psychodysleptics [hallucinogens], not elsewhere classified","X42","Decedent's home","4",87,Not Applicable,Not Applicable,Not Applicable,Not Applicable
,"St. Louis city, MO","29510","Male","M","2023","2023","Accidental poisoning by and exposure to narcotics and psychodysleptics [hallucinogens], not elsewhere classified","X42","Other","7",21,Not Applicable,Not Applicable,Not Applicable,Not Applicable
,"St. Louis city, MO","29510","Male","M","2023","2023","Accidental poisoning by and exposure to other and unspecified drugs, medicaments and biological substances","X44","Decedent's home","4",36,Not Applicable,Not Applicable,Not Applicable,Not Applicable
,"St. Louis city, MO","29510","Male","M","2023","2023","Accidental poisoning by and exposure to other and unspecified drugs, medicaments and biological substances","X44","Other","7",33,Not Applicable,Not Applicable,Not Applicable,Not Applicable
,"Clark County, NV","32003","Female","F","2023","2023","Accidental poisoning by and exposure to antiepileptic, sedative-hypnotic, antiparkinsonism and psychotropic drugs, not elsewhere classified","X41","Medical Facility - Inpatient","1",10,Not Applicable,Not Applicable,Not Applicable,Not Applicable
,"Clark County, NV","32003","Female","F","2023","2023","Accidental poisoning by and exposure to antiepileptic, sedative-hypnotic, antiparkinsonism and psychotropic drugs, not elsewhere classified","X41","Decedent's home","4",12,Not Applicable,Not Applicable,Not Applicable,Not Applicable
,"Clark County, NV","32003","Female","F","2023","2023","Accidental poisoning by and exposure to antiepileptic, sedative-hypnotic, antiparkinsonism and psychotropic drugs, not elsewhere classified","X41","Other","7",12,Not Applicable,Not Applicable,Not Applicable,Not Applicable
,"Clark County, NV","32003","Female","F","2023","2023","Accidental poisoning by and exposure to narcotics and psychodysleptics [hallucinogens], not elsewhere classified","X42","Decedent's home","4",24,Not Applicable,Not Applicable,Not Applicable,Not Applicable
,"Clark County, NV","32003","Female","F","2023","2023","Accidental poisoning by and exposure to narcotics and psychodysleptics [hallucinogens], not elsewhere classified","X42","Other","7",12,Not Applicable,Not Applicable,Not Applicable,Not Applicable
,"Clark County, NV","32003","Female","F","2023","2023","Accidental poisoning by and exposure to other and unspecified drugs, medicaments and biological substances","X44","Medical Facility - Inpatient","1",10,Not Applicable,Not Applicable,Not Applicable,Not Applicable
,"Clark County, NV","32003","Female","F","2023","2023","Accidental poisoning by and exposure to other and unspecified drugs, medicaments and biological substances","X44","Medical Facility - Outpatient or ER","2",13,Not Applicable,Not Applicable,Not Applicable,Not Applicable
,"Clark County, NV","32003","Female","F","2023","2023","Accidental poisoning by and exposure to other and unspecified drugs, medicaments and biological substances","X44","Decedent's home","4",51,Not Applicable,Not Applicable,Not Applicable,Not Applicable
,"Clark County, NV","32003","Female","F","2023","2023","Accidental poisoning by and exposure to other and unspecified drugs, medicaments and biological substances","X44","Other","7",26,Not Applicable,Not Applicable,Not Applicable,Not Applicable
,"Clark County, NV","32003","Female","F","2023","2023","Intentional self-poisoning by and exposure to other and unspecified drugs, medicaments and biological substances","X64","Decedent's home","4",11,Not Applicable,Not Applicable,Not Applicable,Not Applicable
,"Clark County, NV","32003","Male","M","2023","2023","Accidental poisoning by and exposure to antiepileptic, sedative-hypnotic, antiparkinsonism and psychotropic drugs, not elsewhere classified","X41","Medical Facility - Inpatient","1",24,Not Applicable,Not Applicable,Not Applicable,Not Applicable
,"Clark County, NV","32003","Male","M","2023","2023","Accidental poisoning by and exposure to antiepileptic, sedative-hypnotic, antiparkinsonism and psychotropic drugs, not elsewhere classified","X41","Medical Facility - Outpatient or ER","2",27,Not Applicable,Not Applicable,Not Applicable,Not Applicable
,"Clark County, NV","32003","Male","M","2023","2023","Accidental poisoning by and exposure to antiepileptic, sedative-hypnotic, antiparkinsonism and psychotropic drugs, not elsewhere classified","X41","Decedent's home","4",46,Not Applicable,Not Applicable,Not Applicable,Not Applicable
,"Clark County, NV","32003","Male","M","2023","2023","Accidental poisoning by and exposure to antiepileptic, sedative-hypnotic, antiparkinsonism and psychotropic drugs, not elsewhere classified","X41","Other","7",67,Not Applicable,Not Applicable,Not Applicable,Not Applicable
,"Clark County, NV","32003","Male","M","2023","2023","Accidental poisoning by and exposure to narcotics and psychodysleptics [hallucinogens], not elsewhere classified","X42","Medical Facility - Inpatient","1",17,Not Applicable,Not Applicable,Not Applicable,Not Applicable
,"Clark County, NV","32003","Male","M","2023","2023","Accidental poisoning by and exposure to narcotics and psychodysleptics [hallucinogens], not elsewhere classified","X42","Medical Facility - Outpatient or ER","2",36,Not Applicable,Not Applicable,Not Applicable,Not Applicable
,"Clark County, NV","32003","Male","M","2023","2023","Accidental poisoning by and exposure to narcotics and psychodysleptics [hallucinogens], not elsewhere classified","X42","Decedent's home","4",104,Not Applicable,Not Applicable,Not Applicable,Not Applicable
,"Clark County, NV","32003","Male","M","2023","2023","Accidental poisoning by and exposure to narcotics and psychodysleptics [hallucinogens], not elsewhere classified","X42","Other","7",41,Not Applicable,Not Applicable,Not Applicable,Not Applicable
,"Clark County, NV","32003","Male","M","2023","2023","Accidental poisoning by and exposure to other and unspecified drugs, medicaments and biological substances","X44","Medical Facility - Inpatient","1",18,Not Applicable,Not Applicable,Not Applicable,Not Applicable
,"Clark County, NV","32003","Male","M","2023","2023","Accidental poisoning by and exposure to other and unspecified drugs, medicaments and biological substances","X44","Medical Facility - Outpatient or ER","2",38,Not Applicable,Not Applicable,Not Applicable,Not Applicable
,"Clark County, NV","32003","Male","M","2023","2023","Accidental poisoning by and exposure to other and unspecified drugs, medicaments and biological substances","X44","Decedent's home","4",110,Not Applicable,Not Applicable,Not Applicable,Not Applicable
,"Clark County, NV","32003","Male","M","2023","2023","Accidental poisoning by and exposure to other and unspecified drugs, medicaments and biological substances","X44","Other","7",117,Not Applicable,Not Applicable,Not Applicable,Not Applicable
,"Clark County, NV","32003","Male","M","2023","2023","Intentional self-poisoning by and exposure to other and unspecified drugs, medicaments and biological substances","X64","Decedent's home","4",17,Not Applicable,Not Applicable,Not Applicable,Not Applicable
,"Washoe County, NV","32031","Female","F","2023","2023","Accidental poisoning by and exposure to other and unspecified drugs, medicaments and biological substances","X44","Decedent's home","4",30,Not Applicable,Not Applicable,Not Applicable,Not Applicable
,"Washoe County, NV","32031","Female","F","2023","2023","Accidental poisoning by and exposure to other and unspecified drugs, medicaments and biological substances","X44","Other","7",11,Not Applicable,Not Applicable,Not Applicable,Not Applicable
,"Washoe County, NV","32031","Male","M","2023","2023","Accidental poisoning by and exposure to antiepileptic, sedative-hypnotic, antiparkinsonism and psychotropic drugs, not elsewhere classified","X41","Decedent's home","4",25,Not Applicable,Not Applicable,Not Applicable,Not Applicable
,"Washoe County, NV","32031","Male","M","2023","2023","Accidental poisoning by and exposure to narcotics and psychodysleptics [hallucinogens], not elsewhere classified","X42","Decedent's home","4",22,Not Applicable,Not Applicable,Not Applicable,Not Applicable
,"Washoe County, NV","32031","Male","M","2023","2023","Accidental poisoning by and exposure to other and unspecified drugs, medicaments and biological substances","X44","Medical Facility - Inpatient","1",10,Not Applicable,Not Applicable,Not Applicable,Not Applicable
,"Washoe County, NV","32031","Male","M","2023","2023","Accidental poisoning by and exposure to other and unspecified drugs, medicaments and biological substances","X44","Medical Facility - Outpatient or ER","2",10,Not Applicable,Not Applicable,Not Applicable,Not Applicable
,"Washoe County, NV","32031","Male","M","2023","2023","Accidental poisoning by and exposure to other and unspecified drugs, medicaments and biological substances","X44","Decedent's home","4",39,Not Applicable,Not Applicable,Not Applicable,Not Applicable
,"Washoe County, NV","32031","Male","M","2023","2023","Accidental poisoning by and exposure to other and unspecified drugs, medicaments and biological substances","X44","Other","7",27,Not Applicable,Not Applicable,Not Applicable,Not Applicable
,"Grafton County, NH","33009","Male","M","2023","2023","Accidental poisoning by and exposure to narcotics and psychodysleptics [hallucinogens], not elsewhere classified","X42","Decedent's home","4",12,Not Applicable,Not Applicable,Not Applicable,Not Applicable
,"Hillsborough County, NH","33011","Female","F","2023","2023","Accidental poisoning by and exposure to narcotics and psychodysleptics [hallucinogens], not elsewhere classified","X42","Decedent's home","4",21,Not Applicable,Not Applicable,Not Applicable,Not Applicable
,"Hillsborough County, NH","33011","Male","M","2023","2023","Accidental poisoning by and exposure to narcotics and psychodysleptics [hallucinogens], not elsewhere classified","X42","Decedent's home","4",53,Not Applicable,Not Applicable,Not Applicable,Not Applicable
,"Hillsborough County, NH","33011","Male","M","2023","2023","Accidental poisoning by and exposure to narcotics and psychodysleptics [hallucinogens], not elsewhere classified","X42","Other","7",28,Not Applicable,Not Applicable,Not Applicable,Not Applicable
,"Merrimack County, NH","33013","Male","M","2023","2023","Accidental poisoning by and exposure to narcotics and psychodysleptics [hallucinogens], not elsewhere classified","X42","Decedent's home","4",10,Not Applicable,Not Applicable,Not Applicable,Not Applicable
,"Rockingham County, NH","33015","Female","F","2023","2023","Accidental poisoning by and exposure to narcotics and psychodysleptics [hallucinogens], not elsewhere classified","X42","Decedent's home","4",10,Not Applicable,Not Applicable,Not Applicable,Not Applicable
,"Rockingham County, NH","33015","Male","M","2023","2023","Accidental poisoning by and exposure to narcotics and psychodysleptics [hallucinogens], not elsewhere classified","X42","Decedent's home","4",28,Not Applicable,Not Applicable,Not Applicable,Not Applicable
,"Rockingham County, NH","33015","Male","M","2023","2023","Accidental poisoning by and exposure to narcotics and psychodysleptics [hallucinogens], not elsewhere classified","X42","Other","7",14,Not Applicable,Not Applicable,Not Applicable,Not Applicable
,"Strafford County, NH","33017","Male","M","2023","2023","Accidental poisoning by and exposure to narcotics and psychodysleptics [hallucinogens], not elsewhere classified","X42","Decedent's home","4",12,Not Applicable,Not Applicable,Not Applicable,Not Applicable
,"Atlantic County, NJ","34001","Female","F","2023","2023","Accidental poisoning by and exposure to narcotics and psychodysleptics [hallucinogens], not elsewhere classified","X42","Decedent's home","4",11,Not Applicable,Not Applicable,Not Applicable,Not Applicable
,"Atlantic County, NJ","34001","Male","M","2023","2023","Accidental poisoning by and exposure to narcotics and psychodysleptics [hallucinogens], not elsewhere classified","X42","Medical Facility - Outpatient or ER","2",12,Not Applicable,Not Applicable,Not Applicable,Not Applicable
,"Atlantic County, NJ","34001","Male","M","2023","2023","Accidental poisoning by and exposure to narcotics and psychodysleptics [hallucinogens], not elsewhere classified","X42","Decedent's home","4",54,Not Applicable,Not Applicable,Not Applicable,Not Applicable
,"Atlantic County, NJ","34001","Male","M","2023","2023","Accidental poisoning by and exposure to narcotics and psychodysleptics [hallucinogens], not elsewhere classified","X42","Other","7",33,Not Applicable,Not Applicable,Not Applicable,Not Applicable
,"Bergen County, NJ","34003","Male","M","2023","2023","Accidental poisoning by and exposure to narcotics and psychodysleptics [hallucinogens], not elsewhere classified","X42","Medical Facility - Outpatient or ER","2",10,Not Applicable,Not Applicable,Not Applicable,Not Applicable
,"Bergen County, NJ","34003","Male","M","2023","2023","Accidental poisoning by and exposure to narcotics and psychodysleptics [hallucinogens], not elsewhere classified","X42","Decedent's home","4",29,Not Applicable,Not Applicable,Not Applicable,Not Applicable
,"Bergen County, NJ","34003","Male","M","2023","2023","Accidental poisoning by and exposure to narcotics and psychodysleptics [hallucinogens], not elsewhere classified","X42","Other","7",16,Not Applicable,Not Applicable,Not Applicable,Not Applicable
,"Bergen County, NJ","34003","Male","M","2023","2023","Accidental poisoning by and exposure to other and unspecified drugs, medicaments and biological substances","X44","Decedent's home","4",18,Not Applicable,Not Applicable,Not Applicable,Not Applicable
,"Burlington County, NJ","34005","Female","F","2023","2023","Accidental poisoning by and exposure to narcotics and psychodysleptics [hallucinogens], not elsewhere classified","X42","Decedent's home","4",14,Not Applicable,Not Applicable,Not Applicable,Not Applicable
,"Burlington County, NJ","34005","Male","M","2023","2023","Accidental poisoning by and exposure to narcotics and psychodysleptics [hallucinogens], not elsewhere classified","X42","Decedent's home","4",19,Not Applicable,Not Applicable,Not Applicable,Not Applicable
,"Burlington County, NJ","34005","Male","M","2023","2023","Accidental poisoning by and exposure to narcotics and psychodysleptics [hallucinogens], not elsewhere classified","X42","Other","7",12,Not Applicable,Not Applicable,Not Applicable,Not Applicable
,"Burlington County, NJ","34005","Male","M","2023","2023","Accidental poisoning by and exposure to other and unspecified drugs, medicaments and biological substances","X44","Decedent's home","4",19,Not Applicable,Not Applicable,Not Applicable,Not Applicable
,"Burlington County, NJ","34005","Male","M","2023","2023","Accidental poisoning by and exposure to other and unspecified drugs, medicaments and biological substances","X44","Other","7",20,Not Applicable,Not Applicable,Not Applicable,Not Applicable
,"Camden County, NJ","34007","Female","F","2023","2023","Accidental poisoning by and exposure to narcotics and psychodysleptics [hallucinogens], not elsewhere classified","X42","Decedent's home","4",18,Not Applicable,Not Applicable,Not Applicable,Not Applicable
,"Camden County, NJ","34007","Female","F","2023","2023","Accidental poisoning by and exposure to other and unspecified drugs, medicaments and biological substances","X44","Decedent's home","4",15,Not Applicable,Not Applicable,Not Applicable,Not Applicable
,"Camden County, NJ","34007","Female","F","2023","2023","Accidental poisoning by and exposure to other and unspecified drugs, medicaments and biological substances","X44","Other","7",15,Not Applicable,Not Applicable,Not Applicable,Not Applicable
,"Camden County, NJ","34007","Male","M","2023","2023","Accidental poisoning by and exposure to narcotics and psychodysleptics [hallucinogens], not elsewhere classified","X42","Decedent's home","4",48,Not Applicable,Not Applicable,Not Applicable,Not Applicable
,"Camden County, NJ","34007","Male","M","2023","2023","Accidental poisoning by and exposure to narcotics and psychodysleptics [hallucinogens], not elsewhere classified","X42","Other","7",33,Not Applicable,Not Applicable,Not Applicable,Not Applicable
,"Camden County, NJ","34007","Male","M","2023","2023","Accidental poisoning by and exposure to other and unspecified drugs, medicaments and biological substances","X44","Medical Facility - Inpatient","1",12,Not Applicable,Not Applicable,Not Applicable,Not Applicable
,"Camden County, NJ","34007","Male","M","2023","2023","Accidental poisoning by and exposure to other and unspecified drugs, medicaments and biological substances","X44","Medical Facility - Outpatient or ER","2",16,Not Applicable,Not Applicable,Not Applicable,Not Applicable
,"Camden County, NJ","34007","Male","M","2023","2023","Accidental poisoning by and exposure to other and unspecified drugs, medicaments and biological substances","X44","Decedent's home","4",53,Not Applicable,Not Applicable,Not Applicable,Not Applicable
,"Camden County, NJ","34007","Male","M","2023","2023","Accidental poisoning by and exposure to other and unspecified drugs, medicaments and biological substances","X44","Other","7",22,Not Applicable,Not Applicable,Not Applicable,Not Applicable
,"Cumberland County, NJ","34011","Male","M","2023","2023","Accidental poisoning by and exposure to narcotics and psychodysleptics [hallucinogens], not elsewhere classified","X42","Decedent's home","4",19,Not Applicable,Not Applicable,Not Applicable,Not Applicable
,"Cumberland County, NJ","34011","Male","M","2023","2023","Accidental poisoning by and exposure to narcotics and psychodysleptics [hallucinogens], not elsewhere classified","X42","Other","7",19,Not Applicable,Not Applicable,Not Applicable,Not Applicable
,"Essex County, NJ","34013","Female","F","2023","2023","Accidental poisoning by and exposure to narcotics and psychodysleptics [hallucinogens], not elsewhere classified","X42","Decedent's home","4",33,Not Applicable,Not Applicable,Not Applicable,Not Applicable
,"Essex County, NJ","34013","Female","F","2023","2023","Accidental poisoning by and exposure to narcotics and psychodysleptics [hallucinogens], not elsewhere classified","X42","Other","7",24,Not Applicable,Not Applicable,Not Applicable,Not Applicable
,"Essex County, NJ","34013","Female","F","2023","2023","Accidental poisoning by and exposure to other and unspecified drugs, medicaments and biological substances","X44","Decedent's home","4",10,Not Applicable,Not Applicable,Not Applicable,Not Applicable
,"Essex County, NJ","34013","Male","M","2023","2023","Accidental poisoning by and exposure to narcotics and psychodysleptics [hallucinogens], not elsewhere classified","X42","Medical Facility - Inpatient","1",25,Not Applicable,Not Applicable,Not Applicable,Not Applicable
,"Essex County, NJ","34013","Male","M","2023","2023","Accidental poisoning by and exposure to narcotics and psychodysleptics [hallucinogens], not elsewhere classified","X42","Medical Facility - Outpatient or ER","2",34,Not Applicable,Not Applicable,Not Applicable,Not Applicable
,"Essex County, NJ","34013","Male","M","2023","2023","Accidental poisoning by and exposure to narcotics and psychodysleptics [hallucinogens], not elsewhere classified","X42","Decedent's home","4",130,Not Applicable,Not Applicable,Not Applicable,Not Applicable
,"Essex County, NJ","34013","Male","M","2023","2023","Accidental poisoning by and exposure to narcotics and psychodysleptics [hallucinogens], not elsewhere classified","X42","Other","7",58,Not Applicable,Not Applicable,Not Applicable,Not Applicable
,"Essex County, NJ","34013","Male","M","2023","2023","Accidental poisoning by and exposure to other and unspecified drugs, medicaments and biological substances","X44","Decedent's home","4",15,Not Applicable,Not Applicable,Not Applicable,Not Applicable
,"Essex County, NJ","34013","Male","M","2023","2023","Accidental poisoning by and exposure to other and unspecified drugs, medicaments and biological substances","X44","Other","7",14,Not Applicable,Not Applicable,Not Applicable,Not Applicable
,"Gloucester County, NJ","34015","Female","F","2023","2023","Accidental poisoning by and exposure to other and unspecified drugs, medicaments and biological substances","X44","Decedent's home","4",12,Not Applicable,Not Applicable,Not Applicable,Not Applicable
,"Gloucester County, NJ","34015","Male","M","2023","2023","Accidental poisoning by and exposure to narcotics and psychodysleptics [hallucinogens], not elsewhere classified","X42","Decedent's home","4",10,Not Applicable,Not Applicable,Not Applicable,Not Applicable
,"Gloucester County, NJ","34015","Male","M","2023","2023","Accidental poisoning by and exposure to narcotics and psychodysleptics [hallucinogens], not elsewhere classified","X42","Other","7",11,Not Applicable,Not Applicable,Not Applicable,Not Applicable
,"Gloucester County, NJ","34015","Male","M","2023","2023","Accidental poisoning by and exposure to other and unspecified drugs, medicaments and biological substances","X44","Decedent's home","4",11,Not Applicable,Not Applicable,Not Applicable,Not Applicable
,"Gloucester County, NJ","34015","Male","M","2023","2023","Accidental poisoning by and exposure to other and unspecified drugs, medicaments and biological substances","X44","Other","7",20,Not Applicable,Not Applicable,Not Applicable,Not Applicable
,"Hudson County, NJ","34017","Female","F","2023","2023","Accidental poisoning by and exposure to narcotics and psychodysleptics [hallucinogens], not elsewhere classified","X42","Decedent's home","4",21,Not Applicable,Not Applicable,Not Applicable,Not Applicable
,"Hudson County, NJ","34017","Female","F","2023","2023","Accidental poisoning by and exposure to narcotics and psychodysleptics [hallucinogens], not elsewhere classified","X42","Other","7",13,Not Applicable,Not Applicable,Not Applicable,Not Applicable
,"Hudson County, NJ","34017","Male","M","2023","2023","Accidental poisoning by and exposure to narcotics and psychodysleptics [hallucinogens], not elsewhere classified","X42","Medical Facility - Outpatient or ER","2",21,Not Applicable,Not Applicable,Not Applicable,Not Applicable
,"Hudson County, NJ","34017","Male","M","2023","2023","Accidental poisoning by and exposure to narcotics and psychodysleptics [hallucinogens], not elsewhere classified","X42","Decedent's home","4",52,Not Applicable,Not Applicable,Not Applicable,Not Applicable
,"Hudson County, NJ","34017","Male","M","2023","2023","Accidental poisoning by and exposure to narcotics and psychodysleptics [hallucinogens], not elsewhere classified","X42","Other","7",23,Not Applicable,Not Applicable,Not Applicable,Not Applicable
,"Hudson County, NJ","34017","Male","M","2023","2023","Accidental poisoning by and exposure to other and unspecified drugs, medicaments and biological substances","X44","Decedent's home","4",11,Not Applicable,Not Applicable,Not Applicable,Not Applicable
,"Hudson County, NJ","34017","Male","M","2023","2023","Accidental poisoning by and exposure to other and unspecified drugs, medicaments and biological substances","X44","Other","7",15,Not Applicable,Not Applicable,Not Applicable,Not Applicable
,"Mercer County, NJ","34021","Female","F","2023","2023","Accidental poisoning by and exposure to other and unspecified drugs, medicaments and biological substances","X44","Decedent's home","4",11,Not Applicable,Not Applicable,Not Applicable,Not Applicable
,"Mercer County, NJ","34021","Male","M","2023","2023","Accidental poisoning by and exposure to narcotics and psychodysleptics [hallucinogens], not elsewhere classified","X42","Decedent's home","4",12,Not Applicable,Not Applicable,Not Applicable,Not Applicable
,"Mercer County, NJ","34021","Male","M","2023","2023","Accidental poisoning by and exposure to narcotics and psychodysleptics [hallucinogens], not elsewhere classified","X42","Other","7",10,Not Applicable,Not Applicable,Not Applicable,Not Applicable
,"Mercer County, NJ","34021","Male","M","2023","2023","Accidental poisoning by and exposure to other and unspecified drugs, medicaments and biological substances","X44","Decedent's home","4",22,Not Applicable,Not Applicable,Not Applicable,Not Applicable
,"Mercer County, NJ","34021","Male","M","2023","2023","Accidental poisoning by and exposure to other and unspecified drugs, medicaments and biological substances","X44","Other","7",15,Not Applicable,Not Applicable,Not Applicable,Not Applicable
,"Middlesex County, NJ","34023","Female","F","2023","2023","Accidental poisoning by and exposure to other and unspecified drugs, medicaments and biological substances","X44","Decedent's home","4",15,Not Applicable,Not Applicable,Not Applicable,Not Applicable
,"Middlesex County, NJ","34023","Female","F","2023","2023","Accidental poisoning by and exposure to other and unspecified drugs, medicaments and biological substances","X44","Other","7",10,Not Applicable,Not Applicable,Not Applicable,Not Applicable
,"Middlesex County, NJ","34023","Male","M","2023","2023","Accidental poisoning by and exposure to narcotics and psychodysleptics [hallucinogens], not elsewhere classified","X42","Medical Facility - Inpatient","1",14,Not Applicable,Not Applicable,Not Applicable,Not Applicable
,"Middlesex County, NJ","34023","Male","M","2023","2023","Accidental poisoning by and exposure to narcotics and psychodysleptics [hallucinogens], not elsewhere classified","X42","Decedent's home","4",38,Not Applicable,Not Applicable,Not Applicable,Not Applicable
,"Middlesex County, NJ","34023","Male","M","2023","2023","Accidental poisoning by and exposure to narcotics and psychodysleptics [hallucinogens], not elsewhere classified","X42","Other","7",23,Not Applicable,Not Applicable,Not Applicable,Not Applicable
,"Middlesex County, NJ","34023","Male","M","2023","2023","Accidental poisoning by and exposure to other and unspecified drugs, medicaments and biological substances","X44","Decedent's home","4",28,Not Applicable,Not Applicable,Not Applicable,Not Applicable
,"Middlesex County, NJ","34023","Male","M","2023","2023","Accidental poisoning by and exposure to other and unspecified drugs, medicaments and biological substances","X44","Other","7",19,Not Applicable,Not Applicable,Not Applicable,Not Applicable
,"Monmouth County, NJ","34025","Female","F","2023","2023","Accidental poisoning by and exposure to other and unspecified drugs, medicaments and biological substances","X44","Decedent's home","4",11,Not Applicable,Not Applicable,Not Applicable,Not Applicable
,"Monmouth County, NJ","34025","Male","M","2023","2023","Accidental poisoning by and exposure to narcotics and psychodysleptics [hallucinogens], not elsewhere classified","X42","Decedent's home","4",31,Not Applicable,Not Applicable,Not Applicable,Not Applicable
,"Monmouth County, NJ","34025","Male","M","2023","2023","Accidental poisoning by and exposure to narcotics and psychodysleptics [hallucinogens], not elsewhere classified","X42","Other","7",14,Not Applicable,Not Applicable,Not Applicable,Not Applicable
,"Monmouth County, NJ","34025","Male","M","2023","2023","Accidental poisoning by and exposure to other and unspecified drugs, medicaments and biological substances","X44","Medical Facility - Inpatient","1",11,Not Applicable,Not Applicable,Not Applicable,Not Applicable
,"Monmouth County, NJ","34025","Male","M","2023","2023","Accidental poisoning by and exposure to other and unspecified drugs, medicaments and biological substances","X44","Decedent's home","4",23,Not Applicable,Not Applicable,Not Applicable,Not Applicable
,"Morris County, NJ","34027","Female","F","2023","2023","Accidental poisoning by and exposure to other and unspecified drugs, medicaments and biological substances","X44","Decedent's home","4",12,Not Applicable,Not Applicable,Not Applicable,Not Applicable
,"Morris County, NJ","34027","Male","M","2023","2023","Accidental poisoning by and exposure to other and unspecified drugs, medicaments and biological substances","X44","Decedent's home","4",13,Not Applicable,Not Applicable,Not Applicable,Not Applicable
,"Ocean County, NJ","34029","Female","F","2023","2023","Accidental poisoning by and exposure to narcotics and psychodysleptics [hallucinogens], not elsewhere classified","X42","Decedent's home","4",13,Not Applicable,Not Applicable,Not Applicable,Not Applicable
,"Ocean County, NJ","34029","Female","F","2023","2023","Accidental poisoning by and exposure to other and unspecified drugs, medicaments and biological substances","X44","Decedent's home","4",14,Not Applicable,Not Applicable,Not Applicable,Not Applicable
,"Ocean County, NJ","34029","Male","M","2023","2023","Accidental poisoning by and exposure to narcotics and psychodysleptics [hallucinogens], not elsewhere classified","X42","Decedent's home","4",47,Not Applicable,Not Applicable,Not Applicable,Not Applicable
,"Ocean County, NJ","34029","Male","M","2023","2023","Accidental poisoning by and exposure to narcotics and psychodysleptics [hallucinogens], not elsewhere classified","X42","Other","7",22,Not Applicable,Not Applicable,Not Applicable,Not Applicable
,"Ocean County, NJ","34029","Male","M","2023","2023","Accidental poisoning by and exposure to other and unspecified drugs, medicaments and biological substances","X44","Decedent's home","4",18,Not Applicable,Not Applicable,Not Applicable,Not Applicable
,"Ocean County, NJ","34029","Male","M","2023","2023","Accidental poisoning by and exposure to other and unspecified drugs, medicaments and biological substances","X44","Other","7",20,Not Applicable,Not Applicable,Not Applicable,Not Applicable
,"Passaic County, NJ","34031","Male","M","2023","2023","Accidental poisoning by and exposure to narcotics and psychodysleptics [hallucinogens], not elsewhere classified","X42","Medical Facility - Inpatient","1",12,Not Applicable,Not Applicable,Not Applicable,Not Applicable
,"Passaic County, NJ","34031","Male","M","2023","2023","Accidental poisoning by and exposure to narcotics and psychodysleptics [hallucinogens], not elsewhere classified","X42","Medical Facility - Outpatient or ER","2",19,Not Applicable,Not Applicable,Not Applicable,Not Applicable
,"Passaic County, NJ","34031","Male","M","2023","2023","Accidental poisoning by and exposure to narcotics and psychodysleptics [hallucinogens], not elsewhere classified","X42","Decedent's home","4",29,Not Applicable,Not Applicable,Not Applicable,Not Applicable
,"Passaic County, NJ","34031","Male","M","2023","2023","Accidental poisoning by and exposure to narcotics and psychodysleptics [hallucinogens], not elsewhere classified","X42","Other","7",35,Not Applicable,Not Applicable,Not Applicable,Not Applicable
,"Sussex County, NJ","34037","Male","M","2023","2023","Accidental poisoning by and exposure to other and unspecified drugs, medicaments and biological substances","X44","Decedent's home","4",10,Not Applicable,Not Applicable,Not Applicable,Not Applicable
,"Union County, NJ","34039","Female","F","2023","2023","Accidental poisoning by and exposure to narcotics and psychodysleptics [hallucinogens], not elsewhere classified","X42","Decedent's home","4",10,Not Applicable,Not Applicable,Not Applicable,Not Applicable
,"Union County, NJ","34039","Male","M","2023","2023","Accidental poisoning by and exposure to narcotics and psychodysleptics [hallucinogens], not elsewhere classified","X42","Medical Facility - Outpatient or ER","2",14,Not Applicable,Not Applicable,Not Applicable,Not Applicable
,"Union County, NJ","34039","Male","M","2023","2023","Accidental poisoning by and exposure to narcotics and psychodysleptics [hallucinogens], not elsewhere classified","X42","Decedent's home","4",44,Not Applicable,Not Applicable,Not Applicable,Not Applicable
,"Union County, NJ","34039","Male","M","2023","2023","Accidental poisoning by and exposure to narcotics and psychodysleptics [hallucinogens], not elsewhere classified","X42","Other","7",30,Not Applicable,Not Applicable,Not Applicable,Not Applicable
,"Union County, NJ","34039","Male","M","2023","2023","Accidental poisoning by and exposure to other and unspecified drugs, medicaments and biological substances","X44","Decedent's home","4",10,Not Applicable,Not Applicable,Not Applicable,Not Applicable
,"Bernalillo County, NM","35001","Female","F","2023","2023","Accidental poisoning by and exposure to narcotics and psychodysleptics [hallucinogens], not elsewhere classified","X42","Decedent's home","4",18,Not Applicable,Not Applicable,Not Applicable,Not Applicable
,"Bernalillo County, NM","35001","Female","F","2023","2023","Accidental poisoning by and exposure to other and unspecified drugs, medicaments and biological substances","X44","Decedent's home","4",30,Not Applicable,Not Applicable,Not Applicable,Not Applicable
,"Bernalillo County, NM","35001","Female","F","2023","2023","Accidental poisoning by and exposure to other and unspecified drugs, medicaments and biological substances","X44","Other","7",21,Not Applicable,Not Applicable,Not Applicable,Not Applicable
,"Bernalillo County, NM","35001","Male","M","2023","2023","Accidental poisoning by and exposure to antiepileptic, sedative-hypnotic, antiparkinsonism and psychotropic drugs, not elsewhere classified","X41","Decedent's home","4",30,Not Applicable,Not Applicable,Not Applicable,Not Applicable
,"Bernalillo County, NM","35001","Male","M","2023","2023","Accidental poisoning by and exposure to antiepileptic, sedative-hypnotic, antiparkinsonism and psychotropic drugs, not elsewhere classified","X41","Other","7",13,Not Applicable,Not Applicable,Not Applicable,Not Applicable
,"Bernalillo County, NM","35001","Male","M","2023","2023","Accidental poisoning by and exposure to narcotics and psychodysleptics [hallucinogens], not elsewhere classified","X42","Decedent's home","4",57,Not Applicable,Not Applicable,Not Applicable,Not Applicable
,"Bernalillo County, NM","35001","Male","M","2023","2023","Accidental poisoning by and exposure to narcotics and psychodysleptics [hallucinogens], not elsewhere classified","X42","Other","7",30,Not Applicable,Not Applicable,Not Applicable,Not Applicable
,"Bernalillo County, NM","35001","Male","M","2023","2023","Accidental poisoning by and exposure to other and unspecified drugs, medicaments and biological substances","X44","Medical Facility - Inpatient","1",16,Not Applicable,Not Applicable,Not Applicable,Not Applicable
,"Bernalillo County, NM","35001","Male","M","2023","2023","Accidental poisoning by and exposure to other and unspecified drugs, medicaments and biological substances","X44","Decedent's home","4",64,Not Applicable,Not Applicable,Not Applicable,Not Applicable
,"Bernalillo County, NM","35001","Male","M","2023","2023","Accidental poisoning by and exposure to other and unspecified drugs, medicaments and biological substances","X44","Other","7",39,Not Applicable,Not Applicable,Not Applicable,Not Applicable
,"Dona Ana County, NM","35013","Male","M","2023","2023","Accidental poisoning by and exposure to narcotics and psychodysleptics [hallucinogens], not elsewhere classified","X42","Decedent's home","4",13,Not Applicable,Not Applicable,Not Applicable,Not Applicable
,"Dona Ana County, NM","35013","Male","M","2023","2023","Accidental poisoning by and exposure to other and unspecified drugs, medicaments and biological substances","X44","Decedent's home","4",10,Not Applicable,Not Applicable,Not Applicable,Not Applicable
,"Dona Ana County, NM","35013","Male","M","2023","2023","Accidental poisoning by and exposure to other and unspecified drugs, medicaments and biological substances","X44","Other","7",12,Not Applicable,Not Applicable,Not Applicable,Not Applicable
,"Rio Arriba County, NM","35039","Male","M","2023","2023","Accidental poisoning by and exposure to narcotics and psychodysleptics [hallucinogens], not elsewhere classified","X42","Decedent's home","4",12,Not Applicable,Not Applicable,Not Applicable,Not Applicable
,"Rio Arriba County, NM","35039","Male","M","2023","2023","Accidental poisoning by and exposure to narcotics and psychodysleptics [hallucinogens], not elsewhere classified","X42","Other","7",10,Not Applicable,Not Applicable,Not Applicable,Not Applicable
,"Santa Fe County, NM","35049","Male","M","2023","2023","Accidental poisoning by and exposure to narcotics and psychodysleptics [hallucinogens], not elsewhere classified","X42","Decedent's home","4",16,Not Applicable,Not Applicable,Not Applicable,Not Applicable
,"Santa Fe County, NM","35049","Male","M","2023","2023","Accidental poisoning by and exposure to narcotics and psychodysleptics [hallucinogens], not elsewhere classified","X42","Other","7",11,Not Applicable,Not Applicable,Not Applicable,Not Applicable
,"Santa Fe County, NM","35049","Male","M","2023","2023","Accidental poisoning by and exposure to other and unspecified drugs, medicaments and biological substances","X44","Decedent's home","4",10,Not Applicable,Not Applicable,Not Applicable,Not Applicable
,"Santa Fe County, NM","35049","Male","M","2023","2023","Accidental poisoning by and exposure to other and unspecified drugs, medicaments and biological substances","X44","Other","7",13,Not Applicable,Not Applicable,Not Applicable,Not Applicable
,"Albany County, NY","36001","Male","M","2023","2023","Accidental poisoning by and exposure to narcotics and psychodysleptics [hallucinogens], not elsewhere classified","X42","Decedent's home","4",19,Not Applicable,Not Applicable,Not Applicable,Not Applicable
,"Albany County, NY","36001","Male","M","2023","2023","Poisoning by and exposure to narcotics and psychodysleptics [hallucinogens], not elsewhere classified, undetermined intent","Y12","Decedent's home","4",23,Not Applicable,Not Applicable,Not Applicable,Not Applicable
,"Bronx County, NY","36005","Female","F","2023","2023","Accidental poisoning by and exposure to narcotics and psychodysleptics [hallucinogens], not elsewhere classified","X42","Medical Facility - Inpatient","1",12,Not Applicable,Not Applicable,Not Applicable,Not Applicable
,"Bronx County, NY","36005","Female","F","2023","2023","Accidental poisoning by and exposure to narcotics and psychodysleptics [hallucinogens], not elsewhere classified","X42","Medical Facility - Outpatient or ER","2",19,Not Applicable,Not Applicable,Not Applicable,Not Applicable
,"Bronx County, NY","36005","Female","F","2023","2023","Accidental poisoning by and exposure to narcotics and psychodysleptics [hallucinogens], not elsewhere classified","X42","Decedent's home","4",81,Not Applicable,Not Applicable,Not Applicable,Not Applicable
,"Bronx County, NY","36005","Female","F","2023","2023","Accidental poisoning by and exposure to narcotics and psychodysleptics [hallucinogens], not elsewhere classified","X42","Other","7",14,Not Applicable,Not Applicable,Not Applicable,Not Applicable
,"Bronx County, NY","36005","Female","F","2023","2023","Accidental poisoning by and exposure to other and unspecified drugs, medicaments and biological substances","X44","Medical Facility - Outpatient or ER","2",15,Not Applicable,Not Applicable,Not Applicable,Not Applicable
,"Bronx County, NY","36005","Female","F","2023","2023","Accidental poisoning by and exposure to other and unspecified drugs, medicaments and biological substances","X44","Decedent's home","4",57,Not Applicable,Not Applicable,Not Applicable,Not Applicable
,"Bronx County, NY","36005","Female","F","2023","2023","Accidental poisoning by and exposure to other and unspecified drugs, medicaments and biological substances","X44","Other","7",16,Not Applicable,Not Applicable,Not Applicable,Not Applicable
,"Bronx County, NY","36005","Male","M","2023","2023","Accidental poisoning by and exposure to narcotics and psychodysleptics [hallucinogens], not elsewhere classified","X42","Medical Facility - Inpatient","1",38,Not Applicable,Not Applicable,Not Applicable,Not Applicable
,"Bronx County, NY","36005","Male","M","2023","2023","Accidental poisoning by and exposure to narcotics and psychodysleptics [hallucinogens], not elsewhere classified","X42","Medical Facility - Outpatient or ER","2",65,Not Applicable,Not Applicable,Not Applicable,Not Applicable
,"Bronx County, NY","36005","Male","M","2023","2023","Accidental poisoning by and exposure to narcotics and psychodysleptics [hallucinogens], not elsewhere classified","X42","Decedent's home","4",215,Not Applicable,Not Applicable,Not Applicable,Not Applicable
,"Bronx County, NY","36005","Male","M","2023","2023","Accidental poisoning by and exposure to narcotics and psychodysleptics [hallucinogens], not elsewhere classified","X42","Other","7",34,Not Applicable,Not Applicable,Not Applicable,Not Applicable
,"Bronx County, NY","36005","Male","M","2023","2023","Accidental poisoning by and exposure to other and unspecified drugs, medicaments and biological substances","X44","Medical Facility - Inpatient","1",18,Not Applicable,Not Applicable,Not Applicable,Not Applicable
,"Bronx County, NY","36005","Male","M","2023","2023","Accidental poisoning by and exposure to other and unspecified drugs, medicaments and biological substances","X44","Medical Facility - Outpatient or ER","2",41,Not Applicable,Not Applicable,Not Applicable,Not Applicable
,"Bronx County, NY","36005","Male","M","2023","2023","Accidental poisoning by and exposure to other and unspecified drugs, medicaments and biological substances","X44","Decedent's home","4",172,Not Applicable,Not Applicable,Not Applicable,Not Applicable
,"Bronx County, NY","36005","Male","M","2023","2023","Accidental poisoning by and exposure to other and unspecified drugs, medicaments and biological substances","X44","Other","7",28,Not Applicable,Not Applicable,Not Applicable,Not Applicable
,"Broome County, NY","36007","Female","F","2023","2023","Accidental poisoning by and exposure to narcotics and psychodysleptics [hallucinogens], not elsewhere classified","X42","Decedent's home","4",10,Not Applicable,Not Applicable,Not Applicable,Not Applicable
,"Broome County, NY","36007","Female","F","2023","2023","Accidental poisoning by and exposure to other and unspecified drugs, medicaments and biological substances","X44","Decedent's home","4",14,Not Applicable,Not Applicable,Not Applicable,Not Applicable
,"Broome County, NY","36007","Male","M","2023","2023","Accidental poisoning by and exposure to narcotics and psychodysleptics [hallucinogens], not elsewhere classified","X42","Decedent's home","4",15,Not Applicable,Not Applicable,Not Applicable,Not Applicable
,"Broome County, NY","36007","Male","M","2023","2023","Accidental poisoning by and exposure to other and unspecified drugs, medicaments and biological substances","X44","Decedent's home","4",14,Not Applicable,Not Applicable,Not Applicable,Not Applicable
,"Cattaraugus County, NY","36009","Male","M","2023","2023","Accidental poisoning by and exposure to narcotics and psychodysleptics [hallucinogens], not elsewhere classified","X42","Decedent's home","4",17,Not Applicable,Not Applicable,Not Applicable,Not Applicable
,"Chautauqua County, NY","36013","Female","F","2023","2023","Accidental poisoning by and exposure to other and unspecified drugs, medicaments and biological substances","X44","Decedent's home","4",11,Not Applicable,Not Applicable,Not Applicable,Not Applicable
,"Chautauqua County, NY","36013","Male","M","2023","2023","Accidental poisoning by and exposure to narcotics and psychodysleptics [hallucinogens], not elsewhere classified","X42","Decedent's home","4",11,Not Applicable,Not Applicable,Not Applicable,Not Applicable
,"Chautauqua County, NY","36013","Male","M","2023","2023","Accidental poisoning by and exposure to other and unspecified drugs, medicaments and biological substances","X44","Decedent's home","4",25,Not Applicable,Not Applicable,Not Applicable,Not Applicable
,"Chemung County, NY","36015","Male","M","2023","2023","Accidental poisoning by and exposure to other and unspecified drugs, medicaments and biological substances","X44","Decedent's home","4",12,Not Applicable,Not Applicable,Not Applicable,Not Applicable
,"Dutchess County, NY","36027","Female","F","2023","2023","Accidental poisoning by and exposure to other and unspecified drugs, medicaments and biological substances","X44","Decedent's home","4",14,Not Applicable,Not Applicable,Not Applicable,Not Applicable
,"Dutchess County, NY","36027","Male","M","2023","2023","Accidental poisoning by and exposure to narcotics and psychodysleptics [hallucinogens], not elsewhere classified","X42","Decedent's home","4",25,Not Applicable,Not Applicable,Not Applicable,Not Applicable
,"Dutchess County, NY","36027","Male","M","2023","2023","Accidental poisoning by and exposure to other and unspecified drugs, medicaments and biological substances","X44","Decedent's home","4",21,Not Applicable,Not Applicable,Not Applicable,Not Applicable
,"Erie County, NY","36029","Female","F","2023","2023","Accidental poisoning by and exposure to narcotics and psychodysleptics [hallucinogens], not elsewhere classified","X42","Decedent's home","4",34,Not Applicable,Not Applicable,Not Applicable,Not Applicable
,"Erie County, NY","36029","Female","F","2023","2023","Accidental poisoning by and exposure to other and unspecified drugs, medicaments and biological substances","X44","Decedent's home","4",49,Not Applicable,Not Applicable,Not Applicable,Not Applicable
,"Erie County, NY","36029","Male","M","2023","2023","Accidental poisoning by and exposure to narcotics and psychodysleptics [hallucinogens], not elsewhere classified","X42","Medical Facility - Inpatient","1",16,Not Applicable,Not Applicable,Not Applicable,Not Applicable
,"Erie County, NY","36029","Male","M","2023","2023","Accidental poisoning by and exposure to narcotics and psychodysleptics [hallucinogens], not elsewhere classified","X42","Decedent's home","4",114,Not Applicable,Not Applicable,Not Applicable,Not Applicable
,"Erie County, NY","36029","Male","M","2023","2023","Accidental poisoning by and exposure to narcotics and psychodysleptics [hallucinogens], not elsewhere classified","X42","Other","7",26,Not Applicable,Not Applicable,Not Applicable,Not Applicable
,"Erie County, NY","36029","Male","M","2023","2023","Accidental poisoning by and exposure to other and unspecified drugs, medicaments and biological substances","X44","Medical Facility - Inpatient","1",15,Not Applicable,Not Applicable,Not Applicable,Not Applicable
,"Erie County, NY","36029","Male","M","2023","2023","Accidental poisoning by and exposure to other and unspecified drugs, medicaments and biological substances","X44","Decedent's home","4",81,Not Applicable,Not Applicable,Not Applicable,Not Applicable
,"Erie County, NY","36029","Male","M","2023","2023","Accidental poisoning by and exposure to other and unspecified drugs, medicaments and biological substances","X44","Other","7",14,Not Applicable,Not Applicable,Not Applicable,Not Applicable
,"Kings County, NY","36047","Female","F","2023","2023","Accidental poisoning by and exposure to narcotics and psychodysleptics [hallucinogens], not elsewhere classified","X42","Medical Facility - Inpatient","1",13,Not Applicable,Not Applicable,Not Applicable,Not Applicable
,"Kings County, NY","36047","Female","F","2023","2023","Accidental poisoning by and exposure to narcotics and psychodysleptics [hallucinogens], not elsewhere classified","X42","Medical Facility - Outpatient or ER","2",20,Not Applicable,Not Applicable,Not Applicable,Not Applicable
,"Kings County, NY","36047","Female","F","2023","2023","Accidental poisoning by and exposure to narcotics and psychodysleptics [hallucinogens], not elsewhere classified","X42","Decedent's home","4",65,Not Applicable,Not Applicable,Not Applicable,Not Applicable
,"Kings County, NY","36047","Female","F","2023","2023","Accidental poisoning by and exposure to narcotics and psychodysleptics [hallucinogens], not elsewhere classified","X42","Other","7",16,Not Applicable,Not Applicable,Not Applicable,Not Applicable
,"Kings County, NY","36047","Female","F","2023","2023","Accidental poisoning by and exposure to other and unspecified drugs, medicaments and biological substances","X44","Decedent's home","4",35,Not Applicable,Not Applicable,Not Applicable,Not Applicable
,"Kings County, NY","36047","Male","M","2023","2023","Accidental poisoning by and exposure to narcotics and psychodysleptics [hallucinogens], not elsewhere classified","X42","Medical Facility - Inpatient","1",29,Not Applicable,Not Applicable,Not Applicable,Not Applicable
,"Kings County, NY","36047","Male","M","2023","2023","Accidental poisoning by and exposure to narcotics and psychodysleptics [hallucinogens], not elsewhere classified","X42","Medical Facility - Outpatient or ER","2",55,Not Applicable,Not Applicable,Not Applicable,Not Applicable
,"Kings County, NY","36047","Male","M","2023","2023","Accidental poisoning by and exposure to narcotics and psychodysleptics [hallucinogens], not elsewhere classified","X42","Decedent's home","4",185,Not Applicable,Not Applicable,Not Applicable,Not Applicable
,"Kings County, NY","36047","Male","M","2023","2023","Accidental poisoning by and exposure to narcotics and psychodysleptics [hallucinogens], not elsewhere classified","X42","Other","7",49,Not Applicable,Not Applicable,Not Applicable,Not Applicable
,"Kings County, NY","36047","Male","M","2023","2023","Accidental poisoning by and exposure to other and unspecified drugs, medicaments and biological substances","X44","Medical Facility - Inpatient","1",13,Not Applicable,Not Applicable,Not Applicable,Not Applicable
,"Kings County, NY","36047","Male","M","2023","2023","Accidental poisoning by and exposure to other and unspecified drugs, medicaments and biological substances","X44","Medical Facility - Outpatient or ER","2",32,Not Applicable,Not Applicable,Not Applicable,Not Applicable
,"Kings County, NY","36047","Male","M","2023","2023","Accidental poisoning by and exposure to other and unspecified drugs, medicaments and biological substances","X44","Decedent's home","4",121,Not Applicable,Not Applicable,Not Applicable,Not Applicable
,"Kings County, NY","36047","Male","M","2023","2023","Accidental poisoning by and exposure to other and unspecified drugs, medicaments and biological substances","X44","Other","7",41,Not Applicable,Not Applicable,Not Applicable,Not Applicable
,"Monroe County, NY","36055","Female","F","2023","2023","Accidental poisoning by and exposure to narcotics and psychodysleptics [hallucinogens], not elsewhere classified","X42","Medical Facility - Inpatient","1",10,Not Applicable,Not Applicable,Not Applicable,Not Applicable
,"Monroe County, NY","36055","Female","F","2023","2023","Accidental poisoning by and exposure to narcotics and psychodysleptics [hallucinogens], not elsewhere classified","X42","Decedent's home","4",40,Not Applicable,Not Applicable,Not Applicable,Not Applicable
,"Monroe County, NY","36055","Female","F","2023","2023","Accidental poisoning by and exposure to other and unspecified drugs, medicaments and biological substances","X44","Decedent's home","4",40,Not Applicable,Not Applicable,Not Applicable,Not Applicable
,"Monroe County, NY","36055","Male","M","2023","2023","Accidental poisoning by and exposure to narcotics and psychodysleptics [hallucinogens], not elsewhere classified","X42","Medical Facility - Inpatient","1",18,Not Applicable,Not Applicable,Not Applicable,Not Applicable
,"Monroe County, NY","36055","Male","M","2023","2023","Accidental poisoning by and exposure to narcotics and psychodysleptics [hallucinogens], not elsewhere classified","X42","Medical Facility - Outpatient or ER","2",21,Not Applicable,Not Applicable,Not Applicable,Not Applicable
,"Monroe County, NY","36055","Male","M","2023","2023","Accidental poisoning by and exposure to narcotics and psychodysleptics [hallucinogens], not elsewhere classified","X42","Decedent's home","4",168,Not Applicable,Not Applicable,Not Applicable,Not Applicable
,"Monroe County, NY","36055","Male","M","2023","2023","Accidental poisoning by and exposure to narcotics and psychodysleptics [hallucinogens], not elsewhere classified","X42","Other","7",18,Not Applicable,Not Applicable,Not Applicable,Not Applicable
,"Monroe County, NY","36055","Male","M","2023","2023","Accidental poisoning by and exposure to other and unspecified drugs, medicaments and biological substances","X44","Decedent's home","4",72,Not Applicable,Not Applicable,Not Applicable,Not Applicable
,"Monroe County, NY","36055","Male","M","2023","2023","Accidental poisoning by and exposure to other and unspecified drugs, medicaments and biological substances","X44","Other","7",10,Not Applicable,Not Applicable,Not Applicable,Not Applicable
,"Nassau County, NY","36059","Female","F","2023","2023","Accidental poisoning by and exposure to narcotics and psychodysleptics [hallucinogens], not elsewhere classified","X42","Decedent's home","4",21,Not Applicable,Not Applicable,Not Applicable,Not Applicable
,"Nassau County, NY","36059","Female","F","2023","2023","Accidental poisoning by and exposure to other and unspecified drugs, medicaments and biological substances","X44","Decedent's home","4",13,Not Applicable,Not Applicable,Not Applicable,Not Applicable
,"Nassau County, NY","36059","Male","M","2023","2023","Accidental poisoning by and exposure to narcotics and psychodysleptics [hallucinogens], not elsewhere classified","X42","Medical Facility - Inpatient","1",12,Not Applicable,Not Applicable,Not Applicable,Not Applicable
,"Nassau County, NY","36059","Male","M","2023","2023","Accidental poisoning by and exposure to narcotics and psychodysleptics [hallucinogens], not elsewhere classified","X42","Medical Facility - Outpatient or ER","2",17,Not Applicable,Not Applicable,Not Applicable,Not Applicable
,"Nassau County, NY","36059","Male","M","2023","2023","Accidental poisoning by and exposure to narcotics and psychodysleptics [hallucinogens], not elsewhere classified","X42","Decedent's home","4",52,Not Applicable,Not Applicable,Not Applicable,Not Applicable
,"Nassau County, NY","36059","Male","M","2023","2023","Accidental poisoning by and exposure to narcotics and psychodysleptics [hallucinogens], not elsewhere classified","X42","Other","7",19,Not Applicable,Not Applicable,Not Applicable,Not Applicable
,"Nassau County, NY","36059","Male","M","2023","2023","Accidental poisoning by and exposure to other and unspecified drugs, medicaments and biological substances","X44","Medical Facility - Outpatient or ER","2",11,Not Applicable,Not Applicable,Not Applicable,Not Applicable
,"Nassau County, NY","36059","Male","M","2023","2023","Accidental poisoning by and exposure to other and unspecified drugs, medicaments and biological substances","X44","Decedent's home","4",15,Not Applicable,Not Applicable,Not Applicable,Not Applicable
,"New York County, NY","36061","Female","F","2023","2023","Accidental poisoning by and exposure to narcotics and psychodysleptics [hallucinogens], not elsewhere classified","X42","Decedent's home","4",33,Not Applicable,Not Applicable,Not Applicable,Not Applicable
,"New York County, NY","36061","Female","F","2023","2023","Accidental poisoning by and exposure to other and unspecified drugs, medicaments and biological substances","X44","Medical Facility - Outpatient or ER","2",11,Not Applicable,Not Applicable,Not Applicable,Not Applicable
,"New York County, NY","36061","Female","F","2023","2023","Accidental poisoning by and exposure to other and unspecified drugs, medicaments and biological substances","X44","Decedent's home","4",25,Not Applicable,Not Applicable,Not Applicable,Not Applicable
,"New York County, NY","36061","Male","M","2023","2023","Accidental poisoning by and exposure to antiepileptic, sedative-hypnotic, antiparkinsonism and psychotropic drugs, not elsewhere classified","X41","Decedent's home","4",13,Not Applicable,Not Applicable,Not Applicable,Not Applicable
,"New York County, NY","36061","Male","M","2023","2023","Accidental poisoning by and exposure to narcotics and psychodysleptics [hallucinogens], not elsewhere classified","X42","Medical Facility - Inpatient","1",25,Not Applicable,Not Applicable,Not Applicable,Not Applicable
,"New York County, NY","36061","Male","M","2023","2023","Accidental poisoning by and exposure to narcotics and psychodysleptics [hallucinogens], not elsewhere classified","X42","Medical Facility - Outpatient or ER","2",22,Not Applicable,Not Applicable,Not Applicable,Not Applicable
,"New York County, NY","36061","Male","M","2023","2023","Accidental poisoning by and exposure to narcotics and psychodysleptics [hallucinogens], not elsewhere classified","X42","Decedent's home","4",141,Not Applicable,Not Applicable,Not Applicable,Not Applicable
,"New York County, NY","36061","Male","M","2023","2023","Accidental poisoning by and exposure to narcotics and psychodysleptics [hallucinogens], not elsewhere classified","X42","Other","7",26,Not Applicable,Not Applicable,Not Applicable,Not Applicable
,"New York County, NY","36061","Male","M","2023","2023","Accidental poisoning by and exposure to other and unspecified drugs, medicaments and biological substances","X44","Medical Facility - Inpatient","1",10,Not Applicable,Not Applicable,Not Applicable,Not Applicable
,"New York County, NY","36061","Male","M","2023","2023","Accidental poisoning by and exposure to other and unspecified drugs, medicaments and biological substances","X44","Medical Facility - Outpatient or ER","2",20,Not Applicable,Not Applicable,Not Applicable,Not Applicable
,"New York County, NY","36061","Male","M","2023","2023","Accidental poisoning by and exposure to other and unspecified drugs, medicaments and biological substances","X44","Decedent's home","4",110,Not Applicable,Not Applicable,Not Applicable,Not Applicable
,"New York County, NY","36061","Male","M","2023","2023","Accidental poisoning by and exposure to other and unspecified drugs, medicaments and biological substances","X44","Other","7",23,Not Applicable,Not Applicable,Not Applicable,Not Applicable
,"Niagara County, NY","36063","Male","M","2023","2023","Accidental poisoning by and exposure to narcotics and psychodysleptics [hallucinogens], not elsewhere classified","X42","Decedent's home","4",31,Not Applicable,Not Applicable,Not Applicable,Not Applicable
,"Niagara County, NY","36063","Male","M","2023","2023","Accidental poisoning by and exposure to other and unspecified drugs, medicaments and biological substances","X44","Decedent's home","4",21,Not Applicable,Not Applicable,Not Applicable,Not Applicable
,"Oneida County, NY","36065","Male","M","2023","2023","Accidental poisoning by and exposure to narcotics and psychodysleptics [hallucinogens], not elsewhere classified","X42","Decedent's home","4",15,Not Applicable,Not Applicable,Not Applicable,Not Applicable
,"Oneida County, NY","36065","Male","M","2023","2023","Accidental poisoning by and exposure to other and unspecified drugs, medicaments and biological substances","X44","Decedent's home","4",13,Not Applicable,Not Applicable,Not Applicable,Not Applicable
,"Onondaga County, NY","36067","Female","F","2023","2023","Accidental poisoning by and exposure to narcotics and psychodysleptics [hallucinogens], not elsewhere classified","X42","Decedent's home","4",11,Not Applicable,Not Applicable,Not Applicable,Not Applicable
,"Onondaga County, NY","36067","Female","F","2023","2023","Accidental poisoning by and exposure to other and unspecified drugs, medicaments and biological substances","X44","Decedent's home","4",23,Not Applicable,Not Applicable,Not Applicable,Not Applicable
,"Onondaga County, NY","36067","Male","M","2023","2023","Accidental poisoning by and exposure to narcotics and psychodysleptics [hallucinogens], not elsewhere classified","X42","Decedent's home","4",49,Not Applicable,Not Applicable,Not Applicable,Not Applicable
,"Onondaga County, NY","36067","Male","M","2023","2023","Accidental poisoning by and exposure to other and unspecified drugs, medicaments and biological substances","X44","Medical Facility - Outpatient or ER","2",13,Not Applicable,Not Applicable,Not Applicable,Not Applicable
,"Onondaga County, NY","36067","Male","M","2023","2023","Accidental poisoning by and exposure to other and unspecified drugs, medicaments and biological substances","X44","Decedent's home","4",34,Not Applicable,Not Applicable,Not Applicable,Not Applicable
,"Onondaga County, NY","36067","Male","M","2023","2023","Accidental poisoning by and exposure to other and unspecified drugs, medicaments and biological substances","X44","Other","7",12,Not Applicable,Not Applicable,Not Applicable,Not Applicable
,"Orange County, NY","36071","Female","F","2023","2023","Accidental poisoning by and exposure to other and unspecified drugs, medicaments and biological substances","X44","Decedent's home","4",19,Not Applicable,Not Applicable,Not Applicable,Not Applicable
,"Orange County, NY","36071","Male","M","2023","2023","Accidental poisoning by and exposure to narcotics and psychodysleptics [hallucinogens], not elsewhere classified","X42","Decedent's home","4",18,Not Applicable,Not Applicable,Not Applicable,Not Applicable
,"Orange County, NY","36071","Male","M","2023","2023","Accidental poisoning by and exposure to other and unspecified drugs, medicaments and biological substances","X44","Decedent's home","4",21,Not Applicable,Not Applicable,Not Applicable,Not Applicable
,"Orange County, NY","36071","Male","M","2023","2023","Accidental poisoning by and exposure to other and unspecified drugs, medicaments and biological substances","X44","Other","7",10,Not Applicable,Not Applicable,Not Applicable,Not Applicable
,"Queens County, NY","36081","Female","F","2023","2023","Accidental poisoning by and exposure to narcotics and psychodysleptics [hallucinogens], not elsewhere classified","X42","Decedent's home","4",30,Not Applicable,Not Applicable,Not Applicable,Not Applicable
,"Queens County, NY","36081","Female","F","2023","2023","Accidental poisoning by and exposure to other and unspecified drugs, medicaments and biological substances","X44","Decedent's home","4",30,Not Applicable,Not Applicable,Not Applicable,Not Applicable
,"Queens County, NY","36081","Male","M","2023","2023","Accidental poisoning by and exposure to narcotics and psychodysleptics [hallucinogens], not elsewhere classified","X42","Medical Facility - Inpatient","1",32,Not Applicable,Not Applicable,Not Applicable,Not Applicable
,"Queens County, NY","36081","Male","M","2023","2023","Accidental poisoning by and exposure to narcotics and psychodysleptics [hallucinogens], not elsewhere classified","X42","Medical Facility - Outpatient or ER","2",41,Not Applicable,Not Applicable,Not Applicable,Not Applicable
,"Queens County, NY","36081","Male","M","2023","2023","Accidental poisoning by and exposure to narcotics and psychodysleptics [hallucinogens], not elsewhere classified","X42","Decedent's home","4",118,Not Applicable,Not Applicable,Not Applicable,Not Applicable
,"Queens County, NY","36081","Male","M","2023","2023","Accidental poisoning by and exposure to narcotics and psychodysleptics [hallucinogens], not elsewhere classified","X42","Other","7",43,Not Applicable,Not Applicable,Not Applicable,Not Applicable
,"Queens County, NY","36081","Male","M","2023","2023","Accidental poisoning by and exposure to other and unspecified drugs, medicaments and biological substances","X44","Medical Facility - Outpatient or ER","2",22,Not Applicable,Not Applicable,Not Applicable,Not Applicable
,"Queens County, NY","36081","Male","M","2023","2023","Accidental poisoning by and exposure to other and unspecified drugs, medicaments and biological substances","X44","Decedent's home","4",83,Not Applicable,Not Applicable,Not Applicable,Not Applicable
,"Queens County, NY","36081","Male","M","2023","2023","Accidental poisoning by and exposure to other and unspecified drugs, medicaments and biological substances","X44","Other","7",21,Not Applicable,Not Applicable,Not Applicable,Not Applicable
,"Rensselaer County, NY","36083","Male","M","2023","2023","Accidental poisoning by and exposure to narcotics and psychodysleptics [hallucinogens], not elsewhere classified","X42","Decedent's home","4",16,Not Applicable,Not Applicable,Not Applicable,Not Applicable
,"Rensselaer County, NY","36083","Male","M","2023","2023","Accidental poisoning by and exposure to other and unspecified drugs, medicaments and biological substances","X44","Decedent's home","4",17,Not Applicable,Not Applicable,Not Applicable,Not Applicable
,"Richmond County, NY","36085","Female","F","2023","2023","Accidental poisoning by and exposure to other and unspecified drugs, medicaments and biological substances","X44","Decedent's home","4",12,Not Applicable,Not Applicable,Not Applicable,Not Applicable
,"Richmond County, NY","36085","Male","M","2023","2023","Accidental poisoning by and exposure to narcotics and psychodysleptics [hallucinogens], not elsewhere classified","X42","Medical Facility - Outpatient or ER","2",12,Not Applicable,Not Applicable,Not Applicable,Not Applicable
,"Richmond County, NY","36085","Male","M","2023","2023","Accidental poisoning by and exposure to narcotics and psychodysleptics [hallucinogens], not elsewhere classified","X42","Decedent's home","4",31,Not Applicable,Not Applicable,Not Applicable,Not Applicable
,"Richmond County, NY","36085","Male","M","2023","2023","Accidental poisoning by and exposure to narcotics and psychodysleptics [hallucinogens], not elsewhere classified","X42","Other","7",11,Not Applicable,Not Applicable,Not Applicable,Not Applicable
,"Richmond County, NY","36085","Male","M","2023","2023","Accidental poisoning by and exposure to other and unspecified drugs, medicaments and biological substances","X44","Decedent's home","4",35,Not Applicable,Not Applicable,Not Applicable,Not Applicable
,"Richmond County, NY","36085","Male","M","2023","2023","Accidental poisoning by and exposure to other and unspecified drugs, medicaments and biological substances","X44","Other","7",19,Not Applicable,Not Applicable,Not Applicable,Not Applicable
,"Schenectady County, NY","36093","Male","M","2023","2023","Poisoning by and exposure to narcotics and psychodysleptics [hallucinogens], not elsewhere classified, undetermined intent","Y12","Decedent's home","4",16,Not Applicable,Not Applicable,Not Applicable,Not Applicable
,"Suffolk County, NY","36103","Female","F","2023","2023","Accidental poisoning by and exposure to narcotics and psychodysleptics [hallucinogens], not elsewhere classified","X42","Decedent's home","4",15,Not Applicable,Not Applicable,Not Applicable,Not Applicable
,"Suffolk County, NY","36103","Female","F","2023","2023","Accidental poisoning by and exposure to other and unspecified drugs, medicaments and biological substances","X44","Medical Facility - Outpatient or ER","2",22,Not Applicable,Not Applicable,Not Applicable,Not Applicable
,"Suffolk County, NY","36103","Female","F","2023","2023","Accidental poisoning by and exposure to other and unspecified drugs, medicaments and biological substances","X44","Decedent's home","4",54,Not Applicable,Not Applicable,Not Applicable,Not Applicable
,"Suffolk County, NY","36103","Male","M","2023","2023","Accidental poisoning by and exposure to narcotics and psychodysleptics [hallucinogens], not elsewhere classified","X42","Medical Facility - Inpatient","1",18,Not Applicable,Not Applicable,Not Applicable,Not Applicable
,"Suffolk County, NY","36103","Male","M","2023","2023","Accidental poisoning by and exposure to narcotics and psychodysleptics [hallucinogens], not elsewhere classified","X42","Medical Facility - Outpatient or ER","2",36,Not Applicable,Not Applicable,Not Applicable,Not Applicable
,"Suffolk County, NY","36103","Male","M","2023","2023","Accidental poisoning by and exposure to narcotics and psychodysleptics [hallucinogens], not elsewhere classified","X42","Decedent's home","4",91,Not Applicable,Not Applicable,Not Applicable,Not Applicable
,"Suffolk County, NY","36103","Male","M","2023","2023","Accidental poisoning by and exposure to narcotics and psychodysleptics [hallucinogens], not elsewhere classified","X42","Other","7",29,Not Applicable,Not Applicable,Not Applicable,Not Applicable
,"Suffolk County, NY","36103","Male","M","2023","2023","Accidental poisoning by and exposure to other and unspecified drugs, medicaments and biological substances","X44","Medical Facility - Inpatient","1",12,Not Applicable,Not Applicable,Not Applicable,Not Applicable
,"Suffolk County, NY","36103","Male","M","2023","2023","Accidental poisoning by and exposure to other and unspecified drugs, medicaments and biological substances","X44","Medical Facility - Outpatient or ER","2",25,Not Applicable,Not Applicable,Not Applicable,Not Applicable
,"Suffolk County, NY","36103","Male","M","2023","2023","Accidental poisoning by and exposure to other and unspecified drugs, medicaments and biological substances","X44","Decedent's home","4",108,Not Applicable,Not Applicable,Not Applicable,Not Applicable
,"Suffolk County, NY","36103","Male","M","2023","2023","Accidental poisoning by and exposure to other and unspecified drugs, medicaments and biological substances","X44","Other","7",20,Not Applicable,Not Applicable,Not Applicable,Not Applicable
,"Sullivan County, NY","36105","Male","M","2023","2023","Accidental poisoning by and exposure to other and unspecified drugs, medicaments and biological substances","X44","Decedent's home","4",10,Not Applicable,Not Applicable,Not Applicable,Not Applicable
,"Tompkins County, NY","36109","Male","M","2023","2023","Accidental poisoning by and exposure to other and unspecified drugs, medicaments and biological substances","X44","Decedent's home","4",11,Not Applicable,Not Applicable,Not Applicable,Not Applicable
,"Ulster County, NY","36111","Female","F","2023","2023","Accidental poisoning by and exposure to other and unspecified drugs, medicaments and biological substances","X44","Decedent's home","4",10,Not Applicable,Not Applicable,Not Applicable,Not Applicable
,"Ulster County, NY","36111","Male","M","2023","2023","Accidental poisoning by and exposure to narcotics and psychodysleptics [hallucinogens], not elsewhere classified","X42","Decedent's home","4",16,Not Applicable,Not Applicable,Not Applicable,Not Applicable
,"Ulster County, NY","36111","Male","M","2023","2023","Accidental poisoning by and exposure to other and unspecified drugs, medicaments and biological substances","X44","Decedent's home","4",11,Not Applicable,Not Applicable,Not Applicable,Not Applicable
,"Westchester County, NY","36119","Male","M","2023","2023","Accidental poisoning by and exposure to narcotics and psychodysleptics [hallucinogens], not elsewhere classified","X42","Decedent's home","4",36,Not Applicable,Not Applicable,Not Applicable,Not Applicable
,"Westchester County, NY","36119","Male","M","2023","2023","Accidental poisoning by and exposure to narcotics and psychodysleptics [hallucinogens], not elsewhere classified","X42","Other","7",16,Not Applicable,Not Applicable,Not Applicable,Not Applicable
,"Westchester County, NY","36119","Male","M","2023","2023","Accidental poisoning by and exposure to other and unspecified drugs, medicaments and biological substances","X44","Decedent's home","4",37,Not Applicable,Not Applicable,Not Applicable,Not Applicable
,"Brunswick County, NC","37019","Male","M","2023","2023","Accidental poisoning by and exposure to narcotics and psychodysleptics [hallucinogens], not elsewhere classified","X42","Decedent's home","4",11,Not Applicable,Not Applicable,Not Applicable,Not Applicable
,"Brunswick County, NC","37019","Male","M","2023","2023","Accidental poisoning by and exposure to other and unspecified drugs, medicaments and biological substances","X44","Decedent's home","4",13,Not Applicable,Not Applicable,Not Applicable,Not Applicable
,"Buncombe County, NC","37021","Male","M","2023","2023","Accidental poisoning by and exposure to narcotics and psychodysleptics [hallucinogens], not elsewhere classified","X42","Decedent's home","4",13,Not Applicable,Not Applicable,Not Applicable,Not Applicable
,"Buncombe County, NC","37021","Male","M","2023","2023","Accidental poisoning by and exposure to narcotics and psychodysleptics [hallucinogens], not elsewhere classified","X42","Other","7",15,Not Applicable,Not Applicable,Not Applicable,Not Applicable
,"Buncombe County, NC","37021","Male","M","2023","2023","Accidental poisoning by and exposure to other and unspecified drugs, medicaments and biological substances","X44","Medical Facility - Outpatient or ER","2",10,Not Applicable,Not Applicable,Not Applicable,Not Applicable
,"Buncombe County, NC","37021","Male","M","2023","2023","Accidental poisoning by and exposure to other and unspecified drugs, medicaments and biological substances","X44","Decedent's home","4",20,Not Applicable,Not Applicable,Not Applicable,Not Applicable
,"Buncombe County, NC","37021","Male","M","2023","2023","Accidental poisoning by and exposure to other and unspecified drugs, medicaments and biological substances","X44","Other","7",16,Not Applicable,Not Applicable,Not Applicable,Not Applicable
,"Catawba County, NC","37035","Male","M","2023","2023","Accidental poisoning by and exposure to other and unspecified drugs, medicaments and biological substances","X44","Decedent's home","4",13,Not Applicable,Not Applicable,Not Applicable,Not Applicable
,"Catawba County, NC","37035","Male","M","2023","2023","Accidental poisoning by and exposure to other and unspecified drugs, medicaments and biological substances","X44","Other","7",13,Not Applicable,Not Applicable,Not Applicable,Not Applicable
,"Craven County, NC","37049","Male","M","2023","2023","Accidental poisoning by and exposure to narcotics and psychodysleptics [hallucinogens], not elsewhere classified","X42","Decedent's home","4",12,Not Applicable,Not Applicable,Not Applicable,Not Applicable
,"Cumberland County, NC","37051","Female","F","2023","2023","Accidental poisoning by and exposure to other and unspecified drugs, medicaments and biological substances","X44","Decedent's home","4",11,Not Applicable,Not Applicable,Not Applicable,Not Applicable
,"Cumberland County, NC","37051","Male","M","2023","2023","Accidental poisoning by and exposure to narcotics and psychodysleptics [hallucinogens], not elsewhere classified","X42","Medical Facility - Outpatient or ER","2",11,Not Applicable,Not Applicable,Not Applicable,Not Applicable
,"Cumberland County, NC","37051","Male","M","2023","2023","Accidental poisoning by and exposure to narcotics and psychodysleptics [hallucinogens], not elsewhere classified","X42","Decedent's home","4",25,Not Applicable,Not Applicable,Not Applicable,Not Applicable
,"Cumberland County, NC","37051","Male","M","2023","2023","Accidental poisoning by and exposure to narcotics and psychodysleptics [hallucinogens], not elsewhere classified","X42","Other","7",15,Not Applicable,Not Applicable,Not Applicable,Not Applicable
,"Cumberland County, NC","37051","Male","M","2023","2023","Accidental poisoning by and exposure to other and unspecified drugs, medicaments and biological substances","X44","Decedent's home","4",14,Not Applicable,Not Applicable,Not Applicable,Not Applicable
,"Davidson County, NC","37057","Male","M","2023","2023","Accidental poisoning by and exposure to narcotics and psychodysleptics [hallucinogens], not elsewhere classified","X42","Decedent's home","4",13,Not Applicable,Not Applicable,Not Applicable,Not Applicable
,"Davidson County, NC","37057","Male","M","2023","2023","Accidental poisoning by and exposure to other and unspecified drugs, medicaments and biological substances","X44","Decedent's home","4",11,Not Applicable,Not Applicable,Not Applicable,Not Applicable
,"Davidson County, NC","37057","Male","M","2023","2023","Accidental poisoning by and exposure to other and unspecified drugs, medicaments and biological substances","X44","Other","7",12,Not Applicable,Not Applicable,Not Applicable,Not Applicable
,"Durham County, NC","37063","Male","M","2023","2023","Accidental poisoning by and exposure to narcotics and psychodysleptics [hallucinogens], not elsewhere classified","X42","Decedent's home","4",27,Not Applicable,Not Applicable,Not Applicable,Not Applicable
,"Durham County, NC","37063","Male","M","2023","2023","Accidental poisoning by and exposure to narcotics and psychodysleptics [hallucinogens], not elsewhere classified","X42","Other","7",18,Not Applicable,Not Applicable,Not Applicable,Not Applicable
,"Forsyth County, NC","37067","Female","F","2023","2023","Accidental poisoning by and exposure to narcotics and psychodysleptics [hallucinogens], not elsewhere classified","X42","Decedent's home","4",11,Not Applicable,Not Applicable,Not Applicable,Not Applicable
,"Forsyth County, NC","37067","Male","M","2023","2023","Accidental poisoning by and exposure to narcotics and psychodysleptics [hallucinogens], not elsewhere classified","X42","Decedent's home","4",42,Not Applicable,Not Applicable,Not Applicable,Not Applicable
,"Forsyth County, NC","37067","Male","M","2023","2023","Accidental poisoning by and exposure to narcotics and psychodysleptics [hallucinogens], not elsewhere classified","X42","Other","7",23,Not Applicable,Not Applicable,Not Applicable,Not Applicable
,"Forsyth County, NC","37067","Male","M","2023","2023","Accidental poisoning by and exposure to other and unspecified drugs, medicaments and biological substances","X44","Decedent's home","4",20,Not Applicable,Not Applicable,Not Applicable,Not Applicable
,"Forsyth County, NC","37067","Male","M","2023","2023","Accidental poisoning by and exposure to other and unspecified drugs, medicaments and biological substances","X44","Other","7",12,Not Applicable,Not Applicable,Not Applicable,Not Applicable
,"Gaston County, NC","37071","Male","M","2023","2023","Accidental poisoning by and exposure to narcotics and psychodysleptics [hallucinogens], not elsewhere classified","X42","Medical Facility - Outpatient or ER","2",11,Not Applicable,Not Applicable,Not Applicable,Not Applicable
,"Gaston County, NC","37071","Male","M","2023","2023","Accidental poisoning by and exposure to other and unspecified drugs, medicaments and biological substances","X44","Medical Facility - Outpatient or ER","2",11,Not Applicable,Not Applicable,Not Applicable,Not Applicable
,"Gaston County, NC","37071","Male","M","2023","2023","Accidental poisoning by and exposure to other and unspecified drugs, medicaments and biological substances","X44","Decedent's home","4",16,Not Applicable,Not Applicable,Not Applicable,Not Applicable
,"Gaston County, NC","37071","Male","M","2023","2023","Accidental poisoning by and exposure to other and unspecified drugs, medicaments and biological substances","X44","Other","7",11,Not Applicable,Not Applicable,Not Applicable,Not Applicable
,"Guilford County, NC","37081","Female","F","2023","2023","Accidental poisoning by and exposure to narcotics and psychodysleptics [hallucinogens], not elsewhere classified","X42","Decedent's home","4",11,Not Applicable,Not Applicable,Not Applicable,Not Applicable
,"Guilford County, NC","37081","Female","F","2023","2023","Accidental poisoning by and exposure to other and unspecified drugs, medicaments and biological substances","X44","Decedent's home","4",12,Not Applicable,Not Applicable,Not Applicable,Not Applicable
,"Guilford County, NC","37081","Female","F","2023","2023","Accidental poisoning by and exposure to other and unspecified drugs, medicaments and biological substances","X44","Other","7",10,Not Applicable,Not Applicable,Not Applicable,Not Applicable
,"Guilford County, NC","37081","Male","M","2023","2023","Accidental poisoning by and exposure to narcotics and psychodysleptics [hallucinogens], not elsewhere classified","X42","Decedent's home","4",28,Not Applicable,Not Applicable,Not Applicable,Not Applicable
,"Guilford County, NC","37081","Male","M","2023","2023","Accidental poisoning by and exposure to narcotics and psychodysleptics [hallucinogens], not elsewhere classified","X42","Other","7",15,Not Applicable,Not Applicable,Not Applicable,Not Applicable
,"Guilford County, NC","37081","Male","M","2023","2023","Accidental poisoning by and exposure to other and unspecified drugs, medicaments and biological substances","X44","Decedent's home","4",31,Not Applicable,Not Applicable,Not Applicable,Not Applicable
,"Johnston County, NC","37101","Male","M","2023","2023","Accidental poisoning by and exposure to other and unspecified drugs, medicaments and biological substances","X44","Decedent's home","4",10,Not Applicable,Not Applicable,Not Applicable,Not Applicable
,"Mecklenburg County, NC","37119","Female","F","2023","2023","Accidental poisoning by and exposure to narcotics and psychodysleptics [hallucinogens], not elsewhere classified","X42","Medical Facility - Inpatient","1",10,Not Applicable,Not Applicable,Not Applicable,Not Applicable
,"Mecklenburg County, NC","37119","Female","F","2023","2023","Accidental poisoning by and exposure to narcotics and psychodysleptics [hallucinogens], not elsewhere classified","X42","Medical Facility - Outpatient or ER","2",14,Not Applicable,Not Applicable,Not Applicable,Not Applicable
,"Mecklenburg County, NC","37119","Female","F","2023","2023","Accidental poisoning by and exposure to narcotics and psychodysleptics [hallucinogens], not elsewhere classified","X42","Decedent's home","4",27,Not Applicable,Not Applicable,Not Applicable,Not Applicable
,"Mecklenburg County, NC","37119","Female","F","2023","2023","Accidental poisoning by and exposure to narcotics and psychodysleptics [hallucinogens], not elsewhere classified","X42","Other","7",16,Not Applicable,Not Applicable,Not Applicable,Not Applicable
,"Mecklenburg County, NC","37119","Female","F","2023","2023","Accidental poisoning by and exposure to other and unspecified drugs, medicaments and biological substances","X44","Decedent's home","4",13,Not Applicable,Not Applicable,Not Applicable,Not Applicable
,"Mecklenburg County, NC","37119","Male","M","2023","2023","Accidental poisoning by and exposure to narcotics and psychodysleptics [hallucinogens], not elsewhere classified","X42","Medical Facility - Inpatient","1",16,Not Applicable,Not Applicable,Not Applicable,Not Applicable
,"Mecklenburg County, NC","37119","Male","M","2023","2023","Accidental poisoning by and exposure to narcotics and psychodysleptics [hallucinogens], not elsewhere classified","X42","Medical Facility - Outpatient or ER","2",24,Not Applicable,Not Applicable,Not Applicable,Not Applicable
,"Mecklenburg County, NC","37119","Male","M","2023","2023","Accidental poisoning by and exposure to narcotics and psychodysleptics [hallucinogens], not elsewhere classified","X42","Decedent's home","4",91,Not Applicable,Not Applicable,Not Applicable,Not Applicable
,"Mecklenburg County, NC","37119","Male","M","2023","2023","Accidental poisoning by and exposure to narcotics and psychodysleptics [hallucinogens], not elsewhere classified","X42","Other","7",49,Not Applicable,Not Applicable,Not Applicable,Not Applicable
,"Mecklenburg County, NC","37119","Male","M","2023","2023","Accidental poisoning by and exposure to other and unspecified drugs, medicaments and biological substances","X44","Medical Facility - Inpatient","1",11,Not Applicable,Not Applicable,Not Applicable,Not Applicable
,"Mecklenburg County, NC","37119","Male","M","2023","2023","Accidental poisoning by and exposure to other and unspecified drugs, medicaments and biological substances","X44","Decedent's home","4",13,Not Applicable,Not Applicable,Not Applicable,Not Applicable
,"Mecklenburg County, NC","37119","Male","M","2023","2023","Accidental poisoning by and exposure to other and unspecified drugs, medicaments and biological substances","X44","Other","7",17,Not Applicable,Not Applicable,Not Applicable,Not Applicable
,"New Hanover County, NC","37129","Male","M","2023","2023","Accidental poisoning by and exposure to narcotics and psychodysleptics [hallucinogens], not elsewhere classified","X42","Decedent's home","4",17,Not Applicable,Not Applicable,Not Applicable,Not Applicable
,"New Hanover County, NC","37129","Male","M","2023","2023","Accidental poisoning by and exposure to narcotics and psychodysleptics [hallucinogens], not elsewhere classified","X42","Other","7",11,Not Applicable,Not Applicable,Not Applicable,Not Applicable
,"New Hanover County, NC","37129","Male","M","2023","2023","Accidental poisoning by and exposure to other and unspecified drugs, medicaments and biological substances","X44","Decedent's home","4",12,Not Applicable,Not Applicable,Not Applicable,Not Applicable
,"Onslow County, NC","37133","Male","M","2023","2023","Accidental poisoning by and exposure to other and unspecified drugs, medicaments and biological substances","X44","Decedent's home","4",10,Not Applicable,Not Applicable,Not Applicable,Not Applicable
,"Pitt County, NC","37147","Female","F","2023","2023","Accidental poisoning by and exposure to narcotics and psychodysleptics [hallucinogens], not elsewhere classified","X42","Decedent's home","4",10,Not Applicable,Not Applicable,Not Applicable,Not Applicable
,"Pitt County, NC","37147","Male","M","2023","2023","Accidental poisoning by and exposure to narcotics and psychodysleptics [hallucinogens], not elsewhere classified","X42","Decedent's home","4",32,Not Applicable,Not Applicable,Not Applicable,Not Applicable
,"Pitt County, NC","37147","Male","M","2023","2023","Accidental poisoning by and exposure to narcotics and psychodysleptics [hallucinogens], not elsewhere classified","X42","Other","7",10,Not Applicable,Not Applicable,Not Applicable,Not Applicable
,"Randolph County, NC","37151","Male","M","2023","2023","Accidental poisoning by and exposure to narcotics and psychodysleptics [hallucinogens], not elsewhere classified","X42","Decedent's home","4",17,Not Applicable,Not Applicable,Not Applicable,Not Applicable
,"Randolph County, NC","37151","Male","M","2023","2023","Accidental poisoning by and exposure to other and unspecified drugs, medicaments and biological substances","X44","Decedent's home","4",13,Not Applicable,Not Applicable,Not Applicable,Not Applicable
,"Robeson County, NC","37155","Male","M","2023","2023","Accidental poisoning by and exposure to narcotics and psychodysleptics [hallucinogens], not elsewhere classified","X42","Medical Facility - Dead on Arrival","3",15,Not Applicable,Not Applicable,Not Applicable,Not Applicable
,"Robeson County, NC","37155","Male","M","2023","2023","Accidental poisoning by and exposure to other and unspecified drugs, medicaments and biological substances","X44","Medical Facility - Dead on Arrival","3",11,Not Applicable,Not Applicable,Not Applicable,Not Applicable
,"Rowan County, NC","37159","Female","F","2023","2023","Accidental poisoning by and exposure to other and unspecified drugs, medicaments and biological substances","X44","Decedent's home","4",14,Not Applicable,Not Applicable,Not Applicable,Not Applicable
,"Rowan County, NC","37159","Male","M","2023","2023","Accidental poisoning by and exposure to narcotics and psychodysleptics [hallucinogens], not elsewhere classified","X42","Decedent's home","4",10,Not Applicable,Not Applicable,Not Applicable,Not Applicable
,"Rowan County, NC","37159","Male","M","2023","2023","Accidental poisoning by and exposure to other and unspecified drugs, medicaments and biological substances","X44","Decedent's home","4",11,Not Applicable,Not Applicable,Not Applicable,Not Applicable
,"Union County, NC","37179","Male","M","2023","2023","Accidental poisoning by and exposure to other and unspecified drugs, medicaments and biological substances","X44","Decedent's home","4",10,Not Applicable,Not Applicable,Not Applicable,Not Applicable
,"Union County, NC","37179","Male","M","2023","2023","Accidental poisoning by and exposure to other and unspecified drugs, medicaments and biological substances","X44","Other","7",10,Not Applicable,Not Applicable,Not Applicable,Not Applicable
,"Wake County, NC","37183","Female","F","2023","2023","Accidental poisoning by and exposure to narcotics and psychodysleptics [hallucinogens], not elsewhere classified","X42","Decedent's home","4",11,Not Applicable,Not Applicable,Not Applicable,Not Applicable
,"Wake County, NC","37183","Female","F","2023","2023","Accidental poisoning by and exposure to narcotics and psychodysleptics [hallucinogens], not elsewhere classified","X42","Other","7",11,Not Applicable,Not Applicable,Not Applicable,Not Applicable
,"Wake County, NC","37183","Male","M","2023","2023","Accidental poisoning by and exposure to narcotics and psychodysleptics [hallucinogens], not elsewhere classified","X42","Medical Facility - Inpatient","1",10,Not Applicable,Not Applicable,Not Applicable,Not Applicable
,"Wake County, NC","37183","Male","M","2023","2023","Accidental poisoning by and exposure to narcotics and psychodysleptics [hallucinogens], not elsewhere classified","X42","Decedent's home","4",33,Not Applicable,Not Applicable,Not Applicable,Not Applicable
,"Wake County, NC","37183","Male","M","2023","2023","Accidental poisoning by and exposure to narcotics and psychodysleptics [hallucinogens], not elsewhere classified","X42","Other","7",37,Not Applicable,Not Applicable,Not Applicable,Not Applicable
,"Wake County, NC","37183","Male","M","2023","2023","Accidental poisoning by and exposure to other and unspecified drugs, medicaments and biological substances","X44","Decedent's home","4",25,Not Applicable,Not Applicable,Not Applicable,Not Applicable
,"Wake County, NC","37183","Male","M","2023","2023","Accidental poisoning by and exposure to other and unspecified drugs, medicaments and biological substances","X44","Other","7",11,Not Applicable,Not Applicable,Not Applicable,Not Applicable
,"Wilson County, NC","37195","Male","M","2023","2023","Accidental poisoning by and exposure to narcotics and psychodysleptics [hallucinogens], not elsewhere classified","X42","Decedent's home","4",12,Not Applicable,Not Applicable,Not Applicable,Not Applicable
,"Ashtabula County, OH","39007","Male","M","2023","2023","Accidental poisoning by and exposure to narcotics and psychodysleptics [hallucinogens], not elsewhere classified","X42","Decedent's home","4",11,Not Applicable,Not Applicable,Not Applicable,Not Applicable
,"Butler County, OH","39017","Female","F","2023","2023","Accidental poisoning by and exposure to narcotics and psychodysleptics [hallucinogens], not elsewhere classified","X42","Decedent's home","4",10,Not Applicable,Not Applicable,Not Applicable,Not Applicable
,"Butler County, OH","39017","Male","M","2023","2023","Accidental poisoning by and exposure to antiepileptic, sedative-hypnotic, antiparkinsonism and psychotropic drugs, not elsewhere classified","X41","Decedent's home","4",10,Not Applicable,Not Applicable,Not Applicable,Not Applicable
,"Butler County, OH","39017","Male","M","2023","2023","Accidental poisoning by and exposure to narcotics and psychodysleptics [hallucinogens], not elsewhere classified","X42","Decedent's home","4",24,Not Applicable,Not Applicable,Not Applicable,Not Applicable
,"Butler County, OH","39017","Male","M","2023","2023","Accidental poisoning by and exposure to narcotics and psychodysleptics [hallucinogens], not elsewhere classified","X42","Other","7",12,Not Applicable,Not Applicable,Not Applicable,Not Applicable
,"Butler County, OH","39017","Male","M","2023","2023","Accidental poisoning by and exposure to other and unspecified drugs, medicaments and biological substances","X44","Decedent's home","4",22,Not Applicable,Not Applicable,Not Applicable,Not Applicable
,"Butler County, OH","39017","Male","M","2023","2023","Accidental poisoning by and exposure to other and unspecified drugs, medicaments and biological substances","X44","Other","7",17,Not Applicable,Not Applicable,Not Applicable,Not Applicable
,"Clark County, OH","39023","Male","M","2023","2023","Accidental poisoning by and exposure to other and unspecified drugs, medicaments and biological substances","X44","Decedent's home","4",13,Not Applicable,Not Applicable,Not Applicable,Not Applicable
,"Columbiana County, OH","39029","Male","M","2023","2023","Accidental poisoning by and exposure to other and unspecified drugs, medicaments and biological substances","X44","Decedent's home","4",15,Not Applicable,Not Applicable,Not Applicable,Not Applicable
,"Cuyahoga County, OH","39035","Female","F","2023","2023","Accidental poisoning by and exposure to narcotics and psychodysleptics [hallucinogens], not elsewhere classified","X42","Medical Facility - Inpatient","1",14,Not Applicable,Not Applicable,Not Applicable,Not Applicable
,"Cuyahoga County, OH","39035","Female","F","2023","2023","Accidental poisoning by and exposure to narcotics and psychodysleptics [hallucinogens], not elsewhere classified","X42","Medical Facility - Outpatient or ER","2",10,Not Applicable,Not Applicable,Not Applicable,Not Applicable
,"Cuyahoga County, OH","39035","Female","F","2023","2023","Accidental poisoning by and exposure to narcotics and psychodysleptics [hallucinogens], not elsewhere classified","X42","Decedent's home","4",35,Not Applicable,Not Applicable,Not Applicable,Not Applicable
,"Cuyahoga County, OH","39035","Female","F","2023","2023","Accidental poisoning by and exposure to narcotics and psychodysleptics [hallucinogens], not elsewhere classified","X42","Other","7",14,Not Applicable,Not Applicable,Not Applicable,Not Applicable
,"Cuyahoga County, OH","39035","Female","F","2023","2023","Accidental poisoning by and exposure to other and unspecified drugs, medicaments and biological substances","X44","Medical Facility - Outpatient or ER","2",15,Not Applicable,Not Applicable,Not Applicable,Not Applicable
,"Cuyahoga County, OH","39035","Female","F","2023","2023","Accidental poisoning by and exposure to other and unspecified drugs, medicaments and biological substances","X44","Decedent's home","4",49,Not Applicable,Not Applicable,Not Applicable,Not Applicable
,"Cuyahoga County, OH","39035","Female","F","2023","2023","Accidental poisoning by and exposure to other and unspecified drugs, medicaments and biological substances","X44","Other","7",22,Not Applicable,Not Applicable,Not Applicable,Not Applicable
,"Cuyahoga County, OH","39035","Male","M","2023","2023","Accidental poisoning by and exposure to narcotics and psychodysleptics [hallucinogens], not elsewhere classified","X42","Medical Facility - Inpatient","1",22,Not Applicable,Not Applicable,Not Applicable,Not Applicable
,"Cuyahoga County, OH","39035","Male","M","2023","2023","Accidental poisoning by and exposure to narcotics and psychodysleptics [hallucinogens], not elsewhere classified","X42","Medical Facility - Outpatient or ER","2",29,Not Applicable,Not Applicable,Not Applicable,Not Applicable
,"Cuyahoga County, OH","39035","Male","M","2023","2023","Accidental poisoning by and exposure to narcotics and psychodysleptics [hallucinogens], not elsewhere classified","X42","Decedent's home","4",103,Not Applicable,Not Applicable,Not Applicable,Not Applicable
,"Cuyahoga County, OH","39035","Male","M","2023","2023","Accidental poisoning by and exposure to narcotics and psychodysleptics [hallucinogens], not elsewhere classified","X42","Other","7",60,Not Applicable,Not Applicable,Not Applicable,Not Applicable
,"Cuyahoga County, OH","39035","Male","M","2023","2023","Accidental poisoning by and exposure to other and unspecified drugs, medicaments and biological substances","X44","Medical Facility - Outpatient or ER","2",30,Not Applicable,Not Applicable,Not Applicable,Not Applicable
,"Cuyahoga County, OH","39035","Male","M","2023","2023","Accidental poisoning by and exposure to other and unspecified drugs, medicaments and biological substances","X44","Decedent's home","4",80,Not Applicable,Not Applicable,Not Applicable,Not Applicable
,"Cuyahoga County, OH","39035","Male","M","2023","2023","Accidental poisoning by and exposure to other and unspecified drugs, medicaments and biological substances","X44","Other","7",43,Not Applicable,Not Applicable,Not Applicable,Not Applicable
,"Franklin County, OH","39049","Female","F","2023","2023","Accidental poisoning by and exposure to narcotics and psychodysleptics [hallucinogens], not elsewhere classified","X42","Medical Facility - Inpatient","1",17,Not Applicable,Not Applicable,Not Applicable,Not Applicable
,"Franklin County, OH","39049","Female","F","2023","2023","Accidental poisoning by and exposure to narcotics and psychodysleptics [hallucinogens], not elsewhere classified","X42","Medical Facility - Outpatient or ER","2",16,Not Applicable,Not Applicable,Not Applicable,Not Applicable
,"Franklin County, OH","39049","Female","F","2023","2023","Accidental poisoning by and exposure to narcotics and psychodysleptics [hallucinogens], not elsewhere classified","X42","Decedent's home","4",49,Not Applicable,Not Applicable,Not Applicable,Not Applicable
,"Franklin County, OH","39049","Female","F","2023","2023","Accidental poisoning by and exposure to narcotics and psychodysleptics [hallucinogens], not elsewhere classified","X42","Other","7",21,Not Applicable,Not Applicable,Not Applicable,Not Applicable
,"Franklin County, OH","39049","Female","F","2023","2023","Accidental poisoning by and exposure to other and unspecified drugs, medicaments and biological substances","X44","Medical Facility - Inpatient","1",11,Not Applicable,Not Applicable,Not Applicable,Not Applicable
,"Franklin County, OH","39049","Female","F","2023","2023","Accidental poisoning by and exposure to other and unspecified drugs, medicaments and biological substances","X44","Medical Facility - Outpatient or ER","2",12,Not Applicable,Not Applicable,Not Applicable,Not Applicable
,"Franklin County, OH","39049","Female","F","2023","2023","Accidental poisoning by and exposure to other and unspecified drugs, medicaments and biological substances","X44","Decedent's home","4",40,Not Applicable,Not Applicable,Not Applicable,Not Applicable
,"Franklin County, OH","39049","Female","F","2023","2023","Accidental poisoning by and exposure to other and unspecified drugs, medicaments and biological substances","X44","Other","7",17,Not Applicable,Not Applicable,Not Applicable,Not Applicable
,"Franklin County, OH","39049","Male","M","2023","2023","Accidental poisoning by and exposure to narcotics and psychodysleptics [hallucinogens], not elsewhere classified","X42","Medical Facility - Inpatient","1",48,Not Applicable,Not Applicable,Not Applicable,Not Applicable
,"Franklin County, OH","39049","Male","M","2023","2023","Accidental poisoning by and exposure to narcotics and psychodysleptics [hallucinogens], not elsewhere classified","X42","Medical Facility - Outpatient or ER","2",31,Not Applicable,Not Applicable,Not Applicable,Not Applicable
,"Franklin County, OH","39049","Male","M","2023","2023","Accidental poisoning by and exposure to narcotics and psychodysleptics [hallucinogens], not elsewhere classified","X42","Decedent's home","4",180,Not Applicable,Not Applicable,Not Applicable,Not Applicable
,"Franklin County, OH","39049","Male","M","2023","2023","Accidental poisoning by and exposure to narcotics and psychodysleptics [hallucinogens], not elsewhere classified","X42","Other","7",75,Not Applicable,Not Applicable,Not Applicable,Not Applicable
,"Franklin County, OH","39049","Male","M","2023","2023","Accidental poisoning by and exposure to other and unspecified drugs, medicaments and biological substances","X44","Medical Facility - Inpatient","1",17,Not Applicable,Not Applicable,Not Applicable,Not Applicable
,"Franklin County, OH","39049","Male","M","2023","2023","Accidental poisoning by and exposure to other and unspecified drugs, medicaments and biological substances","X44","Medical Facility - Outpatient or ER","2",28,Not Applicable,Not Applicable,Not Applicable,Not Applicable
,"Franklin County, OH","39049","Male","M","2023","2023","Accidental poisoning by and exposure to other and unspecified drugs, medicaments and biological substances","X44","Decedent's home","4",78,Not Applicable,Not Applicable,Not Applicable,Not Applicable
,"Franklin County, OH","39049","Male","M","2023","2023","Accidental poisoning by and exposure to other and unspecified drugs, medicaments and biological substances","X44","Other","7",42,Not Applicable,Not Applicable,Not Applicable,Not Applicable
,"Franklin County, OH","39049","Male","M","2023","2023","Intentional self-poisoning by and exposure to other and unspecified drugs, medicaments and biological substances","X64","Decedent's home","4",10,Not Applicable,Not Applicable,Not Applicable,Not Applicable
,"Hamilton County, OH","39061","Female","F","2023","2023","Accidental poisoning by and exposure to narcotics and psychodysleptics [hallucinogens], not elsewhere classified","X42","Decedent's home","4",23,Not Applicable,Not Applicable,Not Applicable,Not Applicable
,"Hamilton County, OH","39061","Female","F","2023","2023","Accidental poisoning by and exposure to narcotics and psychodysleptics [hallucinogens], not elsewhere classified","X42","Other","7",13,Not Applicable,Not Applicable,Not Applicable,Not Applicable
,"Hamilton County, OH","39061","Female","F","2023","2023","Accidental poisoning by and exposure to other and unspecified drugs, medicaments and biological substances","X44","Decedent's home","4",24,Not Applicable,Not Applicable,Not Applicable,Not Applicable
,"Hamilton County, OH","39061","Female","F","2023","2023","Accidental poisoning by and exposure to other and unspecified drugs, medicaments and biological substances","X44","Other","7",17,Not Applicable,Not Applicable,Not Applicable,Not Applicable
,"Hamilton County, OH","39061","Male","M","2023","2023","Accidental poisoning by and exposure to narcotics and psychodysleptics [hallucinogens], not elsewhere classified","X42","Decedent's home","4",55,Not Applicable,Not Applicable,Not Applicable,Not Applicable
,"Hamilton County, OH","39061","Male","M","2023","2023","Accidental poisoning by and exposure to narcotics and psychodysleptics [hallucinogens], not elsewhere classified","X42","Other","7",23,Not Applicable,Not Applicable,Not Applicable,Not Applicable
,"Hamilton County, OH","39061","Male","M","2023","2023","Accidental poisoning by and exposure to other and unspecified drugs, medicaments and biological substances","X44","Decedent's home","4",64,Not Applicable,Not Applicable,Not Applicable,Not Applicable
,"Hamilton County, OH","39061","Male","M","2023","2023","Accidental poisoning by and exposure to other and unspecified drugs, medicaments and biological substances","X44","Other","7",41,Not Applicable,Not Applicable,Not Applicable,Not Applicable
,"Lake County, OH","39085","Male","M","2023","2023","Accidental poisoning by and exposure to narcotics and psychodysleptics [hallucinogens], not elsewhere classified","X42","Decedent's home","4",10,Not Applicable,Not Applicable,Not Applicable,Not Applicable
,"Lorain County, OH","39093","Female","F","2023","2023","Accidental poisoning by and exposure to other and unspecified drugs, medicaments and biological substances","X44","Decedent's home","4",11,Not Applicable,Not Applicable,Not Applicable,Not Applicable
,"Lorain County, OH","39093","Male","M","2023","2023","Accidental poisoning by and exposure to narcotics and psychodysleptics [hallucinogens], not elsewhere classified","X42","Decedent's home","4",29,Not Applicable,Not Applicable,Not Applicable,Not Applicable
,"Lorain County, OH","39093","Male","M","2023","2023","Accidental poisoning by and exposure to other and unspecified drugs, medicaments and biological substances","X44","Decedent's home","4",22,Not Applicable,Not Applicable,Not Applicable,Not Applicable
,"Lucas County, OH","39095","Female","F","2023","2023","Accidental poisoning by and exposure to narcotics and psychodysleptics [hallucinogens], not elsewhere classified","X42","Decedent's home","4",36,Not Applicable,Not Applicable,Not Applicable,Not Applicable
,"Lucas County, OH","39095","Female","F","2023","2023","Accidental poisoning by and exposure to narcotics and psychodysleptics [hallucinogens], not elsewhere classified","X42","Other","7",11,Not Applicable,Not Applicable,Not Applicable,Not Applicable
,"Lucas County, OH","39095","Female","F","2023","2023","Accidental poisoning by and exposure to other and unspecified drugs, medicaments and biological substances","X44","Decedent's home","4",10,Not Applicable,Not Applicable,Not Applicable,Not Applicable
,"Lucas County, OH","39095","Male","M","2023","2023","Accidental poisoning by and exposure to narcotics and psychodysleptics [hallucinogens], not elsewhere classified","X42","Medical Facility - Inpatient","1",10,Not Applicable,Not Applicable,Not Applicable,Not Applicable
,"Lucas County, OH","39095","Male","M","2023","2023","Accidental poisoning by and exposure to narcotics and psychodysleptics [hallucinogens], not elsewhere classified","X42","Decedent's home","4",62,Not Applicable,Not Applicable,Not Applicable,Not Applicable
,"Lucas County, OH","39095","Male","M","2023","2023","Accidental poisoning by and exposure to narcotics and psychodysleptics [hallucinogens], not elsewhere classified","X42","Other","7",43,Not Applicable,Not Applicable,Not Applicable,Not Applicable
,"Lucas County, OH","39095","Male","M","2023","2023","Accidental poisoning by and exposure to other and unspecified drugs, medicaments and biological substances","X44","Decedent's home","4",19,Not Applicable,Not Applicable,Not Applicable,Not Applicable
,"Lucas County, OH","39095","Male","M","2023","2023","Accidental poisoning by and exposure to other and unspecified drugs, medicaments and biological substances","X44","Other","7",15,Not Applicable,Not Applicable,Not Applicable,Not Applicable
,"Mahoning County, OH","39099","Female","F","2023","2023","Accidental poisoning by and exposure to narcotics and psychodysleptics [hallucinogens], not elsewhere classified","X42","Decedent's home","4",10,Not Applicable,Not Applicable,Not Applicable,Not Applicable
,"Mahoning County, OH","39099","Female","F","2023","2023","Accidental poisoning by and exposure to other and unspecified drugs, medicaments and biological substances","X44","Decedent's home","4",11,Not Applicable,Not Applicable,Not Applicable,Not Applicable
,"Mahoning County, OH","39099","Male","M","2023","2023","Accidental poisoning by and exposure to narcotics and psychodysleptics [hallucinogens], not elsewhere classified","X42","Decedent's home","4",34,Not Applicable,Not Applicable,Not Applicable,Not Applicable
,"Mahoning County, OH","39099","Male","M","2023","2023","Accidental poisoning by and exposure to narcotics and psychodysleptics [hallucinogens], not elsewhere classified","X42","Other","7",15,Not Applicable,Not Applicable,Not Applicable,Not Applicable
,"Mahoning County, OH","39099","Male","M","2023","2023","Accidental poisoning by and exposure to other and unspecified drugs, medicaments and biological substances","X44","Decedent's home","4",24,Not Applicable,Not Applicable,Not Applicable,Not Applicable
,"Mahoning County, OH","39099","Male","M","2023","2023","Accidental poisoning by and exposure to other and unspecified drugs, medicaments and biological substances","X44","Other","7",14,Not Applicable,Not Applicable,Not Applicable,Not Applicable
,"Marion County, OH","39101","Male","M","2023","2023","Accidental poisoning by and exposure to narcotics and psychodysleptics [hallucinogens], not elsewhere classified","X42","Decedent's home","4",12,Not Applicable,Not Applicable,Not Applicable,Not Applicable
,"Montgomery County, OH","39113","Female","F","2023","2023","Accidental poisoning by and exposure to narcotics and psychodysleptics [hallucinogens], not elsewhere classified","X42","Decedent's home","4",26,Not Applicable,Not Applicable,Not Applicable,Not Applicable
,"Montgomery County, OH","39113","Female","F","2023","2023","Accidental poisoning by and exposure to other and unspecified drugs, medicaments and biological substances","X44","Decedent's home","4",24,Not Applicable,Not Applicable,Not Applicable,Not Applicable
,"Montgomery County, OH","39113","Female","F","2023","2023","Accidental poisoning by and exposure to other and unspecified drugs, medicaments and biological substances","X44","Other","7",10,Not Applicable,Not Applicable,Not Applicable,Not Applicable
,"Montgomery County, OH","39113","Male","M","2023","2023","Accidental poisoning by and exposure to narcotics and psychodysleptics [hallucinogens], not elsewhere classified","X42","Medical Facility - Outpatient or ER","2",12,Not Applicable,Not Applicable,Not Applicable,Not Applicable
,"Montgomery County, OH","39113","Male","M","2023","2023","Accidental poisoning by and exposure to narcotics and psychodysleptics [hallucinogens], not elsewhere classified","X42","Decedent's home","4",53,Not Applicable,Not Applicable,Not Applicable,Not Applicable
,"Montgomery County, OH","39113","Male","M","2023","2023","Accidental poisoning by and exposure to narcotics and psychodysleptics [hallucinogens], not elsewhere classified","X42","Other","7",18,Not Applicable,Not Applicable,Not Applicable,Not Applicable
,"Montgomery County, OH","39113","Male","M","2023","2023","Accidental poisoning by and exposure to other and unspecified drugs, medicaments and biological substances","X44","Medical Facility - Outpatient or ER","2",10,Not Applicable,Not Applicable,Not Applicable,Not Applicable
,"Montgomery County, OH","39113","Male","M","2023","2023","Accidental poisoning by and exposure to other and unspecified drugs, medicaments and biological substances","X44","Decedent's home","4",51,Not Applicable,Not Applicable,Not Applicable,Not Applicable
,"Montgomery County, OH","39113","Male","M","2023","2023","Accidental poisoning by and exposure to other and unspecified drugs, medicaments and biological substances","X44","Other","7",21,Not Applicable,Not Applicable,Not Applicable,Not Applicable
,"Ross County, OH","39141","Male","M","2023","2023","Accidental poisoning by and exposure to other and unspecified drugs, medicaments and biological substances","X44","Decedent's home","4",13,Not Applicable,Not Applicable,Not Applicable,Not Applicable
,"Scioto County, OH","39145","Female","F","2023","2023","Accidental poisoning by and exposure to other and unspecified drugs, medicaments and biological substances","X44","Decedent's home","4",10,Not Applicable,Not Applicable,Not Applicable,Not Applicable
,"Scioto County, OH","39145","Male","M","2023","2023","Accidental poisoning by and exposure to other and unspecified drugs, medicaments and biological substances","X44","Decedent's home","4",25,Not Applicable,Not Applicable,Not Applicable,Not Applicable
,"Scioto County, OH","39145","Male","M","2023","2023","Accidental poisoning by and exposure to other and unspecified drugs, medicaments and biological substances","X44","Other","7",11,Not Applicable,Not Applicable,Not Applicable,Not Applicable
,"Stark County, OH","39151","Female","F","2023","2023","Accidental poisoning by and exposure to other and unspecified drugs, medicaments and biological substances","X44","Decedent's home","4",20,Not Applicable,Not Applicable,Not Applicable,Not Applicable
,"Stark County, OH","39151","Male","M","2023","2023","Accidental poisoning by and exposure to narcotics and psychodysleptics [hallucinogens], not elsewhere classified","X42","Decedent's home","4",17,Not Applicable,Not Applicable,Not Applicable,Not Applicable
,"Stark County, OH","39151","Male","M","2023","2023","Accidental poisoning by and exposure to other and unspecified drugs, medicaments and biological substances","X44","Decedent's home","4",34,Not Applicable,Not Applicable,Not Applicable,Not Applicable
,"Stark County, OH","39151","Male","M","2023","2023","Accidental poisoning by and exposure to other and unspecified drugs, medicaments and biological substances","X44","Other","7",11,Not Applicable,Not Applicable,Not Applicable,Not Applicable
,"Summit County, OH","39153","Female","F","2023","2023","Accidental poisoning by and exposure to narcotics and psychodysleptics [hallucinogens], not elsewhere classified","X42","Decedent's home","4",17,Not Applicable,Not Applicable,Not Applicable,Not Applicable
,"Summit County, OH","39153","Female","F","2023","2023","Accidental poisoning by and exposure to other and unspecified drugs, medicaments and biological substances","X44","Decedent's home","4",22,Not Applicable,Not Applicable,Not Applicable,Not Applicable
,"Summit County, OH","39153","Female","F","2023","2023","Accidental poisoning by and exposure to other and unspecified drugs, medicaments and biological substances","X44","Other","7",11,Not Applicable,Not Applicable,Not Applicable,Not Applicable
,"Summit County, OH","39153","Male","M","2023","2023","Accidental poisoning by and exposure to narcotics and psychodysleptics [hallucinogens], not elsewhere classified","X42","Decedent's home","4",53,Not Applicable,Not Applicable,Not Applicable,Not Applicable
,"Summit County, OH","39153","Male","M","2023","2023","Accidental poisoning by and exposure to narcotics and psychodysleptics [hallucinogens], not elsewhere classified","X42","Other","7",19,Not Applicable,Not Applicable,Not Applicable,Not Applicable
,"Summit County, OH","39153","Male","M","2023","2023","Accidental poisoning by and exposure to other and unspecified drugs, medicaments and biological substances","X44","Decedent's home","4",20,Not Applicable,Not Applicable,Not Applicable,Not Applicable
,"Summit County, OH","39153","Male","M","2023","2023","Accidental poisoning by and exposure to other and unspecified drugs, medicaments and biological substances","X44","Other","7",21,Not Applicable,Not Applicable,Not Applicable,Not Applicable
,"Trumbull County, OH","39155","Female","F","2023","2023","Accidental poisoning by and exposure to narcotics and psychodysleptics [hallucinogens], not elsewhere classified","X42","Decedent's home","4",15,Not Applicable,Not Applicable,Not Applicable,Not Applicable
,"Trumbull County, OH","39155","Male","M","2023","2023","Accidental poisoning by and exposure to narcotics and psychodysleptics [hallucinogens], not elsewhere classified","X42","Medical Facility - Outpatient or ER","2",10,Not Applicable,Not Applicable,Not Applicable,Not Applicable
,"Trumbull County, OH","39155","Male","M","2023","2023","Accidental poisoning by and exposure to narcotics and psychodysleptics [hallucinogens], not elsewhere classified","X42","Decedent's home","4",27,Not Applicable,Not Applicable,Not Applicable,Not Applicable
,"Trumbull County, OH","39155","Male","M","2023","2023","Accidental poisoning by and exposure to other and unspecified drugs, medicaments and biological substances","X44","Decedent's home","4",15,Not Applicable,Not Applicable,Not Applicable,Not Applicable
,"Trumbull County, OH","39155","Male","M","2023","2023","Accidental poisoning by and exposure to other and unspecified drugs, medicaments and biological substances","X44","Other","7",11,Not Applicable,Not Applicable,Not Applicable,Not Applicable
,"Oklahoma County, OK","40109","Female","F","2023","2023","Accidental poisoning by and exposure to narcotics and psychodysleptics [hallucinogens], not elsewhere classified","X42","Decedent's home","4",16,Not Applicable,Not Applicable,Not Applicable,Not Applicable
,"Oklahoma County, OK","40109","Female","F","2023","2023","Accidental poisoning by and exposure to other and unspecified drugs, medicaments and biological substances","X44","Decedent's home","4",10,Not Applicable,Not Applicable,Not Applicable,Not Applicable
,"Oklahoma County, OK","40109","Female","F","2023","2023","Accidental poisoning by and exposure to other and unspecified drugs, medicaments and biological substances","X44","Other","7",11,Not Applicable,Not Applicable,Not Applicable,Not Applicable
,"Oklahoma County, OK","40109","Male","M","2023","2023","Accidental poisoning by and exposure to antiepileptic, sedative-hypnotic, antiparkinsonism and psychotropic drugs, not elsewhere classified","X41","Decedent's home","4",15,Not Applicable,Not Applicable,Not Applicable,Not Applicable
,"Oklahoma County, OK","40109","Male","M","2023","2023","Accidental poisoning by and exposure to narcotics and psychodysleptics [hallucinogens], not elsewhere classified","X42","Medical Facility - Outpatient or ER","2",12,Not Applicable,Not Applicable,Not Applicable,Not Applicable
,"Oklahoma County, OK","40109","Male","M","2023","2023","Accidental poisoning by and exposure to narcotics and psychodysleptics [hallucinogens], not elsewhere classified","X42","Decedent's home","4",51,Not Applicable,Not Applicable,Not Applicable,Not Applicable
,"Oklahoma County, OK","40109","Male","M","2023","2023","Accidental poisoning by and exposure to narcotics and psychodysleptics [hallucinogens], not elsewhere classified","X42","Other","7",26,Not Applicable,Not Applicable,Not Applicable,Not Applicable
,"Oklahoma County, OK","40109","Male","M","2023","2023","Accidental poisoning by and exposure to other and unspecified drugs, medicaments and biological substances","X44","Medical Facility - Outpatient or ER","2",15,Not Applicable,Not Applicable,Not Applicable,Not Applicable
,"Oklahoma County, OK","40109","Male","M","2023","2023","Accidental poisoning by and exposure to other and unspecified drugs, medicaments and biological substances","X44","Decedent's home","4",29,Not Applicable,Not Applicable,Not Applicable,Not Applicable
,"Oklahoma County, OK","40109","Male","M","2023","2023","Accidental poisoning by and exposure to other and unspecified drugs, medicaments and biological substances","X44","Other","7",43,Not Applicable,Not Applicable,Not Applicable,Not Applicable
,"Tulsa County, OK","40143","Female","F","2023","2023","Accidental poisoning by and exposure to other and unspecified drugs, medicaments and biological substances","X44","Decedent's home","4",23,Not Applicable,Not Applicable,Not Applicable,Not Applicable
,"Tulsa County, OK","40143","Male","M","2023","2023","Accidental poisoning by and exposure to antiepileptic, sedative-hypnotic, antiparkinsonism and psychotropic drugs, not elsewhere classified","X41","Medical Facility - Outpatient or ER","2",13,Not Applicable,Not Applicable,Not Applicable,Not Applicable
,"Tulsa County, OK","40143","Male","M","2023","2023","Accidental poisoning by and exposure to antiepileptic, sedative-hypnotic, antiparkinsonism and psychotropic drugs, not elsewhere classified","X41","Decedent's home","4",10,Not Applicable,Not Applicable,Not Applicable,Not Applicable
,"Tulsa County, OK","40143","Male","M","2023","2023","Accidental poisoning by and exposure to antiepileptic, sedative-hypnotic, antiparkinsonism and psychotropic drugs, not elsewhere classified","X41","Other","7",11,Not Applicable,Not Applicable,Not Applicable,Not Applicable
,"Tulsa County, OK","40143","Male","M","2023","2023","Accidental poisoning by and exposure to narcotics and psychodysleptics [hallucinogens], not elsewhere classified","X42","Medical Facility - Outpatient or ER","2",13,Not Applicable,Not Applicable,Not Applicable,Not Applicable
,"Tulsa County, OK","40143","Male","M","2023","2023","Accidental poisoning by and exposure to narcotics and psychodysleptics [hallucinogens], not elsewhere classified","X42","Decedent's home","4",38,Not Applicable,Not Applicable,Not Applicable,Not Applicable
,"Tulsa County, OK","40143","Male","M","2023","2023","Accidental poisoning by and exposure to narcotics and psychodysleptics [hallucinogens], not elsewhere classified","X42","Other","7",14,Not Applicable,Not Applicable,Not Applicable,Not Applicable
,"Tulsa County, OK","40143","Male","M","2023","2023","Accidental poisoning by and exposure to other and unspecified drugs, medicaments and biological substances","X44","Medical Facility - Outpatient or ER","2",14,Not Applicable,Not Applicable,Not Applicable,Not Applicable
,"Tulsa County, OK","40143","Male","M","2023","2023","Accidental poisoning by and exposure to other and unspecified drugs, medicaments and biological substances","X44","Decedent's home","4",32,Not Applicable,Not Applicable,Not Applicable,Not Applicable
,"Tulsa County, OK","40143","Male","M","2023","2023","Accidental poisoning by and exposure to other and unspecified drugs, medicaments and biological substances","X44","Other","7",26,Not Applicable,Not Applicable,Not Applicable,Not Applicable
,"Clackamas County, OR","41005","Female","F","2023","2023","Accidental poisoning by and exposure to other and unspecified drugs, medicaments and biological substances","X44","Decedent's home","4",10,Not Applicable,Not Applicable,Not Applicable,Not Applicable
,"Clackamas County, OR","41005","Male","M","2023","2023","Accidental poisoning by and exposure to narcotics and psychodysleptics [hallucinogens], not elsewhere classified","X42","Decedent's home","4",15,Not Applicable,Not Applicable,Not Applicable,Not Applicable
,"Clackamas County, OR","41005","Male","M","2023","2023","Accidental poisoning by and exposure to other and unspecified drugs, medicaments and biological substances","X44","Decedent's home","4",19,Not Applicable,Not Applicable,Not Applicable,Not Applicable
,"Clackamas County, OR","41005","Male","M","2023","2023","Accidental poisoning by and exposure to other and unspecified drugs, medicaments and biological substances","X44","Other","7",15,Not Applicable,Not Applicable,Not Applicable,Not Applicable
,"Douglas County, OR","41019","Male","M","2023","2023","Accidental poisoning by and exposure to other and unspecified drugs, medicaments and biological substances","X44","Decedent's home","4",10,Not Applicable,Not Applicable,Not Applicable,Not Applicable
,"Jackson County, OR","41029","Male","M","2023","2023","Accidental poisoning by and exposure to narcotics and psychodysleptics [hallucinogens], not elsewhere classified","X42","Decedent's home","4",10,Not Applicable,Not Applicable,Not Applicable,Not Applicable
,"Jackson County, OR","41029","Male","M","2023","2023","Accidental poisoning by and exposure to narcotics and psychodysleptics [hallucinogens], not elsewhere classified","X42","Other","7",11,Not Applicable,Not Applicable,Not Applicable,Not Applicable
,"Jackson County, OR","41029","Male","M","2023","2023","Accidental poisoning by and exposure to other and unspecified drugs, medicaments and biological substances","X44","Decedent's home","4",20,Not Applicable,Not Applicable,Not Applicable,Not Applicable
,"Jackson County, OR","41029","Male","M","2023","2023","Accidental poisoning by and exposure to other and unspecified drugs, medicaments and biological substances","X44","Other","7",31,Not Applicable,Not Applicable,Not Applicable,Not Applicable
,"Josephine County, OR","41033","Male","M","2023","2023","Accidental poisoning by and exposure to other and unspecified drugs, medicaments and biological substances","X44","Other","7",11,Not Applicable,Not Applicable,Not Applicable,Not Applicable
,"Lane County, OR","41039","Female","F","2023","2023","Accidental poisoning by and exposure to other and unspecified drugs, medicaments and biological substances","X44","Decedent's home","4",12,Not Applicable,Not Applicable,Not Applicable,Not Applicable
,"Lane County, OR","41039","Male","M","2023","2023","Accidental poisoning by and exposure to antiepileptic, sedative-hypnotic, antiparkinsonism and psychotropic drugs, not elsewhere classified","X41","Decedent's home","4",15,Not Applicable,Not Applicable,Not Applicable,Not Applicable
,"Lane County, OR","41039","Male","M","2023","2023","Accidental poisoning by and exposure to antiepileptic, sedative-hypnotic, antiparkinsonism and psychotropic drugs, not elsewhere classified","X41","Other","7",11,Not Applicable,Not Applicable,Not Applicable,Not Applicable
,"Lane County, OR","41039","Male","M","2023","2023","Accidental poisoning by and exposure to narcotics and psychodysleptics [hallucinogens], not elsewhere classified","X42","Decedent's home","4",26,Not Applicable,Not Applicable,Not Applicable,Not Applicable
,"Lane County, OR","41039","Male","M","2023","2023","Accidental poisoning by and exposure to other and unspecified drugs, medicaments and biological substances","X44","Decedent's home","4",32,Not Applicable,Not Applicable,Not Applicable,Not Applicable
,"Lane County, OR","41039","Male","M","2023","2023","Accidental poisoning by and exposure to other and unspecified drugs, medicaments and biological substances","X44","Other","7",44,Not Applicable,Not Applicable,Not Applicable,Not Applicable
,"Linn County, OR","41043","Male","M","2023","2023","Accidental poisoning by and exposure to other and unspecified drugs, medicaments and biological substances","X44","Other","7",12,Not Applicable,Not Applicable,Not Applicable,Not Applicable
,"Marion County, OR","41047","Female","F","2023","2023","Accidental poisoning by and exposure to other and unspecified drugs, medicaments and biological substances","X44","Decedent's home","4",10,Not Applicable,Not Applicable,Not Applicable,Not Applicable
,"Marion County, OR","41047","Male","M","2023","2023","Accidental poisoning by and exposure to other and unspecified drugs, medicaments and biological substances","X44","Decedent's home","4",16,Not Applicable,Not Applicable,Not Applicable,Not Applicable
,"Marion County, OR","41047","Male","M","2023","2023","Accidental poisoning by and exposure to other and unspecified drugs, medicaments and biological substances","X44","Other","7",28,Not Applicable,Not Applicable,Not Applicable,Not Applicable
,"Multnomah County, OR","41051","Female","F","2023","2023","Accidental poisoning by and exposure to narcotics and psychodysleptics [hallucinogens], not elsewhere classified","X42","Decedent's home","4",17,Not Applicable,Not Applicable,Not Applicable,Not Applicable
,"Multnomah County, OR","41051","Female","F","2023","2023","Accidental poisoning by and exposure to other and unspecified drugs, medicaments and biological substances","X44","Decedent's home","4",33,Not Applicable,Not Applicable,Not Applicable,Not Applicable
,"Multnomah County, OR","41051","Female","F","2023","2023","Accidental poisoning by and exposure to other and unspecified drugs, medicaments and biological substances","X44","Other","7",45,Not Applicable,Not Applicable,Not Applicable,Not Applicable
,"Multnomah County, OR","41051","Male","M","2023","2023","Accidental poisoning by and exposure to antiepileptic, sedative-hypnotic, antiparkinsonism and psychotropic drugs, not elsewhere classified","X41","Decedent's home","4",27,Not Applicable,Not Applicable,Not Applicable,Not Applicable
,"Multnomah County, OR","41051","Male","M","2023","2023","Accidental poisoning by and exposure to antiepileptic, sedative-hypnotic, antiparkinsonism and psychotropic drugs, not elsewhere classified","X41","Other","7",23,Not Applicable,Not Applicable,Not Applicable,Not Applicable
,"Multnomah County, OR","41051","Male","M","2023","2023","Accidental poisoning by and exposure to narcotics and psychodysleptics [hallucinogens], not elsewhere classified","X42","Medical Facility - Inpatient","1",16,Not Applicable,Not Applicable,Not Applicable,Not Applicable
,"Multnomah County, OR","41051","Male","M","2023","2023","Accidental poisoning by and exposure to narcotics and psychodysleptics [hallucinogens], not elsewhere classified","X42","Decedent's home","4",68,Not Applicable,Not Applicable,Not Applicable,Not Applicable
,"Multnomah County, OR","41051","Male","M","2023","2023","Accidental poisoning by and exposure to narcotics and psychodysleptics [hallucinogens], not elsewhere classified","X42","Other","7",43,Not Applicable,Not Applicable,Not Applicable,Not Applicable
,"Multnomah County, OR","41051","Male","M","2023","2023","Accidental poisoning by and exposure to other and unspecified drugs, medicaments and biological substances","X44","Medical Facility - Inpatient","1",18,Not Applicable,Not Applicable,Not Applicable,Not Applicable
,"Multnomah County, OR","41051","Male","M","2023","2023","Accidental poisoning by and exposure to other and unspecified drugs, medicaments and biological substances","X44","Decedent's home","4",103,Not Applicable,Not Applicable,Not Applicable,Not Applicable
,"Multnomah County, OR","41051","Male","M","2023","2023","Accidental poisoning by and exposure to other and unspecified drugs, medicaments and biological substances","X44","Other","7",152,Not Applicable,Not Applicable,Not Applicable,Not Applicable
,"Washington County, OR","41067","Male","M","2023","2023","Accidental poisoning by and exposure to narcotics and psychodysleptics [hallucinogens], not elsewhere classified","X42","Decedent's home","4",14,Not Applicable,Not Applicable,Not Applicable,Not Applicable
,"Washington County, OR","41067","Male","M","2023","2023","Accidental poisoning by and exposure to narcotics and psychodysleptics [hallucinogens], not elsewhere classified","X42","Other","7",10,Not Applicable,Not Applicable,Not Applicable,Not Applicable
,"Washington County, OR","41067","Male","M","2023","2023","Accidental poisoning by and exposure to other and unspecified drugs, medicaments and biological substances","X44","Decedent's home","4",17,Not Applicable,Not Applicable,Not Applicable,Not Applicable
,"Washington County, OR","41067","Male","M","2023","2023","Accidental poisoning by and exposure to other and unspecified drugs, medicaments and biological substances","X44","Other","7",14,Not Applicable,Not Applicable,Not Applicable,Not Applicable
,"Allegheny County, PA","42003","Female","F","2023","2023","Accidental poisoning by and exposure to narcotics and psychodysleptics [hallucinogens], not elsewhere classified","X42","Medical Facility - Inpatient","1",11,Not Applicable,Not Applicable,Not Applicable,Not Applicable
,"Allegheny County, PA","42003","Female","F","2023","2023","Accidental poisoning by and exposure to narcotics and psychodysleptics [hallucinogens], not elsewhere classified","X42","Decedent's home","4",53,Not Applicable,Not Applicable,Not Applicable,Not Applicable
,"Allegheny County, PA","42003","Female","F","2023","2023","Accidental poisoning by and exposure to narcotics and psychodysleptics [hallucinogens], not elsewhere classified","X42","Other","7",15,Not Applicable,Not Applicable,Not Applicable,Not Applicable
,"Allegheny County, PA","42003","Female","F","2023","2023","Accidental poisoning by and exposure to other and unspecified drugs, medicaments and biological substances","X44","Decedent's home","4",48,Not Applicable,Not Applicable,Not Applicable,Not Applicable
,"Allegheny County, PA","42003","Female","F","2023","2023","Accidental poisoning by and exposure to other and unspecified drugs, medicaments and biological substances","X44","Other","7",23,Not Applicable,Not Applicable,Not Applicable,Not Applicable
,"Allegheny County, PA","42003","Female","F","2023","2023","Intentional self-poisoning by and exposure to other and unspecified drugs, medicaments and biological substances","X64","Decedent's home","4",12,Not Applicable,Not Applicable,Not Applicable,Not Applicable
,"Allegheny County, PA","42003","Male","M","2023","2023","Accidental poisoning by and exposure to narcotics and psychodysleptics [hallucinogens], not elsewhere classified","X42","Medical Facility - Inpatient","1",22,Not Applicable,Not Applicable,Not Applicable,Not Applicable
,"Allegheny County, PA","42003","Male","M","2023","2023","Accidental poisoning by and exposure to narcotics and psychodysleptics [hallucinogens], not elsewhere classified","X42","Medical Facility - Outpatient or ER","2",14,Not Applicable,Not Applicable,Not Applicable,Not Applicable
,"Allegheny County, PA","42003","Male","M","2023","2023","Accidental poisoning by and exposure to narcotics and psychodysleptics [hallucinogens], not elsewhere classified","X42","Decedent's home","4",136,Not Applicable,Not Applicable,Not Applicable,Not Applicable
,"Allegheny County, PA","42003","Male","M","2023","2023","Accidental poisoning by and exposure to narcotics and psychodysleptics [hallucinogens], not elsewhere classified","X42","Other","7",44,Not Applicable,Not Applicable,Not Applicable,Not Applicable
,"Allegheny County, PA","42003","Male","M","2023","2023","Accidental poisoning by and exposure to other and unspecified drugs, medicaments and biological substances","X44","Medical Facility - Inpatient","1",10,Not Applicable,Not Applicable,Not Applicable,Not Applicable
,"Allegheny County, PA","42003","Male","M","2023","2023","Accidental poisoning by and exposure to other and unspecified drugs, medicaments and biological substances","X44","Decedent's home","4",120,Not Applicable,Not Applicable,Not Applicable,Not Applicable
,"Allegheny County, PA","42003","Male","M","2023","2023","Accidental poisoning by and exposure to other and unspecified drugs, medicaments and biological substances","X44","Other","7",58,Not Applicable,Not Applicable,Not Applicable,Not Applicable
,"Beaver County, PA","42007","Male","M","2023","2023","Accidental poisoning by and exposure to narcotics and psychodysleptics [hallucinogens], not elsewhere classified","X42","Decedent's home","4",19,Not Applicable,Not Applicable,Not Applicable,Not Applicable
,"Beaver County, PA","42007","Male","M","2023","2023","Accidental poisoning by and exposure to other and unspecified drugs, medicaments and biological substances","X44","Decedent's home","4",11,Not Applicable,Not Applicable,Not Applicable,Not Applicable
,"Berks County, PA","42011","Male","M","2023","2023","Accidental poisoning by and exposure to narcotics and psychodysleptics [hallucinogens], not elsewhere classified","X42","Decedent's home","4",15,Not Applicable,Not Applicable,Not Applicable,Not Applicable
,"Berks County, PA","42011","Male","M","2023","2023","Accidental poisoning by and exposure to narcotics and psychodysleptics [hallucinogens], not elsewhere classified","X42","Other","7",10,Not Applicable,Not Applicable,Not Applicable,Not Applicable
,"Berks County, PA","42011","Male","M","2023","2023","Accidental poisoning by and exposure to other and unspecified drugs, medicaments and biological substances","X44","Decedent's home","4",22,Not Applicable,Not Applicable,Not Applicable,Not Applicable
,"Berks County, PA","42011","Male","M","2023","2023","Accidental poisoning by and exposure to other and unspecified drugs, medicaments and biological substances","X44","Other","7",16,Not Applicable,Not Applicable,Not Applicable,Not Applicable
,"Blair County, PA","42013","Male","M","2023","2023","Accidental poisoning by and exposure to other and unspecified drugs, medicaments and biological substances","X44","Decedent's home","4",11,Not Applicable,Not Applicable,Not Applicable,Not Applicable
,"Bucks County, PA","42017","Female","F","2023","2023","Accidental poisoning by and exposure to other and unspecified drugs, medicaments and biological substances","X44","Decedent's home","4",14,Not Applicable,Not Applicable,Not Applicable,Not Applicable
,"Bucks County, PA","42017","Male","M","2023","2023","Accidental poisoning by and exposure to narcotics and psychodysleptics [hallucinogens], not elsewhere classified","X42","Decedent's home","4",16,Not Applicable,Not Applicable,Not Applicable,Not Applicable
,"Bucks County, PA","42017","Male","M","2023","2023","Accidental poisoning by and exposure to narcotics and psychodysleptics [hallucinogens], not elsewhere classified","X42","Other","7",11,Not Applicable,Not Applicable,Not Applicable,Not Applicable
,"Bucks County, PA","42017","Male","M","2023","2023","Accidental poisoning by and exposure to other and unspecified drugs, medicaments and biological substances","X44","Decedent's home","4",29,Not Applicable,Not Applicable,Not Applicable,Not Applicable
,"Bucks County, PA","42017","Male","M","2023","2023","Accidental poisoning by and exposure to other and unspecified drugs, medicaments and biological substances","X44","Other","7",12,Not Applicable,Not Applicable,Not Applicable,Not Applicable
,"Butler County, PA","42019","Female","F","2023","2023","Accidental poisoning by and exposure to other and unspecified drugs, medicaments and biological substances","X44","Decedent's home","4",11,Not Applicable,Not Applicable,Not Applicable,Not Applicable
,"Butler County, PA","42019","Male","M","2023","2023","Accidental poisoning by and exposure to other and unspecified drugs, medicaments and biological substances","X44","Decedent's home","4",14,Not Applicable,Not Applicable,Not Applicable,Not Applicable
,"Cambria County, PA","42021","Female","F","2023","2023","Accidental poisoning by and exposure to other and unspecified drugs, medicaments and biological substances","X44","Decedent's home","4",11,Not Applicable,Not Applicable,Not Applicable,Not Applicable
,"Cambria County, PA","42021","Male","M","2023","2023","Accidental poisoning by and exposure to other and unspecified drugs, medicaments and biological substances","X44","Decedent's home","4",17,Not Applicable,Not Applicable,Not Applicable,Not Applicable
,"Chester County, PA","42029","Male","M","2023","2023","Accidental poisoning by and exposure to other and unspecified drugs, medicaments and biological substances","X44","Decedent's home","4",20,Not Applicable,Not Applicable,Not Applicable,Not Applicable
,"Chester County, PA","42029","Male","M","2023","2023","Accidental poisoning by and exposure to other and unspecified drugs, medicaments and biological substances","X44","Other","7",11,Not Applicable,Not Applicable,Not Applicable,Not Applicable
,"Cumberland County, PA","42041","Male","M","2023","2023","Accidental poisoning by and exposure to narcotics and psychodysleptics [hallucinogens], not elsewhere classified","X42","Decedent's home","4",12,Not Applicable,Not Applicable,Not Applicable,Not Applicable
,"Dauphin County, PA","42043","Female","F","2023","2023","Accidental poisoning by and exposure to other and unspecified drugs, medicaments and biological substances","X44","Decedent's home","4",15,Not Applicable,Not Applicable,Not Applicable,Not Applicable
,"Dauphin County, PA","42043","Male","M","2023","2023","Accidental poisoning by and exposure to narcotics and psychodysleptics [hallucinogens], not elsewhere classified","X42","Decedent's home","4",14,Not Applicable,Not Applicable,Not Applicable,Not Applicable
,"Dauphin County, PA","42043","Male","M","2023","2023","Accidental poisoning by and exposure to other and unspecified drugs, medicaments and biological substances","X44","Decedent's home","4",26,Not Applicable,Not Applicable,Not Applicable,Not Applicable
,"Delaware County, PA","42045","Male","M","2023","2023","Accidental poisoning by and exposure to narcotics and psychodysleptics [hallucinogens], not elsewhere classified","X42","Medical Facility - Inpatient","1",14,Not Applicable,Not Applicable,Not Applicable,Not Applicable
,"Delaware County, PA","42045","Male","M","2023","2023","Accidental poisoning by and exposure to narcotics and psychodysleptics [hallucinogens], not elsewhere classified","X42","Decedent's home","4",33,Not Applicable,Not Applicable,Not Applicable,Not Applicable
,"Delaware County, PA","42045","Male","M","2023","2023","Accidental poisoning by and exposure to narcotics and psychodysleptics [hallucinogens], not elsewhere classified","X42","Other","7",13,Not Applicable,Not Applicable,Not Applicable,Not Applicable
,"Delaware County, PA","42045","Male","M","2023","2023","Accidental poisoning by and exposure to other and unspecified drugs, medicaments and biological substances","X44","Decedent's home","4",46,Not Applicable,Not Applicable,Not Applicable,Not Applicable
,"Delaware County, PA","42045","Male","M","2023","2023","Accidental poisoning by and exposure to other and unspecified drugs, medicaments and biological substances","X44","Other","7",21,Not Applicable,Not Applicable,Not Applicable,Not Applicable
,"Erie County, PA","42049","Male","M","2023","2023","Accidental poisoning by and exposure to narcotics and psychodysleptics [hallucinogens], not elsewhere classified","X42","Decedent's home","4",26,Not Applicable,Not Applicable,Not Applicable,Not Applicable
,"Erie County, PA","42049","Male","M","2023","2023","Accidental poisoning by and exposure to narcotics and psychodysleptics [hallucinogens], not elsewhere classified","X42","Other","7",13,Not Applicable,Not Applicable,Not Applicable,Not Applicable
,"Erie County, PA","42049","Male","M","2023","2023","Accidental poisoning by and exposure to other and unspecified drugs, medicaments and biological substances","X44","Decedent's home","4",10,Not Applicable,Not Applicable,Not Applicable,Not Applicable
,"Erie County, PA","42049","Male","M","2023","2023","Accidental poisoning by and exposure to other and unspecified drugs, medicaments and biological substances","X44","Other","7",11,Not Applicable,Not Applicable,Not Applicable,Not Applicable
,"Fayette County, PA","42051","Female","F","2023","2023","Accidental poisoning by and exposure to other and unspecified drugs, medicaments and biological substances","X44","Decedent's home","4",11,Not Applicable,Not Applicable,Not Applicable,Not Applicable
,"Fayette County, PA","42051","Male","M","2023","2023","Accidental poisoning by and exposure to other and unspecified drugs, medicaments and biological substances","X44","Medical Facility - Outpatient or ER","2",10,Not Applicable,Not Applicable,Not Applicable,Not Applicable
,"Fayette County, PA","42051","Male","M","2023","2023","Accidental poisoning by and exposure to other and unspecified drugs, medicaments and biological substances","X44","Decedent's home","4",23,Not Applicable,Not Applicable,Not Applicable,Not Applicable
,"Lackawanna County, PA","42069","Male","M","2023","2023","Accidental poisoning by and exposure to narcotics and psychodysleptics [hallucinogens], not elsewhere classified","X42","Decedent's home","4",17,Not Applicable,Not Applicable,Not Applicable,Not Applicable
,"Lackawanna County, PA","42069","Male","M","2023","2023","Accidental poisoning by and exposure to narcotics and psychodysleptics [hallucinogens], not elsewhere classified","X42","Other","7",10,Not Applicable,Not Applicable,Not Applicable,Not Applicable
,"Lackawanna County, PA","42069","Male","M","2023","2023","Accidental poisoning by and exposure to other and unspecified drugs, medicaments and biological substances","X44","Other","7",10,Not Applicable,Not Applicable,Not Applicable,Not Applicable
,"Lancaster County, PA","42071","Female","F","2023","2023","Accidental poisoning by and exposure to narcotics and psychodysleptics [hallucinogens], not elsewhere classified","X42","Decedent's home","4",10,Not Applicable,Not Applicable,Not Applicable,Not Applicable
,"Lancaster County, PA","42071","Male","M","2023","2023","Accidental poisoning by and exposure to narcotics and psychodysleptics [hallucinogens], not elsewhere classified","X42","Decedent's home","4",22,Not Applicable,Not Applicable,Not Applicable,Not Applicable
,"Lawrence County, PA","42073","Male","M","2023","2023","Accidental poisoning by and exposure to narcotics and psychodysleptics [hallucinogens], not elsewhere classified","X42","Decedent's home","4",14,Not Applicable,Not Applicable,Not Applicable,Not Applicable
,"Lawrence County, PA","42073","Male","M","2023","2023","Accidental poisoning by and exposure to other and unspecified drugs, medicaments and biological substances","X44","Decedent's home","4",10,Not Applicable,Not Applicable,Not Applicable,Not Applicable
,"Lehigh County, PA","42077","Female","F","2023","2023","Accidental poisoning by and exposure to other and unspecified drugs, medicaments and biological substances","X44","Decedent's home","4",17,Not Applicable,Not Applicable,Not Applicable,Not Applicable
,"Lehigh County, PA","42077","Male","M","2023","2023","Accidental poisoning by and exposure to narcotics and psychodysleptics [hallucinogens], not elsewhere classified","X42","Decedent's home","4",19,Not Applicable,Not Applicable,Not Applicable,Not Applicable
,"Lehigh County, PA","42077","Male","M","2023","2023","Accidental poisoning by and exposure to other and unspecified drugs, medicaments and biological substances","X44","Decedent's home","4",21,Not Applicable,Not Applicable,Not Applicable,Not Applicable
,"Lehigh County, PA","42077","Male","M","2023","2023","Accidental poisoning by and exposure to other and unspecified drugs, medicaments and biological substances","X44","Other","7",12,Not Applicable,Not Applicable,Not Applicable,Not Applicable
,"Luzerne County, PA","42079","Female","F","2023","2023","Accidental poisoning by and exposure to other and unspecified drugs, medicaments and biological substances","X44","Decedent's home","4",15,Not Applicable,Not Applicable,Not Applicable,Not Applicable
,"Luzerne County, PA","42079","Male","M","2023","2023","Accidental poisoning by and exposure to narcotics and psychodysleptics [hallucinogens], not elsewhere classified","X42","Decedent's home","4",12,Not Applicable,Not Applicable,Not Applicable,Not Applicable
,"Luzerne County, PA","42079","Male","M","2023","2023","Accidental poisoning by and exposure to other and unspecified drugs, medicaments and biological substances","X44","Medical Facility - Outpatient or ER","2",14,Not Applicable,Not Applicable,Not Applicable,Not Applicable
,"Luzerne County, PA","42079","Male","M","2023","2023","Accidental poisoning by and exposure to other and unspecified drugs, medicaments and biological substances","X44","Decedent's home","4",39,Not Applicable,Not Applicable,Not Applicable,Not Applicable
,"Luzerne County, PA","42079","Male","M","2023","2023","Accidental poisoning by and exposure to other and unspecified drugs, medicaments and biological substances","X44","Other","7",20,Not Applicable,Not Applicable,Not Applicable,Not Applicable
,"Monroe County, PA","42089","Male","M","2023","2023","Accidental poisoning by and exposure to other and unspecified drugs, medicaments and biological substances","X44","Decedent's home","4",17,Not Applicable,Not Applicable,Not Applicable,Not Applicable
,"Montgomery County, PA","42091","Female","F","2023","2023","Accidental poisoning by and exposure to other and unspecified drugs, medicaments and biological substances","X44","Decedent's home","4",12,Not Applicable,Not Applicable,Not Applicable,Not Applicable
,"Montgomery County, PA","42091","Male","M","2023","2023","Accidental poisoning by and exposure to narcotics and psychodysleptics [hallucinogens], not elsewhere classified","X42","Other","7",14,Not Applicable,Not Applicable,Not Applicable,Not Applicable
,"Montgomery County, PA","42091","Male","M","2023","2023","Accidental poisoning by and exposure to other and unspecified drugs, medicaments and biological substances","X44","Decedent's home","4",38,Not Applicable,Not Applicable,Not Applicable,Not Applicable
,"Montgomery County, PA","42091","Male","M","2023","2023","Accidental poisoning by and exposure to other and unspecified drugs, medicaments and biological substances","X44","Other","7",23,Not Applicable,Not Applicable,Not Applicable,Not Applicable
,"Northampton County, PA","42095","Male","M","2023","2023","Accidental poisoning by and exposure to other and unspecified drugs, medicaments and biological substances","X44","Decedent's home","4",20,Not Applicable,Not Applicable,Not Applicable,Not Applicable
,"Philadelphia County, PA","42101","Female","F","2023","2023","Accidental poisoning by and exposure to narcotics and psychodysleptics [hallucinogens], not elsewhere classified","X42","Medical Facility - Inpatient","1",23,Not Applicable,Not Applicable,Not Applicable,Not Applicable
,"Philadelphia County, PA","42101","Female","F","2023","2023","Accidental poisoning by and exposure to narcotics and psychodysleptics [hallucinogens], not elsewhere classified","X42","Medical Facility - Outpatient or ER","2",10,Not Applicable,Not Applicable,Not Applicable,Not Applicable
,"Philadelphia County, PA","42101","Female","F","2023","2023","Accidental poisoning by and exposure to narcotics and psychodysleptics [hallucinogens], not elsewhere classified","X42","Decedent's home","4",59,Not Applicable,Not Applicable,Not Applicable,Not Applicable
,"Philadelphia County, PA","42101","Female","F","2023","2023","Accidental poisoning by and exposure to narcotics and psychodysleptics [hallucinogens], not elsewhere classified","X42","Other","7",16,Not Applicable,Not Applicable,Not Applicable,Not Applicable
,"Philadelphia County, PA","42101","Female","F","2023","2023","Accidental poisoning by and exposure to other and unspecified drugs, medicaments and biological substances","X44","Medical Facility - Inpatient","1",22,Not Applicable,Not Applicable,Not Applicable,Not Applicable
,"Philadelphia County, PA","42101","Female","F","2023","2023","Accidental poisoning by and exposure to other and unspecified drugs, medicaments and biological substances","X44","Medical Facility - Outpatient or ER","2",15,Not Applicable,Not Applicable,Not Applicable,Not Applicable
,"Philadelphia County, PA","42101","Female","F","2023","2023","Accidental poisoning by and exposure to other and unspecified drugs, medicaments and biological substances","X44","Decedent's home","4",113,Not Applicable,Not Applicable,Not Applicable,Not Applicable
,"Philadelphia County, PA","42101","Female","F","2023","2023","Accidental poisoning by and exposure to other and unspecified drugs, medicaments and biological substances","X44","Other","7",46,Not Applicable,Not Applicable,Not Applicable,Not Applicable
,"Philadelphia County, PA","42101","Male","M","2023","2023","Accidental poisoning by and exposure to antiepileptic, sedative-hypnotic, antiparkinsonism and psychotropic drugs, not elsewhere classified","X41","Decedent's home","4",13,Not Applicable,Not Applicable,Not Applicable,Not Applicable
,"Philadelphia County, PA","42101","Male","M","2023","2023","Accidental poisoning by and exposure to narcotics and psychodysleptics [hallucinogens], not elsewhere classified","X42","Medical Facility - Inpatient","1",35,Not Applicable,Not Applicable,Not Applicable,Not Applicable
,"Philadelphia County, PA","42101","Male","M","2023","2023","Accidental poisoning by and exposure to narcotics and psychodysleptics [hallucinogens], not elsewhere classified","X42","Medical Facility - Outpatient or ER","2",27,Not Applicable,Not Applicable,Not Applicable,Not Applicable
,"Philadelphia County, PA","42101","Male","M","2023","2023","Accidental poisoning by and exposure to narcotics and psychodysleptics [hallucinogens], not elsewhere classified","X42","Medical Facility - Dead on Arrival","3",11,Not Applicable,Not Applicable,Not Applicable,Not Applicable
,"Philadelphia County, PA","42101","Male","M","2023","2023","Accidental poisoning by and exposure to narcotics and psychodysleptics [hallucinogens], not elsewhere classified","X42","Decedent's home","4",192,Not Applicable,Not Applicable,Not Applicable,Not Applicable
,"Philadelphia County, PA","42101","Male","M","2023","2023","Accidental poisoning by and exposure to narcotics and psychodysleptics [hallucinogens], not elsewhere classified","X42","Other","7",65,Not Applicable,Not Applicable,Not Applicable,Not Applicable
,"Philadelphia County, PA","42101","Male","M","2023","2023","Accidental poisoning by and exposure to other and unspecified drugs, medicaments and biological substances","X44","Medical Facility - Inpatient","1",29,Not Applicable,Not Applicable,Not Applicable,Not Applicable
,"Philadelphia County, PA","42101","Male","M","2023","2023","Accidental poisoning by and exposure to other and unspecified drugs, medicaments and biological substances","X44","Medical Facility - Outpatient or ER","2",41,Not Applicable,Not Applicable,Not Applicable,Not Applicable
,"Philadelphia County, PA","42101","Male","M","2023","2023","Accidental poisoning by and exposure to other and unspecified drugs, medicaments and biological substances","X44","Medical Facility - Dead on Arrival","3",11,Not Applicable,Not Applicable,Not Applicable,Not Applicable
,"Philadelphia County, PA","42101","Male","M","2023","2023","Accidental poisoning by and exposure to other and unspecified drugs, medicaments and biological substances","X44","Decedent's home","4",268,Not Applicable,Not Applicable,Not Applicable,Not Applicable
,"Philadelphia County, PA","42101","Male","M","2023","2023","Accidental poisoning by and exposure to other and unspecified drugs, medicaments and biological substances","X44","Other","7",117,Not Applicable,Not Applicable,Not Applicable,Not Applicable
,"Schuylkill County, PA","42107","Female","F","2023","2023","Assault by drugs, medicaments and biological substances","X85","Decedent's home","4",10,Not Applicable,Not Applicable,Not Applicable,Not Applicable
,"Schuylkill County, PA","42107","Male","M","2023","2023","Assault by drugs, medicaments and biological substances","X85","Decedent's home","4",24,Not Applicable,Not Applicable,Not Applicable,Not Applicable
,"Schuylkill County, PA","42107","Male","M","2023","2023","Assault by drugs, medicaments and biological substances","X85","Other","7",10,Not Applicable,Not Applicable,Not Applicable,Not Applicable
,"Washington County, PA","42125","Female","F","2023","2023","Accidental poisoning by and exposure to narcotics and psychodysleptics [hallucinogens], not elsewhere classified","X42","Decedent's home","4",12,Not Applicable,Not Applicable,Not Applicable,Not Applicable
,"Washington County, PA","42125","Male","M","2023","2023","Accidental poisoning by and exposure to narcotics and psychodysleptics [hallucinogens], not elsewhere classified","X42","Decedent's home","4",11,Not Applicable,Not Applicable,Not Applicable,Not Applicable
,"Westmoreland County, PA","42129","Female","F","2023","2023","Accidental poisoning by and exposure to other and unspecified drugs, medicaments and biological substances","X44","Decedent's home","4",24,Not Applicable,Not Applicable,Not Applicable,Not Applicable
,"Westmoreland County, PA","42129","Male","M","2023","2023","Accidental poisoning by and exposure to other and unspecified drugs, medicaments and biological substances","X44","Decedent's home","4",34,Not Applicable,Not Applicable,Not Applicable,Not Applicable
,"Westmoreland County, PA","42129","Male","M","2023","2023","Accidental poisoning by and exposure to other and unspecified drugs, medicaments and biological substances","X44","Other","7",10,Not Applicable,Not Applicable,Not Applicable,Not Applicable
,"York County, PA","42133","Female","F","2023","2023","Accidental poisoning by and exposure to other and unspecified drugs, medicaments and biological substances","X44","Decedent's home","4",14,Not Applicable,Not Applicable,Not Applicable,Not Applicable
,"York County, PA","42133","Male","M","2023","2023","Accidental poisoning by and exposure to narcotics and psychodysleptics [hallucinogens], not elsewhere classified","X42","Decedent's home","4",21,Not Applicable,Not Applicable,Not Applicable,Not Applicable
,"York County, PA","42133","Male","M","2023","2023","Accidental poisoning by and exposure to narcotics and psychodysleptics [hallucinogens], not elsewhere classified","X42","Other","7",11,Not Applicable,Not Applicable,Not Applicable,Not Applicable
,"York County, PA","42133","Male","M","2023","2023","Accidental poisoning by and exposure to other and unspecified drugs, medicaments and biological substances","X44","Decedent's home","4",25,Not Applicable,Not Applicable,Not Applicable,Not Applicable
,"York County, PA","42133","Male","M","2023","2023","Accidental poisoning by and exposure to other and unspecified drugs, medicaments and biological substances","X44","Other","7",18,Not Applicable,Not Applicable,Not Applicable,Not Applicable
,"Kent County, RI","44003","Male","M","2023","2023","Accidental poisoning by and exposure to narcotics and psychodysleptics [hallucinogens], not elsewhere classified","X42","Other","7",10,Not Applicable,Not Applicable,Not Applicable,Not Applicable
,"Providence County, RI","44007","Female","F","2023","2023","Accidental poisoning by and exposure to narcotics and psychodysleptics [hallucinogens], not elsewhere classified","X42","Medical Facility - Inpatient","1",15,Not Applicable,Not Applicable,Not Applicable,Not Applicable
,"Providence County, RI","44007","Female","F","2023","2023","Accidental poisoning by and exposure to narcotics and psychodysleptics [hallucinogens], not elsewhere classified","X42","Decedent's home","4",16,Not Applicable,Not Applicable,Not Applicable,Not Applicable
,"Providence County, RI","44007","Female","F","2023","2023","Accidental poisoning by and exposure to other and unspecified drugs, medicaments and biological substances","X44","Medical Facility - Inpatient","1",16,Not Applicable,Not Applicable,Not Applicable,Not Applicable
,"Providence County, RI","44007","Female","F","2023","2023","Accidental poisoning by and exposure to other and unspecified drugs, medicaments and biological substances","X44","Decedent's home","4",14,Not Applicable,Not Applicable,Not Applicable,Not Applicable
,"Providence County, RI","44007","Male","M","2023","2023","Accidental poisoning by and exposure to narcotics and psychodysleptics [hallucinogens], not elsewhere classified","X42","Medical Facility - Inpatient","1",36,Not Applicable,Not Applicable,Not Applicable,Not Applicable
,"Providence County, RI","44007","Male","M","2023","2023","Accidental poisoning by and exposure to narcotics and psychodysleptics [hallucinogens], not elsewhere classified","X42","Decedent's home","4",41,Not Applicable,Not Applicable,Not Applicable,Not Applicable
,"Providence County, RI","44007","Male","M","2023","2023","Accidental poisoning by and exposure to narcotics and psychodysleptics [hallucinogens], not elsewhere classified","X42","Other","7",35,Not Applicable,Not Applicable,Not Applicable,Not Applicable
,"Providence County, RI","44007","Male","M","2023","2023","Accidental poisoning by and exposure to other and unspecified drugs, medicaments and biological substances","X44","Medical Facility - Inpatient","1",24,Not Applicable,Not Applicable,Not Applicable,Not Applicable
,"Providence County, RI","44007","Male","M","2023","2023","Accidental poisoning by and exposure to other and unspecified drugs, medicaments and biological substances","X44","Decedent's home","4",23,Not Applicable,Not Applicable,Not Applicable,Not Applicable
,"Providence County, RI","44007","Male","M","2023","2023","Accidental poisoning by and exposure to other and unspecified drugs, medicaments and biological substances","X44","Other","7",12,Not Applicable,Not Applicable,Not Applicable,Not Applicable
,"Aiken County, SC","45003","Male","M","2023","2023","Accidental poisoning by and exposure to narcotics and psychodysleptics [hallucinogens], not elsewhere classified","X42","Decedent's home","4",19,Not Applicable,Not Applicable,Not Applicable,Not Applicable
,"Aiken County, SC","45003","Male","M","2023","2023","Accidental poisoning by and exposure to narcotics and psychodysleptics [hallucinogens], not elsewhere classified","X42","Other","7",13,Not Applicable,Not Applicable,Not Applicable,Not Applicable
,"Aiken County, SC","45003","Male","M","2023","2023","Accidental poisoning by and exposure to other and unspecified drugs, medicaments and biological substances","X44","Decedent's home","4",13,Not Applicable,Not Applicable,Not Applicable,Not Applicable
,"Anderson County, SC","45007","Male","M","2023","2023","Accidental poisoning by and exposure to other and unspecified drugs, medicaments and biological substances","X44","Decedent's home","4",15,Not Applicable,Not Applicable,Not Applicable,Not Applicable
,"Beaufort County, SC","45013","Male","M","2023","2023","Accidental poisoning by and exposure to narcotics and psychodysleptics [hallucinogens], not elsewhere classified","X42","Decedent's home","4",14,Not Applicable,Not Applicable,Not Applicable,Not Applicable
,"Berkeley County, SC","45015","Male","M","2023","2023","Accidental poisoning by and exposure to narcotics and psychodysleptics [hallucinogens], not elsewhere classified","X42","Decedent's home","4",10,Not Applicable,Not Applicable,Not Applicable,Not Applicable
,"Berkeley County, SC","45015","Male","M","2023","2023","Accidental poisoning by and exposure to other and unspecified drugs, medicaments and biological substances","X44","Decedent's home","4",13,Not Applicable,Not Applicable,Not Applicable,Not Applicable
,"Berkeley County, SC","45015","Male","M","2023","2023","Accidental poisoning by and exposure to other and unspecified drugs, medicaments and biological substances","X44","Other","7",13,Not Applicable,Not Applicable,Not Applicable,Not Applicable
,"Charleston County, SC","45019","Female","F","2023","2023","Accidental poisoning by and exposure to narcotics and psychodysleptics [hallucinogens], not elsewhere classified","X42","Decedent's home","4",12,Not Applicable,Not Applicable,Not Applicable,Not Applicable
,"Charleston County, SC","45019","Female","F","2023","2023","Accidental poisoning by and exposure to other and unspecified drugs, medicaments and biological substances","X44","Decedent's home","4",13,Not Applicable,Not Applicable,Not Applicable,Not Applicable
,"Charleston County, SC","45019","Female","F","2023","2023","Accidental poisoning by and exposure to other and unspecified drugs, medicaments and biological substances","X44","Other","7",11,Not Applicable,Not Applicable,Not Applicable,Not Applicable
,"Charleston County, SC","45019","Male","M","2023","2023","Accidental poisoning by and exposure to narcotics and psychodysleptics [hallucinogens], not elsewhere classified","X42","Decedent's home","4",29,Not Applicable,Not Applicable,Not Applicable,Not Applicable
,"Charleston County, SC","45019","Male","M","2023","2023","Accidental poisoning by and exposure to narcotics and psychodysleptics [hallucinogens], not elsewhere classified","X42","Other","7",30,Not Applicable,Not Applicable,Not Applicable,Not Applicable
,"Charleston County, SC","45019","Male","M","2023","2023","Accidental poisoning by and exposure to other and unspecified drugs, medicaments and biological substances","X44","Decedent's home","4",30,Not Applicable,Not Applicable,Not Applicable,Not Applicable
,"Charleston County, SC","45019","Male","M","2023","2023","Accidental poisoning by and exposure to other and unspecified drugs, medicaments and biological substances","X44","Other","7",14,Not Applicable,Not Applicable,Not Applicable,Not Applicable
,"Dorchester County, SC","45035","Male","M","2023","2023","Accidental poisoning by and exposure to other and unspecified drugs, medicaments and biological substances","X44","Decedent's home","4",12,Not Applicable,Not Applicable,Not Applicable,Not Applicable
,"Florence County, SC","45041","Female","F","2023","2023","Accidental poisoning by and exposure to other and unspecified drugs, medicaments and biological substances","X44","Decedent's home","4",10,Not Applicable,Not Applicable,Not Applicable,Not Applicable
,"Greenville County, SC","45045","Female","F","2023","2023","Accidental poisoning by and exposure to other and unspecified drugs, medicaments and biological substances","X44","Decedent's home","4",19,Not Applicable,Not Applicable,Not Applicable,Not Applicable
,"Greenville County, SC","45045","Female","F","2023","2023","Accidental poisoning by and exposure to other and unspecified drugs, medicaments and biological substances","X44","Other","7",28,Not Applicable,Not Applicable,Not Applicable,Not Applicable
,"Greenville County, SC","45045","Male","M","2023","2023","Accidental poisoning by and exposure to narcotics and psychodysleptics [hallucinogens], not elsewhere classified","X42","Medical Facility - Inpatient","1",13,Not Applicable,Not Applicable,Not Applicable,Not Applicable
,"Greenville County, SC","45045","Male","M","2023","2023","Accidental poisoning by and exposure to narcotics and psychodysleptics [hallucinogens], not elsewhere classified","X42","Decedent's home","4",24,Not Applicable,Not Applicable,Not Applicable,Not Applicable
,"Greenville County, SC","45045","Male","M","2023","2023","Accidental poisoning by and exposure to narcotics and psychodysleptics [hallucinogens], not elsewhere classified","X42","Other","7",16,Not Applicable,Not Applicable,Not Applicable,Not Applicable
,"Greenville County, SC","45045","Male","M","2023","2023","Accidental poisoning by and exposure to other and unspecified drugs, medicaments and biological substances","X44","Decedent's home","4",26,Not Applicable,Not Applicable,Not Applicable,Not Applicable
,"Greenville County, SC","45045","Male","M","2023","2023","Accidental poisoning by and exposure to other and unspecified drugs, medicaments and biological substances","X44","Other","7",50,Not Applicable,Not Applicable,Not Applicable,Not Applicable
,"Horry County, SC","45051","Female","F","2023","2023","Accidental poisoning by and exposure to narcotics and psychodysleptics [hallucinogens], not elsewhere classified","X42","Other","7",10,Not Applicable,Not Applicable,Not Applicable,Not Applicable
,"Horry County, SC","45051","Female","F","2023","2023","Accidental poisoning by and exposure to other and unspecified drugs, medicaments and biological substances","X44","Decedent's home","4",29,Not Applicable,Not Applicable,Not Applicable,Not Applicable
,"Horry County, SC","45051","Male","M","2023","2023","Accidental poisoning by and exposure to narcotics and psychodysleptics [hallucinogens], not elsewhere classified","X42","Decedent's home","4",33,Not Applicable,Not Applicable,Not Applicable,Not Applicable
,"Horry County, SC","45051","Male","M","2023","2023","Accidental poisoning by and exposure to narcotics and psychodysleptics [hallucinogens], not elsewhere classified","X42","Other","7",16,Not Applicable,Not Applicable,Not Applicable,Not Applicable
,"Horry County, SC","45051","Male","M","2023","2023","Accidental poisoning by and exposure to other and unspecified drugs, medicaments and biological substances","X44","Medical Facility - Inpatient","1",10,Not Applicable,Not Applicable,Not Applicable,Not Applicable
,"Horry County, SC","45051","Male","M","2023","2023","Accidental poisoning by and exposure to other and unspecified drugs, medicaments and biological substances","X44","Decedent's home","4",50,Not Applicable,Not Applicable,Not Applicable,Not Applicable
,"Horry County, SC","45051","Male","M","2023","2023","Accidental poisoning by and exposure to other and unspecified drugs, medicaments and biological substances","X44","Other","7",19,Not Applicable,Not Applicable,Not Applicable,Not Applicable
,"Lancaster County, SC","45057","Female","F","2023","2023","Accidental poisoning by and exposure to narcotics and psychodysleptics [hallucinogens], not elsewhere classified","X42","Decedent's home","4",10,Not Applicable,Not Applicable,Not Applicable,Not Applicable
,"Lancaster County, SC","45057","Male","M","2023","2023","Accidental poisoning by and exposure to narcotics and psychodysleptics [hallucinogens], not elsewhere classified","X42","Decedent's home","4",10,Not Applicable,Not Applicable,Not Applicable,Not Applicable
,"Lexington County, SC","45063","Male","M","2023","2023","Accidental poisoning by and exposure to narcotics and psychodysleptics [hallucinogens], not elsewhere classified","X42","Decedent's home","4",11,Not Applicable,Not Applicable,Not Applicable,Not Applicable
,"Lexington County, SC","45063","Male","M","2023","2023","Accidental poisoning by and exposure to other and unspecified drugs, medicaments and biological substances","X44","Decedent's home","4",17,Not Applicable,Not Applicable,Not Applicable,Not Applicable
,"Lexington County, SC","45063","Male","M","2023","2023","Accidental poisoning by and exposure to other and unspecified drugs, medicaments and biological substances","X44","Other","7",16,Not Applicable,Not Applicable,Not Applicable,Not Applicable
,"Richland County, SC","45079","Male","M","2023","2023","Accidental poisoning by and exposure to narcotics and psychodysleptics [hallucinogens], not elsewhere classified","X42","Decedent's home","4",22,Not Applicable,Not Applicable,Not Applicable,Not Applicable
,"Richland County, SC","45079","Male","M","2023","2023","Accidental poisoning by and exposure to narcotics and psychodysleptics [hallucinogens], not elsewhere classified","X42","Other","7",17,Not Applicable,Not Applicable,Not Applicable,Not Applicable
,"Spartanburg County, SC","45083","Female","F","2023","2023","Accidental poisoning by and exposure to other and unspecified drugs, medicaments and biological substances","X44","Decedent's home","4",16,Not Applicable,Not Applicable,Not Applicable,Not Applicable
,"Spartanburg County, SC","45083","Female","F","2023","2023","Accidental poisoning by and exposure to other and unspecified drugs, medicaments and biological substances","X44","Other","7",13,Not Applicable,Not Applicable,Not Applicable,Not Applicable
,"Spartanburg County, SC","45083","Male","M","2023","2023","Accidental poisoning by and exposure to narcotics and psychodysleptics [hallucinogens], not elsewhere classified","X42","Decedent's home","4",22,Not Applicable,Not Applicable,Not Applicable,Not Applicable
,"Spartanburg County, SC","45083","Male","M","2023","2023","Accidental poisoning by and exposure to narcotics and psychodysleptics [hallucinogens], not elsewhere classified","X42","Other","7",12,Not Applicable,Not Applicable,Not Applicable,Not Applicable
,"Spartanburg County, SC","45083","Male","M","2023","2023","Accidental poisoning by and exposure to other and unspecified drugs, medicaments and biological substances","X44","Decedent's home","4",32,Not Applicable,Not Applicable,Not Applicable,Not Applicable
,"Spartanburg County, SC","45083","Male","M","2023","2023","Accidental poisoning by and exposure to other and unspecified drugs, medicaments and biological substances","X44","Other","7",20,Not Applicable,Not Applicable,Not Applicable,Not Applicable
,"York County, SC","45091","Male","M","2023","2023","Accidental poisoning by and exposure to narcotics and psychodysleptics [hallucinogens], not elsewhere classified","X42","Decedent's home","4",31,Not Applicable,Not Applicable,Not Applicable,Not Applicable
,"York County, SC","45091","Male","M","2023","2023","Accidental poisoning by and exposure to other and unspecified drugs, medicaments and biological substances","X44","Decedent's home","4",14,Not Applicable,Not Applicable,Not Applicable,Not Applicable
,"York County, SC","45091","Male","M","2023","2023","Accidental poisoning by and exposure to other and unspecified drugs, medicaments and biological substances","X44","Other","7",11,Not Applicable,Not Applicable,Not Applicable,Not Applicable
,"Anderson County, TN","47001","Male","M","2023","2023","Accidental poisoning by and exposure to other and unspecified drugs, medicaments and biological substances","X44","Decedent's home","4",16,Not Applicable,Not Applicable,Not Applicable,Not Applicable
,"Anderson County, TN","47001","Male","M","2023","2023","Accidental poisoning by and exposure to other and unspecified drugs, medicaments and biological substances","X44","Other","7",10,Not Applicable,Not Applicable,Not Applicable,Not Applicable
,"Blount County, TN","47009","Male","M","2023","2023","Accidental poisoning by and exposure to other and unspecified drugs, medicaments and biological substances","X44","Decedent's home","4",14,Not Applicable,Not Applicable,Not Applicable,Not Applicable
,"Davidson County, TN","47037","Female","F","2023","2023","Accidental poisoning by and exposure to narcotics and psychodysleptics [hallucinogens], not elsewhere classified","X42","Medical Facility - Outpatient or ER","2",11,Not Applicable,Not Applicable,Not Applicable,Not Applicable
,"Davidson County, TN","47037","Female","F","2023","2023","Accidental poisoning by and exposure to narcotics and psychodysleptics [hallucinogens], not elsewhere classified","X42","Decedent's home","4",27,Not Applicable,Not Applicable,Not Applicable,Not Applicable
,"Davidson County, TN","47037","Female","F","2023","2023","Accidental poisoning by and exposure to narcotics and psychodysleptics [hallucinogens], not elsewhere classified","X42","Other","7",27,Not Applicable,Not Applicable,Not Applicable,Not Applicable
,"Davidson County, TN","47037","Female","F","2023","2023","Accidental poisoning by and exposure to other and unspecified drugs, medicaments and biological substances","X44","Decedent's home","4",20,Not Applicable,Not Applicable,Not Applicable,Not Applicable
,"Davidson County, TN","47037","Female","F","2023","2023","Accidental poisoning by and exposure to other and unspecified drugs, medicaments and biological substances","X44","Other","7",36,Not Applicable,Not Applicable,Not Applicable,Not Applicable
,"Davidson County, TN","47037","Male","M","2023","2023","Accidental poisoning by and exposure to narcotics and psychodysleptics [hallucinogens], not elsewhere classified","X42","Medical Facility - Inpatient","1",21,Not Applicable,Not Applicable,Not Applicable,Not Applicable
,"Davidson County, TN","47037","Male","M","2023","2023","Accidental poisoning by and exposure to narcotics and psychodysleptics [hallucinogens], not elsewhere classified","X42","Medical Facility - Outpatient or ER","2",33,Not Applicable,Not Applicable,Not Applicable,Not Applicable
,"Davidson County, TN","47037","Male","M","2023","2023","Accidental poisoning by and exposure to narcotics and psychodysleptics [hallucinogens], not elsewhere classified","X42","Decedent's home","4",72,Not Applicable,Not Applicable,Not Applicable,Not Applicable
,"Davidson County, TN","47037","Male","M","2023","2023","Accidental poisoning by and exposure to narcotics and psychodysleptics [hallucinogens], not elsewhere classified","X42","Other","7",75,Not Applicable,Not Applicable,Not Applicable,Not Applicable
,"Davidson County, TN","47037","Male","M","2023","2023","Accidental poisoning by and exposure to other and unspecified drugs, medicaments and biological substances","X44","Medical Facility - Inpatient","1",13,Not Applicable,Not Applicable,Not Applicable,Not Applicable
,"Davidson County, TN","47037","Male","M","2023","2023","Accidental poisoning by and exposure to other and unspecified drugs, medicaments and biological substances","X44","Medical Facility - Outpatient or ER","2",22,Not Applicable,Not Applicable,Not Applicable,Not Applicable
,"Davidson County, TN","47037","Male","M","2023","2023","Accidental poisoning by and exposure to other and unspecified drugs, medicaments and biological substances","X44","Decedent's home","4",45,Not Applicable,Not Applicable,Not Applicable,Not Applicable
,"Davidson County, TN","47037","Male","M","2023","2023","Accidental poisoning by and exposure to other and unspecified drugs, medicaments and biological substances","X44","Other","7",69,Not Applicable,Not Applicable,Not Applicable,Not Applicable
,"Hamilton County, TN","47065","Female","F","2023","2023","Accidental poisoning by and exposure to other and unspecified drugs, medicaments and biological substances","X44","Medical Facility - Outpatient or ER","2",10,Not Applicable,Not Applicable,Not Applicable,Not Applicable
,"Hamilton County, TN","47065","Female","F","2023","2023","Accidental poisoning by and exposure to other and unspecified drugs, medicaments and biological substances","X44","Other","7",12,Not Applicable,Not Applicable,Not Applicable,Not Applicable
,"Hamilton County, TN","47065","Male","M","2023","2023","Accidental poisoning by and exposure to narcotics and psychodysleptics [hallucinogens], not elsewhere classified","X42","Medical Facility - Outpatient or ER","2",10,Not Applicable,Not Applicable,Not Applicable,Not Applicable
,"Hamilton County, TN","47065","Male","M","2023","2023","Accidental poisoning by and exposure to narcotics and psychodysleptics [hallucinogens], not elsewhere classified","X42","Decedent's home","4",27,Not Applicable,Not Applicable,Not Applicable,Not Applicable
,"Hamilton County, TN","47065","Male","M","2023","2023","Accidental poisoning by and exposure to narcotics and psychodysleptics [hallucinogens], not elsewhere classified","X42","Other","7",11,Not Applicable,Not Applicable,Not Applicable,Not Applicable
,"Hamilton County, TN","47065","Male","M","2023","2023","Accidental poisoning by and exposure to other and unspecified drugs, medicaments and biological substances","X44","Medical Facility - Outpatient or ER","2",10,Not Applicable,Not Applicable,Not Applicable,Not Applicable
,"Hamilton County, TN","47065","Male","M","2023","2023","Accidental poisoning by and exposure to other and unspecified drugs, medicaments and biological substances","X44","Decedent's home","4",15,Not Applicable,Not Applicable,Not Applicable,Not Applicable
,"Hamilton County, TN","47065","Male","M","2023","2023","Accidental poisoning by and exposure to other and unspecified drugs, medicaments and biological substances","X44","Other","7",19,Not Applicable,Not Applicable,Not Applicable,Not Applicable
,"Jefferson County, TN","47089","Male","M","2023","2023","Accidental poisoning by and exposure to other and unspecified drugs, medicaments and biological substances","X44","Other","7",10,Not Applicable,Not Applicable,Not Applicable,Not Applicable
,"Knox County, TN","47093","Female","F","2023","2023","Accidental poisoning by and exposure to narcotics and psychodysleptics [hallucinogens], not elsewhere classified","X42","Decedent's home","4",21,Not Applicable,Not Applicable,Not Applicable,Not Applicable
,"Knox County, TN","47093","Female","F","2023","2023","Accidental poisoning by and exposure to narcotics and psychodysleptics [hallucinogens], not elsewhere classified","X42","Other","7",10,Not Applicable,Not Applicable,Not Applicable,Not Applicable
,"Knox County, TN","47093","Female","F","2023","2023","Accidental poisoning by and exposure to other and unspecified drugs, medicaments and biological substances","X44","Medical Facility - Inpatient","1",10,Not Applicable,Not Applicable,Not Applicable,Not Applicable
,"Knox County, TN","47093","Female","F","2023","2023","Accidental poisoning by and exposure to other and unspecified drugs, medicaments and biological substances","X44","Decedent's home","4",40,Not Applicable,Not Applicable,Not Applicable,Not Applicable
,"Knox County, TN","47093","Female","F","2023","2023","Accidental poisoning by and exposure to other and unspecified drugs, medicaments and biological substances","X44","Other","7",29,Not Applicable,Not Applicable,Not Applicable,Not Applicable
,"Knox County, TN","47093","Male","M","2023","2023","Accidental poisoning by and exposure to antiepileptic, sedative-hypnotic, antiparkinsonism and psychotropic drugs, not elsewhere classified","X41","Other","7",15,Not Applicable,Not Applicable,Not Applicable,Not Applicable
,"Knox County, TN","47093","Male","M","2023","2023","Accidental poisoning by and exposure to narcotics and psychodysleptics [hallucinogens], not elsewhere classified","X42","Medical Facility - Inpatient","1",13,Not Applicable,Not Applicable,Not Applicable,Not Applicable
,"Knox County, TN","47093","Male","M","2023","2023","Accidental poisoning by and exposure to narcotics and psychodysleptics [hallucinogens], not elsewhere classified","X42","Decedent's home","4",49,Not Applicable,Not Applicable,Not Applicable,Not Applicable
,"Knox County, TN","47093","Male","M","2023","2023","Accidental poisoning by and exposure to narcotics and psychodysleptics [hallucinogens], not elsewhere classified","X42","Other","7",32,Not Applicable,Not Applicable,Not Applicable,Not Applicable
,"Knox County, TN","47093","Male","M","2023","2023","Accidental poisoning by and exposure to other and unspecified drugs, medicaments and biological substances","X44","Medical Facility - Inpatient","1",12,Not Applicable,Not Applicable,Not Applicable,Not Applicable
,"Knox County, TN","47093","Male","M","2023","2023","Accidental poisoning by and exposure to other and unspecified drugs, medicaments and biological substances","X44","Medical Facility - Outpatient or ER","2",11,Not Applicable,Not Applicable,Not Applicable,Not Applicable
,"Knox County, TN","47093","Male","M","2023","2023","Accidental poisoning by and exposure to other and unspecified drugs, medicaments and biological substances","X44","Decedent's home","4",73,Not Applicable,Not Applicable,Not Applicable,Not Applicable
,"Knox County, TN","47093","Male","M","2023","2023","Accidental poisoning by and exposure to other and unspecified drugs, medicaments and biological substances","X44","Other","7",62,Not Applicable,Not Applicable,Not Applicable,Not Applicable
,"Montgomery County, TN","47125","Male","M","2023","2023","Accidental poisoning by and exposure to narcotics and psychodysleptics [hallucinogens], not elsewhere classified","X42","Decedent's home","4",10,Not Applicable,Not Applicable,Not Applicable,Not Applicable
,"Montgomery County, TN","47125","Male","M","2023","2023","Accidental poisoning by and exposure to narcotics and psychodysleptics [hallucinogens], not elsewhere classified","X42","Other","7",10,Not Applicable,Not Applicable,Not Applicable,Not Applicable
,"Roane County, TN","47145","Male","M","2023","2023","Accidental poisoning by and exposure to other and unspecified drugs, medicaments and biological substances","X44","Decedent's home","4",15,Not Applicable,Not Applicable,Not Applicable,Not Applicable
,"Rutherford County, TN","47149","Male","M","2023","2023","Accidental poisoning by and exposure to narcotics and psychodysleptics [hallucinogens], not elsewhere classified","X42","Medical Facility - Outpatient or ER","2",12,Not Applicable,Not Applicable,Not Applicable,Not Applicable
,"Rutherford County, TN","47149","Male","M","2023","2023","Accidental poisoning by and exposure to narcotics and psychodysleptics [hallucinogens], not elsewhere classified","X42","Decedent's home","4",20,Not Applicable,Not Applicable,Not Applicable,Not Applicable
,"Rutherford County, TN","47149","Male","M","2023","2023","Accidental poisoning by and exposure to narcotics and psychodysleptics [hallucinogens], not elsewhere classified","X42","Other","7",13,Not Applicable,Not Applicable,Not Applicable,Not Applicable
,"Rutherford County, TN","47149","Male","M","2023","2023","Accidental poisoning by and exposure to other and unspecified drugs, medicaments and biological substances","X44","Other","7",14,Not Applicable,Not Applicable,Not Applicable,Not Applicable
,"Sevier County, TN","47155","Male","M","2023","2023","Accidental poisoning by and exposure to other and unspecified drugs, medicaments and biological substances","X44","Decedent's home","4",11,Not Applicable,Not Applicable,Not Applicable,Not Applicable
,"Shelby County, TN","47157","Female","F","2023","2023","Accidental poisoning by and exposure to narcotics and psychodysleptics [hallucinogens], not elsewhere classified","X42","Medical Facility - Outpatient or ER","2",11,Not Applicable,Not Applicable,Not Applicable,Not Applicable
,"Shelby County, TN","47157","Female","F","2023","2023","Accidental poisoning by and exposure to narcotics and psychodysleptics [hallucinogens], not elsewhere classified","X42","Decedent's home","4",22,Not Applicable,Not Applicable,Not Applicable,Not Applicable
,"Shelby County, TN","47157","Female","F","2023","2023","Accidental poisoning by and exposure to narcotics and psychodysleptics [hallucinogens], not elsewhere classified","X42","Other","7",13,Not Applicable,Not Applicable,Not Applicable,Not Applicable
,"Shelby County, TN","47157","Female","F","2023","2023","Accidental poisoning by and exposure to other and unspecified drugs, medicaments and biological substances","X44","Medical Facility - Outpatient or ER","2",13,Not Applicable,Not Applicable,Not Applicable,Not Applicable
,"Shelby County, TN","47157","Female","F","2023","2023","Accidental poisoning by and exposure to other and unspecified drugs, medicaments and biological substances","X44","Decedent's home","4",26,Not Applicable,Not Applicable,Not Applicable,Not Applicable
,"Shelby County, TN","47157","Female","F","2023","2023","Accidental poisoning by and exposure to other and unspecified drugs, medicaments and biological substances","X44","Other","7",19,Not Applicable,Not Applicable,Not Applicable,Not Applicable
,"Shelby County, TN","47157","Male","M","2023","2023","Accidental poisoning by and exposure to narcotics and psychodysleptics [hallucinogens], not elsewhere classified","X42","Medical Facility - Inpatient","1",10,Not Applicable,Not Applicable,Not Applicable,Not Applicable
,"Shelby County, TN","47157","Male","M","2023","2023","Accidental poisoning by and exposure to narcotics and psychodysleptics [hallucinogens], not elsewhere classified","X42","Medical Facility - Outpatient or ER","2",33,Not Applicable,Not Applicable,Not Applicable,Not Applicable
,"Shelby County, TN","47157","Male","M","2023","2023","Accidental poisoning by and exposure to narcotics and psychodysleptics [hallucinogens], not elsewhere classified","X42","Decedent's home","4",93,Not Applicable,Not Applicable,Not Applicable,Not Applicable
,"Shelby County, TN","47157","Male","M","2023","2023","Accidental poisoning by and exposure to narcotics and psychodysleptics [hallucinogens], not elsewhere classified","X42","Other","7",51,Not Applicable,Not Applicable,Not Applicable,Not Applicable
,"Shelby County, TN","47157","Male","M","2023","2023","Accidental poisoning by and exposure to other and unspecified drugs, medicaments and biological substances","X44","Medical Facility - Outpatient or ER","2",19,Not Applicable,Not Applicable,Not Applicable,Not Applicable
,"Shelby County, TN","47157","Male","M","2023","2023","Accidental poisoning by and exposure to other and unspecified drugs, medicaments and biological substances","X44","Decedent's home","4",87,Not Applicable,Not Applicable,Not Applicable,Not Applicable
,"Shelby County, TN","47157","Male","M","2023","2023","Accidental poisoning by and exposure to other and unspecified drugs, medicaments and biological substances","X44","Other","7",56,Not Applicable,Not Applicable,Not Applicable,Not Applicable
,"Sullivan County, TN","47163","Female","F","2023","2023","Accidental poisoning by and exposure to other and unspecified drugs, medicaments and biological substances","X44","Decedent's home","4",10,Not Applicable,Not Applicable,Not Applicable,Not Applicable
,"Sullivan County, TN","47163","Male","M","2023","2023","Accidental poisoning by and exposure to other and unspecified drugs, medicaments and biological substances","X44","Decedent's home","4",22,Not Applicable,Not Applicable,Not Applicable,Not Applicable
,"Washington County, TN","47179","Male","M","2023","2023","Accidental poisoning by and exposure to other and unspecified drugs, medicaments and biological substances","X44","Decedent's home","4",18,Not Applicable,Not Applicable,Not Applicable,Not Applicable
,"Bell County, TX","48027","Male","M","2023","2023","Accidental poisoning by and exposure to other and unspecified drugs, medicaments and biological substances","X44","Decedent's home","4",12,Not Applicable,Not Applicable,Not Applicable,Not Applicable
,"Bexar County, TX","48029","Female","F","2023","2023","Accidental poisoning by and exposure to antiepileptic, sedative-hypnotic, antiparkinsonism and psychotropic drugs, not elsewhere classified","X41","Decedent's home","4",18,Not Applicable,Not Applicable,Not Applicable,Not Applicable
,"Bexar County, TX","48029","Female","F","2023","2023","Accidental poisoning by and exposure to narcotics and psychodysleptics [hallucinogens], not elsewhere classified","X42","Decedent's home","4",22,Not Applicable,Not Applicable,Not Applicable,Not Applicable
,"Bexar County, TX","48029","Female","F","2023","2023","Accidental poisoning by and exposure to other and unspecified drugs, medicaments and biological substances","X44","Decedent's home","4",18,Not Applicable,Not Applicable,Not Applicable,Not Applicable
,"Bexar County, TX","48029","Female","F","2023","2023","Accidental poisoning by and exposure to other and unspecified drugs, medicaments and biological substances","X44","Other","7",21,Not Applicable,Not Applicable,Not Applicable,Not Applicable
,"Bexar County, TX","48029","Male","M","2023","2023","Accidental poisoning by and exposure to antiepileptic, sedative-hypnotic, antiparkinsonism and psychotropic drugs, not elsewhere classified","X41","Medical Facility - Inpatient","1",11,Not Applicable,Not Applicable,Not Applicable,Not Applicable
,"Bexar County, TX","48029","Male","M","2023","2023","Accidental poisoning by and exposure to antiepileptic, sedative-hypnotic, antiparkinsonism and psychotropic drugs, not elsewhere classified","X41","Medical Facility - Outpatient or ER","2",12,Not Applicable,Not Applicable,Not Applicable,Not Applicable
,"Bexar County, TX","48029","Male","M","2023","2023","Accidental poisoning by and exposure to antiepileptic, sedative-hypnotic, antiparkinsonism and psychotropic drugs, not elsewhere classified","X41","Decedent's home","4",48,Not Applicable,Not Applicable,Not Applicable,Not Applicable
,"Bexar County, TX","48029","Male","M","2023","2023","Accidental poisoning by and exposure to antiepileptic, sedative-hypnotic, antiparkinsonism and psychotropic drugs, not elsewhere classified","X41","Other","7",43,Not Applicable,Not Applicable,Not Applicable,Not Applicable
,"Bexar County, TX","48029","Male","M","2023","2023","Accidental poisoning by and exposure to narcotics and psychodysleptics [hallucinogens], not elsewhere classified","X42","Decedent's home","4",47,Not Applicable,Not Applicable,Not Applicable,Not Applicable
,"Bexar County, TX","48029","Male","M","2023","2023","Accidental poisoning by and exposure to narcotics and psychodysleptics [hallucinogens], not elsewhere classified","X42","Other","7",33,Not Applicable,Not Applicable,Not Applicable,Not Applicable
,"Bexar County, TX","48029","Male","M","2023","2023","Accidental poisoning by and exposure to other and unspecified drugs, medicaments and biological substances","X44","Decedent's home","4",50,Not Applicable,Not Applicable,Not Applicable,Not Applicable
,"Bexar County, TX","48029","Male","M","2023","2023","Accidental poisoning by and exposure to other and unspecified drugs, medicaments and biological substances","X44","Other","7",57,Not Applicable,Not Applicable,Not Applicable,Not Applicable
,"Brazoria County, TX","48039","Male","M","2023","2023","Accidental poisoning by and exposure to narcotics and psychodysleptics [hallucinogens], not elsewhere classified","X42","Decedent's home","4",10,Not Applicable,Not Applicable,Not Applicable,Not Applicable
,"Collin County, TX","48085","Male","M","2023","2023","Accidental poisoning by and exposure to narcotics and psychodysleptics [hallucinogens], not elsewhere classified","X42","Decedent's home","4",16,Not Applicable,Not Applicable,Not Applicable,Not Applicable
,"Collin County, TX","48085","Male","M","2023","2023","Accidental poisoning by and exposure to narcotics and psychodysleptics [hallucinogens], not elsewhere classified","X42","Other","7",15,Not Applicable,Not Applicable,Not Applicable,Not Applicable
,"Collin County, TX","48085","Male","M","2023","2023","Accidental poisoning by and exposure to other and unspecified drugs, medicaments and biological substances","X44","Decedent's home","4",13,Not Applicable,Not Applicable,Not Applicable,Not Applicable
,"Dallas County, TX","48113","Female","F","2023","2023","Accidental poisoning by and exposure to antiepileptic, sedative-hypnotic, antiparkinsonism and psychotropic drugs, not elsewhere classified","X41","Other","7",10,Not Applicable,Not Applicable,Not Applicable,Not Applicable
,"Dallas County, TX","48113","Female","F","2023","2023","Accidental poisoning by and exposure to narcotics and psychodysleptics [hallucinogens], not elsewhere classified","X42","Medical Facility - Outpatient or ER","2",13,Not Applicable,Not Applicable,Not Applicable,Not Applicable
,"Dallas County, TX","48113","Female","F","2023","2023","Accidental poisoning by and exposure to narcotics and psychodysleptics [hallucinogens], not elsewhere classified","X42","Decedent's home","4",30,Not Applicable,Not Applicable,Not Applicable,Not Applicable
,"Dallas County, TX","48113","Female","F","2023","2023","Accidental poisoning by and exposure to narcotics and psychodysleptics [hallucinogens], not elsewhere classified","X42","Other","7",20,Not Applicable,Not Applicable,Not Applicable,Not Applicable
,"Dallas County, TX","48113","Female","F","2023","2023","Accidental poisoning by and exposure to other and unspecified drugs, medicaments and biological substances","X44","Decedent's home","4",26,Not Applicable,Not Applicable,Not Applicable,Not Applicable
,"Dallas County, TX","48113","Female","F","2023","2023","Accidental poisoning by and exposure to other and unspecified drugs, medicaments and biological substances","X44","Other","7",24,Not Applicable,Not Applicable,Not Applicable,Not Applicable
,"Dallas County, TX","48113","Male","M","2023","2023","Accidental poisoning by and exposure to antiepileptic, sedative-hypnotic, antiparkinsonism and psychotropic drugs, not elsewhere classified","X41","Medical Facility - Inpatient","1",15,Not Applicable,Not Applicable,Not Applicable,Not Applicable
,"Dallas County, TX","48113","Male","M","2023","2023","Accidental poisoning by and exposure to antiepileptic, sedative-hypnotic, antiparkinsonism and psychotropic drugs, not elsewhere classified","X41","Medical Facility - Outpatient or ER","2",11,Not Applicable,Not Applicable,Not Applicable,Not Applicable
,"Dallas County, TX","48113","Male","M","2023","2023","Accidental poisoning by and exposure to antiepileptic, sedative-hypnotic, antiparkinsonism and psychotropic drugs, not elsewhere classified","X41","Decedent's home","4",23,Not Applicable,Not Applicable,Not Applicable,Not Applicable
,"Dallas County, TX","48113","Male","M","2023","2023","Accidental poisoning by and exposure to antiepileptic, sedative-hypnotic, antiparkinsonism and psychotropic drugs, not elsewhere classified","X41","Other","7",42,Not Applicable,Not Applicable,Not Applicable,Not Applicable
,"Dallas County, TX","48113","Male","M","2023","2023","Accidental poisoning by and exposure to narcotics and psychodysleptics [hallucinogens], not elsewhere classified","X42","Medical Facility - Inpatient","1",18,Not Applicable,Not Applicable,Not Applicable,Not Applicable
,"Dallas County, TX","48113","Male","M","2023","2023","Accidental poisoning by and exposure to narcotics and psychodysleptics [hallucinogens], not elsewhere classified","X42","Medical Facility - Outpatient or ER","2",33,Not Applicable,Not Applicable,Not Applicable,Not Applicable
,"Dallas County, TX","48113","Male","M","2023","2023","Accidental poisoning by and exposure to narcotics and psychodysleptics [hallucinogens], not elsewhere classified","X42","Decedent's home","4",90,Not Applicable,Not Applicable,Not Applicable,Not Applicable
,"Dallas County, TX","48113","Male","M","2023","2023","Accidental poisoning by and exposure to narcotics and psychodysleptics [hallucinogens], not elsewhere classified","X42","Other","7",70,Not Applicable,Not Applicable,Not Applicable,Not Applicable
,"Dallas County, TX","48113","Male","M","2023","2023","Accidental poisoning by and exposure to other and unspecified drugs, medicaments and biological substances","X44","Medical Facility - Inpatient","1",17,Not Applicable,Not Applicable,Not Applicable,Not Applicable
,"Dallas County, TX","48113","Male","M","2023","2023","Accidental poisoning by and exposure to other and unspecified drugs, medicaments and biological substances","X44","Medical Facility - Outpatient or ER","2",23,Not Applicable,Not Applicable,Not Applicable,Not Applicable
,"Dallas County, TX","48113","Male","M","2023","2023","Accidental poisoning by and exposure to other and unspecified drugs, medicaments and biological substances","X44","Decedent's home","4",58,Not Applicable,Not Applicable,Not Applicable,Not Applicable
,"Dallas County, TX","48113","Male","M","2023","2023","Accidental poisoning by and exposure to other and unspecified drugs, medicaments and biological substances","X44","Other","7",70,Not Applicable,Not Applicable,Not Applicable,Not Applicable
,"Denton County, TX","48121","Male","M","2023","2023","Accidental poisoning by and exposure to narcotics and psychodysleptics [hallucinogens], not elsewhere classified","X42","Decedent's home","4",13,Not Applicable,Not Applicable,Not Applicable,Not Applicable
,"Denton County, TX","48121","Male","M","2023","2023","Accidental poisoning by and exposure to other and unspecified drugs, medicaments and biological substances","X44","Decedent's home","4",12,Not Applicable,Not Applicable,Not Applicable,Not Applicable
,"Denton County, TX","48121","Male","M","2023","2023","Accidental poisoning by and exposure to other and unspecified drugs, medicaments and biological substances","X44","Other","7",10,Not Applicable,Not Applicable,Not Applicable,Not Applicable
,"El Paso County, TX","48141","Male","M","2023","2023","Accidental poisoning by and exposure to narcotics and psychodysleptics [hallucinogens], not elsewhere classified","X42","Medical Facility - Outpatient or ER","2",16,Not Applicable,Not Applicable,Not Applicable,Not Applicable
,"El Paso County, TX","48141","Male","M","2023","2023","Accidental poisoning by and exposure to narcotics and psychodysleptics [hallucinogens], not elsewhere classified","X42","Decedent's home","4",17,Not Applicable,Not Applicable,Not Applicable,Not Applicable
,"El Paso County, TX","48141","Male","M","2023","2023","Accidental poisoning by and exposure to narcotics and psychodysleptics [hallucinogens], not elsewhere classified","X42","Other","7",14,Not Applicable,Not Applicable,Not Applicable,Not Applicable
,"El Paso County, TX","48141","Male","M","2023","2023","Accidental poisoning by and exposure to other and unspecified drugs, medicaments and biological substances","X44","Decedent's home","4",19,Not Applicable,Not Applicable,Not Applicable,Not Applicable
,"El Paso County, TX","48141","Male","M","2023","2023","Accidental poisoning by and exposure to other and unspecified drugs, medicaments and biological substances","X44","Other","7",25,Not Applicable,Not Applicable,Not Applicable,Not Applicable
,"Fort Bend County, TX","48157","Male","M","2023","2023","Accidental poisoning by and exposure to narcotics and psychodysleptics [hallucinogens], not elsewhere classified","X42","Decedent's home","4",10,Not Applicable,Not Applicable,Not Applicable,Not Applicable
,"Fort Bend County, TX","48157","Male","M","2023","2023","Accidental poisoning by and exposure to other and unspecified drugs, medicaments and biological substances","X44","Decedent's home","4",13,Not Applicable,Not Applicable,Not Applicable,Not Applicable
,"Fort Bend County, TX","48157","Male","M","2023","2023","Accidental poisoning by and exposure to other and unspecified drugs, medicaments and biological substances","X44","Other","7",16,Not Applicable,Not Applicable,Not Applicable,Not Applicable
,"Galveston County, TX","48167","Male","M","2023","2023","Accidental poisoning by and exposure to narcotics and psychodysleptics [hallucinogens], not elsewhere classified","X42","Decedent's home","4",13,Not Applicable,Not Applicable,Not Applicable,Not Applicable
,"Harris County, TX","48201","Female","F","2023","2023","Accidental poisoning by and exposure to antiepileptic, sedative-hypnotic, antiparkinsonism and psychotropic drugs, not elsewhere classified","X41","Medical Facility - Inpatient","1",10,Not Applicable,Not Applicable,Not Applicable,Not Applicable
,"Harris County, TX","48201","Female","F","2023","2023","Accidental poisoning by and exposure to narcotics and psychodysleptics [hallucinogens], not elsewhere classified","X42","Medical Facility - Inpatient","1",12,Not Applicable,Not Applicable,Not Applicable,Not Applicable
,"Harris County, TX","48201","Female","F","2023","2023","Accidental poisoning by and exposure to narcotics and psychodysleptics [hallucinogens], not elsewhere classified","X42","Medical Facility - Outpatient or ER","2",13,Not Applicable,Not Applicable,Not Applicable,Not Applicable
,"Harris County, TX","48201","Female","F","2023","2023","Accidental poisoning by and exposure to narcotics and psychodysleptics [hallucinogens], not elsewhere classified","X42","Decedent's home","4",41,Not Applicable,Not Applicable,Not Applicable,Not Applicable
,"Harris County, TX","48201","Female","F","2023","2023","Accidental poisoning by and exposure to narcotics and psychodysleptics [hallucinogens], not elsewhere classified","X42","Other","7",26,Not Applicable,Not Applicable,Not Applicable,Not Applicable
,"Harris County, TX","48201","Female","F","2023","2023","Accidental poisoning by and exposure to other and unspecified drugs, medicaments and biological substances","X44","Medical Facility - Inpatient","1",14,Not Applicable,Not Applicable,Not Applicable,Not Applicable
,"Harris County, TX","48201","Female","F","2023","2023","Accidental poisoning by and exposure to other and unspecified drugs, medicaments and biological substances","X44","Medical Facility - Outpatient or ER","2",18,Not Applicable,Not Applicable,Not Applicable,Not Applicable
,"Harris County, TX","48201","Female","F","2023","2023","Accidental poisoning by and exposure to other and unspecified drugs, medicaments and biological substances","X44","Decedent's home","4",81,Not Applicable,Not Applicable,Not Applicable,Not Applicable
,"Harris County, TX","48201","Female","F","2023","2023","Accidental poisoning by and exposure to other and unspecified drugs, medicaments and biological substances","X44","Other","7",43,Not Applicable,Not Applicable,Not Applicable,Not Applicable
,"Harris County, TX","48201","Male","M","2023","2023","Accidental poisoning by and exposure to antiepileptic, sedative-hypnotic, antiparkinsonism and psychotropic drugs, not elsewhere classified","X41","Medical Facility - Inpatient","1",11,Not Applicable,Not Applicable,Not Applicable,Not Applicable
,"Harris County, TX","48201","Male","M","2023","2023","Accidental poisoning by and exposure to antiepileptic, sedative-hypnotic, antiparkinsonism and psychotropic drugs, not elsewhere classified","X41","Medical Facility - Outpatient or ER","2",15,Not Applicable,Not Applicable,Not Applicable,Not Applicable
,"Harris County, TX","48201","Male","M","2023","2023","Accidental poisoning by and exposure to antiepileptic, sedative-hypnotic, antiparkinsonism and psychotropic drugs, not elsewhere classified","X41","Decedent's home","4",22,Not Applicable,Not Applicable,Not Applicable,Not Applicable
,"Harris County, TX","48201","Male","M","2023","2023","Accidental poisoning by and exposure to antiepileptic, sedative-hypnotic, antiparkinsonism and psychotropic drugs, not elsewhere classified","X41","Other","7",39,Not Applicable,Not Applicable,Not Applicable,Not Applicable
,"Harris County, TX","48201","Male","M","2023","2023","Accidental poisoning by and exposure to narcotics and psychodysleptics [hallucinogens], not elsewhere classified","X42","Medical Facility - Inpatient","1",29,Not Applicable,Not Applicable,Not Applicable,Not Applicable
,"Harris County, TX","48201","Male","M","2023","2023","Accidental poisoning by and exposure to narcotics and psychodysleptics [hallucinogens], not elsewhere classified","X42","Medical Facility - Outpatient or ER","2",57,Not Applicable,Not Applicable,Not Applicable,Not Applicable
,"Harris County, TX","48201","Male","M","2023","2023","Accidental poisoning by and exposure to narcotics and psychodysleptics [hallucinogens], not elsewhere classified","X42","Decedent's home","4",153,Not Applicable,Not Applicable,Not Applicable,Not Applicable
,"Harris County, TX","48201","Male","M","2023","2023","Accidental poisoning by and exposure to narcotics and psychodysleptics [hallucinogens], not elsewhere classified","X42","Other","7",94,Not Applicable,Not Applicable,Not Applicable,Not Applicable
,"Harris County, TX","48201","Male","M","2023","2023","Accidental poisoning by and exposure to other and unspecified drugs, medicaments and biological substances","X44","Medical Facility - Inpatient","1",23,Not Applicable,Not Applicable,Not Applicable,Not Applicable
,"Harris County, TX","48201","Male","M","2023","2023","Accidental poisoning by and exposure to other and unspecified drugs, medicaments and biological substances","X44","Medical Facility - Outpatient or ER","2",47,Not Applicable,Not Applicable,Not Applicable,Not Applicable
,"Harris County, TX","48201","Male","M","2023","2023","Accidental poisoning by and exposure to other and unspecified drugs, medicaments and biological substances","X44","Decedent's home","4",147,Not Applicable,Not Applicable,Not Applicable,Not Applicable
,"Harris County, TX","48201","Male","M","2023","2023","Accidental poisoning by and exposure to other and unspecified drugs, medicaments and biological substances","X44","Other","7",86,Not Applicable,Not Applicable,Not Applicable,Not Applicable
,"Hidalgo County, TX","48215","Male","M","2023","2023","Accidental poisoning by and exposure to narcotics and psychodysleptics [hallucinogens], not elsewhere classified","X42","Decedent's home","4",10,Not Applicable,Not Applicable,Not Applicable,Not Applicable
,"Lubbock County, TX","48303","Male","M","2023","2023","Accidental poisoning by and exposure to narcotics and psychodysleptics [hallucinogens], not elsewhere classified","X42","Decedent's home","4",10,Not Applicable,Not Applicable,Not Applicable,Not Applicable
,"Montgomery County, TX","48339","Female","F","2023","2023","Accidental poisoning by and exposure to other and unspecified drugs, medicaments and biological substances","X44","Decedent's home","4",18,Not Applicable,Not Applicable,Not Applicable,Not Applicable
,"Montgomery County, TX","48339","Male","M","2023","2023","Accidental poisoning by and exposure to other and unspecified drugs, medicaments and biological substances","X44","Decedent's home","4",25,Not Applicable,Not Applicable,Not Applicable,Not Applicable
,"Tarrant County, TX","48439","Female","F","2023","2023","Accidental poisoning by and exposure to antiepileptic, sedative-hypnotic, antiparkinsonism and psychotropic drugs, not elsewhere classified","X41","Medical Facility - Outpatient or ER","2",10,Not Applicable,Not Applicable,Not Applicable,Not Applicable
,"Tarrant County, TX","48439","Female","F","2023","2023","Accidental poisoning by and exposure to narcotics and psychodysleptics [hallucinogens], not elsewhere classified","X42","Decedent's home","4",18,Not Applicable,Not Applicable,Not Applicable,Not Applicable
,"Tarrant County, TX","48439","Female","F","2023","2023","Accidental poisoning by and exposure to narcotics and psychodysleptics [hallucinogens], not elsewhere classified","X42","Other","7",17,Not Applicable,Not Applicable,Not Applicable,Not Applicable
,"Tarrant County, TX","48439","Female","F","2023","2023","Accidental poisoning by and exposure to other and unspecified drugs, medicaments and biological substances","X44","Decedent's home","4",22,Not Applicable,Not Applicable,Not Applicable,Not Applicable
,"Tarrant County, TX","48439","Female","F","2023","2023","Accidental poisoning by and exposure to other and unspecified drugs, medicaments and biological substances","X44","Other","7",20,Not Applicable,Not Applicable,Not Applicable,Not Applicable
,"Tarrant County, TX","48439","Female","F","2023","2023","Intentional self-poisoning by and exposure to other and unspecified drugs, medicaments and biological substances","X64","Decedent's home","4",11,Not Applicable,Not Applicable,Not Applicable,Not Applicable
,"Tarrant County, TX","48439","Male","M","2023","2023","Accidental poisoning by and exposure to antiepileptic, sedative-hypnotic, antiparkinsonism and psychotropic drugs, not elsewhere classified","X41","Medical Facility - Outpatient or ER","2",12,Not Applicable,Not Applicable,Not Applicable,Not Applicable
,"Tarrant County, TX","48439","Male","M","2023","2023","Accidental poisoning by and exposure to antiepileptic, sedative-hypnotic, antiparkinsonism and psychotropic drugs, not elsewhere classified","X41","Decedent's home","4",35,Not Applicable,Not Applicable,Not Applicable,Not Applicable
,"Tarrant County, TX","48439","Male","M","2023","2023","Accidental poisoning by and exposure to antiepileptic, sedative-hypnotic, antiparkinsonism and psychotropic drugs, not elsewhere classified","X41","Other","7",45,Not Applicable,Not Applicable,Not Applicable,Not Applicable
,"Tarrant County, TX","48439","Male","M","2023","2023","Accidental poisoning by and exposure to narcotics and psychodysleptics [hallucinogens], not elsewhere classified","X42","Medical Facility - Inpatient","1",17,Not Applicable,Not Applicable,Not Applicable,Not Applicable
,"Tarrant County, TX","48439","Male","M","2023","2023","Accidental poisoning by and exposure to narcotics and psychodysleptics [hallucinogens], not elsewhere classified","X42","Medical Facility - Outpatient or ER","2",14,Not Applicable,Not Applicable,Not Applicable,Not Applicable
,"Tarrant County, TX","48439","Male","M","2023","2023","Accidental poisoning by and exposure to narcotics and psychodysleptics [hallucinogens], not elsewhere classified","X42","Decedent's home","4",53,Not Applicable,Not Applicable,Not Applicable,Not Applicable
,"Tarrant County, TX","48439","Male","M","2023","2023","Accidental poisoning by and exposure to narcotics and psychodysleptics [hallucinogens], not elsewhere classified","X42","Other","7",44,Not Applicable,Not Applicable,Not Applicable,Not Applicable
,"Tarrant County, TX","48439","Male","M","2023","2023","Accidental poisoning by and exposure to other and unspecified drugs, medicaments and biological substances","X44","Medical Facility - Inpatient","1",13,Not Applicable,Not Applicable,Not Applicable,Not Applicable
,"Tarrant County, TX","48439","Male","M","2023","2023","Accidental poisoning by and exposure to other and unspecified drugs, medicaments and biological substances","X44","Medical Facility - Outpatient or ER","2",10,Not Applicable,Not Applicable,Not Applicable,Not Applicable
,"Tarrant County, TX","48439","Male","M","2023","2023","Accidental poisoning by and exposure to other and unspecified drugs, medicaments and biological substances","X44","Decedent's home","4",45,Not Applicable,Not Applicable,Not Applicable,Not Applicable
,"Tarrant County, TX","48439","Male","M","2023","2023","Accidental poisoning by and exposure to other and unspecified drugs, medicaments and biological substances","X44","Other","7",25,Not Applicable,Not Applicable,Not Applicable,Not Applicable
,"Travis County, TX","48453","Female","F","2023","2023","Accidental poisoning by and exposure to narcotics and psychodysleptics [hallucinogens], not elsewhere classified","X42","Decedent's home","4",12,Not Applicable,Not Applicable,Not Applicable,Not Applicable
,"Travis County, TX","48453","Female","F","2023","2023","Accidental poisoning by and exposure to other and unspecified drugs, medicaments and biological substances","X44","Decedent's home","4",29,Not Applicable,Not Applicable,Not Applicable,Not Applicable
,"Travis County, TX","48453","Female","F","2023","2023","Accidental poisoning by and exposure to other and unspecified drugs, medicaments and biological substances","X44","Other","7",20,Not Applicable,Not Applicable,Not Applicable,Not Applicable
,"Travis County, TX","48453","Male","M","2023","2023","Accidental poisoning by and exposure to antiepileptic, sedative-hypnotic, antiparkinsonism and psychotropic drugs, not elsewhere classified","X41","Decedent's home","4",19,Not Applicable,Not Applicable,Not Applicable,Not Applicable
,"Travis County, TX","48453","Male","M","2023","2023","Accidental poisoning by and exposure to antiepileptic, sedative-hypnotic, antiparkinsonism and psychotropic drugs, not elsewhere classified","X41","Other","7",19,Not Applicable,Not Applicable,Not Applicable,Not Applicable
,"Travis County, TX","48453","Male","M","2023","2023","Accidental poisoning by and exposure to narcotics and psychodysleptics [hallucinogens], not elsewhere classified","X42","Medical Facility - Inpatient","1",10,Not Applicable,Not Applicable,Not Applicable,Not Applicable
,"Travis County, TX","48453","Male","M","2023","2023","Accidental poisoning by and exposure to narcotics and psychodysleptics [hallucinogens], not elsewhere classified","X42","Decedent's home","4",43,Not Applicable,Not Applicable,Not Applicable,Not Applicable
,"Travis County, TX","48453","Male","M","2023","2023","Accidental poisoning by and exposure to narcotics and psychodysleptics [hallucinogens], not elsewhere classified","X42","Other","7",18,Not Applicable,Not Applicable,Not Applicable,Not Applicable
,"Travis County, TX","48453","Male","M","2023","2023","Accidental poisoning by and exposure to other and unspecified drugs, medicaments and biological substances","X44","Decedent's home","4",59,Not Applicable,Not Applicable,Not Applicable,Not Applicable
,"Travis County, TX","48453","Male","M","2023","2023","Accidental poisoning by and exposure to other and unspecified drugs, medicaments and biological substances","X44","Other","7",59,Not Applicable,Not Applicable,Not Applicable,Not Applicable
,"Webb County, TX","48479","Male","M","2023","2023","Accidental poisoning by and exposure to narcotics and psychodysleptics [hallucinogens], not elsewhere classified","X42","Medical Facility - Outpatient or ER","2",10,Not Applicable,Not Applicable,Not Applicable,Not Applicable
,"Webb County, TX","48479","Male","M","2023","2023","Accidental poisoning by and exposure to narcotics and psychodysleptics [hallucinogens], not elsewhere classified","X42","Decedent's home","4",15,Not Applicable,Not Applicable,Not Applicable,Not Applicable
,"Webb County, TX","48479","Male","M","2023","2023","Accidental poisoning by and exposure to other and unspecified drugs, medicaments and biological substances","X44","Medical Facility - Outpatient or ER","2",13,Not Applicable,Not Applicable,Not Applicable,Not Applicable
,"Webb County, TX","48479","Male","M","2023","2023","Accidental poisoning by and exposure to other and unspecified drugs, medicaments and biological substances","X44","Other","7",12,Not Applicable,Not Applicable,Not Applicable,Not Applicable
,"Williamson County, TX","48491","Male","M","2023","2023","Accidental poisoning by and exposure to narcotics and psychodysleptics [hallucinogens], not elsewhere classified","X42","Decedent's home","4",11,Not Applicable,Not Applicable,Not Applicable,Not Applicable
,"Williamson County, TX","48491","Male","M","2023","2023","Accidental poisoning by and exposure to other and unspecified drugs, medicaments and biological substances","X44","Decedent's home","4",16,Not Applicable,Not Applicable,Not Applicable,Not Applicable
,"Williamson County, TX","48491","Male","M","2023","2023","Accidental poisoning by and exposure to other and unspecified drugs, medicaments and biological substances","X44","Other","7",11,Not Applicable,Not Applicable,Not Applicable,Not Applicable
,"Davis County, UT","49011","Female","F","2023","2023","Accidental poisoning by and exposure to other and unspecified drugs, medicaments and biological substances","X44","Decedent's home","4",11,Not Applicable,Not Applicable,Not Applicable,Not Applicable
,"Salt Lake County, UT","49035","Female","F","2023","2023","Accidental poisoning by and exposure to other and unspecified drugs, medicaments and biological substances","X44","Decedent's home","4",33,Not Applicable,Not Applicable,Not Applicable,Not Applicable
,"Salt Lake County, UT","49035","Male","M","2023","2023","Accidental poisoning by and exposure to antiepileptic, sedative-hypnotic, antiparkinsonism and psychotropic drugs, not elsewhere classified","X41","Decedent's home","4",19,Not Applicable,Not Applicable,Not Applicable,Not Applicable
,"Salt Lake County, UT","49035","Male","M","2023","2023","Accidental poisoning by and exposure to narcotics and psychodysleptics [hallucinogens], not elsewhere classified","X42","Decedent's home","4",29,Not Applicable,Not Applicable,Not Applicable,Not Applicable
,"Salt Lake County, UT","49035","Male","M","2023","2023","Accidental poisoning by and exposure to narcotics and psychodysleptics [hallucinogens], not elsewhere classified","X42","Other","7",13,Not Applicable,Not Applicable,Not Applicable,Not Applicable
,"Salt Lake County, UT","49035","Male","M","2023","2023","Accidental poisoning by and exposure to other and unspecified drugs, medicaments and biological substances","X44","Medical Facility - Inpatient","1",13,Not Applicable,Not Applicable,Not Applicable,Not Applicable
,"Salt Lake County, UT","49035","Male","M","2023","2023","Accidental poisoning by and exposure to other and unspecified drugs, medicaments and biological substances","X44","Decedent's home","4",60,Not Applicable,Not Applicable,Not Applicable,Not Applicable
,"Salt Lake County, UT","49035","Male","M","2023","2023","Accidental poisoning by and exposure to other and unspecified drugs, medicaments and biological substances","X44","Other","7",31,Not Applicable,Not Applicable,Not Applicable,Not Applicable
,"Utah County, UT","49049","Female","F","2023","2023","Accidental poisoning by and exposure to other and unspecified drugs, medicaments and biological substances","X44","Decedent's home","4",26,Not Applicable,Not Applicable,Not Applicable,Not Applicable
,"Utah County, UT","49049","Male","M","2023","2023","Accidental poisoning by and exposure to other and unspecified drugs, medicaments and biological substances","X44","Decedent's home","4",21,Not Applicable,Not Applicable,Not Applicable,Not Applicable
,"Utah County, UT","49049","Male","M","2023","2023","Accidental poisoning by and exposure to other and unspecified drugs, medicaments and biological substances","X44","Other","7",14,Not Applicable,Not Applicable,Not Applicable,Not Applicable
,"Weber County, UT","49057","Female","F","2023","2023","Accidental poisoning by and exposure to other and unspecified drugs, medicaments and biological substances","X44","Decedent's home","4",11,Not Applicable,Not Applicable,Not Applicable,Not Applicable
,"Chittenden County, VT","50007","Male","M","2023","2023","Accidental poisoning by and exposure to narcotics and psychodysleptics [hallucinogens], not elsewhere classified","X42","Decedent's home","4",11,Not Applicable,Not Applicable,Not Applicable,Not Applicable
,"Chittenden County, VT","50007","Male","M","2023","2023","Accidental poisoning by and exposure to other and unspecified drugs, medicaments and biological substances","X44","Decedent's home","4",16,Not Applicable,Not Applicable,Not Applicable,Not Applicable
,"Chesterfield County, VA","51041","Female","F","2023","2023","Accidental poisoning by and exposure to narcotics and psychodysleptics [hallucinogens], not elsewhere classified","X42","Decedent's home","4",14,Not Applicable,Not Applicable,Not Applicable,Not Applicable
,"Chesterfield County, VA","51041","Male","M","2023","2023","Accidental poisoning by and exposure to narcotics and psychodysleptics [hallucinogens], not elsewhere classified","X42","Medical Facility - Outpatient or ER","2",10,Not Applicable,Not Applicable,Not Applicable,Not Applicable
,"Chesterfield County, VA","51041","Male","M","2023","2023","Accidental poisoning by and exposure to narcotics and psychodysleptics [hallucinogens], not elsewhere classified","X42","Decedent's home","4",26,Not Applicable,Not Applicable,Not Applicable,Not Applicable
,"Chesterfield County, VA","51041","Male","M","2023","2023","Accidental poisoning by and exposure to narcotics and psychodysleptics [hallucinogens], not elsewhere classified","X42","Other","7",20,Not Applicable,Not Applicable,Not Applicable,Not Applicable
,"Fairfax County, VA","51059","Male","M","2023","2023","Accidental poisoning by and exposure to narcotics and psychodysleptics [hallucinogens], not elsewhere classified","X42","Decedent's home","4",18,Not Applicable,Not Applicable,Not Applicable,Not Applicable
,"Fairfax County, VA","51059","Male","M","2023","2023","Accidental poisoning by and exposure to narcotics and psychodysleptics [hallucinogens], not elsewhere classified","X42","Other","7",18,Not Applicable,Not Applicable,Not Applicable,Not Applicable
,"Fairfax County, VA","51059","Male","M","2023","2023","Accidental poisoning by and exposure to other and unspecified drugs, medicaments and biological substances","X44","Decedent's home","4",32,Not Applicable,Not Applicable,Not Applicable,Not Applicable
,"Fairfax County, VA","51059","Male","M","2023","2023","Accidental poisoning by and exposure to other and unspecified drugs, medicaments and biological substances","X44","Other","7",14,Not Applicable,Not Applicable,Not Applicable,Not Applicable
,"Hanover County, VA","51085","Male","M","2023","2023","Accidental poisoning by and exposure to narcotics and psychodysleptics [hallucinogens], not elsewhere classified","X42","Decedent's home","4",10,Not Applicable,Not Applicable,Not Applicable,Not Applicable
,"Henrico County, VA","51087","Male","M","2023","2023","Accidental poisoning by and exposure to narcotics and psychodysleptics [hallucinogens], not elsewhere classified","X42","Medical Facility - Outpatient or ER","2",10,Not Applicable,Not Applicable,Not Applicable,Not Applicable
,"Henrico County, VA","51087","Male","M","2023","2023","Accidental poisoning by and exposure to narcotics and psychodysleptics [hallucinogens], not elsewhere classified","X42","Decedent's home","4",32,Not Applicable,Not Applicable,Not Applicable,Not Applicable
,"Henrico County, VA","51087","Male","M","2023","2023","Accidental poisoning by and exposure to narcotics and psychodysleptics [hallucinogens], not elsewhere classified","X42","Other","7",31,Not Applicable,Not Applicable,Not Applicable,Not Applicable
,"Loudoun County, VA","51107","Male","M","2023","2023","Accidental poisoning by and exposure to narcotics and psychodysleptics [hallucinogens], not elsewhere classified","X42","Decedent's home","4",11,Not Applicable,Not Applicable,Not Applicable,Not Applicable
,"Prince William County, VA","51153","Male","M","2023","2023","Accidental poisoning by and exposure to narcotics and psychodysleptics [hallucinogens], not elsewhere classified","X42","Decedent's home","4",16,Not Applicable,Not Applicable,Not Applicable,Not Applicable
,"Prince William County, VA","51153","Male","M","2023","2023","Accidental poisoning by and exposure to narcotics and psychodysleptics [hallucinogens], not elsewhere classified","X42","Other","7",14,Not Applicable,Not Applicable,Not Applicable,Not Applicable
,"Prince William County, VA","51153","Male","M","2023","2023","Accidental poisoning by and exposure to other and unspecified drugs, medicaments and biological substances","X44","Decedent's home","4",11,Not Applicable,Not Applicable,Not Applicable,Not Applicable
,"Chesapeake city, VA","51550","Female","F","2023","2023","Accidental poisoning by and exposure to narcotics and psychodysleptics [hallucinogens], not elsewhere classified","X42","Other","7",13,Not Applicable,Not Applicable,Not Applicable,Not Applicable
,"Chesapeake city, VA","51550","Male","M","2023","2023","Accidental poisoning by and exposure to narcotics and psychodysleptics [hallucinogens], not elsewhere classified","X42","Other","7",35,Not Applicable,Not Applicable,Not Applicable,Not Applicable
,"Hampton city, VA","51650","Male","M","2023","2023","Accidental poisoning by and exposure to narcotics and psychodysleptics [hallucinogens], not elsewhere classified","X42","Other","7",23,Not Applicable,Not Applicable,Not Applicable,Not Applicable
,"Newport News city, VA","51700","Male","M","2023","2023","Accidental poisoning by and exposure to narcotics and psychodysleptics [hallucinogens], not elsewhere classified","X42","Other","7",24,Not Applicable,Not Applicable,Not Applicable,Not Applicable
,"Norfolk city, VA","51710","Female","F","2023","2023","Accidental poisoning by and exposure to narcotics and psychodysleptics [hallucinogens], not elsewhere classified","X42","Other","7",16,Not Applicable,Not Applicable,Not Applicable,Not Applicable
,"Norfolk city, VA","51710","Male","M","2023","2023","Accidental poisoning by and exposure to narcotics and psychodysleptics [hallucinogens], not elsewhere classified","X42","Medical Facility - Inpatient","1",12,Not Applicable,Not Applicable,Not Applicable,Not Applicable
,"Norfolk city, VA","51710","Male","M","2023","2023","Accidental poisoning by and exposure to narcotics and psychodysleptics [hallucinogens], not elsewhere classified","X42","Other","7",39,Not Applicable,Not Applicable,Not Applicable,Not Applicable
,"Norfolk city, VA","51710","Male","M","2023","2023","Accidental poisoning by and exposure to other and unspecified drugs, medicaments and biological substances","X44","Other","7",16,Not Applicable,Not Applicable,Not Applicable,Not Applicable
,"Petersburg city, VA","51730","Male","M","2023","2023","Accidental poisoning by and exposure to narcotics and psychodysleptics [hallucinogens], not elsewhere classified","X42","Decedent's home","4",11,Not Applicable,Not Applicable,Not Applicable,Not Applicable
,"Portsmouth city, VA","51740","Female","F","2023","2023","Accidental poisoning by and exposure to narcotics and psychodysleptics [hallucinogens], not elsewhere classified","X42","Other","7",12,Not Applicable,Not Applicable,Not Applicable,Not Applicable
,"Portsmouth city, VA","51740","Male","M","2023","2023","Accidental poisoning by and exposure to narcotics and psychodysleptics [hallucinogens], not elsewhere classified","X42","Other","7",46,Not Applicable,Not Applicable,Not Applicable,Not Applicable
,"Richmond city, VA","51760","Female","F","2023","2023","Accidental poisoning by and exposure to narcotics and psychodysleptics [hallucinogens], not elsewhere classified","X42","Decedent's home","4",35,Not Applicable,Not Applicable,Not Applicable,Not Applicable
,"Richmond city, VA","51760","Female","F","2023","2023","Accidental poisoning by and exposure to narcotics and psychodysleptics [hallucinogens], not elsewhere classified","X42","Other","7",14,Not Applicable,Not Applicable,Not Applicable,Not Applicable
,"Richmond city, VA","51760","Male","M","2023","2023","Accidental poisoning by and exposure to narcotics and psychodysleptics [hallucinogens], not elsewhere classified","X42","Medical Facility - Inpatient","1",11,Not Applicable,Not Applicable,Not Applicable,Not Applicable
,"Richmond city, VA","51760","Male","M","2023","2023","Accidental poisoning by and exposure to narcotics and psychodysleptics [hallucinogens], not elsewhere classified","X42","Medical Facility - Outpatient or ER","2",12,Not Applicable,Not Applicable,Not Applicable,Not Applicable
,"Richmond city, VA","51760","Male","M","2023","2023","Accidental poisoning by and exposure to narcotics and psychodysleptics [hallucinogens], not elsewhere classified","X42","Decedent's home","4",64,Not Applicable,Not Applicable,Not Applicable,Not Applicable
,"Richmond city, VA","51760","Male","M","2023","2023","Accidental poisoning by and exposure to narcotics and psychodysleptics [hallucinogens], not elsewhere classified","X42","Other","7",42,Not Applicable,Not Applicable,Not Applicable,Not Applicable
,"Roanoke city, VA","51770","Male","M","2023","2023","Accidental poisoning by and exposure to narcotics and psychodysleptics [hallucinogens], not elsewhere classified","X42","Other","7",14,Not Applicable,Not Applicable,Not Applicable,Not Applicable
,"Roanoke city, VA","51770","Male","M","2023","2023","Accidental poisoning by and exposure to other and unspecified drugs, medicaments and biological substances","X44","Other","7",13,Not Applicable,Not Applicable,Not Applicable,Not Applicable
,"Suffolk city, VA","51800","Male","M","2023","2023","Accidental poisoning by and exposure to narcotics and psychodysleptics [hallucinogens], not elsewhere classified","X42","Other","7",14,Not Applicable,Not Applicable,Not Applicable,Not Applicable
,"Virginia Beach city, VA","51810","Female","F","2023","2023","Accidental poisoning by and exposure to narcotics and psychodysleptics [hallucinogens], not elsewhere classified","X42","Other","7",15,Not Applicable,Not Applicable,Not Applicable,Not Applicable
,"Virginia Beach city, VA","51810","Male","M","2023","2023","Accidental poisoning by and exposure to narcotics and psychodysleptics [hallucinogens], not elsewhere classified","X42","Other","7",43,Not Applicable,Not Applicable,Not Applicable,Not Applicable
,"Virginia Beach city, VA","51810","Male","M","2023","2023","Accidental poisoning by and exposure to other and unspecified drugs, medicaments and biological substances","X44","Other","7",27,Not Applicable,Not Applicable,Not Applicable,Not Applicable
,"Clark County, WA","53011","Female","F","2023","2023","Accidental poisoning by and exposure to other and unspecified drugs, medicaments and biological substances","X44","Other","7",13,Not Applicable,Not Applicable,Not Applicable,Not Applicable
,"Clark County, WA","53011","Male","M","2023","2023","Accidental poisoning by and exposure to antiepileptic, sedative-hypnotic, antiparkinsonism and psychotropic drugs, not elsewhere classified","X41","Decedent's home","4",15,Not Applicable,Not Applicable,Not Applicable,Not Applicable
,"Clark County, WA","53011","Male","M","2023","2023","Accidental poisoning by and exposure to narcotics and psychodysleptics [hallucinogens], not elsewhere classified","X42","Decedent's home","4",10,Not Applicable,Not Applicable,Not Applicable,Not Applicable
,"Clark County, WA","53011","Male","M","2023","2023","Accidental poisoning by and exposure to narcotics and psychodysleptics [hallucinogens], not elsewhere classified","X42","Other","7",17,Not Applicable,Not Applicable,Not Applicable,Not Applicable
,"Clark County, WA","53011","Male","M","2023","2023","Accidental poisoning by and exposure to other and unspecified drugs, medicaments and biological substances","X44","Decedent's home","4",18,Not Applicable,Not Applicable,Not Applicable,Not Applicable
,"Clark County, WA","53011","Male","M","2023","2023","Accidental poisoning by and exposure to other and unspecified drugs, medicaments and biological substances","X44","Other","7",22,Not Applicable,Not Applicable,Not Applicable,Not Applicable
,"Cowlitz County, WA","53015","Male","M","2023","2023","Accidental poisoning by and exposure to other and unspecified drugs, medicaments and biological substances","X44","Other","7",10,Not Applicable,Not Applicable,Not Applicable,Not Applicable
,"Grays Harbor County, WA","53027","Male","M","2023","2023","Accidental poisoning by and exposure to other and unspecified drugs, medicaments and biological substances","X44","Decedent's home","4",15,Not Applicable,Not Applicable,Not Applicable,Not Applicable
,"Grays Harbor County, WA","53027","Male","M","2023","2023","Accidental poisoning by and exposure to other and unspecified drugs, medicaments and biological substances","X44","Other","7",11,Not Applicable,Not Applicable,Not Applicable,Not Applicable
,"King County, WA","53033","Female","F","2023","2023","Accidental poisoning by and exposure to narcotics and psychodysleptics [hallucinogens], not elsewhere classified","X42","Decedent's home","4",39,Not Applicable,Not Applicable,Not Applicable,Not Applicable
,"King County, WA","53033","Female","F","2023","2023","Accidental poisoning by and exposure to narcotics and psychodysleptics [hallucinogens], not elsewhere classified","X42","Other","7",16,Not Applicable,Not Applicable,Not Applicable,Not Applicable
,"King County, WA","53033","Female","F","2023","2023","Accidental poisoning by and exposure to other and unspecified drugs, medicaments and biological substances","X44","Medical Facility - Inpatient","1",18,Not Applicable,Not Applicable,Not Applicable,Not Applicable
,"King County, WA","53033","Female","F","2023","2023","Accidental poisoning by and exposure to other and unspecified drugs, medicaments and biological substances","X44","Decedent's home","4",99,Not Applicable,Not Applicable,Not Applicable,Not Applicable
,"King County, WA","53033","Female","F","2023","2023","Accidental poisoning by and exposure to other and unspecified drugs, medicaments and biological substances","X44","Other","7",65,Not Applicable,Not Applicable,Not Applicable,Not Applicable
,"King County, WA","53033","Female","F","2023","2023","Intentional self-poisoning by and exposure to other and unspecified drugs, medicaments and biological substances","X64","Decedent's home","4",15,Not Applicable,Not Applicable,Not Applicable,Not Applicable
,"King County, WA","53033","Male","M","2023","2023","Accidental poisoning by and exposure to antiepileptic, sedative-hypnotic, antiparkinsonism and psychotropic drugs, not elsewhere classified","X41","Decedent's home","4",32,Not Applicable,Not Applicable,Not Applicable,Not Applicable
,"King County, WA","53033","Male","M","2023","2023","Accidental poisoning by and exposure to antiepileptic, sedative-hypnotic, antiparkinsonism and psychotropic drugs, not elsewhere classified","X41","Other","7",30,Not Applicable,Not Applicable,Not Applicable,Not Applicable
,"King County, WA","53033","Male","M","2023","2023","Accidental poisoning by and exposure to narcotics and psychodysleptics [hallucinogens], not elsewhere classified","X42","Medical Facility - Inpatient","1",47,Not Applicable,Not Applicable,Not Applicable,Not Applicable
,"King County, WA","53033","Male","M","2023","2023","Accidental poisoning by and exposure to narcotics and psychodysleptics [hallucinogens], not elsewhere classified","X42","Decedent's home","4",110,Not Applicable,Not Applicable,Not Applicable,Not Applicable
,"King County, WA","53033","Male","M","2023","2023","Accidental poisoning by and exposure to narcotics and psychodysleptics [hallucinogens], not elsewhere classified","X42","Other","7",93,Not Applicable,Not Applicable,Not Applicable,Not Applicable
,"King County, WA","53033","Male","M","2023","2023","Accidental poisoning by and exposure to other and unspecified drugs, medicaments and biological substances","X44","Medical Facility - Inpatient","1",51,Not Applicable,Not Applicable,Not Applicable,Not Applicable
,"King County, WA","53033","Male","M","2023","2023","Accidental poisoning by and exposure to other and unspecified drugs, medicaments and biological substances","X44","Medical Facility - Outpatient or ER","2",16,Not Applicable,Not Applicable,Not Applicable,Not Applicable
,"King County, WA","53033","Male","M","2023","2023","Accidental poisoning by and exposure to other and unspecified drugs, medicaments and biological substances","X44","Decedent's home","4",282,Not Applicable,Not Applicable,Not Applicable,Not Applicable
,"King County, WA","53033","Male","M","2023","2023","Accidental poisoning by and exposure to other and unspecified drugs, medicaments and biological substances","X44","Other","7",254,Not Applicable,Not Applicable,Not Applicable,Not Applicable
,"King County, WA","53033","Male","M","2023","2023","Intentional self-poisoning by and exposure to other and unspecified drugs, medicaments and biological substances","X64","Decedent's home","4",11,Not Applicable,Not Applicable,Not Applicable,Not Applicable
,"Kitsap County, WA","53035","Female","F","2023","2023","Accidental poisoning by and exposure to other and unspecified drugs, medicaments and biological substances","X44","Decedent's home","4",10,Not Applicable,Not Applicable,Not Applicable,Not Applicable
,"Kitsap County, WA","53035","Male","M","2023","2023","Accidental poisoning by and exposure to other and unspecified drugs, medicaments and biological substances","X44","Decedent's home","4",12,Not Applicable,Not Applicable,Not Applicable,Not Applicable
,"Kitsap County, WA","53035","Male","M","2023","2023","Accidental poisoning by and exposure to other and unspecified drugs, medicaments and biological substances","X44","Other","7",17,Not Applicable,Not Applicable,Not Applicable,Not Applicable
,"Pierce County, WA","53053","Female","F","2023","2023","Accidental poisoning by and exposure to narcotics and psychodysleptics [hallucinogens], not elsewhere classified","X42","Decedent's home","4",18,Not Applicable,Not Applicable,Not Applicable,Not Applicable
,"Pierce County, WA","53053","Female","F","2023","2023","Accidental poisoning by and exposure to narcotics and psychodysleptics [hallucinogens], not elsewhere classified","X42","Other","7",10,Not Applicable,Not Applicable,Not Applicable,Not Applicable
,"Pierce County, WA","53053","Female","F","2023","2023","Accidental poisoning by and exposure to other and unspecified drugs, medicaments and biological substances","X44","Decedent's home","4",26,Not Applicable,Not Applicable,Not Applicable,Not Applicable
,"Pierce County, WA","53053","Female","F","2023","2023","Accidental poisoning by and exposure to other and unspecified drugs, medicaments and biological substances","X44","Other","7",27,Not Applicable,Not Applicable,Not Applicable,Not Applicable
,"Pierce County, WA","53053","Male","M","2023","2023","Accidental poisoning by and exposure to antiepileptic, sedative-hypnotic, antiparkinsonism and psychotropic drugs, not elsewhere classified","X41","Medical Facility - Inpatient","1",13,Not Applicable,Not Applicable,Not Applicable,Not Applicable
,"Pierce County, WA","53053","Male","M","2023","2023","Accidental poisoning by and exposure to antiepileptic, sedative-hypnotic, antiparkinsonism and psychotropic drugs, not elsewhere classified","X41","Decedent's home","4",16,Not Applicable,Not Applicable,Not Applicable,Not Applicable
,"Pierce County, WA","53053","Male","M","2023","2023","Accidental poisoning by and exposure to antiepileptic, sedative-hypnotic, antiparkinsonism and psychotropic drugs, not elsewhere classified","X41","Other","7",13,Not Applicable,Not Applicable,Not Applicable,Not Applicable
,"Pierce County, WA","53053","Male","M","2023","2023","Accidental poisoning by and exposure to narcotics and psychodysleptics [hallucinogens], not elsewhere classified","X42","Medical Facility - Inpatient","1",19,Not Applicable,Not Applicable,Not Applicable,Not Applicable
,"Pierce County, WA","53053","Male","M","2023","2023","Accidental poisoning by and exposure to narcotics and psychodysleptics [hallucinogens], not elsewhere classified","X42","Decedent's home","4",68,Not Applicable,Not Applicable,Not Applicable,Not Applicable
,"Pierce County, WA","53053","Male","M","2023","2023","Accidental poisoning by and exposure to narcotics and psychodysleptics [hallucinogens], not elsewhere classified","X42","Other","7",33,Not Applicable,Not Applicable,Not Applicable,Not Applicable
,"Pierce County, WA","53053","Male","M","2023","2023","Accidental poisoning by and exposure to other and unspecified drugs, medicaments and biological substances","X44","Medical Facility - Inpatient","1",14,Not Applicable,Not Applicable,Not Applicable,Not Applicable
,"Pierce County, WA","53053","Male","M","2023","2023","Accidental poisoning by and exposure to other and unspecified drugs, medicaments and biological substances","X44","Decedent's home","4",66,Not Applicable,Not Applicable,Not Applicable,Not Applicable
,"Pierce County, WA","53053","Male","M","2023","2023","Accidental poisoning by and exposure to other and unspecified drugs, medicaments and biological substances","X44","Other","7",69,Not Applicable,Not Applicable,Not Applicable,Not Applicable
,"Skagit County, WA","53057","Male","M","2023","2023","Accidental poisoning by and exposure to other and unspecified drugs, medicaments and biological substances","X44","Decedent's home","4",13,Not Applicable,Not Applicable,Not Applicable,Not Applicable
,"Skagit County, WA","53057","Male","M","2023","2023","Accidental poisoning by and exposure to other and unspecified drugs, medicaments and biological substances","X44","Other","7",11,Not Applicable,Not Applicable,Not Applicable,Not Applicable
,"Snohomish County, WA","53061","Female","F","2023","2023","Accidental poisoning by and exposure to narcotics and psychodysleptics [hallucinogens], not elsewhere classified","X42","Decedent's home","4",18,Not Applicable,Not Applicable,Not Applicable,Not Applicable
,"Snohomish County, WA","53061","Female","F","2023","2023","Accidental poisoning by and exposure to other and unspecified drugs, medicaments and biological substances","X44","Decedent's home","4",33,Not Applicable,Not Applicable,Not Applicable,Not Applicable
,"Snohomish County, WA","53061","Female","F","2023","2023","Accidental poisoning by and exposure to other and unspecified drugs, medicaments and biological substances","X44","Other","7",11,Not Applicable,Not Applicable,Not Applicable,Not Applicable
,"Snohomish County, WA","53061","Male","M","2023","2023","Accidental poisoning by and exposure to antiepileptic, sedative-hypnotic, antiparkinsonism and psychotropic drugs, not elsewhere classified","X41","Decedent's home","4",10,Not Applicable,Not Applicable,Not Applicable,Not Applicable
,"Snohomish County, WA","53061","Male","M","2023","2023","Accidental poisoning by and exposure to narcotics and psychodysleptics [hallucinogens], not elsewhere classified","X42","Medical Facility - Inpatient","1",14,Not Applicable,Not Applicable,Not Applicable,Not Applicable
,"Snohomish County, WA","53061","Male","M","2023","2023","Accidental poisoning by and exposure to narcotics and psychodysleptics [hallucinogens], not elsewhere classified","X42","Decedent's home","4",40,Not Applicable,Not Applicable,Not Applicable,Not Applicable
,"Snohomish County, WA","53061","Male","M","2023","2023","Accidental poisoning by and exposure to narcotics and psychodysleptics [hallucinogens], not elsewhere classified","X42","Other","7",34,Not Applicable,Not Applicable,Not Applicable,Not Applicable
,"Snohomish County, WA","53061","Male","M","2023","2023","Accidental poisoning by and exposure to other and unspecified drugs, medicaments and biological substances","X44","Medical Facility - Inpatient","1",11,Not Applicable,Not Applicable,Not Applicable,Not Applicable
,"Snohomish County, WA","53061","Male","M","2023","2023","Accidental poisoning by and exposure to other and unspecified drugs, medicaments and biological substances","X44","Decedent's home","4",47,Not Applicable,Not Applicable,Not Applicable,Not Applicable
,"Snohomish County, WA","53061","Male","M","2023","2023","Accidental poisoning by and exposure to other and unspecified drugs, medicaments and biological substances","X44","Other","7",41,Not Applicable,Not Applicable,Not Applicable,Not Applicable
,"Spokane County, WA","53063","Female","F","2023","2023","Accidental poisoning by and exposure to other and unspecified drugs, medicaments and biological substances","X44","Decedent's home","4",14,Not Applicable,Not Applicable,Not Applicable,Not Applicable
,"Spokane County, WA","53063","Female","F","2023","2023","Accidental poisoning by and exposure to other and unspecified drugs, medicaments and biological substances","X44","Other","7",12,Not Applicable,Not Applicable,Not Applicable,Not Applicable
,"Spokane County, WA","53063","Male","M","2023","2023","Accidental poisoning by and exposure to narcotics and psychodysleptics [hallucinogens], not elsewhere classified","X42","Decedent's home","4",33,Not Applicable,Not Applicable,Not Applicable,Not Applicable
,"Spokane County, WA","53063","Male","M","2023","2023","Accidental poisoning by and exposure to narcotics and psychodysleptics [hallucinogens], not elsewhere classified","X42","Other","7",16,Not Applicable,Not Applicable,Not Applicable,Not Applicable
,"Spokane County, WA","53063","Male","M","2023","2023","Accidental poisoning by and exposure to other and unspecified drugs, medicaments and biological substances","X44","Medical Facility - Inpatient","1",14,Not Applicable,Not Applicable,Not Applicable,Not Applicable
,"Spokane County, WA","53063","Male","M","2023","2023","Accidental poisoning by and exposure to other and unspecified drugs, medicaments and biological substances","X44","Decedent's home","4",40,Not Applicable,Not Applicable,Not Applicable,Not Applicable
,"Spokane County, WA","53063","Male","M","2023","2023","Accidental poisoning by and exposure to other and unspecified drugs, medicaments and biological substances","X44","Other","7",30,Not Applicable,Not Applicable,Not Applicable,Not Applicable
,"Thurston County, WA","53067","Male","M","2023","2023","Accidental poisoning by and exposure to narcotics and psychodysleptics [hallucinogens], not elsewhere classified","X42","Decedent's home","4",13,Not Applicable,Not Applicable,Not Applicable,Not Applicable
,"Thurston County, WA","53067","Male","M","2023","2023","Accidental poisoning by and exposure to narcotics and psychodysleptics [hallucinogens], not elsewhere classified","X42","Other","7",10,Not Applicable,Not Applicable,Not Applicable,Not Applicable
,"Thurston County, WA","53067","Male","M","2023","2023","Accidental poisoning by and exposure to other and unspecified drugs, medicaments and biological substances","X44","Decedent's home","4",14,Not Applicable,Not Applicable,Not Applicable,Not Applicable
,"Thurston County, WA","53067","Male","M","2023","2023","Accidental poisoning by and exposure to other and unspecified drugs, medicaments and biological substances","X44","Other","7",22,Not Applicable,Not Applicable,Not Applicable,Not Applicable
,"Whatcom County, WA","53073","Male","M","2023","2023","Accidental poisoning by and exposure to narcotics and psychodysleptics [hallucinogens], not elsewhere classified","X42","Decedent's home","4",13,Not Applicable,Not Applicable,Not Applicable,Not Applicable
,"Whatcom County, WA","53073","Male","M","2023","2023","Accidental poisoning by and exposure to other and unspecified drugs, medicaments and biological substances","X44","Decedent's home","4",27,Not Applicable,Not Applicable,Not Applicable,Not Applicable
,"Whatcom County, WA","53073","Male","M","2023","2023","Accidental poisoning by and exposure to other and unspecified drugs, medicaments and biological substances","X44","Other","7",20,Not Applicable,Not Applicable,Not Applicable,Not Applicable
,"Yakima County, WA","53077","Female","F","2023","2023","Accidental poisoning by and exposure to narcotics and psychodysleptics [hallucinogens], not elsewhere classified","X42","Decedent's home","4",10,Not Applicable,Not Applicable,Not Applicable,Not Applicable
,"Yakima County, WA","53077","Male","M","2023","2023","Accidental poisoning by and exposure to narcotics and psychodysleptics [hallucinogens], not elsewhere classified","X42","Decedent's home","4",16,Not Applicable,Not Applicable,Not Applicable,Not Applicable
,"Yakima County, WA","53077","Male","M","2023","2023","Accidental poisoning by and exposure to narcotics and psychodysleptics [hallucinogens], not elsewhere classified","X42","Other","7",15,Not Applicable,Not Applicable,Not Applicable,Not Applicable
,"Yakima County, WA","53077","Male","M","2023","2023","Accidental poisoning by and exposure to other and unspecified drugs, medicaments and biological substances","X44","Decedent's home","4",11,Not Applicable,Not Applicable,Not Applicable,Not Applicable
,"Yakima County, WA","53077","Male","M","2023","2023","Accidental poisoning by and exposure to other and unspecified drugs, medicaments and biological substances","X44","Other","7",14,Not Applicable,Not Applicable,Not Applicable,Not Applicable
,"Berkeley County, WV","54003","Male","M","2023","2023","Accidental poisoning by and exposure to narcotics and psychodysleptics [hallucinogens], not elsewhere classified","X42","Decedent's home","4",10,Not Applicable,Not Applicable,Not Applicable,Not Applicable
,"Berkeley County, WV","54003","Male","M","2023","2023","Accidental poisoning by and exposure to other and unspecified drugs, medicaments and biological substances","X44","Decedent's home","4",12,Not Applicable,Not Applicable,Not Applicable,Not Applicable
,"Cabell County, WV","54011","Female","F","2023","2023","Accidental poisoning by and exposure to other and unspecified drugs, medicaments and biological substances","X44","Decedent's home","4",12,Not Applicable,Not Applicable,Not Applicable,Not Applicable
,"Cabell County, WV","54011","Male","M","2023","2023","Accidental poisoning by and exposure to other and unspecified drugs, medicaments and biological substances","X44","Decedent's home","4",48,Not Applicable,Not Applicable,Not Applicable,Not Applicable
,"Cabell County, WV","54011","Male","M","2023","2023","Accidental poisoning by and exposure to other and unspecified drugs, medicaments and biological substances","X44","Other","7",13,Not Applicable,Not Applicable,Not Applicable,Not Applicable
,"Fayette County, WV","54019","Male","M","2023","2023","Accidental poisoning by and exposure to other and unspecified drugs, medicaments and biological substances","X44","Decedent's home","4",10,Not Applicable,Not Applicable,Not Applicable,Not Applicable
,"Harrison County, WV","54033","Male","M","2023","2023","Accidental poisoning by and exposure to other and unspecified drugs, medicaments and biological substances","X44","Decedent's home","4",17,Not Applicable,Not Applicable,Not Applicable,Not Applicable
,"Kanawha County, WV","54039","Female","F","2023","2023","Accidental poisoning by and exposure to other and unspecified drugs, medicaments and biological substances","X44","Decedent's home","4",32,Not Applicable,Not Applicable,Not Applicable,Not Applicable
,"Kanawha County, WV","54039","Male","M","2023","2023","Accidental poisoning by and exposure to antiepileptic, sedative-hypnotic, antiparkinsonism and psychotropic drugs, not elsewhere classified","X41","Decedent's home","4",11,Not Applicable,Not Applicable,Not Applicable,Not Applicable
,"Kanawha County, WV","54039","Male","M","2023","2023","Accidental poisoning by and exposure to other and unspecified drugs, medicaments and biological substances","X44","Medical Facility - Outpatient or ER","2",21,Not Applicable,Not Applicable,Not Applicable,Not Applicable
,"Kanawha County, WV","54039","Male","M","2023","2023","Accidental poisoning by and exposure to other and unspecified drugs, medicaments and biological substances","X44","Decedent's home","4",32,Not Applicable,Not Applicable,Not Applicable,Not Applicable
,"Kanawha County, WV","54039","Male","M","2023","2023","Accidental poisoning by and exposure to other and unspecified drugs, medicaments and biological substances","X44","Other","7",18,Not Applicable,Not Applicable,Not Applicable,Not Applicable
,"Lincoln County, WV","54043","Male","M","2023","2023","Accidental poisoning by and exposure to other and unspecified drugs, medicaments and biological substances","X44","Decedent's home","4",10,Not Applicable,Not Applicable,Not Applicable,Not Applicable
,"McDowell County, WV","54047","Male","M","2023","2023","Accidental poisoning by and exposure to other and unspecified drugs, medicaments and biological substances","X44","Decedent's home","4",14,Not Applicable,Not Applicable,Not Applicable,Not Applicable
,"Mercer County, WV","54055","Male","M","2023","2023","Accidental poisoning by and exposure to other and unspecified drugs, medicaments and biological substances","X44","Decedent's home","4",31,Not Applicable,Not Applicable,Not Applicable,Not Applicable
,"Monongalia County, WV","54061","Male","M","2023","2023","Accidental poisoning by and exposure to other and unspecified drugs, medicaments and biological substances","X44","Decedent's home","4",11,Not Applicable,Not Applicable,Not Applicable,Not Applicable
,"Raleigh County, WV","54081","Female","F","2023","2023","Accidental poisoning by and exposure to other and unspecified drugs, medicaments and biological substances","X44","Decedent's home","4",13,Not Applicable,Not Applicable,Not Applicable,Not Applicable
,"Raleigh County, WV","54081","Male","M","2023","2023","Accidental poisoning by and exposure to narcotics and psychodysleptics [hallucinogens], not elsewhere classified","X42","Decedent's home","4",12,Not Applicable,Not Applicable,Not Applicable,Not Applicable
,"Raleigh County, WV","54081","Male","M","2023","2023","Accidental poisoning by and exposure to other and unspecified drugs, medicaments and biological substances","X44","Medical Facility - Outpatient or ER","2",10,Not Applicable,Not Applicable,Not Applicable,Not Applicable
,"Raleigh County, WV","54081","Male","M","2023","2023","Accidental poisoning by and exposure to other and unspecified drugs, medicaments and biological substances","X44","Decedent's home","4",25,Not Applicable,Not Applicable,Not Applicable,Not Applicable
,"Wayne County, WV","54099","Male","M","2023","2023","Accidental poisoning by and exposure to other and unspecified drugs, medicaments and biological substances","X44","Decedent's home","4",12,Not Applicable,Not Applicable,Not Applicable,Not Applicable
,"Wood County, WV","54107","Male","M","2023","2023","Accidental poisoning by and exposure to other and unspecified drugs, medicaments and biological substances","X44","Decedent's home","4",10,Not Applicable,Not Applicable,Not Applicable,Not Applicable
,"Wood County, WV","54107","Male","M","2023","2023","Accidental poisoning by and exposure to other and unspecified drugs, medicaments and biological substances","X44","Other","7",10,Not Applicable,Not Applicable,Not Applicable,Not Applicable
,"Wyoming County, WV","54109","Male","M","2023","2023","Accidental poisoning by and exposure to other and unspecified drugs, medicaments and biological substances","X44","Decedent's home","4",11,Not Applicable,Not Applicable,Not Applicable,Not Applicable
,"Brown County, WI","55009","Male","M","2023","2023","Accidental poisoning by and exposure to narcotics and psychodysleptics [hallucinogens], not elsewhere classified","X42","Other","7",12,Not Applicable,Not Applicable,Not Applicable,Not Applicable
,"Dane County, WI","55025","Female","F","2023","2023","Accidental poisoning by and exposure to other and unspecified drugs, medicaments and biological substances","X44","Decedent's home","4",20,Not Applicable,Not Applicable,Not Applicable,Not Applicable
,"Dane County, WI","55025","Male","M","2023","2023","Accidental poisoning by and exposure to narcotics and psychodysleptics [hallucinogens], not elsewhere classified","X42","Decedent's home","4",19,Not Applicable,Not Applicable,Not Applicable,Not Applicable
,"Dane County, WI","55025","Male","M","2023","2023","Accidental poisoning by and exposure to narcotics and psychodysleptics [hallucinogens], not elsewhere classified","X42","Other","7",13,Not Applicable,Not Applicable,Not Applicable,Not Applicable
,"Dane County, WI","55025","Male","M","2023","2023","Accidental poisoning by and exposure to other and unspecified drugs, medicaments and biological substances","X44","Decedent's home","4",29,Not Applicable,Not Applicable,Not Applicable,Not Applicable
,"Dane County, WI","55025","Male","M","2023","2023","Accidental poisoning by and exposure to other and unspecified drugs, medicaments and biological substances","X44","Other","7",12,Not Applicable,Not Applicable,Not Applicable,Not Applicable
,"Fond du Lac County, WI","55039","Male","M","2023","2023","Accidental poisoning by and exposure to narcotics and psychodysleptics [hallucinogens], not elsewhere classified","X42","Decedent's home","4",10,Not Applicable,Not Applicable,Not Applicable,Not Applicable
,"Kenosha County, WI","55059","Male","M","2023","2023","Accidental poisoning by and exposure to other and unspecified drugs, medicaments and biological substances","X44","Decedent's home","4",18,Not Applicable,Not Applicable,Not Applicable,Not Applicable
,"La Crosse County, WI","55063","Male","M","2023","2023","Accidental poisoning by and exposure to other and unspecified drugs, medicaments and biological substances","X44","Decedent's home","4",13,Not Applicable,Not Applicable,Not Applicable,Not Applicable
,"Milwaukee County, WI","55079","Female","F","2023","2023","Accidental poisoning by and exposure to narcotics and psychodysleptics [hallucinogens], not elsewhere classified","X42","Decedent's home","4",37,Not Applicable,Not Applicable,Not Applicable,Not Applicable
,"Milwaukee County, WI","55079","Female","F","2023","2023","Accidental poisoning by and exposure to narcotics and psychodysleptics [hallucinogens], not elsewhere classified","X42","Other","7",17,Not Applicable,Not Applicable,Not Applicable,Not Applicable
,"Milwaukee County, WI","55079","Female","F","2023","2023","Accidental poisoning by and exposure to other and unspecified drugs, medicaments and biological substances","X44","Medical Facility - Inpatient","1",13,Not Applicable,Not Applicable,Not Applicable,Not Applicable
,"Milwaukee County, WI","55079","Female","F","2023","2023","Accidental poisoning by and exposure to other and unspecified drugs, medicaments and biological substances","X44","Decedent's home","4",50,Not Applicable,Not Applicable,Not Applicable,Not Applicable
,"Milwaukee County, WI","55079","Female","F","2023","2023","Accidental poisoning by and exposure to other and unspecified drugs, medicaments and biological substances","X44","Other","7",25,Not Applicable,Not Applicable,Not Applicable,Not Applicable
,"Milwaukee County, WI","55079","Male","M","2023","2023","Accidental poisoning by and exposure to narcotics and psychodysleptics [hallucinogens], not elsewhere classified","X42","Medical Facility - Inpatient","1",34,Not Applicable,Not Applicable,Not Applicable,Not Applicable
,"Milwaukee County, WI","55079","Male","M","2023","2023","Accidental poisoning by and exposure to narcotics and psychodysleptics [hallucinogens], not elsewhere classified","X42","Medical Facility - Outpatient or ER","2",14,Not Applicable,Not Applicable,Not Applicable,Not Applicable
,"Milwaukee County, WI","55079","Male","M","2023","2023","Accidental poisoning by and exposure to narcotics and psychodysleptics [hallucinogens], not elsewhere classified","X42","Decedent's home","4",136,Not Applicable,Not Applicable,Not Applicable,Not Applicable
,"Milwaukee County, WI","55079","Male","M","2023","2023","Accidental poisoning by and exposure to narcotics and psychodysleptics [hallucinogens], not elsewhere classified","X42","Other","7",53,Not Applicable,Not Applicable,Not Applicable,Not Applicable
,"Milwaukee County, WI","55079","Male","M","2023","2023","Accidental poisoning by and exposure to other and unspecified drugs, medicaments and biological substances","X44","Decedent's home","4",115,Not Applicable,Not Applicable,Not Applicable,Not Applicable
,"Milwaukee County, WI","55079","Male","M","2023","2023","Accidental poisoning by and exposure to other and unspecified drugs, medicaments and biological substances","X44","Other","7",81,Not Applicable,Not Applicable,Not Applicable,Not Applicable
,"Racine County, WI","55101","Male","M","2023","2023","Accidental poisoning by and exposure to narcotics and psychodysleptics [hallucinogens], not elsewhere classified","X42","Decedent's home","4",14,Not Applicable,Not Applicable,Not Applicable,Not Applicable
,"Racine County, WI","55101","Male","M","2023","2023","Accidental poisoning by and exposure to narcotics and psychodysleptics [hallucinogens], not elsewhere classified","X42","Other","7",10,Not Applicable,Not Applicable,Not Applicable,Not Applicable
,"Racine County, WI","55101","Male","M","2023","2023","Accidental poisoning by and exposure to other and unspecified drugs, medicaments and biological substances","X44","Decedent's home","4",12,Not Applicable,Not Applicable,Not Applicable,Not Applicable
,"Rock County, WI","55105","Female","F","2023","2023","Accidental poisoning by and exposure to other and unspecified drugs, medicaments and biological substances","X44","Decedent's home","4",11,Not Applicable,Not Applicable,Not Applicable,Not Applicable
,"Rock County, WI","55105","Male","M","2023","2023","Accidental poisoning by and exposure to narcotics and psychodysleptics [hallucinogens], not elsewhere classified","X42","Decedent's home","4",10,Not Applicable,Not Applicable,Not Applicable,Not Applicable
,"Waukesha County, WI","55133","Male","M","2023","2023","Accidental poisoning by and exposure to narcotics and psychodysleptics [hallucinogens], not elsewhere classified","X42","Decedent's home","4",17,Not Applicable,Not Applicable,Not Applicable,Not Applicable
,"Winnebago County, WI","55139","Male","M","2023","2023","Accidental poisoning by and exposure to narcotics and psychodysleptics [hallucinogens], not elsewhere classified","X42","Decedent's home","4",10,Not Applicable,Not Applicable,Not Applicable,Not Applicable
"---"
"Dataset: Underlying Cause of Death, 2018-2024, Single Race"
"Query Parameters:"
"Title: 2023 Cause of Death"
"Drug/Alcohol Induced Causes: Drug-induced causes"
"Year/Month: 2023"
"Group By: County; Sex; Year; Cause of death; Place of Death"
"Show Totals: Disabled"
"Show Zero Values: Disabled"
"Show Suppressed: False"
"Calculate Rates Per: 100,000"
"Rate Options: Default intercensal populations for years 2001-2009 (except Infant Age Groups)"
"---"
"Help: See http://wonder.cdc.gov/wonder/help/ucd-expanded.html for more information."
"---"
"Query Date: Jun 10, 2026 6:52:36 PM"
"---"
"Suggested Citation: Centers for Disease Control and Prevention, National Center for Health Statistics. National Vital Statistics"
"System, Mortality 2018-2024 on CDC WONDER Online Database, released in 2026. Data are from the Multiple Cause of Death Files,"
"2018-2024, as compiled from data provided by the 57 vital statistics jurisdictions through the Vital Statistics Cooperative"
"Program. Accessed at http://wonder.cdc.gov/ucd-icd10-expanded.html on Jun 10, 2026 6:52:36 PM"
"---"
Messages:
"1. Selections made to any variable in [ICD-10 Codes, Drug/Alcohol Induced Causes] cause equivalent selections in the other"
"variables. More Information: http://wonder.cdc.gov/wonder/help/faq.html#related-variables."
"2. The full results are too long to be displayed. Due to suppression constraints rows that are zero, suppressed or a total will"
"not be available."
"---"
Caveats:
"1. Population and rates are labeled 'Not Applicable' when Autopsy, Place of Death, Education, Industry, Usual Occupation,"
"Weekday or Month are grouped by or limited, due to lack of a valid population. More information:"
"http://wonder.cdc.gov/wonder/help/ucd-expanded.html#NotApplicableRates."
"2. Deaths and population estimates are shown separately from the adjacent counties for Carson City, Nevada (FIPS code 32510)."
"3. Deaths and population estimates are reported separately for Baltimore City (FIPS code 24510) and Baltimore county (FIPS code"
"24005)."
"4. Deaths and population estimates are reported separately for St. Louis City (FIPS code 29510) and county (FIPS code 29189)."
"5. The method used to calculate 95% confidence intervals is documented here: More information:"
"http://wonder.cdc.gov/wonder/help/ucd-expanded.html#Confidence-Intervals."
"6. Beginning with the 2018 data, changes have been implemented that affect the counts for ICD-10 cause of death codes O00-O99"
"compared to previous practice. In addition, data for the cause of death codes O00-O99 for 2003 through 2017 reflect differences"
"in information available to individual states and probable errors. Caution should be used in interpreting these data. More"
"information can be found at: https://www.cdc.gov/nchs/maternal-mortality/."
"7. On March 11, 2021, the 2019 mortality data on CDC WONDER was updated with the 2019 mortality data updated by NCHS on March 4,"
"2021 to include corrected information for residents of Texas affecting 5 records previously coded to cause code *U01.4,"
"Terrorism involving firearms (homicide). The underlying and multiple cause of death codes for 5 records were corrected in the"
"2019 data. Underlying and multiple cause of death codes for those 5 records were recoded to Assault (homicide) by other and"
"unspecified firearm discharge, ICD-10 code X95. The corrected final death records replaces the data released on December 22,"
"2020."
"8. Connecticut population estimates for 2022 and later years are reported for 9 planning regions as county equivalent areas,"
"instead of the former 8 legacy counties in the Vintage 2022 postcensal series released by the Census Bureau on June 22, 2023,"
"and in the Vintage 2023 postcensal series released by the Census Bureau on June 27, 2024. Populations estimates for the former"
"counties are not available for 2022 and later years. More information:"
"http://wonder.cdc.gov/wonder/help/ucd-expanded.html#Connecticut-2022."
"9. After the creation of the final 2023 dataset, North Carolina updated the cause of death information for over 900 death"
"certificates to include a cause of death code indicating drug overdose (ICD-10 underlying cause-of-death codes: X40-X44,"
"X60-X64, X85, and Y10-Y14). Jurisdictions can continue to update death certificates after the closing of the mortality file. As"
"a result, users should consider that the actual death count for drug overdose deaths for North Carolina in 2023 is over 4,400"
"deaths, with a crude rate of approximately 41.0 per 100,000 population, and an age-adjusted rate of approximately 42.1 per"
"100,000 population. These deaths will not be updated on the final mortality datasets."
"10. Changes to cause of death classification affect reporting trends. More information:"
"http://wonder.cdc.gov/wonder/help/ucd-expanded.html#ICD-10 Changes."