county_name,median_income,population,state,county,poverty_rate,unemployment_rate,fips
"Autauga County, Alabama",57982,55639,01,001,15.2,2.9,01001
"Baldwin County, Alabama",61756,218289,01,003,9.2,3.9,01003
"Barbour County, Alabama",34990,25026,01,005,28.6,6.9,01005
"Bibb County, Alabama",51721,22374,01,007,18.1,7.4,01007
"Blount County, Alabama",48922,57755,01,009,13.7,5.2,01009
"Bullock County, Alabama",33866,10173,01,011,29.5,3.4,01011
"Butler County, Alabama",44850,19726,01,013,19.6,6.5,01013
"Calhoun County, Alabama",50128,114324,01,015,15.8,7.3,01015
"Lewis County, Kentucky",29844,13345,21,135,28.4,6.4,21135
"Lincoln County, Kentucky",42231,24493,21,137,20.6,7.4,21137
"Livingston County, Kentucky",52795,9172,21,139,13.6,5.8,21139
"Logan County, Kentucky",48912,27049,21,141,17.2,4.7,21141
"Lyon County, Kentucky",49286,8226,21,143,11.6,3.2,21143
"McCracken County, Kentucky",47011,65485,21,145,15.2,3.5,21145
"McCreary County, Kentucky",29499,17333,21,147,31.7,7.7,21147
"Madison County, Kentucky",51649,92090,21,151,17.9,6.5,21151
"Marion County, Kentucky",43587,19257,21,155,21.3,7.9,21155
"Marshall County, Kentucky",57348,31225,21,157,10.2,3.6,21157
"Mason County, Kentucky",46241,17122,21,161,17.2,4.2,21161
"Meade County, Kentucky",61500,28379,21,163,12.1,5.2,21163
"Mercer County, Kentucky",52312,21690,21,167,13.1,6.0,21167
"Metcalfe County, Kentucky",40391,10062,21,169,22.2,3.1,21169
"Montgomery County, Kentucky",46998,28042,21,173,17.8,5.3,21173
"Morgan County, Kentucky",37399,13270,21,175,21.6,5.4,21175
"Nelson County, Kentucky",63032,45915,21,179,7.7,3.3,21179
"Nicholas County, Kentucky",47665,7189,21,181,22.4,5.0,21181
"Oldham County, Kentucky",103761,66508,21,185,4.8,3.6,21185
"Owen County, Kentucky",50553,10847,21,187,17.9,3.9,21187
"Pendleton County, Kentucky",56000,14587,21,191,17.4,4.0,21191
"Pike County, Kentucky",34700,58595,21,195,25.0,8.0,21195
"Powell County, Kentucky",41071,12283,21,197,21.0,5.9,21197
"Robertson County, Kentucky",53074,2139,21,201,28.2,7.7,21201
"Rockcastle County, Kentucky",38744,16795,21,203,22.0,8.9,21203
"Russell County, Kentucky",41731,17846,21,207,21.6,6.4,21207
"Scott County, Kentucky",71750,55961,21,209,9.8,3.3,21209
"Simpson County, Kentucky",50159,18319,21,213,12.4,5.9,21213
"Spencer County, Kentucky",85488,18945,21,215,8.2,4.8,21215
"Todd County, Kentucky",47229,12334,21,219,21.1,5.6,21219
"Trimble County, Kentucky",57589,8528,21,223,17.7,9.9,21223
"Union County, Kentucky",49812,14582,21,225,18.2,5.1,21225
"Washington County, Kentucky",55321,12044,21,229,14.6,4.5,21229
"Wayne County, Kentucky",37678,20447,21,231,22.2,5.7,21231
"Whitley County, Kentucky",39258,36252,21,235,20.8,6.6,21235
"Wolfe County, Kentucky",22292,7188,21,237,36.1,25.4,21237
"Androscoggin County, Maine",55002,107958,23,001,11.3,4.5,23001
"Aroostook County, Maine",43791,67431,23,003,14.3,4.9,23003
"Franklin County, Maine",51630,29933,23,007,12.5,4.8,23007
"Hancock County, Maine",58345,54832,23,009,10.1,3.6,23009
"Knox County, Maine",57794,39809,23,013,9.2,3.5,23013
"Lincoln County, Maine",58125,34415,23,015,10.6,3.9,23015
"Penobscot County, Maine",52128,151696,23,019,13.4,4.6,23019
"Piscataquis County, Maine",42083,16864,23,021,17.3,5.5,23021
"Somerset County, Maine",45382,50573,23,025,19.5,4.7,23025
"Washington County, Maine",44847,31378,23,029,18.1,7.1,23029
"York County, Maine",68932,206074,23,031,7.4,3.5,23031
"Anoka County, Minnesota",84379,353775,27,003,5.8,3.6,27003
"Becker County, Minnesota",60508,34227,27,005,10.7,3.8,27005
"Beltrami County, Minnesota",50525,46784,27,007,18.3,6.1,27007
"Benton County, Minnesota",60564,40476,27,009,8.5,3.3,27009
"Big Stone County, Minnesota",55909,4974,27,011,12.3,2.8,27011
"Blue Earth County, Minnesota",61058,67368,27,013,16.4,3.9,27013
"Brown County, Minnesota",59804,25076,27,015,7.0,2.3,27015
"Carlton County, Minnesota",66201,35709,27,017,10.8,4.8,27017
"Carver County, Minnesota",104011,103561,27,019,3.4,2.5,27019
"Cass County, Minnesota",53845,29462,27,021,13.0,6.2,27021
"Chippewa County, Minnesota",57301,11876,27,023,9.8,5.3,27023
"Chisago County, Minnesota",86900,55844,27,025,6.4,3.7,27025
"Meigs County, Tennessee",50733,12237,47,121,15.4,8.9,47121
"Montgomery County, Tennessee",60878,204992,47,125,12.3,6.0,47125
"Moore County, Tennessee",63762,6396,47,127,8.0,3.9,47127
"Obion County, Tennessee",39985,30343,47,131,19.1,6.2,47131
"Overton County, Tennessee",36478,22171,47,133,19.2,3.6,47133
"Pickett County, Tennessee",43125,5068,47,137,19.3,4.8,47137
"Polk County, Tennessee",45326,16807,47,139,12.4,6.3,47139
"Rhea County, Tennessee",46096,32964,47,143,17.1,8.8,47143
"Roane County, Tennessee",55578,53331,47,145,13.5,6.0,47145
"Rutherford County, Tennessee",68718,324139,47,149,10.3,4.2,47149
"Scott County, Tennessee",37135,22020,47,151,22.0,8.2,47151
"Sequatchie County, Tennessee",44217,14936,47,153,21.6,4.7,47153
"Shelby County, Tennessee",52092,936611,47,157,19.0,7.4,47157
"Smith County, Tennessee",48611,19926,47,159,14.7,3.7,47159
"Sullivan County, Tennessee",47438,157707,47,163,15.5,6.5,47163
"Sumner County, Tennessee",69878,187680,47,165,9.9,3.4,47165
"Trousdale County, Tennessee",56981,10910,47,169,9.8,4.6,47169
"Unicoi County, Tennessee",44526,17821,47,171,17.5,6.1,47171
"Van Buren County, Tennessee",47576,5813,47,175,15.1,5.0,47175
"Warren County, Tennessee",42668,40971,47,177,20.2,3.8,47177
"Wayne County, Tennessee",42206,16638,47,181,16.1,6.0,47181
"Weakley County, Tennessee",41488,33377,47,183,19.9,4.7,47183
"Williamson County, Tennessee",111196,232380,47,187,4.7,2.5,47187
"Wilson County, Tennessee",78962,140604,47,189,8.3,3.5,47189
"Box Elder County, Utah",63573,54953,49,003,7.9,3.1,49003
"Cache County, Utah",60530,126336,49,005,14.6,2.9,49005
"Daggett County, Utah",74911,590,49,009,3.3,1.0,49009
"Davis County, Utah",87570,350761,49,011,5.3,2.6,49011
"Emery County, Utah",57772,10099,49,015,12.0,3.8,49015
"Garfield County, Utah",44279,5000,49,017,16.4,3.0,49017
"Grand County, Utah",56639,9698,49,019,14.0,2.5,49019
"Iron County, Utah",52045,53148,49,021,16.4,4.9,49021
"Juab County, Utah",68333,11623,49,023,11.7,3.6,49023
"Kane County, Utah",49486,7658,49,025,13.1,3.4,49025
"Millard County, Utah",63221,12963,49,027,12.3,3.7,49027
"Morgan County, Utah",100408,11950,49,029,1.7,1.6,49029
"Piute County, Utah",29125,1870,49,031,19.1,3.1,49031
"Rich County, Utah",63917,2415,49,033,10.5,2.7,49033
"Salt Lake County, Utah",77128,1146215,49,035,8.6,3.7,49035
"San Juan County, Utah",49690,15295,49,037,22.8,12.0,49037
"Sanpete County, Utah",55820,30421,49,039,14.8,4.3,49039
"Sevier County, Utah",55361,21475,49,041,14.3,6.5,49041
"Summit County, Utah",106973,41680,49,043,4.5,2.1,49043
"Tooele County, Utah",76737,69740,49,045,5.9,5.2,49045
"Uintah County, Utah",59428,35736,49,047,13.2,6.9,49047
"Utah County, Utah",77057,621506,49,049,10.0,3.7,49049
"Wasatch County, Utah",85807,33053,49,051,4.8,1.8,49051
"Washington County, Utah",61747,172127,49,053,10.0,3.4,49053
"Wayne County, Utah",49299,2698,49,055,10.1,1.8,49055
"Weber County, Utah",71275,255284,49,057,8.6,3.3,49057
"Bennington County, Vermont",58200,35649,50,003,11.3,4.1,50003
"Caledonia County, Vermont",52481,30027,50,005,12.1,3.1,50005
"Essex County, Vermont",47035,6179,50,009,14.1,5.2,50009
"Franklin County, Vermont",65314,49275,50,011,9.8,4.4,50011
"Lamoille County, Vermont",64179,25376,50,015,12.4,3.7,50015
"Orange County, Vermont",62737,28873,50,017,9.7,3.8,50017
"Rutland County, Vermont",57176,58527,50,021,10.9,3.5,50021
"Washington County, Vermont",64862,58336,50,023,10.2,3.2,50023
"Windsor County, Vermont",61503,55191,50,027,9.4,3.8,50027
"Accomack County, Virginia",46178,32560,51,001,19.8,3.8,51001
"Watonwan County, Minnesota",53304,10903,27,165,12.7,3.4,27165
"Cass County, Missouri",72522,104687,29,037,8.3,4.3,29037
"Christian County, Missouri",64442,87324,29,043,10.0,3.6,29043
"Clinton County, Missouri",62213,20503,29,049,10.3,3.5,29049
"Crawford County, Missouri",44380,23984,29,055,17.8,7.7,29055
"Daviess County, Missouri",52143,8294,29,061,13.4,2.3,29061
"Douglas County, Missouri",43714,13335,29,067,15.1,4.2,29067
"Gasconade County, Missouri",56380,14673,29,073,9.5,1.9,29073
"Grundy County, Missouri",46885,9885,29,079,16.7,4.7,29079
"Hickory County, Missouri",33342,9452,29,085,13.8,9.1,29085
"Howell County, Missouri",39482,40130,29,091,23.8,4.4,29091
"Jasper County, Missouri",49155,120528,29,097,17.7,4.9,29097
"Johnson County, Missouri",56440,53948,29,101,13.4,4.6,29101
"Lafayette County, Missouri",62076,32697,29,107,11.8,2.9,29107
"Lincoln County, Missouri",70424,57590,29,113,10.9,4.1,29113
"McDonald County, Missouri",42876,22882,29,119,19.3,4.3,29119
"Maries County, Missouri",48276,8791,29,125,17.6,6.5,29125
"Miller County, Missouri",47964,25369,29,131,13.6,5.9,29131
"Monroe County, Missouri",43422,8630,29,137,15.7,2.0,29137
"New Madrid County, Missouri",40129,17275,29,143,20.7,6.6,29143
"Oregon County, Missouri",32766,10561,29,149,26.3,4.1,29149
"Pemiscot County, Missouri",34709,16330,29,155,30.0,11.3,29155
"Shannon County, Missouri",36229,8207,29,203,26.3,4.2,29203
"Stone County, Missouri",51476,31875,29,209,12.3,7.7,29209
"Texas County, Missouri",35758,25518,29,215,22.4,6.4,29215
"Washington County, Missouri",42849,24819,29,221,20.3,7.2,29221
"Worth County, Missouri",47500,2001,29,227,15.9,2.1,29227
"St. Louis city, Missouri",45782,304709,29,510,20.4,5.8,29510
"Bay County, Florida",56483,180076,12,005,13.0,4.4,12005
"Broward County, Florida",60922,1942273,12,011,12.7,5.9,12011
"Citrus County, Florida",45689,147938,12,017,15.0,7.9,12017
"Columbia County, Florida",44818,70898,12,023,14.1,8.8,12023
"Duval County, Florida",56769,948651,12,031,14.5,5.3,12031
"Franklin County, Florida",48814,11914,12,037,20.4,7.8,12037
"Glades County, Florida",39709,13777,12,043,17.1,10.6,12043
"Hardee County, Florida",40165,27027,12,049,24.7,8.1,12049
"Highlands County, Florida",43708,104574,12,055,16.0,8.4,12055
"Indian River County, Florida",57945,156964,12,061,10.3,6.3,12061
"Lafayette County, Florida",51734,8576,12,067,17.9,10.7,12067
"Leon County, Florida",54675,291863,12,073,19.6,6.3,12073
"Liberty County, Florida",39121,8333,12,077,20.7,8.2,12077
"Marion County, Florida",46587,360210,12,083,15.5,6.9,12083
"Monroe County, Florida",72012,75137,12,087,10.6,3.4,12087
"Okeechobee County, Florida",46097,41611,12,093,17.8,5.3,12093
"Arthur County, Nebraska",48500,439,31,005,12.5,0.4,31005
"Boone County, Nebraska",60094,5228,31,011,6.2,1.4,31011
"Brown County, Nebraska",41979,2887,31,017,9.7,0.8,31017
"Butler County, Nebraska",59232,7997,31,023,8.0,1.5,31023
"Wadena County, Minnesota",46178,13681,27,159,14.6,6.7,27159
"Chase County, Nebraska",56135,3707,31,029,8.9,3.5,31029
"Clay County, Nebraska",63686,6193,31,035,9.3,3.3,31035
"Cuming County, Nebraska",59202,8882,31,039,4.9,2.9,31039
"Dawes County, Nebraska",49379,8685,31,045,13.1,1.8,31045
"Dixon County, Nebraska",57243,5682,31,051,10.1,1.9,31051
"Dundy County, Nebraska",49211,1928,31,057,11.1,1.1,31057
"Frontier County, Nebraska",59250,2636,31,063,9.4,4.9,31063
"Garden County, Nebraska",42076,1916,31,069,8.6,2.0,31069
"Grant County, Nebraska",43625,691,31,075,17.4,0.9,31075
"Hamilton County, Nebraska",68649,9219,31,081,3.5,3.2,31081
"Cherokee County, Alabama",42509,26035,01,019,12.9,4.1,01019
"Chilton County, Alabama",52141,44147,01,021,17.0,6.1,01021
"Choctaw County, Alabama",36634,12755,01,023,19.7,6.5,01023
"Clarke County, Alabama",37345,23866,01,025,25.0,11.6,01025
"Clay County, Alabama",42678,13285,01,027,15.5,5.4,01027
"Cleburne County, Alabama",46320,14952,01,029,15.6,3.3,01029
"Coffee County, Alabama",56799,52238,01,031,15.4,5.5,01031
"Colbert County, Alabama",47962,54957,01,033,15.5,4.0,01033
"Conecuh County, Alabama",35444,12219,01,035,16.6,7.9,01035
"Coosa County, Alabama",43571,10696,01,037,12.5,2.6,01037
"Crenshaw County, Alabama",42611,13826,01,041,14.6,4.0,01041
"Cullman County, Alabama",48388,83345,01,043,12.7,5.0,01043
"Dallas County, Alabama",33317,38184,01,047,29.2,10.4,01047
"DeKalb County, Alabama",42267,71430,01,049,20.7,4.5,01049
"Escambia County, Alabama",35558,36775,01,053,23.8,10.1,01053
"Etowah County, Alabama",44934,102721,01,055,16.0,5.7,01055
"Franklin County, Alabama",41174,31587,01,059,19.7,4.8,01059
"Greene County, Alabama",26688,8221,01,063,36.4,12.7,01063
"Hale County, Alabama",30793,14754,01,065,24.6,9.1,01065
"Houston County, Alabama",49069,105319,01,069,17.6,5.6,01069
"Jackson County, Alabama",42578,51765,01,071,17.9,5.2,01071
"Lamar County, Alabama",42688,13854,01,075,17.7,5.1,01075
"Lauderdale County, Alabama",48428,92870,01,077,13.0,4.7,01077
"Lee County, Alabama",52930,163461,01,081,19.4,4.7,01081
"Lowndes County, Alabama",33634,9936,01,085,22.4,10.5,01085
"Macon County, Alabama",35450,18437,01,087,23.4,10.9,01087
"Marengo County, Alabama",33029,19138,01,091,21.6,6.9,01091
"Marion County, Alabama",40978,29818,01,093,17.3,6.2,01093
"Mobile County, Alabama",49625,413977,01,097,17.9,5.6,01097
"Monroe County, Alabama",31969,21006,01,099,24.0,13.5,01099
"Morgan County, Alabama",52923,119352,01,103,14.9,4.8,01103
"Pickens County, Alabama",40362,20049,01,107,24.7,8.5,01107
"Pike County, Alabama",39218,33274,01,109,23.0,4.9,01109
"Russell County, Alabama",42208,57938,01,113,21.8,5.6,01113
"St. Clair County, Alabama",62531,88929,01,115,11.4,5.2,01115
"Sumter County, Alabama",26150,12595,01,119,30.8,8.0,01119
"Tallapoosa County, Alabama",48160,40450,01,123,16.5,11.0,01123
"Tuscaloosa County, Alabama",54283,208854,01,125,17.2,6.0,01125
"Washington County, Alabama",42331,16336,01,129,14.8,6.8,01129
"Wilcox County, Alabama",35063,10552,01,131,27.6,13.0,01131
"Alameda County, California",104888,1661584,06,001,9.3,4.7,06001
"Alpine County, California",85750,1159,06,003,12.0,10.0,06003
"Butte County, California",54972,223344,06,007,18.2,7.4,06007
"Colusa County, California",59427,21491,06,011,11.9,4.2,06011
"Contra Costa County, California",103997,1147788,06,013,8.2,5.5,06013
"El Dorado County, California",83710,190345,06,017,8.5,4.7,06017
"Fresno County, California",57109,990204,06,019,20.8,8.9,06019
"Chambers County, Alabama",43875,33427,01,017,15.4,3.6,01017
"Humboldt County, California",49235,136101,06,023,19.7,9.0,06023
"Imperial County, California",46222,180580,06,025,22.5,13.7,06025
"Kern County, California",54851,892458,06,029,20.4,9.1,06029
"Kings County, California",61556,151090,06,031,16.0,8.4,06031
"Lassen County, California",56971,30600,06,035,13.3,6.1,06035
"Madera County, California",61924,155925,06,039,19.0,9.6,06039
"Marin County, California",121671,259441,06,041,6.9,4.5,06041
"Mariposa County, California",50960,17319,06,043,15.6,8.7,06043
"Mendocino County, California",52915,87110,06,045,16.3,8.6,06045
"Merced County, California",56330,273661,06,047,18.8,10.7,06047
"Modoc County, California",51250,8853,06,049,17.9,8.4,06049
"Clay County, Minnesota",66069,64029,27,027,13.0,3.1,27027
"Clearwater County, Minnesota",51742,8872,27,029,14.2,7.0,27029
"Cook County, Minnesota",59537,5402,27,031,10.1,1.7,27031
"Cottonwood County, Minnesota",51067,11279,27,033,11.7,4.6,27033
"Crow Wing County, Minnesota",57779,64775,27,035,10.0,3.9,27035
"Dakota County, Minnesota",88468,425271,27,037,5.8,3.5,27037
"Dodge County, Minnesota",79020,20807,27,039,4.8,2.5,27039
"Douglas County, Minnesota",65430,37820,27,041,7.9,2.4,27041
"Faribault County, Minnesota",53963,13727,27,043,10.9,3.5,27043
"Fillmore County, Minnesota",64375,21031,27,045,9.3,2.5,27045
"Goodhue County, Minnesota",69334,46330,27,049,8.6,3.6,27049
"Grant County, Minnesota",59246,5962,27,051,9.5,4.9,27051
"Houston County, Minnesota",59514,18670,27,055,7.6,1.8,27055
"Hubbard County, Minnesota",58475,21287,27,057,11.4,4.0,27057
"Itasca County, Minnesota",55744,45180,27,061,12.3,5.8,27061
"Kanabec County, Minnesota",57877,16205,27,065,9.5,4.0,27065
"Kandiyohi County, Minnesota",64252,42909,27,067,10.3,3.7,27067
"Koochiching County, Minnesota",52297,12355,27,071,12.1,5.8,27071
"Lac qui Parle County, Minnesota",57802,6645,27,073,9.1,2.8,27073
"Lake of the Woods County, Minnesota",50669,3747,27,077,9.8,4.2,27077
"Le Sueur County, Minnesota",75925,28425,27,079,8.1,3.3,27079
"Lyon County, Minnesota",57274,25696,27,083,12.9,3.1,27083
"McLeod County, Minnesota",62885,35788,27,085,7.1,2.7,27085
"Marshall County, Minnesota",60951,9353,27,089,6.9,2.1,27089
"Martin County, Minnesota",53851,19737,27,091,12.9,4.5,27091
"Mille Lacs County, Minnesota",57173,25963,27,095,11.1,5.8,27095
"Morrison County, Minnesota",58826,33119,27,097,10.3,4.2,27097
"Murray County, Minnesota",62839,8247,27,101,7.1,2.8,27101
"Nicollet County, Minnesota",69174,34176,27,103,8.5,2.3,27103
"Norman County, Minnesota",56081,6466,27,107,9.4,4.9,27107
"Olmsted County, Minnesota",80403,156446,27,109,8.0,3.4,27109
"Pennington County, Minnesota",60940,14110,27,113,10.5,3.5,27113
"Pine County, Minnesota",55606,29254,27,115,10.6,6.1,27115
"Polk County, Minnesota",58682,31384,27,119,11.8,3.1,27119
"Pope County, Minnesota",62878,11107,27,121,8.4,1.4,27121
"Red Lake County, Minnesota",59698,4005,27,125,10.7,2.1,27125
"Redwood County, Minnesota",57243,15193,27,127,9.4,1.6,27127
"Rice County, Minnesota",70600,66549,27,131,10.1,5.1,27131
"Rock County, Minnesota",65744,9386,27,133,9.5,1.8,27133
"St. Louis County, Minnesota",57480,199499,27,137,13.8,4.9,27137
"Scott County, Minnesota",103261,147201,27,139,5.3,3.0,27139
"Sibley County, Minnesota",64170,14871,27,143,7.5,2.9,27143
"Stearns County, Minnesota",65244,159788,27,145,12.1,4.9,27145
"Stevens County, Minnesota",65503,9770,27,149,12.5,2.4,27149
"Swift County, Minnesota",53457,9329,27,151,11.2,3.3,27151
"Traverse County, Minnesota",51216,3282,27,155,8.8,4.5,27155
"Wabasha County, Minnesota",67906,21564,27,157,7.6,3.7,27157
"Waseca County, Minnesota",60450,18658,27,161,8.0,3.6,27161
"Washington County, Minnesota",97584,259072,27,163,4.4,3.1,27163
"Wilkin County, Minnesota",56829,6264,27,167,10.3,4.5,27167
"Winona County, Minnesota",60020,50744,27,169,13.3,3.3,27169
"Wright County, Minnesota",87772,136387,27,171,5.1,2.7,27171
"Yellow Medicine County, Minnesota",59289,9775,27,173,9.2,1.9,27173
"Adair County, Missouri",42301,25468,29,001,23.0,5.7,29001
"Andrew County, Missouri",58911,17554,29,003,7.8,4.0,29003
"Atchison County, Missouri",51625,5180,29,005,11.2,3.5,29005
"Audrain County, Missouri",44699,25336,29,007,14.8,5.0,29007
"Barry County, Missouri",45811,35615,29,009,18.2,3.3,29009
"Barton County, Missouri",44510,11732,29,011,20.7,6.7,29011
"Alleghany County, Virginia",48513,15030,51,005,15.7,4.6,51005
"Amelia County, Virginia",63918,12970,51,007,10.7,4.4,51007
"Appomattox County, Virginia",55457,15814,51,011,13.5,2.8,51011
"Arlington County, Virginia",122604,236434,51,013,6.4,2.8,51013
"Bath County, Virginia",55481,4248,51,017,18.7,6.4,51017
"Bedford County, Virginia",67136,78965,51,019,8.1,3.4,51019
"Botetourt County, Virginia",72719,33440,51,023,6.2,2.8,51023
"Brunswick County, Virginia",46111,16336,51,025,19.5,6.9,51025
"Buckingham County, Virginia",48603,17087,51,029,16.2,5.8,51029
"Campbell County, Virginia",52319,55406,51,031,10.5,3.8,51031
"Carroll County, Virginia",44518,29911,51,035,16.0,4.4,51035
"Charles City County, Virginia",60096,6965,51,036,12.7,3.1,51036
"Charlotte County, Virginia",40924,11953,51,037,24.1,5.5,51037
"Clarke County, Virginia",86154,14498,51,043,6.0,3.0,51043
"Craig County, Virginia",57792,5103,51,045,11.9,1.7,51045
"Cumberland County, Virginia",50565,9869,51,049,10.5,2.3,51049
"Dickenson County, Virginia",30116,14524,51,051,23.4,4.9,51051
"Essex County, Virginia",51125,10960,51,057,15.0,8.0,51057
"Fairfax County, Virginia",127866,1149439,51,059,5.9,4.1,51059
"Floyd County, Virginia",51250,15766,51,063,10.1,3.1,51063
"Fluvanna County, Virginia",78885,26873,51,065,4.7,2.5,51065
"Frederick County, Virginia",80011,88054,51,069,5.8,3.3,51069
"Giles County, Virginia",57279,16760,51,071,9.8,4.1,51071
"Goochland County, Virginia",97146,23472,51,075,4.4,3.7,51075
"Grayson County, Virginia",41558,15651,51,077,16.4,4.3,51077
"Greensville County, Virginia",49756,11403,51,081,13.7,5.3,51081
"Halifax County, Virginia",43714,34295,51,083,15.2,3.9,51083
"Henrico County, Virginia",72295,330076,51,087,8.8,4.1,51087
"Henry County, Virginia",38511,51032,51,089,15.6,6.3,51089
"Isle of Wight County, Virginia",77870,37107,51,093,9.4,6.0,51093
"James City County, Virginia",91675,76032,51,095,6.6,4.1,51095
"King and Queen County, Virginia",65385,7011,51,097,13.0,3.5,51097
"King George County, Virginia",96711,26679,51,099,5.3,3.9,51099
"King William County, Virginia",73284,16985,51,101,7.2,4.1,51101
"Lancaster County, Virginia",59736,10686,51,103,14.6,9.9,51103
"Lee County, Virginia",35006,23723,51,105,27.5,9.7,51105
"Loudoun County, Virginia",147111,405312,51,107,3.2,3.6,51107
"Louisa County, Virginia",67027,36654,51,109,11.4,5.2,51109
"Lunenburg County, Virginia",45884,12294,51,111,14.9,3.8,51111
"Madison County, Virginia",63482,13208,51,113,9.6,4.1,51113
"Mathews County, Virginia",74489,8760,51,115,8.5,4.5,51115
"Mecklenburg County, Virginia",50224,30726,51,117,17.0,3.4,51117
"Middlesex County, Virginia",57060,10642,51,119,9.7,5.2,51119
"Montgomery County, Virginia",59126,98495,51,121,23.5,3.5,51121
"Nelson County, Virginia",62203,14812,51,125,11.5,3.1,51125
"New Kent County, Virginia",97688,22310,51,127,4.8,3.1,51127
"Northampton County, Virginia",50819,11826,51,131,16.5,4.4,51131
"Northumberland County, Virginia",59437,12151,51,133,13.8,6.0,51133
"Nottoway County, Virginia",49983,15338,51,135,16.9,4.3,51135
"Orange County, Virginia",74446,36501,51,137,10.7,5.5,51137
"Page County, Virginia",51878,23862,51,139,13.4,5.2,51139
"Patrick County, Virginia",46941,17660,51,141,12.9,3.7,51141
"Powhatan County, Virginia",93833,29253,51,145,4.8,1.4,51145
"Prince Edward County, Virginia",44253,22892,51,147,23.2,5.9,51147
"Prince George County, Virginia",75123,38292,51,149,7.1,6.5,51149
"Pulaski County, Virginia",53689,34113,51,155,13.5,4.9,51155
"Rappahannock County, Virginia",82077,7360,51,157,7.7,4.2,51157
"Roanoke County, Virginia",70076,94103,51,161,6.6,3.3,51161
"Hitchcock County, Nebraska",46000,2788,31,087,12.3,1.8,31087
"Howard County, Nebraska",59432,6428,31,093,6.1,3.4,31093
"Kearney County, Nebraska",62899,6588,31,099,10.0,2.2,31099
"Kimball County, Nebraska",48056,3576,31,105,12.0,6.5,31105
"Lincoln County, Nebraska",59995,35042,31,111,9.5,3.4,31111
"McPherson County, Nebraska",51932,420,31,117,13.6,0.0,31117
"Morrill County, Nebraska",46903,4711,31,123,9.7,5.3,31123
"Nemaha County, Nebraska",50236,6978,31,127,14.8,5.5,31127
"Valley County, Nebraska",56205,4100,31,175,9.2,0.8,31175
"Wayne County, Nebraska",58894,9388,31,179,11.8,3.1,31179
"York County, Nebraska",63105,13671,31,185,8.6,3.0,31185
"Douglas County, Nevada",71415,48486,32,005,7.5,4.1,32005
"Eureka County, Nevada",67478,1839,32,011,18.3,0.0,32011
"Lincoln County, Nevada",56537,5177,32,017,5.4,5.1,32017
"Nye County, Nevada",47308,45514,32,023,16.5,8.7,32023
"Washoe County, Nevada",68272,464182,32,031,10.9,5.2,32031
"Belknap County, New Hampshire",67328,61174,33,001,8.7,3.8,33001
"Coos County, New Hampshire",48945,31486,33,007,11.7,5.0,33007
"Merrimack County, New Hampshire",77937,150902,33,013,6.6,3.5,33013
"Sullivan County, New Hampshire",63760,43173,33,019,11.2,2.5,33019
"Ascension Parish, Louisiana",82594,125061,22,005,10.0,6.0,22005
"Beauregard Parish, Louisiana",49256,37387,22,011,13.8,7.9,22011
"Caddo Parish, Louisiana",42003,243243,22,017,22.9,6.9,22017
"Cameron Parish, Louisiana",56902,6963,22,023,9.5,1.9,22023
"Concordia Parish, Louisiana",36294,19533,22,029,28.6,9.2,22029
"East Carroll Parish, Louisiana",24551,6947,22,035,50.7,6.4,22035
"Franklin Parish, Louisiana",35759,20109,22,041,28.0,8.3,22041
"Iberville Parish, Louisiana",49539,32626,22,047,17.0,9.6,22047
"Jefferson Davis Parish, Louisiana",42716,31425,22,053,17.9,7.4,22053
"St. Mary Parish, Louisiana",40218,50020,22,101,19.8,6.7,22101
"Tensas Parish, Louisiana",29767,4435,22,107,33.2,14.3,22107
"Union Parish, Louisiana",45094,22270,22,111,21.6,4.0,22111
"Washington Parish, Louisiana",39185,46325,22,117,24.6,9.5,22117
"West Carroll Parish, Louisiana",42545,10934,22,123,19.0,7.3,22123
"Allegany County, New York",51227,46304,36,003,16.7,5.2,36003
"Cattaraugus County, New York",50700,76750,36,009,16.9,5.6,36009
"Chemung County, New York",54883,84115,36,015,14.7,5.9,36015
"Columbia County, New York",68750,60016,36,021,10.2,5.7,36021
"Dutchess County, New York",81842,293524,36,027,8.8,5.0,36027
"Essex County, New York",58109,37281,36,031,10.1,4.7,36031
"Genesee County, New York",60635,57554,36,037,10.8,4.0,36037
"Herkimer County, New York",58438,61738,36,043,13.6,6.1,36043
"Lewis County, New York",56192,26456,36,049,13.3,4.9,36049
"Monroe County, New York",62087,743084,36,055,14.1,5.3,36055
"New York County, New York",89812,1629153,36,061,15.6,5.7,36061
"Onondaga County, New York",62668,461591,36,067,13.9,5.7,36067
"Orleans County, New York",52958,40624,36,073,13.8,6.0,36073
"Putnam County, New York",107246,98714,36,079,5.6,4.6,36079
"Richmond County, New York",85381,475596,36,085,10.8,4.9,36085
"Anson County, North Carolina",39799,24430,37,007,18.8,7.4,37007
"Beaufort County, North Carolina",48051,47160,37,013,17.8,6.9,37013
"Brunswick County, North Carolina",59763,137303,37,019,11.1,6.0,37019
"Cabarrus County, North Carolina",71177,211605,37,025,9.6,5.0,37025
"Carteret County, North Carolina",57871,69301,37,031,9.2,5.3,37031
"Chatham County, North Carolina",69799,72853,37,037,10.7,4.4,37037
"Cleveland County, North Carolina",43512,97765,37,045,19.1,7.4,37045
"Cumberland County, North Carolina",48177,334562,37,051,18.7,7.8,37051
"Davidson County, North Carolina",50454,166837,37,057,15.2,5.5,37057
"Monterey County, California",76943,432977,06,053,12.0,5.1,06053
"Napa County, California",92219,138572,06,055,7.5,4.5,06055
"Nevada County, California",68333,99417,06,057,9.5,4.0,06057
"Orange County, California",94441,3170345,06,059,10.1,5.0,06059
"Placer County, California",93677,391799,06,061,7.1,4.2,06061
"Plumas County, California",57233,18844,06,063,12.5,6.3,06063
"Riverside County, California",70732,2437864,06,065,12.5,7.3,06065
"Sacramento County, California",70684,1537948,06,067,13.9,6.4,06067
"San Benito County, California",85808,61547,06,069,9.3,7.5,06069
"San Bernardino County, California",65761,2162532,06,071,15.0,7.3,06071
"San Diego County, California",82426,3323970,06,073,10.9,6.2,06073
"San Francisco County, California",119136,874784,06,075,10.1,4.7,06075
"San Joaquin County, California",68628,751615,06,077,13.7,7.2,06077
"San Luis Obispo County, California",77948,282517,06,079,11.1,4.5,06079
"San Mateo County, California",128091,765623,06,081,6.2,4.0,06081
"Santa Clara County, California",130890,1924379,06,085,7.2,4.2,06085
"Santa Cruz County, California",89986,273170,06,087,11.9,6.1,06087
"Sierra County, California",52103,2898,06,091,9.4,7.0,06091
"Solano County, California",84638,444538,06,095,9.1,5.9,06095
"Sonoma County, California",86173,496801,06,097,8.8,4.6,06097
"Sutter County, California",63502,96315,06,101,13.1,7.7,06101
"Tehama County, California",48895,64176,06,103,18.8,8.9,06103
"Tulare County, California",52534,463955,06,107,21.8,9.9,06107
"Tuolumne County, California",60509,54147,06,109,11.0,7.3,06109
"Yolo County, California",73746,218774,06,113,18.6,5.6,06113
"Yuba County, California",59424,77524,06,115,15.1,7.1,06115
"Ashley County, Arkansas",43601,20000,05,003,16.2,4.5,05003
"Baxter County, Arkansas",43504,41673,05,005,12.7,5.4,05005
"Boone County, Arkansas",46392,37525,05,009,13.7,4.5,05009
"Calhoun County, Arkansas",50441,5160,05,013,12.8,8.0,05013
"Carroll County, Arkansas",48249,28062,05,015,15.2,4.5,05015
"Clark County, Arkansas",39500,22341,05,019,20.9,3.6,05019
"Clay County, Arkansas",37933,14710,05,021,20.4,5.8,05021
"Cleveland County, Arkansas",46349,8063,05,025,14.7,3.1,05025
"Columbia County, Arkansas",37609,23620,05,027,24.3,6.5,05027
"Craighead County, Arkansas",49730,109081,05,031,17.7,5.8,05031
"Crittenden County, Arkansas",42384,48381,05,035,21.0,9.3,05035
"Cross County, Arkansas",44379,16576,05,037,17.2,7.0,05037
"Desha County, Arkansas",31855,11538,05,041,25.5,5.0,05041
"Drew County, Arkansas",42924,18263,05,043,20.4,2.8,05043
"Franklin County, Arkansas",37561,17785,05,047,22.3,5.4,05047
"Fulton County, Arkansas",35274,12301,05,049,20.8,5.1,05049
"Grant County, Arkansas",59051,18229,05,053,12.7,3.3,05053
"Hempstead County, Arkansas",45484,21695,05,057,22.0,5.7,05057
"Hot Spring County, Arkansas",46390,33667,05,059,15.3,5.6,05059
"Independence County, Arkansas",48972,37585,05,063,15.2,4.3,05063
"Izard County, Arkansas",42818,13596,05,065,15.2,10.7,05065
"Mono County, California",64924,14395,06,051,12.1,2.4,06051
"Jefferson County, Arkansas",40402,68123,05,069,20.8,8.6,05069
"Johnson County, Arkansas",39346,26475,05,071,18.3,3.9,05071
"Lawrence County, Arkansas",40587,16511,05,075,14.0,7.8,05075
"Lincoln County, Arkansas",46554,13278,05,079,19.7,1.7,05079
"Little River County, Arkansas",48966,12345,05,081,14.2,7.9,05081
"Lonoke County, Arkansas",59278,73163,05,085,12.0,4.7,05085
"Madison County, Arkansas",41446,16393,05,087,17.3,7.7,05087
"Miller County, Arkansas",45391,43515,05,091,17.7,8.1,05091
"Monroe County, Arkansas",38438,6879,05,095,22.9,6.2,05095
"Montgomery County, Arkansas",41165,8964,05,097,18.5,7.5,05097
"Bates County, Missouri",46733,16282,29,013,14.7,5.0,29013
"Benton County, Missouri",41751,19305,29,015,18.2,7.2,29015
"Bollinger County, Missouri",45140,12181,29,017,15.7,5.5,29017
"Boone County, Missouri",58740,179704,29,019,16.9,3.5,29019
"Buchanan County, Missouri",51933,87904,29,021,15.7,4.9,29021
"Butler County, Missouri",42227,42570,29,023,21.9,6.9,29023
"Caldwell County, Missouri",51451,9052,29,025,15.5,3.2,29025
"Callaway County, Missouri",59835,44944,29,027,9.7,5.7,29027
"Camden County, Missouri",53520,45823,29,029,14.5,4.6,29029
"Cape Girardeau County, Missouri",53776,78834,29,031,15.8,4.4,29031
"Carroll County, Missouri",51414,8723,29,033,12.7,6.2,29033
"Carter County, Missouri",42403,6085,29,035,18.5,3.8,29035
"Cedar County, Missouri",39408,14144,29,039,18.2,4.8,29039
"Chariton County, Missouri",51545,7449,29,041,13.2,3.0,29041
"Clark County, Missouri",45842,6783,29,045,12.5,3.0,29045
"Clay County, Missouri",72047,246480,29,047,8.2,4.1,29047
"Cole County, Missouri",61184,76630,29,051,9.5,3.9,29051
"Cooper County, Missouri",53003,17522,29,053,12.6,5.7,29053
"Dade County, Missouri",42117,7571,29,057,19.1,8.8,29057
"Dallas County, Missouri",40404,16841,29,059,19.4,4.1,29059
"DeKalb County, Missouri",58433,11872,29,063,9.4,2.0,29063
"Dent County, Missouri",42714,15518,29,065,18.0,5.2,29065
"Dunklin County, Missouri",38020,29657,29,069,23.7,7.5,29069
"Franklin County, Missouri",60129,103629,29,071,9.6,4.4,29071
"Gentry County, Missouri",46774,6576,29,075,14.5,2.8,29075
"Greene County, Missouri",47053,291574,29,077,15.3,4.1,29077
"Harrison County, Missouri",40615,8427,29,081,19.1,3.3,29081
"Henry County, Missouri",47500,21854,29,083,17.6,5.5,29083
"Holt County, Missouri",46442,4374,29,087,9.9,2.7,29087
"Howard County, Missouri",55000,10022,29,089,11.7,2.9,29089
"Iron County, Missouri",40082,10150,29,093,22.1,5.4,29093
"Jackson County, Missouri",56960,700733,29,095,13.6,4.9,29095
"Jefferson County, Missouri",67606,224777,29,099,9.1,4.8,29099
"Knox County, Missouri",37588,3948,29,103,15.7,4.4,29103
"Laclede County, Missouri",46582,35680,29,105,14.7,6.4,29105
"Lawrence County, Missouri",44060,38241,29,109,17.0,7.8,29109
"Lewis County, Missouri",45118,9898,29,111,18.9,5.3,29111
"Linn County, Missouri",51150,12004,29,115,16.0,2.0,29115
"Livingston County, Missouri",50818,14969,29,117,12.1,2.5,29117
"Macon County, Missouri",44696,15154,29,121,12.5,4.6,29121
"Madison County, Missouri",47984,12176,29,123,14.0,4.4,29123
"Marion County, Missouri",54277,28572,29,127,17.1,3.9,29127
"Mercer County, Missouri",50030,3623,29,129,12.1,3.6,29129
"Mississippi County, Missouri",34354,13328,29,133,23.7,8.3,29133
"Moniteau County, Missouri",57012,15907,29,135,10.7,4.1,29135
"Montgomery County, Missouri",52123,11414,29,139,14.9,2.6,29139
"Morgan County, Missouri",41477,20438,29,141,19.2,4.1,29141
"Newton County, Missouri",52067,58288,29,145,13.7,4.9,29145
"Nodaway County, Missouri",46303,22199,29,147,20.7,2.6,29147
"Osage County, Missouri",62087,13613,29,151,8.3,1.7,29151
"Ozark County, Missouri",33046,9138,29,153,24.0,4.3,29153
"Perry County, Missouri",56861,19227,29,157,9.1,4.4,29157
"Pettis County, Missouri",49315,42421,29,159,15.3,4.8,29159
"Phelps County, Missouri",44987,44587,29,161,19.6,4.5,29161
"Pike County, Missouri",44920,18158,29,163,16.4,4.7,29163
"Platte County, Missouri",82448,102848,29,165,5.1,3.4,29165
"Polk County, Missouri",47614,32031,29,167,15.7,2.5,29167
"Pulaski County, Missouri",58426,52359,29,169,14.4,4.8,29169
"Putnam County, Missouri",48833,4746,29,171,14.1,5.5,29171
"Rockbridge County, Virginia",54133,22728,51,163,12.5,4.8,51163
"Russell County, Virginia",38564,26937,51,167,18.2,6.6,51167
"Scott County, Virginia",41540,21761,51,169,14.8,3.7,51169
"Smyth County, Virginia",41088,30539,51,173,18.7,5.5,51173
"Southampton County, Virginia",63034,17829,51,175,7.8,4.7,51175
"Stafford County, Virginia",112247,150185,51,179,5.5,3.8,51179
"Surry County, Virginia",56525,6459,51,181,16.3,4.8,51181
"Tazewell County, Virginia",42207,41201,51,185,17.0,7.1,51185
"Warren County, Virginia",70109,39888,51,187,10.8,5.8,51187
"Westmoreland County, Virginia",53790,17873,51,193,15.7,12.7,51193
"Wise County, Virginia",41285,38032,51,195,21.1,9.2,51195
"York County, Virginia",93356,68389,51,199,4.8,5.3,51199
"Alexandria city, Virginia",102227,158309,51,510,9.4,3.3,51510
"Buena Vista city, Virginia",36634,6477,51,530,16.9,1.8,51530
"Charlottesville city, Virginia",59598,47217,51,540,23.1,4.0,51540
"Colonial Heights city, Virginia",60522,17283,51,570,9.9,6.1,51570
"Covington city, Virginia",41024,5653,51,580,11.6,2.7,51580
"Danville city, Virginia",37147,40668,51,590,23.0,7.1,51590
"Fairfax city, Virginia",109708,23312,51,600,9.8,4.0,51600
"Falls Church city, Virginia",146922,14309,51,610,2.0,4.4,51610
"Fredericksburg city, Virginia",69528,29059,51,630,13.9,5.8,51630
"Galax city, Virginia",35184,6402,51,640,24.1,8.3,51640
"Harrisonburg city, Virginia",49117,53558,51,660,25.5,4.7,51660
"Hopewell city, Virginia",43262,22500,51,670,24.7,8.4,51670
"Lynchburg city, Virginia",49201,80970,51,680,17.1,6.3,51680
"Manassas city, Virginia",86227,41038,51,683,7.0,4.4,51683
"Martinsville city, Virginia",36166,12646,51,690,26.4,3.9,51690
"Newport News city, Virginia",54511,179582,51,700,14.8,5.7,51700
"Norton city, Virginia",30518,3969,51,720,31.6,8.6,51720
"Petersburg city, Virginia",43029,30791,51,730,22.6,12.6,51730
"Portsmouth city, Virginia",53213,94961,51,740,15.7,6.3,51740
"Radford city, Virginia",34576,17833,51,750,39.3,6.5,51750
"Roanoke city, Virginia",45664,99122,51,770,20.1,6.7,51770
"Salem city, Virginia",63411,25290,51,775,8.7,4.9,51775
"Staunton city, Virginia",52292,24660,51,790,12.2,3.7,51790
"Suffolk city, Virginia",79899,91383,51,800,9.2,6.2,51800
"Virginia Beach city, Virginia",78136,450882,51,810,7.2,4.4,51810
"Waynesboro city, Virginia",43480,22300,51,820,14.9,4.6,51820
"Williamsburg city, Virginia",59288,15034,51,830,15.2,5.2,51830
"Winchester city, Virginia",61102,27912,51,840,15.3,5.3,51840
"Adams County, Washington",51601,19702,53,001,23.5,6.3,53001
"Asotin County, Washington",53941,22636,53,003,13.1,5.8,53003
"Benton County, Washington",72046,200715,53,005,10.2,5.3,53005
"Chelan County, Washington",61304,76653,53,007,10.8,3.7,53007
"Clallam County, Washington",55090,76482,53,009,13.4,6.6,53009
"Clark County, Washington",77184,481950,53,011,9.1,5.1,53011
"Columbia County, Washington",61779,4024,53,013,6.8,1.7,53013
"Cowlitz County, Washington",58791,108399,53,015,13.3,6.5,53015
"Douglas County, Washington",65730,42520,53,017,11.0,4.2,53017
"Ferry County, Washington",41685,7643,53,019,17.1,7.3,53019
"Franklin County, Washington",66904,93681,53,021,14.2,5.7,53021
"Garfield County, Washington",56923,2258,53,023,8.3,6.5,53023
"Grant County, Washington",59165,96648,53,025,14.5,5.8,53025
"Grays Harbor County, Washington",50665,73769,53,027,14.5,6.4,53027
"Island County, Washington",70765,84187,53,029,7.6,5.8,53029
"King County, Washington",99158,2225064,53,033,8.4,4.3,53033
"Kitsap County, Washington",78969,268945,53,035,8.2,4.4,53035
"Kittitas County, Washington",59703,47097,53,037,16.7,6.1,53037
"Lewis County, Washington",54970,79430,53,041,13.2,6.6,53041
"Durham County, North Carolina",62812,317665,37,063,13.5,4.7,37063
"Franklin County, North Carolina",58172,68027,37,069,11.4,6.8,37069
"Graham County, North Carolina",42207,8501,37,075,14.0,3.4,37075
"Guilford County, North Carolina",54794,532956,37,081,15.3,5.9,37081
"Haywood County, North Carolina",51548,61862,37,087,12.2,4.1,37087
"Hyde County, North Carolina",46667,5089,37,095,21.6,4.5,37095
"Johnston County, North Carolina",61806,203308,37,101,12.2,4.3,37101
"Lenoir County, North Carolina",39923,56350,37,107,22.0,8.9,37107
"Macon County, North Carolina",45703,35172,37,113,16.0,4.8,37113
"Mecklenburg County, North Carolina",69240,1095170,37,119,10.9,4.7,37119
"Stanly County, North Carolina",54104,62050,37,167,12.2,4.9,37167
"Swain County, North Carolina",45554,14241,37,173,17.0,6.1,37173
"Union County, North Carolina",82557,235767,37,179,7.4,4.7,37179
"Warren County, North Carolina",37476,19746,37,185,20.9,9.0,37185
"Wayne County, North Carolina",47221,123785,37,191,18.7,5.4,37191
"Yadkin County, North Carolina",46954,37589,37,197,14.1,5.1,37197
"Bergen County, New Jersey",104623,931275,34,003,6.4,4.6,34003
"Cape May County, New Jersey",72385,92701,34,009,9.9,6.7,34009
"Gloucester County, New Jersey",89056,291745,34,015,7.0,5.3,34015
"Mercer County, New Jersey",83306,368085,34,021,11.1,6.0,34021
"Morris County, New Jersey",117298,492715,34,027,4.8,4.9,34027
"Salem County, New Jersey",64234,62754,34,033,13.8,7.1,34033
"Union County, New Jersey",82644,555208,34,039,8.8,5.8,34039
"Allen County, Indiana",57104,375520,18,003,12.6,5.0,18003
"Blackford County, Indiana",44341,11926,18,009,16.8,6.1,18009
"Carroll County, Indiana",56159,20137,18,015,7.9,2.6,18015
"Clay County, Indiana",59398,26231,18,021,11.6,4.6,18021
"Daviess County, Indiana",53800,33277,18,027,11.9,3.5,18027
"DeKalb County, Indiana",58415,43193,18,033,11.0,3.7,18033
"Elkhart County, Indiana",58509,205184,18,039,11.7,4.4,18039
"Kosciusko County, Indiana",62789,79156,18,085,9.3,3.6,18085
"LaPorte County, Indiana",57010,110026,18,091,15.5,5.5,18091
"Marion County, Indiana",51219,957337,18,097,16.4,5.7,18097
"Miami County, Indiana",50616,35684,18,103,15.6,4.9,18103
"Morgan County, Indiana",67680,70141,18,109,8.8,5.2,18109
"Ohio County, Indiana",63649,5890,18,115,9.4,1.9,18115
"Parke County, Indiana",55853,16912,18,121,14.0,4.6,18121
"Porter County, Indiana",72255,169482,18,127,9.4,4.5,18127
"Putnam County, Indiana",61505,37419,18,133,9.5,2.3,18133
"Rush County, Indiana",56814,16632,18,139,12.7,5.4,18139
"Scott County, Indiana",45123,23785,18,143,15.7,4.4,18143
"Starke County, Indiana",49705,22996,18,149,17.5,5.6,18149
"Switzerland County, Indiana",51270,10727,18,155,22.8,5.5,18155
"Union County, Indiana",55278,7140,18,161,5.9,2.9,18161
"Vigo County, Indiana",47261,107305,18,167,18.9,5.9,18167
"Warrick County, Indiana",79079,62608,18,173,6.0,3.5,18173
"Wells County, Indiana",57565,28010,18,179,8.2,2.6,18179
"Barnstable County, Massachusetts",76863,213505,25,001,6.7,4.1,25001
"Dukes County, Massachusetts",77318,17430,25,007,7.5,5.1,25007
"Hampden County, Massachusetts",57623,466647,25,013,15.7,6.2,25013
"Nantucket County, Massachusetts",112306,11212,25,019,6.3,5.8,25019
"Darke County, Ohio",54799,51387,39,037,11.0,2.7,39037
"Erie County, Ohio",58408,74419,39,043,11.9,5.7,39043
"Franklin County, Ohio",62352,1304715,39,049,15.1,4.8,39049
"Geauga County, Ohio",83730,93657,39,055,5.9,2.8,39055
"Hamilton County, Ohio",59190,815790,39,061,14.8,5.4,39061
"Harrison County, Ohio",49454,15132,39,067,16.3,5.9,39067
"Highland County, Ohio",47973,43080,39,071,19.0,4.8,39071
"Huron County, Ohio",55041,58271,39,077,12.0,4.7,39077
"Nevada County, Arkansas",39946,8249,05,099,21.3,5.6,05099
"Newton County, Arkansas",39542,7753,05,101,10.5,5.3,05101
"Ouachita County, Arkansas",38279,23597,05,103,21.6,7.5,05103
"Perry County, Arkansas",44926,10342,05,105,16.2,5.4,05105
"Phillips County, Arkansas",33724,18151,05,107,31.3,14.4,05107
"Pike County, Arkansas",42983,10714,05,109,16.7,3.8,05109
"Poinsett County, Arkansas",40700,23747,05,111,20.4,4.7,05111
"Polk County, Arkansas",39084,19999,05,113,22.2,10.5,05113
"Pope County, Arkansas",46004,63926,05,115,15.9,5.7,05115
"Prairie County, Arkansas",42754,8138,05,117,10.4,6.0,05117
"Pulaski County, Arkansas",52930,393078,05,119,15.8,5.0,05119
"Randolph County, Arkansas",42844,17934,05,121,18.9,4.3,05121
"St. Francis County, Arkansas",36053,25477,05,123,28.4,6.0,05123
"Saline County, Arkansas",66876,120990,05,125,8.4,3.9,05125
"Scott County, Arkansas",42635,10269,05,127,17.4,5.8,05127
"Searcy County, Arkansas",35077,7898,05,129,25.9,3.7,05129
"Sebastian County, Arkansas",47878,127670,05,131,16.7,4.9,05131
"Sevier County, Arkansas",47872,16947,05,133,19.8,4.9,05133
"Sharp County, Arkansas",35573,17217,05,135,18.1,5.2,05135
"Stone County, Arkansas",36067,12582,05,137,20.4,8.2,05137
"Union County, Arkansas",45293,39089,05,139,19.7,3.9,05139
"Washington County, Arkansas",52380,236198,05,143,16.0,4.4,05143
"White County, Arkansas",44000,78725,05,145,14.4,4.9,05145
"Yell County, Arkansas",47981,21425,05,149,14.8,3.6,05149
"Hartford County, Connecticut",76259,892153,09,003,10.8,5.8,09003
"Litchfield County, Connecticut",81590,181143,09,005,7.3,5.8,09005
"New Haven County, Connecticut",71370,855733,09,009,11.2,6.4,09009
"New London County, Connecticut",75831,266868,09,011,8.5,5.3,09011
"Windham County, Connecticut",67365,116657,09,015,11.5,6.9,09015
"District of Columbia, District of Columbia",90842,701974,11,001,15.5,7.1,11001
"Aleutians West Census Area, Alaska",87443,5708,02,016,7.6,4.0,02016
"Anchorage Municipality, Alaska",84813,292090,02,020,8.8,5.2,02020
"Bristol Bay Borough, Alaska",79808,739,02,060,5.0,3.8,02060
"Chugach Census Area, Alaska",90776,6495,02,063,5.2,2.8,02063
"Denali Borough, Alaska",76364,2502,02,068,14.1,3.7,02068
"Dillingham Census Area, Alaska",57436,4934,02,070,17.6,11.6,02070
"Haines Borough, Alaska",65014,2547,02,100,12.6,9.0,02100
"Hoonah-Angoon Census Area, Alaska",59926,2135,02,105,9.4,10.8,02105
"Kenai Peninsula Borough, Alaska",69245,58809,02,122,12.7,8.0,02122
"Ketchikan Gateway Borough, Alaska",74678,13833,02,130,8.8,5.6,02130
"Kusilvak Census Area, Alaska",37358,8298,02,158,37.9,22.6,02158
"Matanuska-Susitna Borough, Alaska",76118,107360,02,170,10.3,9.9,02170
"Nome Census Area, Alaska",62843,10009,02,180,22.4,18.1,02180
"Northwest Arctic Borough, Alaska",63750,7709,02,188,23.2,16.0,02188
"Petersburg Borough, Alaska",68667,3278,02,195,4.9,4.3,02195
"Sitka City and Borough, Alaska",81708,8569,02,220,6.6,5.4,02220
"Skagway Municipality, Alaska",71875,1300,02,230,5.8,10.0,02230
"Wrangell City and Borough, Alaska",58438,2510,02,275,8.0,6.0,02275
"Yakutat City and Borough, Alaska",59517,597,02,282,6.7,8.3,02282
"Yukon-Koyukuk Census Area, Alaska",41728,5305,02,290,23.7,15.0,02290
"Alamosa County, Colorado",41121,16153,08,003,18.5,6.9,08003
"Archuleta County, Colorado",55658,13588,08,007,8.3,4.3,08007
"Baca County, Colorado",34655,3570,08,009,18.1,1.5,08009
"Boulder County, Colorado",87476,324682,08,013,11.2,4.5,08013
"Broomfield County, Colorado",101206,69444,08,014,5.0,3.6,08014
"Cheyenne County, Colorado",67763,1999,08,017,13.1,1.7,08017
"Conejos County, Colorado",33611,8130,08,021,20.8,9.8,08021
"Costilla County, Colorado",34732,3810,08,023,26.6,9.3,08023
"Ralls County, Missouri",54194,10258,29,173,14.1,5.2,29173
"Randolph County, Missouri",50440,24769,29,175,15.4,4.4,29175
"Ray County, Missouri",65303,22900,29,177,11.8,3.4,29177
"Reynolds County, Missouri",39552,6274,29,179,18.0,7.9,29179
"Ripley County, Missouri",36066,13484,29,181,22.7,5.0,29181
"St. Charles County, Missouri",87644,398472,29,183,4.8,3.0,29183
"St. Clair County, Missouri",39000,9455,29,185,16.5,3.5,29185
"Ste. Genevieve County, Missouri",61746,17887,29,186,10.3,4.5,29186
"St. Francois County, Missouri",46307,66653,29,187,16.1,4.3,29187
"St. Louis County, Missouri",68661,996179,29,189,9.3,4.5,29189
"Saline County, Missouri",47585,22932,29,195,15.3,2.9,29195
"Schuyler County, Missouri",44420,4550,29,197,15.9,1.7,29197
"Scotland County, Missouri",47708,4923,29,199,11.4,2.2,29199
"Scott County, Missouri",46310,38538,29,201,17.7,3.9,29201
"Shelby County, Missouri",43809,5975,29,205,15.2,1.8,29205
"Stoddard County, Missouri",42761,29255,29,207,17.4,5.3,29207
"Sullivan County, Missouri",44056,6163,29,211,16.7,2.2,29211
"Taney County, Missouri",47860,55563,29,213,15.7,4.5,29213
"Vernon County, Missouri",43910,20560,29,217,15.1,3.9,29217
"Warren County, Missouri",64735,35090,29,219,12.9,4.0,29219
"Wayne County, Missouri",38018,13058,29,223,26.0,7.9,29223
"Webster County, Missouri",55827,39127,29,225,15.7,5.1,29225
"Wright County, Missouri",36711,18256,29,229,21.3,6.3,29229
"Alachua County, Florida",50089,268105,12,001,20.7,5.0,12001
"Baker County, Florida",62299,28679,12,003,10.7,5.1,12003
"Bradford County, Florida",43580,27723,12,007,20.1,5.3,12007
"Brevard County, Florida",59359,594001,12,009,11.2,5.1,12009
"Calhoun County, Florida",38037,14324,12,013,16.3,4.0,12013
"Charlotte County, Florida",52724,185926,12,015,10.6,5.8,12015
"Clay County, Florida",68657,215294,12,019,9.5,5.4,12019
"Collier County, Florida",70217,379345,12,021,11.0,4.4,12021
"DeSoto County, Florida",36360,37371,12,027,26.0,8.8,12027
"Dixie County, Florida",41674,16740,12,029,16.8,4.0,12029
"Escambia County, Florida",53023,316691,12,033,14.0,6.4,12033
"Flagler County, Florida",57536,112854,12,035,11.0,4.0,12035
"Gadsden County, Florida",41135,45787,12,039,21.3,4.8,12039
"Gilchrist County, Florida",47381,18245,12,041,13.0,4.2,12041
"Gulf County, Florida",50640,15073,12,045,12.1,4.6,12045
"Hamilton County, Florida",38300,14397,12,047,25.7,10.0,12047
"Hendry County, Florida",36978,41472,12,051,26.8,6.9,12051
"Hernando County, Florida",50280,190700,12,053,14.4,6.9,12053
"Hillsborough County, Florida",60566,1451358,12,057,14.0,5.2,12057
"Holmes County, Florida",39215,19530,12,059,21.4,5.5,12059
"Jackson County, Florida",40754,47409,12,063,18.1,5.9,12063
"Jefferson County, Florida",49081,14278,12,065,17.0,5.8,12065
"Lake County, Florida",55792,356115,12,069,11.1,6.1,12069
"Lee County, Florida",59608,756570,12,071,11.8,5.0,12071
"Levy County, Florida",38951,40979,12,075,19.2,6.4,12075
"Madison County, Florida",35240,18557,12,079,29.8,4.4,12079
"Manatee County, Florida",59963,393847,12,081,11.0,5.7,12081
"Martin County, Florida",65821,160420,12,085,10.3,4.6,12085
"Miami-Dade County, Florida",53975,2705528,12,086,16.0,5.0,12086
"Nassau County, Florida",72998,85762,12,089,9.8,4.7,12089
"Okaloosa County, Florida",64373,207430,12,091,10.7,4.1,12091
"Orange County, Florida",61416,1373784,12,095,14.2,5.5,12095
"Osceola County, Florida",55538,363666,12,097,13.4,5.7,12097
"Palm Beach County, Florida",65015,1482057,12,099,11.6,6.1,12099
"Pasco County, Florida",53431,539885,12,101,12.3,6.0,12101
"Pinellas County, Florida",56419,970985,12,103,11.6,5.2,12103
"Lincoln County, Washington",58584,10732,53,043,11.7,3.6,53043
"Okanogan County, Washington",48528,42080,53,047,20.6,5.5,53047
"Pacific County, Washington",50873,22121,53,049,14.1,5.4,53049
"Pierce County, Washington",76438,891862,53,053,9.5,5.0,53053
"San Juan County, Washington",64753,16953,53,055,10.2,2.1,53055
"Skamania County, Washington",69296,11906,53,059,10.8,5.8,53059
"Snohomish County, Washington",89273,811572,53,061,7.2,4.1,53061
"Stevens County, Washington",54426,45233,53,065,12.8,5.6,53065
"Thurston County, Washington",75867,284698,53,067,9.8,6.1,53067
"Walla Walla County, Washington",60615,60785,53,071,11.4,5.5,53071
"Whatcom County, Washington",65420,224538,53,073,13.9,5.2,53073
"Yakima County, Washington",54917,250649,53,077,16.5,6.4,53077
"Barbour County, West Virginia",38906,16543,54,001,21.0,8.4,54001
"Boone County, West Virginia",45297,21897,54,005,18.8,12.4,54005
"Braxton County, West Virginia",43819,14032,54,007,18.6,12.3,54007
"Cabell County, West Virginia",41472,93328,54,011,22.3,5.7,54011
"Calhoun County, West Virginia",38668,7185,54,013,24.5,10.6,54013
"Clay County, West Virginia",35154,8599,54,015,28.2,12.8,54015
"Fayette County, West Virginia",43722,43087,54,019,21.4,7.3,54019
"Gilmer County, West Virginia",42883,7970,54,021,12.7,11.1,54021
"Greenbrier County, West Virginia",39807,34893,54,025,17.5,5.9,54025
"Hampshire County, West Virginia",48528,23304,54,027,14.3,7.0,54027
"Hardy County, West Virginia",46513,13789,54,031,16.1,3.6,54031
"Harrison County, West Virginia",52134,67620,54,033,14.4,5.8,54033
"Jefferson County, West Virginia",82551,56922,54,037,9.4,5.7,54037
"Kanawha County, West Virginia",47122,181014,54,039,17.2,5.7,54039
"Lincoln County, West Virginia",42064,20617,54,043,21.8,5.8,54043
"Logan County, West Virginia",36250,32593,54,045,26.0,14.1,54045
"Marion County, West Virginia",52856,56233,54,049,15.5,5.7,54049
"Marshall County, West Virginia",48179,30900,54,051,15.5,3.7,54051
"Mercer County, West Virginia",40716,59370,54,055,18.3,6.4,54055
"Mineral County, West Virginia",51723,27047,54,057,13.1,7.4,54057
"Monongalia County, West Virginia",54198,106196,54,061,20.4,6.6,54061
"Monroe County, West Virginia",44828,13344,54,063,14.2,10.0,54063
"Nicholas County, West Virginia",40318,24857,54,067,19.1,8.3,54067
"Ohio County, West Virginia",48056,41875,54,069,14.4,5.9,54069
"Pendleton County, West Virginia",46358,6968,54,071,14.7,3.6,54071
"Pleasants County, West Virginia",55508,7457,54,073,8.5,7.6,54073
"Pocahontas County, West Virginia",37642,8382,54,075,18.9,7.0,54075
"Preston County, West Virginia",51992,33610,54,077,15.0,9.1,54077
"Putnam County, West Virginia",63954,56604,54,079,10.8,3.7,54079
"Raleigh County, West Virginia",43283,74452,54,081,20.7,6.9,54081
"Randolph County, West Virginia",45206,28763,54,083,16.6,7.1,54083
"Ritchie County, West Virginia",44328,9747,54,085,16.1,5.2,54085
"Roane County, West Virginia",38895,13831,54,087,22.5,10.1,54087
"Summers County, West Virginia",37769,12710,54,089,19.9,9.8,54089
"Taylor County, West Virginia",52958,16817,54,091,17.0,10.1,54091
"Tucker County, West Virginia",47527,6943,54,093,10.3,5.1,54093
"Tyler County, West Virginia",47598,8736,54,095,14.5,7.6,54095
"Upshur County, West Virginia",40802,24451,54,097,19.7,5.8,54097
"Wayne County, West Virginia",43710,39952,54,099,19.7,4.9,54099
"Webster County, West Virginia",33358,8289,54,101,27.1,11.8,54101
"Wetzel County, West Virginia",44539,15291,54,103,20.1,8.1,54103
"Wirt County, West Virginia",45315,5764,54,105,22.2,4.2,54105
"Wood County, West Virginia",48711,84387,54,107,15.5,5.0,54107
"Wyoming County, West Virginia",44095,20890,54,109,21.4,11.6,54109
"Ashland County, Wisconsin",47869,15524,55,003,16.1,5.8,55003
"Custer County, Colorado",60361,4941,08,027,7.6,4.1,08027
"Delta County, Colorado",47968,30758,08,029,18.1,6.9,08029
"Dolores County, Colorado",56786,1896,08,033,6.9,3.9,08033
"Douglas County, Colorado",121393,344280,08,035,3.2,3.5,08035
"Eagle County, Colorado",85877,54960,08,037,9.2,3.9,08037
"Elbert County, Colorado",104231,26230,08,039,4.8,1.8,08039
"El Paso County, Colorado",71517,710499,08,041,9.8,5.9,08041
"Fremont County, Colorado",52364,47725,08,043,13.2,5.5,08043
"Garfield County, Colorado",75435,59605,08,045,7.6,4.0,08045
"Gilpin County, Colorado",90547,6108,08,047,5.5,1.9,08047
"Grand County, Colorado",71769,15536,08,049,9.1,5.0,08049
"Gunnison County, Colorado",60557,17119,08,051,12.4,4.2,08051
"Hinsdale County, Colorado",39038,781,08,053,10.2,5.2,08053
"Huerfano County, Colorado",40255,6769,08,055,16.2,2.3,08055
"Jackson County, Colorado",46157,1316,08,057,9.1,10.0,08057
"Jefferson County, Colorado",87793,578795,08,059,6.7,4.0,08059
"Kiowa County, Colorado",39503,1463,08,061,13.6,3.2,08061
"Kit Carson County, Colorado",50411,7246,08,063,7.4,3.7,08063
"Lake County, Colorado",65858,7845,08,065,13.5,3.6,08065
"La Plata County, Colorado",69291,56138,08,067,10.3,3.9,08067
"Larimer County, Colorado",76366,350523,08,069,11.1,5.1,08069
"Las Animas County, Colorado",44159,14323,08,071,18.2,7.9,08071
"Lincoln County, Colorado",47042,5608,08,073,13.6,2.9,08073
"Logan County, Colorado",49560,22282,08,075,10.8,5.2,08075
"Mesa County, Colorado",57157,152962,08,077,13.0,6.9,08077
"Moffat County, Colorado",54583,13150,08,081,17.8,5.0,08081
"Montezuma County, Colorado",50717,26266,08,083,12.4,4.4,08083
"Morgan County, Colorado",58468,28617,08,087,10.8,4.2,08087
"Ouray County, Colorado",68893,4890,08,091,6.7,4.2,08091
"Park County, Colorado",76611,18345,08,093,7.0,5.9,08093
"Pitkin County, Colorado",82455,17980,08,097,5.7,3.4,08097
"Prowers County, Colorado",42648,12035,08,099,16.1,5.0,08099
"Rio Blanco County, Colorado",54247,6369,08,103,10.7,5.8,08103
"Rio Grande County, Colorado",43570,11300,08,105,15.5,9.4,08105
"Saguache County, Colorado",45231,6730,08,109,16.2,9.8,08109
"San Miguel County, Colorado",66898,8110,08,113,10.4,3.0,08113
"Sedgwick County, Colorado",43875,2306,08,115,20.0,6.3,08115
"Teller County, Colorado",61463,24981,08,119,9.2,3.9,08119
"Washington County, Colorado",51181,4869,08,121,12.3,2.1,08121
"Yuma County, Colorado",54393,10013,08,125,11.4,4.1,08125
"New Castle County, Delaware",75275,558306,10,003,10.7,6.1,10003
"Sussex County, Delaware",64905,230249,10,005,11.7,4.8,10005
"Big Horn County, Montana",48273,13302,30,003,27.6,13.4,30003
"Blaine County, Montana",45361,6698,30,005,29.3,12.8,30005
"Carbon County, Montana",61209,10689,30,009,10.8,4.5,30009
"Carter County, Montana",42300,1305,30,011,14.4,2.3,30011
"Chouteau County, Montana",45707,5731,30,015,14.3,4.1,30015
"Daniels County, Montana",56026,1705,30,019,7.8,1.4,30019
"Dawson County, Montana",51681,8824,30,021,11.5,2.6,30021
"Fallon County, Montana",69792,2975,30,025,12.6,0.1,30025
"Fergus County, Montana",47618,11167,30,027,16.9,3.0,30027
"Gallatin County, Montana",70124,111401,30,031,11.0,2.4,30031
"Garfield County, Montana",43750,1051,30,033,5.4,0.0,30033
"Golden Valley County, Montana",49028,814,30,037,16.6,2.2,30037
"Hill County, Montana",50912,16422,30,041,16.7,6.4,30041
"Jefferson County, Montana",71779,12069,30,043,6.5,3.4,30043
"Lake County, Montana",52169,30383,30,047,18.4,5.8,30047
"Lewis and Clark County, Montana",66062,68714,30,049,9.5,3.5,30049
"Lincoln County, Montana",39820,19845,30,053,17.0,8.2,30053
"Putnam County, Florida",40068,73784,12,107,22.4,8.5,12107
"St. Johns County, Florida",83803,255410,12,109,7.7,5.1,12109
"St. Lucie County, Florida",55237,320914,12,111,13.1,5.4,12111
"Santa Rosa County, Florida",70663,179587,12,113,10.0,5.5,12113
"Sarasota County, Florida",64644,427766,12,115,8.7,4.0,12115
"Seminole County, Florida",70297,466695,12,117,9.8,4.6,12117
"Sumter County, Florida",59618,129938,12,119,8.8,4.7,12119
"Suwannee County, Florida",46280,44290,12,121,14.0,5.2,12121
"Taylor County, Florida",38295,21709,12,123,20.8,7.3,12123
"Union County, Florida",55139,15282,12,125,16.4,3.0,12125
"Volusia County, Florida",52407,546107,12,127,13.2,4.7,12127
"Wakulla County, Florida",67480,32855,12,129,7.5,3.2,12129
"Walton County, Florida",67390,71049,12,131,11.6,5.0,12131
"Washington County, Florida",37260,25094,12,133,23.8,6.4,12133
"Adams County, Nebraska",56007,31541,31,001,12.2,2.4,31001
"Antelope County, Nebraska",52569,6315,31,003,10.8,1.9,31003
"Banner County, Nebraska",53864,645,31,007,3.4,1.5,31007
"Blaine County, Nebraska",55268,467,31,009,4.1,0.0,31009
"Box Butte County, Nebraska",61904,10845,31,013,12.8,4.8,31013
"Boyd County, Nebraska",53846,1882,31,015,10.0,1.7,31015
"Buffalo County, Nebraska",63513,49594,31,019,11.9,2.8,31019
"Burt County, Nebraska",51961,6503,31,021,12.7,4.4,31021
"Cass County, Nebraska",73683,26022,31,025,6.4,2.7,31025
"Cedar County, Nebraska",64703,8483,31,027,6.8,1.7,31027
"Cherry County, Nebraska",55431,5801,31,031,9.8,0.1,31031
"Cheyenne County, Nebraska",52270,9428,31,033,11.0,2.7,31033
"Colfax County, Nebraska",64269,10681,31,037,11.8,1.7,31037
"Custer County, Nebraska",53891,10788,31,041,12.2,1.9,31041
"Dakota County, Nebraska",61227,20124,31,043,14.1,4.1,31043
"Dawson County, Nebraska",56731,23638,31,047,11.8,3.7,31047
"Deuel County, Nebraska",48958,1770,31,049,8.2,4.1,31049
"Dodge County, Nebraska",58439,36565,31,053,11.2,4.5,31053
"Douglas County, Nebraska",66600,565739,31,055,10.7,4.1,31055
"Fillmore County, Nebraska",62151,5542,31,059,7.0,0.8,31059
"Franklin County, Nebraska",50231,2970,31,061,16.1,0.3,31061
"Furnas County, Nebraska",53533,4712,31,065,8.8,1.3,31065
"Gage County, Nebraska",51812,21548,31,067,13.2,2.1,31067
"Garfield County, Nebraska",54659,2081,31,071,8.6,0.3,31071
"Gosper County, Nebraska",65086,2001,31,073,5.1,1.4,31073
"Greeley County, Nebraska",46830,2361,31,077,13.7,1.3,31077
"Hall County, Nebraska",58595,61338,31,079,11.2,4.0,31079
"Harlan County, Nebraska",51534,3380,31,083,10.2,1.2,31083
"Hayes County, Nebraska",52396,889,31,085,13.9,0.4,31085
"Holt County, Nebraska",60214,10123,31,089,6.5,1.1,31089
"Hooker County, Nebraska",48654,741,31,091,11.5,2.7,31091
"Jefferson County, Nebraska",48981,7102,31,095,10.7,1.7,31095
"Johnson County, Nebraska",49382,5118,31,097,7.2,2.5,31097
"Keith County, Nebraska",52169,8048,31,101,15.3,3.7,31101
"Keya Paha County, Nebraska",55250,875,31,103,7.0,0.0,31103
"Polk County, Florida",51535,705735,12,105,15.1,5.4,12105
"Knox County, Nebraska",53653,8400,31,107,9.5,3.5,31107
"Lancaster County, Nebraska",62464,315976,31,109,11.9,3.4,31109
"Logan County, Nebraska",45990,896,31,113,11.0,0.2,31113
"Loup County, Nebraska",46111,690,31,115,8.8,0.0,31115
"Madison County, Nebraska",52334,35023,31,119,14.3,3.2,31119
"Merrick County, Nebraska",52254,7826,31,121,12.2,1.8,31121
"Nance County, Nebraska",53147,3525,31,125,11.9,4.2,31125
"Nuckolls County, Nebraska",52975,4204,31,129,9.0,1.8,31129
"Otoe County, Nebraska",64755,15965,31,131,11.8,2.7,31131
"Barron County, Wisconsin",52346,45182,55,005,12.1,2.9,55005
"Brown County, Wisconsin",64728,262559,55,009,9.7,2.8,55009
"Buffalo County, Wisconsin",58364,13087,55,011,8.5,2.1,55011
"Calumet County, Wisconsin",76065,50005,55,015,5.4,2.2,55015
"Chippewa County, Wisconsin",61215,64175,55,017,9.9,2.6,55017
"Columbia County, Wisconsin",69262,57331,55,021,6.7,2.9,55021
"Crawford County, Wisconsin",51218,16155,55,023,13.8,2.6,55023
"Dodge County, Wisconsin",62591,87569,55,027,8.0,4.1,55027
"Door County, Wisconsin",61765,27621,55,029,8.3,3.5,55029
"Dunn County, Wisconsin",59588,45029,55,033,11.7,3.4,55033
"Eau Claire County, Wisconsin",62508,104132,55,035,13.1,3.9,55035
"Fond du Lac County, Wisconsin",64147,102654,55,039,8.2,3.6,55039
"Forest County, Wisconsin",48394,9003,55,041,15.7,4.9,55041
"Green County, Wisconsin",66212,36790,55,045,8.7,3.3,55045
"Green Lake County, Wisconsin",57339,18807,55,047,10.6,3.0,55047
"Iron County, Wisconsin",45588,5679,55,051,13.4,5.5,55051
"Jackson County, Wisconsin",55228,20556,55,053,11.9,5.2,55053
"Juneau County, Wisconsin",53928,26603,55,057,15.1,3.8,55057
"Kenosha County, Wisconsin",66595,168998,55,059,12.0,6.4,55059
"La Crosse County, Wisconsin",60307,118168,55,063,12.2,3.5,55063
"Lafayette County, Wisconsin",61070,16682,55,065,11.2,1.8,55065
"Lincoln County, Wisconsin",59183,27687,55,069,9.3,3.9,55069
"Manitowoc County, Wisconsin",58464,78977,55,071,9.0,2.4,55071
"Marinette County, Wisconsin",52385,40312,55,075,11.2,4.4,55075
"Marquette County, Wisconsin",53293,15380,55,077,10.1,4.2,55077
"Milwaukee County, Wisconsin",52260,949180,55,079,18.3,5.1,55079
"Monroe County, Wisconsin",60595,46155,55,081,9.8,2.3,55081
"Oconto County, Wisconsin",64528,37870,55,083,9.0,2.6,55083
"Outagamie County, Wisconsin",68441,186829,55,087,7.1,3.2,55087
"Ozaukee County, Wisconsin",84394,89179,55,089,4.7,2.7,55089
"Pierce County, Wisconsin",73873,42336,55,093,8.5,3.1,55093
"Polk County, Wisconsin",61814,43549,55,095,9.3,3.9,55095
"Price County, Wisconsin",49749,13351,55,099,13.0,1.8,55099
"Racine County, Wisconsin",62556,195859,55,101,12.3,4.0,55101
"Rock County, Wisconsin",59519,162532,55,105,12.2,4.5,55105
"Rusk County, Wisconsin",48961,14074,55,107,11.3,4.1,55107
"Sauk County, Wisconsin",62808,64152,55,111,8.9,2.3,55111
"Sawyer County, Wisconsin",52022,16477,55,113,14.9,5.0,55113
"Shawano County, Wisconsin",57322,40813,55,115,10.3,3.2,55115
"Sheboygan County, Wisconsin",62101,115152,55,117,7.0,3.3,55117
"Taylor County, Wisconsin",52860,20320,55,119,9.2,3.6,55119
"Trempealeau County, Wisconsin",59606,29525,55,121,7.2,2.5,55121
"Vernon County, Wisconsin",54549,30759,55,123,15.0,2.3,55123
"Vilas County, Wisconsin",50039,21923,55,125,10.5,5.6,55125
"Walworth County, Wisconsin",66034,103391,55,127,9.5,3.4,55127
"Washburn County, Wisconsin",51711,15726,55,129,12.1,3.6,55129
"Washington County, Wisconsin",80839,135529,55,131,5.1,2.9,55131
"Waukesha County, Wisconsin",88985,402637,55,133,5.0,3.0,55133
"Waupaca County, Wisconsin",60106,50997,55,135,9.2,2.3,55135
"Waushara County, Wisconsin",54320,24256,55,137,10.4,4.1,55137
"Winnebago County, Wisconsin",59947,170924,55,139,11.0,3.0,55139
"Wood County, Wisconsin",55684,72892,55,141,9.7,4.0,55141
"Albany County, Wyoming",51362,38664,56,001,20.9,4.1,56001
"Big Horn County, Wyoming",51237,11809,56,003,9.8,7.3,56003
"Campbell County, Wyoming",80887,46958,56,005,12.2,4.1,56005
"Carbon County, Wyoming",62423,15073,56,007,13.3,3.7,56007
"Converse County, Wyoming",73806,13842,56,009,8.0,5.4,56009
"Crook County, Wyoming",66898,7502,56,011,8.4,1.0,56011
"Fremont County, Wyoming",54291,39711,56,013,14.2,7.4,56013
"McCone County, Montana",57045,1826,30,055,5.3,1.7,30055
"Meagher County, Montana",46815,1795,30,059,13.3,0.6,30059
"Mineral County, Montana",48672,4330,30,061,19.3,6.5,30061
"Musselshell County, Montana",46328,4682,30,065,12.4,7.0,30065
"Petroleum County, Montana",40000,464,30,069,12.1,3.5,30069
"Phillips County, Montana",46686,4032,30,071,9.8,5.7,30071
"Powder River County, Montana",57755,1634,30,075,13.9,0.7,30075
"Powell County, Montana",50332,6843,30,077,13.7,1.2,30077
"Prairie County, Montana",42350,1162,30,079,14.3,2.3,30079
"Ravalli County, Montana",55090,43424,30,081,12.2,5.7,30081
"Richland County, Montana",64158,11097,30,083,6.9,2.5,30083
"Roosevelt County, Montana",45458,11091,30,085,30.0,10.7,30085
"Rosebud County, Montana",57769,9065,30,087,16.4,5.8,30087
"Sanders County, Montana",42284,11804,30,089,16.6,5.0,30089
"Sheridan County, Montana",54135,3389,30,091,10.3,2.3,30091
"Silver Bow County, Montana",49359,34895,30,093,16.3,5.3,30093
"Stillwater County, Montana",67448,9562,30,095,5.6,4.3,30095
"Sweet Grass County, Montana",53790,3676,30,097,4.6,1.2,30097
"Teton County, Montana",56649,6127,30,099,13.3,1.3,30099
"Toole County, Montana",49725,4812,30,101,10.3,2.9,30101
"Treasure County, Montana",44671,614,30,103,11.1,1.2,30103
"Valley County, Montana",51087,7424,30,105,13.6,6.0,30105
"Wheatland County, Montana",35265,2138,30,107,19.8,1.6,30107
"Wibaux County, Montana",50972,1037,30,109,10.6,0.4,30109
"Yellowstone County, Montana",62630,160390,30,111,9.6,3.4,30111
"Appling County, Georgia",37924,18428,13,001,23.4,3.8,13001
"Atkinson County, Georgia",35703,8311,13,003,28.2,6.4,13003
"Bacon County, Georgia",36692,11140,13,005,26.1,4.3,13005
"Baker County, Georgia",34034,3090,13,007,20.6,14.0,13007
"Banks County, Georgia",50912,18900,13,011,13.6,3.7,13011
"Barrow County, Georgia",62990,81294,13,013,11.2,4.8,13013
"Ben Hill County, Georgia",32077,16889,13,017,29.1,6.1,13017
"Bibb County, Georgia",41317,153026,13,021,25.0,7.4,13021
"Bleckley County, Georgia",46992,12870,13,023,18.4,6.7,13023
"Brooks County, Georgia",37516,15548,13,027,22.9,6.8,13027
"Bryan County, Georgia",76121,38321,13,029,10.3,7.0,13029
"Burke County, Georgia",45699,22567,13,033,19.0,4.4,13033
"Butts County, Georgia",48282,24463,13,035,21.7,5.1,13035
"Camden County, Georgia",60594,53960,13,039,14.9,6.6,13039
"Carroll County, Georgia",59197,118692,13,045,16.3,6.2,13045
"Catoosa County, Georgia",58932,67181,13,047,9.0,3.5,13047
"Chatham County, Georgia",57739,289649,13,051,14.4,7.4,13051
"Chattahoochee County, Georgia",45700,10470,13,053,18.1,11.8,13053
"Cherokee County, Georgia",84817,253780,13,057,6.9,3.8,13057
"Clarke County, Georgia",40363,126952,13,059,26.5,5.8,13059
"Clayton County, Georgia",49460,287560,13,063,16.6,7.1,13063
"Cobb County, Georgia",80830,756653,13,067,8.6,4.8,13067
"Coffee County, Georgia",42526,43070,13,069,20.4,4.2,13069
"Columbia County, Georgia",82251,154257,13,073,6.6,4.8,13073
"Cook County, Georgia",40943,17217,13,075,21.0,4.6,13075
"Crawford County, Georgia",47917,12267,13,079,16.6,8.6,13079
"Crisp County, Georgia",38272,22509,13,081,29.7,12.0,13081
"Dawson County, Georgia",72260,25277,13,085,9.5,5.1,13085
"DeKalb County, Georgia",65116,755287,13,089,14.4,6.7,13089
"Dodge County, Georgia",42211,20725,13,091,19.9,4.6,13091
"Dougherty County, Georgia",40947,88696,13,095,27.3,10.4,13095
"Douglas County, Georgia",67651,145063,13,097,11.5,6.7,13097
"Echols County, Georgia",44454,3944,13,101,23.5,2.4,13101
"Elbert County, Georgia",39323,19164,13,105,24.5,7.0,13105
"Pawnee County, Nebraska",46063,2640,31,133,20.2,4.4,31133
"Perkins County, Nebraska",61389,2889,31,135,6.7,0.7,31135
"Phelps County, Nebraska",58105,9050,31,137,11.5,0.6,31137
"Pierce County, Nebraska",57629,7132,31,139,8.6,3.3,31139
"Platte County, Nebraska",60878,33250,31,141,7.7,2.3,31141
"Polk County, Nebraska",59837,5208,31,143,9.2,5.6,31143
"Red Willow County, Nebraska",48140,10725,31,145,10.0,4.8,31145
"Richardson County, Nebraska",44524,7913,31,147,12.2,3.6,31147
"Rock County, Nebraska",51458,1430,31,149,6.3,1.2,31149
"Saline County, Nebraska",52956,14221,31,151,12.4,2.4,31151
"Sarpy County, Nebraska",83051,183956,31,153,5.6,3.2,31153
"Saunders County, Nebraska",70414,21356,31,155,6.2,2.0,31155
"Scotts Bluff County, Nebraska",53433,35884,31,157,13.0,4.5,31157
"Seward County, Nebraska",71111,17217,31,159,7.2,2.4,31159
"Sheridan County, Nebraska",45543,5215,31,161,19.0,1.6,31161
"Sherman County, Nebraska",53158,3015,31,163,10.1,3.3,31163
"Sioux County, Nebraska",47422,1298,31,165,8.1,2.6,31165
"Stanton County, Nebraska",64808,5946,31,167,6.2,2.3,31167
"Thayer County, Nebraska",53234,5000,31,169,10.5,1.7,31169
"Thomas County, Nebraska",59000,586,31,171,11.1,2.0,31171
"Thurston County, Nebraska",55574,7218,31,173,21.2,11.8,31173
"Washington County, Nebraska",71505,20546,31,177,7.4,2.5,31177
"Webster County, Nebraska",51684,3497,31,181,7.9,1.9,31181
"Wheeler County, Nebraska",48438,689,31,183,12.6,0.0,31183
"Churchill County, Nevada",56335,24606,32,001,12.6,5.9,32001
"Clark County, Nevada",61048,2228866,32,003,13.4,7.0,32003
"Elko County, Nevada",79375,52537,32,007,11.9,4.3,32007
"Esmeralda County, Nevada",31845,1030,32,009,13.2,3.0,32009
"Humboldt County, Nevada",66123,16834,32,013,14.7,3.8,32013
"Lander County, Nevada",73797,5565,32,015,11.6,9.2,32015
"Lyon County, Nevada",58814,55667,32,019,10.2,8.0,32019
"Mineral County, Nevada",31500,4487,32,021,20.8,12.1,32021
"Pershing County, Nevada",57074,6591,32,027,9.6,8.8,32027
"Storey County, Nevada",64000,4086,32,029,9.2,3.7,32029
"White Pine County, Nevada",57353,9570,32,033,12.4,2.5,32033
"Carson City, Nevada",58305,55244,32,510,10.0,4.6,32510
"Carroll County, New Hampshire",66932,48461,33,003,8.7,5.5,33003
"Cheshire County, New Hampshire",64686,76040,33,005,9.1,3.9,33005
"Grafton County, New Hampshire",67476,90331,33,009,10.3,2.9,33009
"Hillsborough County, New Hampshire",82099,415305,33,011,7.4,4.0,33011
"Rockingham County, New Hampshire",93962,308211,33,015,4.6,3.4,33015
"Strafford County, New Hampshire",72682,130161,33,017,9.0,4.1,33017
"Acadia Parish, Louisiana",44412,62371,22,001,23.5,9.6,22001
"Allen Parish, Louisiana",48328,25572,22,003,15.4,8.7,22003
"Assumption Parish, Louisiana",44742,22236,22,007,18.5,5.1,22007
"Avoyelles Parish, Louisiana",35530,40465,22,009,23.7,6.4,22009
"Bienville Parish, Louisiana",27815,13391,22,013,29.5,5.3,22013
"Bossier Parish, Louisiana",55448,126952,22,015,16.9,5.4,22015
"Calcasieu Parish, Louisiana",52866,202858,22,019,16.7,5.8,22019
"Caldwell Parish, Louisiana",40690,9959,22,021,22.9,9.4,22021
"Catahoula Parish, Louisiana",40973,9586,22,025,26.7,7.7,22025
"Claiborne Parish, Louisiana",26849,15854,22,027,35.1,4.0,22027
"De Soto Parish, Louisiana",44436,27395,22,031,21.6,9.1,22031
"East Baton Rouge Parish, Louisiana",56076,443158,22,033,17.4,6.6,22033
"East Feliciana Parish, Louisiana",54187,19228,22,037,14.9,6.7,22037
"Evangeline Parish, Louisiana",31427,33491,22,039,29.0,13.3,22039
"Grant Parish, Louisiana",51449,22339,22,043,15.9,4.1,22043
"Iberia Parish, Louisiana",50602,70763,22,045,22.3,8.7,22045
"Jackson Parish, Louisiana",41760,15822,22,049,21.0,4.4,22049
"Goshen County, Wyoming",55955,13301,56,015,9.3,4.6,56015
"Johnson County, Wyoming",56565,8518,56,019,15.3,2.8,56019
"Laramie County, Wyoming",69369,99272,56,021,8.9,4.9,56021
"Lincoln County, Wyoming",71898,19640,56,023,7.2,2.7,56023
"Niobrara County, Wyoming",46111,2377,56,027,21.5,5.0,56027
"Park County, Wyoming",63684,29273,56,029,7.3,2.4,56029
"Sheridan County, Wyoming",59380,30397,56,033,8.4,3.6,56033
"Sublette County, Wyoming",78655,9865,56,035,8.5,5.3,56035
"Teton County, Wyoming",87053,23356,56,039,6.5,1.8,56039
"Uinta County, Wyoming",72458,20374,56,041,9.6,4.5,56041
"Weston County, Wyoming",53333,6942,56,045,15.3,3.9,56045
"Adjuntas Municipio, Puerto Rico",14253,17614,72,001,64.8,29.8,72001
"Aguadilla Municipio, Puerto Rico",16065,51552,72,005,51.3,17.4,72005
"Aguas Buenas Municipio, Puerto Rico",20190,25298,72,007,44.8,9.7,72007
"Añasco Municipio, Puerto Rico",20167,26555,72,011,45.5,9.6,72011
"Arecibo Municipio, Puerto Rico",19266,83682,72,013,47.0,17.7,72013
"Barceloneta Municipio, Puerto Rico",17815,23913,72,017,46.4,18.6,72017
"Barranquitas Municipio, Puerto Rico",18924,28026,72,019,53.0,18.0,72019
"Cabo Rojo Municipio, Puerto Rico",17261,47977,72,023,50.9,12.9,72023
"Caguas Municipio, Puerto Rico",25823,126734,72,025,37.1,12.8,72025
"Camuy Municipio, Puerto Rico",18571,31066,72,027,45.6,7.3,72027
"Carolina Municipio, Puerto Rico",29398,150378,72,031,30.5,14.3,72031
"Cataño Municipio, Puerto Rico",18647,23698,72,033,46.8,16.7,72033
"Ceiba Municipio, Puerto Rico",19092,11207,72,037,42.2,10.5,72037
"Ciales Municipio, Puerto Rico",17783,16188,72,039,54.8,21.5,72039
"Coamo Municipio, Puerto Rico",18319,38603,72,043,48.5,6.9,72043
"Comerío Municipio, Puerto Rico",14297,18942,72,045,53.7,17.2,72045
"Culebra Municipio, Puerto Rico",25658,1371,72,049,31.0,3.3,72049
"Dorado Municipio, Puerto Rico",29852,36475,72,051,33.0,18.8,72051
"Florida Municipio, Puerto Rico",20221,11513,72,054,52.3,18.9,72054
"Guánica Municipio, Puerto Rico",12283,15825,72,055,66.2,34.8,72055
"Guayama Municipio, Puerto Rico",17319,40198,72,057,49.4,8.8,72057
"Guaynabo Municipio, Puerto Rico",36073,85312,72,061,25.3,9.5,72061
"Gurabo Municipio, Puerto Rico",35367,46948,72,063,29.8,16.0,72063
"Hormigueros Municipio, Puerto Rico",19848,15731,72,067,42.4,20.5,72067
"Humacao Municipio, Puerto Rico",21802,51586,72,069,39.8,9.5,72069
"Jayuya Municipio, Puerto Rico",16003,14239,72,073,57.9,14.5,72073
"Juana Díaz Municipio, Puerto Rico",20889,45414,72,075,45.7,21.4,72075
"Lajas Municipio, Puerto Rico",14439,22391,72,079,61.4,19.5,72079
"Lares Municipio, Puerto Rico",16841,24945,72,081,57.8,14.0,72081
"Las Marías Municipio, Puerto Rico",14765,8131,72,083,48.4,6.1,72083
"Las Piedras Municipio, Puerto Rico",22848,37233,72,085,37.8,13.0,72085
"Loíza Municipio, Puerto Rico",17363,25164,72,087,50.4,25.6,72087
"Luquillo Municipio, Puerto Rico",21805,17924,72,089,42.2,25.5,72089
"Manatí Municipio, Puerto Rico",18885,38062,72,091,46.0,18.2,72091
"Maricao Municipio, Puerto Rico",15387,5900,72,093,58.1,7.1,72093
"Maunabo Municipio, Puerto Rico",20561,10568,72,095,43.9,25.6,72095
"Mayagüez Municipio, Puerto Rico",14761,73336,72,097,53.4,25.9,72097
"Moca Municipio, Puerto Rico",16033,35547,72,099,53.3,22.9,72099
"Morovis Municipio, Puerto Rico",21191,30652,72,101,44.5,18.1,72101
"Naguabo Municipio, Puerto Rico",19224,25931,72,103,48.1,17.2,72103
"Naranjito Municipio, Puerto Rico",18778,27719,72,105,45.9,18.2,72105
"Orocovis Municipio, Puerto Rico",15805,20608,72,107,57.5,25.5,72107
"Patillas Municipio, Puerto Rico",17138,16591,72,109,50.8,18.8,72109
"Peñuelas Municipio, Puerto Rico",17313,19797,72,111,54.5,18.0,72111
"Ponce Municipio, Puerto Rico",17263,135674,72,113,51.2,11.7,72113
"Quebradillas Municipio, Puerto Rico",17425,23261,72,115,46.7,5.1,72115
"Emanuel County, Georgia",38423,22525,13,107,24.0,8.0,13107
"Fannin County, Georgia",46028,25797,13,111,10.6,5.8,13111
"Fayette County, Georgia",93777,113544,13,113,4.7,4.2,13113
"Forsyth County, Georgia",112834,236605,13,117,5.2,3.3,13117
"Fulton County, Georgia",72741,1051550,13,121,13.4,5.8,13121
"Gilmer County, Georgia",57376,30986,13,123,15.2,3.1,13123
"Glynn County, Georgia",56952,85008,13,127,17.1,4.8,13127
"Gordon County, Georgia",48662,57756,13,129,15.9,3.5,13129
"Greene County, Georgia",57880,17808,13,133,16.2,4.4,13133
"Gwinnett County, Georgia",72787,926414,13,135,10.5,4.0,13135
"Hall County, Georgia",63651,201434,13,139,14.0,3.5,13139
"Haralson County, Georgia",52021,29608,13,143,12.6,4.3,13143
"Harris County, Georgia",79860,34676,13,145,5.8,6.3,13145
"Hart County, Georgia",45874,25981,13,147,13.6,6.2,13147
"Heard County, Georgia",50583,11785,13,149,19.7,7.4,13149
"Henry County, Georgia",71110,229994,13,151,9.1,5.7,13151
"Houston County, Georgia",65870,155317,13,153,11.6,5.5,13153
"Irwin County, Georgia",41484,9379,13,155,22.1,12.0,13155
"Jackson County, Georgia",68307,70467,13,157,9.3,3.9,13157
"Jasper County, Georgia",52409,14074,13,159,15.3,5.1,13159
"Jeff Davis County, Georgia",36987,15063,13,161,20.4,5.3,13161
"Jefferson County, Georgia",37009,15489,13,163,21.1,6.7,13163
"Jenkins County, Georgia",25712,8787,13,165,34.5,3.9,13165
"Johnson County, Georgia",42421,9717,13,167,23.0,11.8,13167
"Jones County, Georgia",63046,28622,13,169,11.6,4.0,13169
"Lamar County, Georgia",50088,18834,13,171,15.1,8.1,13171
"Lanier County, Georgia",32158,10534,13,173,28.6,4.0,13173
"Laurens County, Georgia",39476,47404,13,175,26.3,5.0,13175
"Lee County, Georgia",68338,29735,13,177,12.1,4.7,13177
"Liberty County, Georgia",50411,62039,13,179,14.6,9.3,13179
"Lincoln County, Georgia",42036,7929,13,181,20.1,4.1,13181
"Long County, Georgia",52099,19236,13,183,20.8,12.4,13183
"Lumpkin County, Georgia",52872,33009,13,187,14.1,4.8,13187
"McIntosh County, Georgia",56262,14217,13,191,15.0,4.1,13191
"Macon County, Georgia",31910,13107,13,193,28.6,9.2,13193
"Marion County, Georgia",52450,8450,13,197,14.2,6.5,13197
"Meriwether County, Georgia",40769,21080,13,199,20.9,5.6,13199
"Mitchell County, Georgia",39404,22072,13,205,26.3,10.9,13205
"Montgomery County, Georgia",45230,9069,13,209,16.5,7.8,13209
"Morgan County, Georgia",68669,18832,13,211,7.7,3.0,13211
"Muscogee County, Georgia",47418,195418,13,215,20.0,8.6,13215
"Newton County, Georgia",59178,109835,13,217,15.0,6.2,13217
"Oglethorpe County, Georgia",52816,15040,13,221,12.3,5.2,13221
"Paulding County, Georgia",74154,164440,13,223,6.9,4.3,13223
"Pickens County, Georgia",68365,32002,13,227,11.7,4.6,13227
"Pike County, Georgia",68138,18565,13,231,9.2,5.0,13231
"Polk County, Georgia",46846,42251,13,233,18.3,5.4,13233
"Putnam County, Georgia",52910,21906,13,237,18.7,3.5,13237
"Quitman County, Georgia",34394,2290,13,239,14.3,21.4,13239
"Randolph County, Georgia",29400,6888,13,243,29.7,8.8,13243
"Rockdale County, Georgia",62505,90155,13,247,12.2,6.6,13247
"Schley County, Georgia",49105,5215,13,249,14.7,8.0,13249
"Seminole County, Georgia",35286,8218,13,253,26.4,4.8,13253
"Spalding County, Georgia",48970,66043,13,255,17.5,4.3,13255
"Stewart County, Georgia",34028,6446,13,259,28.2,9.2,13259
"Sumter County, Georgia",37174,29714,13,261,24.3,6.5,13261
"Taliaferro County, Georgia",37717,1596,13,265,24.7,4.2,13265
"Taylor County, Georgia",28550,8126,13,269,29.4,4.8,13269
"Telfair County, Georgia",32764,15871,13,271,27.4,1.5,13271
"Thomas County, Georgia",47133,44545,13,275,17.5,6.2,13275
"Jefferson Parish, Louisiana",54825,434903,22,051,15.2,5.4,22051
"Lafayette Parish, Louisiana",58761,243692,22,055,16.7,5.1,22055
"Lafourche Parish, Louisiana",54530,97980,22,057,17.4,7.0,22057
"LaSalle Parish, Louisiana",51141,14950,22,059,17.8,4.4,22059
"Lincoln Parish, Louisiana",36496,47118,22,061,30.5,4.7,22061
"Livingston Parish, Louisiana",67365,140524,22,063,11.2,5.1,22063
"Madison Parish, Louisiana",32585,11137,22,065,36.1,9.8,22065
"Morehouse Parish, Louisiana",33780,25189,22,067,26.5,5.8,22067
"Natchitoches Parish, Louisiana",30625,38505,22,069,30.1,13.1,22069
"Orleans Parish, Louisiana",43258,391249,22,071,23.0,8.5,22071
"Ouachita Parish, Louisiana",44934,154679,22,073,23.3,5.4,22073
"Plaquemines Parish, Louisiana",65234,23305,22,075,17.8,3.2,22075
"Pointe Coupee Parish, Louisiana",44201,21883,22,077,20.6,5.4,22077
"Rapides Parish, Louisiana",48013,130376,22,079,18.7,5.8,22079
"Red River Parish, Louisiana",33817,8462,22,081,26.6,4.2,22081
"Richland Parish, Louisiana",40491,20251,22,083,29.5,6.6,22083
"Sabine Parish, Louisiana",39755,23915,22,085,20.0,8.6,22085
"St. Bernard Parish, Louisiana",47873,46694,22,087,23.2,9.0,22087
"St. Charles Parish, Louisiana",68113,52856,22,089,11.2,6.1,22089
"St. Helena Parish, Louisiana",45063,10227,22,091,22.7,17.3,22091
"St. James Parish, Louisiana",53209,21142,22,093,14.4,4.9,22093
"St. John the Baptist Parish, Louisiana",55429,43055,22,095,15.4,8.5,22095
"St. Landry Parish, Louisiana",40859,82786,22,097,24.8,5.2,22097
"St. Martin Parish, Louisiana",48884,53607,22,099,17.4,7.3,22099
"St. Tammany Parish, Louisiana",70730,258447,22,103,11.0,5.3,22103
"Tangipahoa Parish, Louisiana",48745,133753,22,105,20.2,7.1,22105
"Terrebonne Parish, Louisiana",52224,111297,22,109,18.8,6.3,22109
"Vermilion Parish, Louisiana",52219,59787,22,113,16.9,7.4,22113
"Vernon Parish, Louisiana",50267,49315,22,115,16.3,7.5,22115
"Webster Parish, Louisiana",30324,38813,22,119,27.5,4.9,22119
"West Baton Rouge Parish, Louisiana",67813,26395,22,121,15.1,7.9,22121
"West Feliciana Parish, Louisiana",59688,15441,22,125,12.7,8.3,22125
"Winn Parish, Louisiana",37764,14165,22,127,16.1,5.6,22127
"Albany County, New York",68327,306165,36,001,12.1,4.6,36001
"Bronx County, New York",41895,1427056,36,005,27.0,10.1,36005
"Broome County, New York",52237,192042,36,007,18.5,7.6,36007
"Cayuga County, New York",57985,76958,36,011,12.3,4.8,36011
"Chautauqua County, New York",48315,127584,36,013,17.8,5.5,36013
"Chenango County, New York",51756,47527,36,017,12.9,6.5,36017
"Clinton County, New York",59510,80320,36,019,12.3,4.5,36019
"Cortland County, New York",59194,47618,36,023,14.4,5.6,36023
"Delaware County, New York",49945,44676,36,025,16.2,4.3,36025
"Erie County, New York",59464,918873,36,029,13.7,4.8,36029
"Franklin County, New York",52905,50389,36,033,17.8,7.0,36033
"Fulton County, New York",51663,53452,36,035,14.8,4.0,36035
"Greene County, New York",56681,47335,36,039,11.5,3.7,36039
"Hamilton County, New York",60625,4454,36,041,8.6,2.1,36041
"Jefferson County, New York",54726,111454,36,045,14.4,5.8,36045
"Kings County, New York",63973,2576771,36,047,19.2,6.5,36047
"Livingston County, New York",60248,63218,36,051,12.6,4.0,36051
"Madison County, New York",61176,70990,36,053,8.5,3.9,36053
"Montgomery County, New York",50146,49294,36,057,17.8,6.0,36057
"Nassau County, New York",120036,1355683,36,059,5.4,4.1,36059
"Niagara County, New York",57252,210145,36,063,12.4,5.2,36063
"Oneida County, New York",59113,229074,36,065,14.2,4.4,36065
"Ontario County, New York",64795,109774,36,069,9.0,3.6,36069
"Orange County, New York",80816,382077,36,071,11.4,4.8,36071
"Oswego County, New York",59070,117630,36,075,16.8,6.6,36075
"Río Grande Municipio, Puerto Rico",23738,48828,72,119,38.3,20.6,72119
"Sabana Grande Municipio, Puerto Rico",18290,22140,72,121,49.1,18.4,72121
"San Germán Municipio, Puerto Rico",16561,30811,72,125,48.8,7.5,72125
"San Juan Municipio, Puerto Rico",23642,326953,72,127,40.1,16.1,72127
"San Lorenzo Municipio, Puerto Rico",19385,36586,72,129,43.8,8.9,72129
"Santa Isabel Municipio, Puerto Rico",20000,21474,72,133,48.4,6.5,72133
"Toa Alta Municipio, Puerto Rico",27626,72450,72,135,31.1,10.3,72135
"Trujillo Alto Municipio, Puerto Rico",32611,65011,72,139,29.3,4.7,72139
"Utuado Municipio, Puerto Rico",15021,28041,72,141,54.3,33.3,72141
"Vega Baja Municipio, Puerto Rico",20126,51089,72,145,45.7,18.1,72145
"Vieques Municipio, Puerto Rico",14040,8508,72,147,52.6,13.1,72147
"Villalba Municipio, Puerto Rico",19355,21899,72,149,46.4,20.0,72149
"Yauco Municipio, Puerto Rico",14813,34501,72,153,48.9,17.5,72153
"Anderson County, Texas",45847,57917,48,001,14.1,3.4,48001
"Angelina County, Texas",49684,87119,48,005,17.3,6.7,48005
"Aransas County, Texas",47924,24220,48,007,22.8,9.3,48007
"Armstrong County, Texas",69386,1950,48,011,7.3,0.5,48011
"Atascosa County, Texas",59251,50194,48,013,11.0,7.2,48013
"Bailey County, Texas",55038,6916,48,017,11.4,3.0,48017
"Bandera County, Texas",60361,22770,48,019,13.8,7.1,48019
"Baylor County, Texas",40946,3560,48,023,14.8,1.8,48023
"Bee County, Texas",45287,32609,48,025,19.4,8.3,48025
"Bexar County, Texas",58288,1978826,48,029,15.6,5.7,48029
"Blanco County, Texas",70397,11733,48,031,11.2,4.9,48031
"Bosque County, Texas",57337,18428,48,035,14.5,4.3,48035
"Brazoria County, Texas",83325,368062,48,039,7.9,4.8,48039
"Brazos County, Texas",50289,226370,48,041,23.9,4.4,48041
"Briscoe County, Texas",37875,1348,48,045,16.8,3.1,48045
"Brooks County, Texas",25058,7100,48,047,40.2,1.1,48047
"Burleson County, Texas",60058,18237,48,051,11.4,3.9,48051
"Burnet County, Texas",59919,47548,48,053,7.5,3.2,48053
"Calhoun County, Texas",57170,21470,48,057,10.1,4.3,48057
"Callahan County, Texas",51955,13959,48,059,9.3,4.2,48059
"Camp County, Texas",49539,12938,48,063,20.1,6.5,48063
"Carson County, Texas",74246,5957,48,065,8.6,1.6,48065
"Castro County, Texas",49900,7561,48,069,11.8,1.5,48069
"Chambers County, Texas",95989,42571,48,071,14.4,7.1,48071
"Childress County, Texas",43564,7219,48,075,14.4,7.8,48075
"Clay County, Texas",63125,10444,48,077,12.2,2.8,48077
"Coke County, Texas",45072,3298,48,081,12.5,2.3,48081
"Coleman County, Texas",46948,8281,48,083,14.7,5.8,48083
"Collingsworth County, Texas",41202,2939,48,087,20.2,5.8,48087
"Colorado County, Texas",52663,21357,48,089,10.1,3.9,48089
"Comal County, Texas",80781,148921,48,091,7.7,4.0,48091
"Comanche County, Texas",54889,13597,48,093,14.6,6.1,48093
"Concho County, Texas",53333,3018,48,095,17.5,1.4,48095
"Cooke County, Texas",62733,40428,48,097,12.8,4.0,48097
"Coryell County, Texas",54712,75576,48,099,11.5,6.7,48099
"Rincón Municipio, Puerto Rico",20145,13849,72,117,43.5,7.0,72117
"Cottle County, Texas",40250,1624,48,101,23.0,8.1,48101
"Crane County, Texas",54596,4739,48,103,4.3,2.9,48103
"Crockett County, Texas",46695,3393,48,105,17.9,0.0,48105
"Crosby County, Texas",42470,5753,48,107,20.9,5.3,48107
"Culberson County, Texas",34853,2183,48,109,32.3,9.3,48109
"Dallam County, Texas",58956,7272,48,111,14.9,3.1,48111
"Dallas County, Texas",61870,2622634,48,113,14.6,5.0,48113
"Dawson County, Texas",40469,12849,48,115,22.6,7.3,48115
"Deaf Smith County, Texas",49790,18617,48,117,13.8,3.3,48117
"Delta County, Texas",49868,5277,48,119,16.2,4.6,48119
"Knox County, Ohio",61590,61776,39,083,12.1,4.2,39083
"Licking County, Ohio",67736,175409,39,089,9.8,3.7,39089
"Lucas County, Ohio",49946,430319,39,095,18.7,7.2,39095
"Mahoning County, Ohio",47092,228452,39,099,17.6,7.9,39099
"Meigs County, Ohio",43445,22974,39,105,20.3,8.3,39105
"Monroe County, Ohio",46241,13827,39,111,14.6,4.7,39111
"Morrow County, Ohio",61769,35148,39,117,9.1,2.7,39117
"Ottawa County, Ohio",59306,40557,39,123,8.8,3.7,39123
"Pickaway County, Ohio",61629,58112,39,129,13.8,4.4,39129
"Towns County, Georgia",51257,11815,13,281,12.8,4.2,13281
"Treutlen County, Georgia",32072,6787,13,283,31.3,8.9,13283
"Turner County, Georgia",34514,7920,13,287,29.5,7.4,13287
"Union County, Georgia",49703,23999,13,291,15.8,4.8,13291
"Upson County, Georgia",39221,26329,13,293,20.4,4.3,13293
"Walton County, Georgia",65491,93284,13,297,12.3,4.8,13297
"Ware County, Georgia",37041,35745,13,299,23.3,4.2,13299
"Washington County, Georgia",36402,20316,13,303,20.8,5.1,13303
"Webster County, Georgia",31629,2587,13,307,24.7,6.3,13307
"Wheeler County, Georgia",28864,7897,13,309,30.0,7.2,13309
"Whitfield County, Georgia",50055,104122,13,313,16.2,6.0,13313
"Wilcox County, Georgia",39216,8701,13,315,25.0,5.9,13315
"Wilkinson County, Georgia",36896,8945,13,319,24.7,7.5,13319
"Hawaii County, Hawaii",65401,201350,15,001,14.0,6.3,15001
"Honolulu County, Hawaii",87722,979682,15,003,8.4,4.2,15003
"Kalawao County, Hawaii",76465,436,15,005,1.2,0.0,15005
"Kauai County, Hawaii",82818,71949,15,007,7.9,3.5,15007
"Maui County, Hawaii",84363,166657,15,009,9.0,5.1,15009
"Ada County, Idaho",69952,469473,16,001,9.3,3.7,16001
"Adams County, Idaho",50309,4200,16,003,16.2,11.5,16003
"Bannock County, Idaho",51977,86742,16,005,14.0,5.4,16005
"Bear Lake County, Idaho",52829,6054,16,007,14.8,3.7,16007
"Benewah County, Idaho",47983,9231,16,009,13.2,6.4,16009
"Bingham County, Idaho",58260,46246,16,011,11.3,5.5,16011
"Blaine County, Idaho",64627,22729,16,013,12.6,1.9,16013
"Boise County, Idaho",51760,7625,16,015,12.9,1.9,16015
"Bonner County, Idaho",51594,44688,16,017,12.6,4.0,16017
"Bonneville County, Idaho",61435,116970,16,019,9.8,3.9,16019
"Boundary County, Idaho",45319,12156,16,021,20.4,2.7,16021
"Butte County, Idaho",37404,2603,16,023,21.4,3.5,16023
"Camas County, Idaho",36908,1069,16,025,12.3,2.4,16025
"Canyon County, Idaho",56916,223890,16,027,12.5,4.8,16027
"Caribou County, Idaho",58099,7028,16,029,7.7,3.8,16029
"Cassia County, Idaho",52256,23847,16,031,11.4,3.4,16031
"Clark County, Idaho",36429,885,16,033,9.8,3.4,16033
"Custer County, Idaho",44757,4193,16,037,16.9,4.0,16037
"Franklin County, Idaho",59934,13736,16,041,9.7,0.5,16041
"Fremont County, Idaho",56825,13111,16,043,13.5,6.4,16043
"Gooding County, Idaho",50057,15280,16,047,16.6,6.4,16047
"Idaho County, Idaho",44951,16511,16,049,11.7,4.6,16049
"Jerome County, Idaho",55521,24074,16,053,17.7,4.7,16053
"Latah County, Idaho",51312,40052,16,057,18.1,5.3,16057
"Lemhi County, Idaho",38819,7929,16,059,13.6,3.9,16059
"Lincoln County, Idaho",52363,5342,16,063,12.5,3.5,16063
"Madison County, Idaho",44419,39725,16,065,26.7,7.4,16065
"Nez Perce County, Idaho",57099,40468,16,069,13.1,3.4,16069
"Owyhee County, Idaho",48601,11724,16,073,13.6,2.7,16073
"Tift County, Georgia",44827,40590,13,277,22.5,2.8,13277
"Payette County, Idaho",52788,23705,16,075,12.6,4.6,16075
"Shoshone County, Idaho",40483,12700,16,079,15.4,8.6,16079
"Teton County, Idaho",73274,11776,16,081,6.9,5.2,16081
"Valley County, Idaho",63115,11085,16,085,8.1,0.7,16085
"Washington County, Idaho",42126,10128,16,087,12.2,5.9,16087
"Alexander County, Illinois",34709,6011,17,003,26.9,7.7,17003
"Boone County, Illinois",70396,53293,17,007,8.2,7.5,17007
"Brown County, Illinois",60694,6599,17,009,10.8,3.1,17009
"Calhoun County, Illinois",66602,4782,17,013,9.1,4.4,17013
"Carroll County, Illinois",52813,14398,17,015,11.0,5.8,17015
"Champaign County, Illinois",53936,210006,17,019,19.1,4.8,17019
"Clark County, Illinois",59481,15602,17,023,8.7,4.0,17023
"Otsego County, New York",56171,59593,36,077,13.4,5.7,36077
"Queens County, New York",72028,2270976,36,081,11.6,6.0,36081
"Rensselaer County, New York",72510,159013,36,083,10.8,5.1,36083
"Rockland County, New York",94840,325213,36,087,14.5,5.4,36087
"St. Lawrence County, New York",52071,108352,36,089,17.6,6.8,36089
"Saratoga County, New York",85224,229313,36,091,5.9,3.2,36091
"Schenectady County, New York",66488,155086,36,093,11.4,7.0,36093
"Schoharie County, New York",58926,31189,36,095,11.6,5.3,36095
"Schuyler County, New York",53291,17845,36,097,14.7,5.7,36097
"Seneca County, New York",54865,34295,36,099,12.0,3.8,36099
"Steuben County, New York",55349,95843,36,101,12.7,5.7,36101
"Suffolk County, New York",105362,1481364,36,103,6.5,4.5,36103
"Sullivan County, New York",60433,75329,36,105,13.3,7.3,36105
"Tioga County, New York",61965,48431,36,107,9.9,5.7,36107
"Tompkins County, New York",61361,102237,36,109,17.5,4.1,36109
"Ulster County, New York",65306,178371,36,111,13.7,5.4,36111
"Warren County, New York",64658,64187,36,113,8.5,4.1,36113
"Washington County, New York",59613,61304,36,115,10.9,5.6,36115
"Wayne County, New York",62003,90103,36,117,11.2,3.7,36117
"Westchester County, New York",99489,968738,36,119,8.4,5.7,36119
"Wyoming County, New York",58746,40027,36,121,8.7,4.7,36121
"Yates County, New York",55307,24981,36,123,13.5,3.8,36123
"Alamance County, North Carolina",51580,166144,37,001,15.4,5.2,37001
"Alexander County, North Carolina",51329,37271,37,003,12.3,5.8,37003
"Alleghany County, North Carolina",37158,11085,37,005,22.6,3.4,37005
"Ashe County, North Carolina",43030,27009,37,009,14.8,4.4,37009
"Avery County, North Carolina",42695,17510,37,011,13.1,5.7,37011
"Bertie County, North Carolina",35042,19081,37,015,25.0,10.0,37015
"Bladen County, North Carolina",37188,33209,37,017,24.3,5.0,37017
"Buncombe County, North Carolina",55032,259576,37,021,11.5,3.2,37021
"Burke County, North Carolina",43915,90148,37,023,18.5,6.6,37023
"Caldwell County, North Carolina",46094,82056,37,027,14.0,6.5,37027
"Camden County, North Carolina",63834,10654,37,029,6.4,8.7,37029
"Caswell County, North Carolina",47938,22619,37,033,16.2,5.8,37033
"Catawba County, North Carolina",54690,158507,37,035,12.4,6.0,37035
"Cherokee County, North Carolina",40793,28413,37,039,17.8,4.9,37039
"Chowan County, North Carolina",44050,13995,37,041,19.6,5.3,37041
"Clay County, North Carolina",42160,11150,37,043,13.5,3.5,37043
"Columbus County, North Carolina",38487,55659,37,047,22.1,5.7,37047
"Craven County, North Carolina",53894,102290,37,049,14.3,6.1,37049
"Currituck County, North Carolina",73741,27210,37,053,8.2,3.3,37053
"Dare County, North Carolina",65420,36698,37,055,8.2,5.6,37055
"Davie County, North Carolina",62028,42543,37,059,13.7,4.0,37059
"Duplin County, North Carolina",43422,58965,37,061,18.2,5.9,37061
"Edgecombe County, North Carolina",40489,52069,37,065,22.3,8.9,37065
"Forsyth County, North Carolina",53583,378499,37,067,15.8,5.0,37067
"Gaston County, North Carolina",53474,222119,37,071,13.6,6.0,37071
"Gates County, North Carolina",45871,11519,37,073,13.0,9.6,37073
"Granville County, North Carolina",56924,59823,37,077,14.2,4.7,37077
"Greene County, North Carolina",43563,20987,37,079,21.2,5.6,37079
"Halifax County, North Carolina",35904,50678,37,083,25.6,6.5,37083
"Harnett County, North Carolina",54565,134328,37,085,15.8,6.6,37085
"Henderson County, North Carolina",58928,116298,37,089,10.5,3.0,37089
"Hertford County, North Carolina",42588,23752,37,091,20.5,8.3,37091
"Hoke County, North Carolina",51140,54590,37,093,18.6,7.9,37093
"Iredell County, North Carolina",62551,178853,37,097,9.8,4.8,37097
"Jackson County, North Carolina",46820,43435,37,099,18.0,5.8,37099
"Denton County, Texas",90354,861690,48,121,7.4,3.9,48121
"DeWitt County, Texas",53815,20217,48,123,17.9,6.7,48123
"Dickens County, Texas",41141,2182,48,125,15.3,6.3,48125
"Dimmit County, Texas",25996,10232,48,127,42.6,7.9,48127
"Donley County, Texas",51875,3317,48,129,12.5,1.6,48129
"Duval County, Texas",45349,11194,48,131,19.1,8.8,48131
"Ector County, Texas",63096,162067,48,135,13.0,6.6,48135
"Edwards County, Texas",40643,1944,48,137,10.2,0.0,48137
"El Paso County, Texas",48292,836915,48,141,19.5,6.2,48141
"Erath County, Texas",55383,42226,48,143,16.5,5.0,48143
"Fannin County, Texas",57898,35046,48,147,12.5,4.7,48147
"Fayette County, Texas",62872,25247,48,149,11.2,4.1,48149
"Floyd County, Texas",52714,5782,48,153,15.3,2.8,48153
"Foard County, Texas",39306,1207,48,155,9.5,8.9,48155
"Franklin County, Texas",59632,10767,48,159,8.2,6.4,48159
"Freestone County, Texas",52232,19744,48,161,16.3,3.3,48161
"Gaines County, Texas",62994,21077,48,165,14.5,3.8,48165
"Garza County, Texas",58938,6028,48,169,21.6,8.9,48169
"Gillespie County, Texas",61445,26668,48,171,10.8,4.3,48171
"Goliad County, Texas",50000,7578,48,175,12.0,4.2,48175
"Gonzales County, Texas",58210,20828,48,177,13.1,2.6,48177
"Grayson County, Texas",58296,133527,48,181,12.0,4.4,48181
"Gregg County, Texas",52027,123633,48,183,17.6,4.1,48183
"Guadalupe County, Texas",75774,163030,48,187,9.0,4.5,48187
"Hale County, Texas",47500,33463,48,189,17.8,4.2,48189
"Hamilton County, Texas",46893,8434,48,193,19.9,2.4,48193
"Hansford County, Texas",46507,5431,48,195,11.3,11.0,48195
"Hardin County, Texas",61221,57356,48,199,12.0,3.9,48199
"Harris County, Texas",63022,4680609,48,201,15.6,6.2,48201
"Hartley County, Texas",53722,5588,48,205,8.0,0.4,48205
"Haskell County, Texas",48955,5711,48,207,15.4,7.3,48207
"Hemphill County, Texas",59605,3901,48,211,9.2,6.6,48211
"Henderson County, Texas",49469,81969,48,213,17.0,6.3,48213
"Hill County, Texas",55615,36109,48,217,12.5,6.2,48217
"Hockley County, Texas",47010,22986,48,219,15.3,6.6,48219
"Hopkins County, Texas",54600,36708,48,223,11.8,4.4,48223
"Houston County, Texas",40838,22942,48,225,19.0,3.0,48225
"Hudspeth County, Texas",31505,4687,48,229,23.1,8.7,48229
"Hunt County, Texas",57467,96202,48,231,14.3,4.9,48231
"Irion County, Texas",53778,1553,48,235,12.6,5.6,48235
"Jack County, Texas",54087,8888,48,237,15.4,3.3,48237
"Jasper County, Texas",42756,35562,48,241,20.3,10.1,48241
"Jeff Davis County, Texas",-666666666,2245,48,243,19.0,0.5,48243
"Jim Hogg County, Texas",35736,5187,48,247,31.3,8.1,48247
"Jim Wells County, Texas",45857,40796,48,249,21.6,3.7,48249
"Jones County, Texas",52471,19874,48,253,11.5,6.0,48253
"Karnes County, Texas",52896,15547,48,255,17.2,3.5,48255
"Kaufman County, Texas",72179,129792,48,257,10.7,5.3,48257
"Kendall County, Texas",98692,45491,48,259,4.8,4.3,48259
"Kenedy County, Texas",40083,391,48,261,2.0,0.0,48261
"Kent County, Texas",61706,704,48,263,12.4,5.0,48263
"Kerr County, Texas",57196,52195,48,265,12.5,4.3,48265
"Kimble County, Texas",46602,4375,48,267,18.9,3.2,48267
"King County, Texas",39286,279,48,269,36.2,9.3,48269
"Kinney County, Texas",39972,3674,48,271,16.0,1.1,48271
"Kleberg County, Texas",47301,30725,48,273,27.2,6.0,48273
"Knox County, Texas",50719,3679,48,275,11.8,4.5,48275
"Lamar County, Texas",48036,49705,48,277,18.4,3.9,48277
"Lamb County, Texas",44935,13018,48,279,19.4,4.2,48279
"Lampasas County, Texas",64808,21152,48,281,10.9,7.1,48281
"La Salle County, Texas",47162,7551,48,283,18.5,2.8,48283
"Portage County, Ohio",59485,162476,39,133,11.3,5.8,39133
"Richland County, Ohio",49186,121043,39,139,13.7,5.7,39139
"Scioto County, Ohio",41866,75441,39,145,23.0,6.9,39145
"Stark County, Ohio",55045,371516,39,151,13.3,5.1,39151
"Tuscarawas County, Ohio",54451,92165,39,157,12.9,5.5,39157
"Vinton County, Ohio",45034,13045,39,163,20.0,5.8,39163
"Cotton County, Oklahoma",49583,5783,40,033,18.9,4.6,40033
"Custer County, Oklahoma",51351,28929,40,039,16.9,2.8,40039
"Ellis County, Oklahoma",48264,3936,40,045,15.2,6.1,40045
"Grady County, Oklahoma",64507,55315,40,051,10.5,4.4,40051
"Harmon County, Oklahoma",53087,2663,40,057,15.2,6.9,40057
"Hughes County, Oklahoma",38020,13265,40,063,21.4,8.1,40063
"Johnston County, Oklahoma",44238,11028,40,069,19.4,6.5,40069
"Kiowa County, Oklahoma",34747,8816,40,075,23.9,3.2,40075
"Lincoln County, Oklahoma",51206,34936,40,081,14.6,4.0,40081
"McClain County, Oklahoma",70005,39921,40,087,7.9,3.4,40087
"Major County, Oklahoma",56781,7654,40,093,13.5,2.8,40093
"Murray County, Oklahoma",53696,13972,40,099,16.2,3.6,40099
"Nowata County, Oklahoma",42051,10243,40,105,17.3,6.2,40105
"Oklahoma County, Oklahoma",55519,792668,40,109,15.5,4.7,40109
"Ottawa County, Oklahoma",40662,31283,40,115,20.0,4.9,40115
"Pittsburg County, Oklahoma",47511,43955,40,121,17.3,6.6,40121
"Pushmataha County, Oklahoma",38325,11055,40,127,18.7,8.1,40127
"Seminole County, Oklahoma",38588,24624,40,133,22.6,8.6,40133
"Texas County, Oklahoma",50702,20633,40,139,23.9,2.7,40139
"Wagoner County, Oklahoma",64958,80264,40,145,10.0,5.3,40145
"Woods County, Oklahoma",51985,8914,40,151,15.6,5.1,40151
"Benton County, Oregon",65142,92168,41,003,18.6,6.1,41003
"Morrow County, Oregon",56572,11425,41,049,15.1,3.6,41049
"Polk County, Oregon",65665,84730,41,053,12.1,5.6,41053
"Umatilla County, Oregon",57973,77319,41,059,14.3,6.9,41059
"Wasco County, Oregon",54725,26274,41,065,10.9,6.6,41065
"Yamhill County, Oregon",67296,106087,41,071,11.8,3.3,41071
"Newport County, Rhode Island",84282,82731,44,005,7.7,5.8,44005
"Adams County, Pennsylvania",68411,102627,42,001,7.9,3.9,42001
"Beaver County, Pennsylvania",59014,164781,42,007,9.8,5.1,42007
"Blair County, Pennsylvania",50856,122495,42,013,13.8,4.7,42013
"Butler County, Pennsylvania",72642,187798,42,019,7.4,4.6,42019
"Carbon County, Pennsylvania",57601,63964,42,025,11.9,5.1,42025
"Clarion County, Pennsylvania",49695,38633,42,031,16.1,6.0,42031
"Columbia County, Pennsylvania",52219,65390,42,037,14.1,4.5,42037
"Dauphin County, Pennsylvania",63123,277071,42,043,11.9,4.4,42043
"Erie County, Pennsylvania",52863,272046,42,049,15.5,5.4,42049
"Franklin County, Pennsylvania",63420,154954,42,055,8.9,3.9,42055
"Huntingdon County, Pennsylvania",53597,45145,42,061,10.6,5.4,42061
"Juniata County, Pennsylvania",53502,24657,42,067,9.4,2.8,42067
"Lawrence County, Pennsylvania",50080,86148,42,073,12.9,6.4,42073
"Luzerne County, Pennsylvania",53194,317547,42,079,14.6,6.0,42079
"Mifflin County, Pennsylvania",52641,46179,42,087,13.9,3.5,42087
"Westmoreland County, Pennsylvania",61398,350722,42,129,9.5,4.7,42129
"Aiken County, South Carolina",53385,169947,45,003,13.8,7.3,45003
"Bamberg County, South Carolina",42830,14236,45,009,21.0,7.0,45009
"Berkeley County, South Carolina",65443,222103,45,015,11.9,4.3,45015
"Cherokee County, South Carolina",37787,57110,45,021,17.9,6.5,45021
"Clarendon County, South Carolina",43881,33865,45,027,21.7,11.5,45027
"Dorchester County, South Carolina",63501,161309,45,035,12.0,5.7,45035
"Florence County, South Carolina",49645,138237,45,041,17.4,5.0,45041
"Greenwood County, South Carolina",41081,70672,45,047,19.4,6.1,45047
"Clay County, Illinois",52167,13217,17,025,16.8,5.6,17025
"Coles County, Illinois",46411,51065,17,029,20.5,6.8,17029
"Cook County, Illinois",67886,5169517,17,031,13.7,7.0,17031
"Cumberland County, Illinois",59271,10787,17,035,11.4,2.3,17035
"DeKalb County, Illinois",62353,104588,17,037,16.0,6.6,17037
"Douglas County, Illinois",59620,19551,17,041,10.7,3.2,17041
"Edgar County, Illinois",48543,17272,17,045,11.3,4.5,17045
"Edwards County, Illinois",53801,6431,17,047,12.1,7.7,17047
"Fayette County, Illinois",45634,21418,17,051,16.2,4.4,17051
"Ford County, Illinois",50582,13155,17,053,12.9,4.4,17053
"Fulton County, Illinois",52243,34654,17,057,14.6,6.8,17057
"Gallatin County, Illinois",43092,4983,17,059,22.5,8.7,17059
"Grundy County, Illinois",75767,50798,17,063,7.1,4.4,17063
"Hancock County, Illinois",55818,17820,17,067,13.0,5.6,17067
"Hardin County, Illinois",50847,3890,17,069,13.3,6.3,17069
"Henry County, Illinois",60000,49032,17,073,10.8,4.2,17073
"Iroquois County, Illinois",54445,27437,17,075,11.5,5.7,17075
"Jasper County, Illinois",55911,9547,17,079,12.2,4.4,17079
"Jefferson County, Illinois",51662,37774,17,081,15.2,6.2,17081
"Jersey County, Illinois",67845,21776,17,083,8.1,4.3,17083
"Jo Daviess County, Illinois",59223,21429,17,085,9.6,2.4,17085
"Johnson County, Illinois",55363,12391,17,087,12.9,3.7,17087
"Kane County, Illinois",83374,531756,17,089,8.5,5.0,17089
"Kankakee County, Illinois",59370,109924,17,091,13.0,5.4,17091
"Kendall County, Illinois",96854,127583,17,093,4.4,4.1,17093
"Knox County, Illinois",44464,50052,17,095,16.7,5.2,17095
"Lake County, Illinois",92654,699682,17,097,7.6,5.3,17097
"LaSalle County, Illinois",60069,108998,17,099,13.6,6.0,17099
"Lawrence County, Illinois",53087,15830,17,101,13.6,4.6,17101
"Lee County, Illinois",59986,34204,17,103,12.0,3.3,17103
"Livingston County, Illinois",58676,35757,17,105,12.9,4.9,17105
"Logan County, Illinois",58122,28818,17,107,10.1,5.7,17107
"McDonough County, Illinois",43591,30107,17,109,20.5,9.1,17109
"McHenry County, Illinois",90014,307291,17,111,6.5,4.7,17111
"McLean County, Illinois",68037,172164,17,113,15.2,3.3,17113
"Macon County, Illinois",53725,104688,17,115,15.2,7.7,17115
"Macoupin County, Illinois",56264,45243,17,117,13.7,5.5,17117
"Madison County, Illinois",64045,264403,17,119,12.4,5.4,17119
"Marshall County, Illinois",57303,11562,17,123,10.9,4.4,17123
"Mason County, Illinois",50883,13486,17,125,15.5,6.1,17125
"Menard County, Illinois",77550,12261,17,129,7.6,4.9,17129
"Mercer County, Illinois",57182,15503,17,131,10.1,4.1,17131
"Montgomery County, Illinois",54886,28598,17,135,15.6,4.5,17135
"Morgan County, Illinois",53002,34012,17,137,13.1,5.5,17137
"Ogle County, Illinois",63643,50793,17,141,9.6,6.2,17141
"Perry County, Illinois",51616,21092,17,145,17.5,5.7,17145
"Piatt County, Illinois",73668,16412,17,147,5.7,3.7,17147
"Pope County, Illinois",43140,4177,17,151,21.4,6.8,17151
"Pulaski County, Illinois",37308,5414,17,153,19.5,6.5,17153
"Randolph County, Illinois",55319,31973,17,157,12.6,4.4,17157
"Richland County, Illinois",55032,15677,17,159,13.1,4.7,17159
"St. Clair County, Illinois",57473,261186,17,163,14.4,5.4,17163
"Sangamon County, Illinois",61743,195963,17,167,14.0,5.0,17167
"Schuyler County, Illinois",51376,6897,17,169,17.4,7.2,17169
"Shelby County, Illinois",59134,21623,17,173,9.8,4.0,17173
"Stark County, Illinois",53828,5393,17,175,14.4,3.2,17175
"Tazewell County, Illinois",66220,132524,17,179,8.6,4.2,17179
"Union County, Illinois",51655,16829,17,181,18.4,5.2,17181
"Wabash County, Illinois",48878,11390,17,185,12.0,4.4,17185
"Jones County, North Carolina",38324,9453,37,103,23.5,8.4,37103
"Lee County, North Carolina",52294,61083,37,105,16.3,5.6,37105
"Lincoln County, North Carolina",59592,84580,37,109,12.2,5.2,37109
"McDowell County, North Carolina",47085,45402,37,111,15.6,5.7,37111
"Madison County, North Carolina",46190,21608,37,115,14.3,3.4,37115
"Martin County, North Carolina",39909,22644,37,117,20.4,9.9,37117
"Mitchell County, North Carolina",48841,14959,37,121,12.4,4.5,37121
"Montgomery County, North Carolina",45147,27223,37,123,16.9,3.5,37123
"Moore County, North Carolina",63324,99263,37,125,10.5,4.6,37125
"Nash County, North Carolina",49949,94287,37,127,15.8,7.2,37127
"New Hanover County, North Carolina",56689,231448,37,129,14.6,5.2,37129
"Northampton County, North Carolina",38969,19672,37,131,20.1,7.8,37131
"Onslow County, North Carolina",51560,198377,37,133,12.4,8.0,37133
"Orange County, North Carolina",74803,146354,37,135,12.4,4.0,37135
"Pamlico County, North Carolina",48531,12673,37,137,15.5,4.6,37137
"Pasquotank County, North Carolina",54439,39775,37,139,12.3,6.7,37139
"Pender County, North Carolina",60044,61891,37,141,14.0,7.5,37141
"Perquimans County, North Carolina",51036,13513,37,143,12.1,5.3,37143
"Person County, North Carolina",57323,39561,37,145,16.3,6.1,37145
"Pitt County, North Carolina",49337,179961,37,147,20.8,8.1,37147
"Polk County, North Carolina",52125,20682,37,149,10.0,3.7,37149
"Randolph County, North Carolina",48984,143460,37,151,14.6,4.5,37151
"Richmond County, North Carolina",39051,44759,37,153,22.4,8.2,37153
"Robeson County, North Carolina",35362,131656,37,155,27.1,7.4,37155
"Rockingham County, North Carolina",45697,91051,37,157,17.9,6.3,37157
"Rowan County, North Carolina",51054,140978,37,159,16.2,7.0,37159
"Rutherford County, North Carolina",43183,66741,37,161,17.8,6.7,37161
"Sampson County, North Carolina",42914,63284,37,163,21.7,6.8,37163
"Scotland County, North Carolina",35936,34921,37,165,27.3,11.7,37165
"Stokes County, North Carolina",51668,45688,37,169,13.6,4.8,37169
"Surry County, North Carolina",44979,71904,37,171,16.4,4.6,37171
"Transylvania County, North Carolina",51509,34039,37,175,14.4,5.4,37175
"Tyrrell County, North Carolina",38250,3978,37,177,18.9,4.0,37177
"Vance County, North Carolina",41827,44614,37,181,20.0,8.0,37181
"Wake County, North Carolina",83567,1091662,37,183,8.5,4.2,37183
"Washington County, North Carolina",30941,11788,37,187,27.3,7.3,37187
"Watauga County, North Carolina",46453,55669,37,189,24.5,8.7,37189
"Wilkes County, North Carolina",44980,68341,37,193,16.4,5.3,37193
"Wilson County, North Carolina",44594,81579,37,195,19.9,8.6,37195
"Yancey County, North Carolina",44554,17870,37,199,14.7,7.4,37199
"Atlantic County, New Jersey",63680,264650,34,001,13.5,8.7,34001
"Burlington County, New Jersey",90329,446301,34,005,5.9,5.4,34005
"Camden County, New Jersey",70957,506721,34,007,12.3,6.7,34007
"Cumberland County, New Jersey",55709,150085,34,011,16.0,8.0,34011
"Essex County, New Jersey",63959,798698,34,013,15.3,8.0,34013
"Hudson County, New Jersey",75062,671923,34,017,14.2,5.4,34017
"Hunterdon County, New Jersey",117858,125063,34,019,3.9,3.9,34019
"Middlesex County, New Jersey",91731,825015,34,023,8.7,5.8,34023
"Monmouth County, New Jersey",103523,620821,34,025,6.5,5.1,34025
"Ocean County, New Jersey",72679,602018,34,029,9.9,5.3,34029
"Passaic County, New Jersey",73562,502763,34,031,14.8,6.3,34031
"Somerset County, New Jersey",116510,330151,34,035,5.1,4.4,34035
"Sussex County, New Jersey",96222,140996,34,037,5.2,5.3,34037
"Warren County, New Jersey",83497,105730,34,041,7.4,5.8,34041
"Adams County, Indiana",52712,35544,18,001,16.5,3.0,18001
"Bartholomew County, Indiana",66978,83280,18,005,12.7,4.4,18005
"Benton County, Indiana",52656,8695,18,007,15.3,3.3,18007
"Lee County, Texas",56696,17174,48,287,11.5,2.5,48287
"Leon County, Texas",43392,17325,48,289,17.7,5.9,48289
"Liberty County, Texas",50917,86173,48,291,14.8,7.5,48291
"Limestone County, Texas",45781,23364,48,293,19.3,5.9,48293
"Lipscomb County, Texas",63182,3301,48,295,11.3,5.6,48295
"Live Oak County, Texas",50212,12175,48,297,21.1,2.9,48297
"Llano County, Texas",58941,21452,48,299,7.6,6.5,48299
"Lubbock County, Texas",53425,308392,48,303,18.5,4.3,48303
"McCulloch County, Texas",48618,7970,48,307,15.2,4.9,48307
"McLennan County, Texas",50210,254045,48,309,18.5,4.6,48309
"Madison County, Texas",60499,14329,48,313,10.6,5.7,48313
"Marion County, Texas",39093,9987,48,315,18.5,10.9,48315
"Mason County, Texas",61434,4248,48,319,6.1,5.3,48319
"Matagorda County, Texas",48733,36791,48,321,17.9,6.4,48321
"Medina County, Texas",62701,50869,48,325,10.5,3.3,48325
"Menard County, Texas",43826,2108,48,327,13.9,4.5,48327
"Milam County, Texas",48253,24797,48,331,15.7,6.5,48331
"Mills County, Texas",50198,4877,48,333,11.6,2.3,48333
"Montague County, Texas",57511,19640,48,337,14.0,6.2,48337
"Montgomery County, Texas",83274,590188,48,339,8.9,4.6,48339
"Morris County, Texas",43995,12357,48,343,17.8,7.4,48343
"Motley County, Texas",45417,1362,48,345,7.3,4.6,48345
"Navarro County, Texas",47574,49475,48,349,15.5,4.9,48349
"Newton County, Texas",40690,13788,48,351,25.8,11.0,48351
"Nueces County, Texas",56784,362151,48,355,16.2,5.8,48355
"Ochiltree County, Texas",53431,9907,48,357,14.8,3.8,48357
"Orange County, Texas",63488,83776,48,361,12.4,4.5,48361
"Palo Pinto County, Texas",55986,28792,48,363,13.8,5.8,48363
"Parker County, Texas",84189,138447,48,367,8.2,4.7,48367
"Parmer County, Texas",58558,9639,48,369,13.2,1.4,48369
"Polk County, Texas",50351,50155,48,373,16.7,9.1,48373
"Potter County, Texas",43652,118323,48,375,20.1,3.4,48375
"Rains County, Texas",52612,12001,48,379,12.0,3.9,48379
"Randall County, Texas",68186,136005,48,381,10.0,3.6,48381
"Real County, Texas",38659,3429,48,385,25.7,1.0,48385
"Red River County, Texas",37135,12115,48,387,20.2,5.1,48387
"Refugio County, Texas",51054,7015,48,391,15.3,6.3,48391
"Roberts County, Texas",61964,784,48,393,10.8,1.3,48393
"Rockwall County, Texas",105956,101175,48,397,3.8,3.7,48397
"Runnels County, Texas",48489,10280,48,399,12.7,2.8,48399
"Sabine County, Texas",38917,10470,48,403,18.8,9.3,48403
"San Augustine County, Texas",41568,8260,48,405,26.4,11.1,48405
"San Patricio County, Texas",56111,66969,48,409,15.2,5.0,48409
"San Saba County, Texas",45169,6004,48,411,13.3,2.2,48411
"Scurry County, Texas",50277,16918,48,415,12.7,3.5,48415
"Shackelford County, Texas",48212,3291,48,417,11.3,8.5,48417
"Sherman County, Texas",57130,3046,48,421,11.2,2.1,48421
"Smith County, Texas",59450,230184,48,423,14.0,5.5,48423
"Lavaca County, Texas",54211,20072,48,285,9.0,3.3,48285
"Somervell County, Texas",64394,8958,48,425,16.1,4.9,48425
"Starr County, Texas",30931,64032,48,427,34.2,13.1,48427
"Stephens County, Texas",44940,9358,48,429,19.4,8.6,48429
"Sterling County, Texas",53194,1274,48,431,2.4,1.0,48431
"Stonewall County, Texas",58309,1412,48,433,9.2,3.6,48433
"Sutton County, Texas",61190,3793,48,435,13.9,6.3,48435
"Swisher County, Texas",36337,7403,48,437,25.3,7.4,48437
"Tarrant County, Texas",70306,2077153,48,439,11.4,5.0,48439
"Taylor County, Texas",55568,137521,48,441,14.0,3.0,48441
"Terrell County, Texas",42823,903,48,443,4.8,0.0,48443
"Terry County, Texas",44052,12408,48,445,21.1,7.8,48445
"Throckmorton County, Texas",41875,1500,48,447,22.6,4.8,48447
"Jasper County, South Carolina",45924,29558,45,053,19.1,7.6,45053
"Lee County, South Carolina",32851,17144,45,061,25.7,7.3,45061
"Marion County, South Carolina",30791,30954,45,067,22.9,8.4,45067
"Oconee County, South Carolina",49691,78314,45,073,15.3,6.1,45073
"Richland County, South Carolina",54441,414660,45,079,16.5,6.1,45079
"Sumter County, South Carolina",46570,106675,45,085,18.1,8.5,45085
"Aurora County, South Dakota",65132,2757,46,003,5.5,0.3,46003
"Bon Homme County, South Dakota",50195,6914,46,009,13.8,4.2,46009
"Brule County, South Dakota",57181,5233,46,015,15.1,1.6,46015
"Hanson County, South Dakota",63750,3423,46,061,12.1,2.3,46061
"Hutchinson County, South Dakota",61290,7308,46,067,9.6,2.3,46067
"Jerauld County, South Dakota",49265,2009,46,073,8.5,0.3,46073
"Lawrence County, South Dakota",52146,25806,46,081,12.2,2.7,46081
"McCook County, South Dakota",66208,5543,46,087,9.2,2.5,46087
"Meade County, South Dakota",62275,28149,46,093,6.3,2.5,46093
"Minnehaha County, South Dakota",63699,191682,46,099,9.1,2.6,46099
"Pennington County, South Dakota",58278,112504,46,103,14.0,4.1,46103
"Sanborn County, South Dakota",55398,2372,46,111,10.4,1.6,46111
"Sully County, South Dakota",60508,1278,46,119,10.6,0.6,46119
"Turner County, South Dakota",63062,8325,46,125,9.4,2.4,46125
"Yankton County, South Dakota",61878,22746,46,135,10.0,2.2,46135
"Bedford County, Tennessee",52973,48937,47,003,13.8,4.4,47003
"Blount County, Tennessee",60301,131641,47,009,9.7,4.8,47009
"Cannon County, Tennessee",52518,14374,47,015,16.5,3.0,47015
"Cheatham County, Tennessee",63988,40539,47,021,10.7,4.3,47021
"Clay County, Tennessee",32064,7640,47,027,25.9,5.3,47027
"Crockett County, Tennessee",47581,14310,47,033,16.0,4.2,47033
"Decatur County, Tennessee",40389,11663,47,039,18.7,8.0,47039
"Jackson County, Tennessee",35880,11767,47,087,16.0,7.6,47087
"Knox County, Tennessee",59250,466184,47,093,13.2,4.2,47093
"Lawrence County, Tennessee",43734,43780,47,099,16.7,8.2,47099
"Loudon County, Tennessee",61664,53169,47,105,12.2,3.6,47105
"Macon County, Tennessee",38080,24208,47,111,16.8,4.4,47111
"Marshall County, Tennessee",55299,33708,47,117,16.2,6.4,47117
"Monroe County, Tennessee",45576,46413,47,123,16.9,6.9,47123
"Morgan County, Tennessee",41701,21538,47,129,22.6,7.7,47129
"Perry County, Tennessee",48716,8020,47,135,23.6,8.8,47135
"Putnam County, Tennessee",45160,78542,47,141,17.8,5.9,47141
"Robertson County, Tennessee",66088,70982,47,147,11.2,4.7,47147
"Sevier County, Tennessee",51734,98007,47,155,14.2,4.8,47155
"Stewart County, Tennessee",49537,13553,47,161,13.3,6.0,47161
"Tipton County, Tennessee",62474,61562,47,167,11.6,5.3,47167
"Union County, Tennessee",45143,19678,47,173,18.8,6.7,47173
"Washington County, Tennessee",48923,128874,47,179,15.2,4.8,47179
"White County, Tennessee",44282,27087,47,185,14.8,4.9,47185
"Beaver County, Utah",66705,6594,49,001,4.1,3.6,49001
"Carbon County, Utah",50328,20401,49,007,15.9,6.7,49007
"Duchesne County, Utah",61655,19950,49,013,13.9,7.4,49013
"Addison County, Vermont",70262,36947,50,001,7.1,3.9,50001
"Chittenden County, Vermont",76316,163414,50,007,11.2,3.6,50007
"Grand Isle County, Vermont",81667,7075,50,013,6.3,4.6,50013
"Orleans County, Vermont",54390,26843,50,019,12.3,4.2,50019
"Windham County, Vermont",54188,42628,50,025,13.4,4.4,50025
"Albemarle County, Virginia",84643,108819,51,003,7.7,3.4,51003
"Amherst County, Virginia",57368,31782,51,009,10.9,4.9,51009
"Augusta County, Virginia",65076,75754,51,015,8.9,2.9,51015
"Bland County, Virginia",50365,6334,51,021,11.3,4.3,51021
"Buchanan County, Virginia",34302,21374,51,027,24.9,6.5,51027
"Warren County, Illinois",54291,16981,17,187,11.5,8.5,17187
"Wayne County, Illinois",50205,16309,17,191,13.2,3.7,17191
"Whiteside County, Illinois",57172,55583,17,195,9.8,3.7,17195
"Will County, Illinois",90800,689704,17,197,6.8,4.9,17197
"Winnebago County, Illinois",55310,283635,17,201,15.8,7.8,17201
"Woodford County, Illinois",74777,38503,17,203,5.9,3.6,17203
"Adams County, Iowa",52287,3633,19,003,13.4,3.6,19003
"Allamakee County, Iowa",55523,13761,19,005,11.4,2.8,19005
"Audubon County, Iowa",49245,5528,19,009,11.3,1.3,19009
"Black Hawk County, Iowa",54774,131813,19,013,15.5,5.3,19013
"Boone County, Iowa",67442,26381,19,015,7.2,2.2,19015
"Buchanan County, Iowa",67252,21141,19,019,7.4,2.9,19019
"Butler County, Iowa",56473,14508,19,023,11.1,3.8,19023
"Calhoun County, Iowa",55285,9656,19,025,11.6,2.4,19025
"Cass County, Iowa",52005,12990,19,029,11.2,1.9,19029
"Cedar County, Iowa",69259,18475,19,031,7.4,2.8,19031
"Cherokee County, Iowa",56302,11281,19,035,11.8,2.4,19035
"Chickasaw County, Iowa",61239,11970,19,037,7.8,2.2,19037
"Clay County, Iowa",51259,16138,19,041,10.4,4.6,19041
"Clinton County, Iowa",52221,46734,19,045,13.7,4.4,19045
"Crawford County, Iowa",54849,16998,19,047,18.7,5.2,19047
"Davis County, Iowa",67627,8977,19,051,10.4,3.0,19051
"Decatur County, Iowa",48154,7908,19,053,15.8,4.0,19053
"Des Moines County, Iowa",51784,39227,19,057,14.9,4.2,19057
"Dickinson County, Iowa",60975,17260,19,059,7.5,1.9,19059
"Dubuque County, Iowa",64493,97193,19,061,9.9,4.1,19061
"Emmet County, Iowa",56708,9322,19,063,10.0,3.0,19063
"Fayette County, Iowa",49834,19604,19,065,12.0,2.3,19065
"Floyd County, Iowa",51768,15713,19,067,12.5,2.6,19067
"Franklin County, Iowa",55630,10091,19,069,15.8,4.5,19069
"Fremont County, Iowa",59688,6895,19,071,8.1,3.8,19071
"Greene County, Iowa",51098,8923,19,073,9.0,4.3,19073
"Grundy County, Iowa",71760,12262,19,075,5.1,2.4,19075
"Guthrie County, Iowa",62644,10702,19,077,9.1,3.8,19077
"Hamilton County, Iowa",60248,14905,19,079,7.5,3.1,19079
"Hancock County, Iowa",61957,10709,19,081,11.0,2.1,19081
"Hardin County, Iowa",54930,16924,19,083,9.6,2.7,19083
"Harrison County, Iowa",64154,14043,19,085,8.7,2.5,19085
"Henry County, Iowa",54490,19889,19,087,10.7,4.8,19087
"Howard County, Iowa",56709,9201,19,089,9.0,2.4,19089
"Humboldt County, Iowa",55707,9518,19,091,13.6,3.7,19091
"Ida County, Iowa",54219,6862,19,093,11.6,2.3,19093
"Iowa County, Iowa",62660,16155,19,095,8.4,3.4,19095
"Jackson County, Iowa",59042,19348,19,097,11.9,5.3,19097
"Jefferson County, Iowa",47401,18153,19,101,13.2,7.3,19101
"Johnson County, Iowa",63062,150819,19,103,17.2,3.7,19103
"Keokuk County, Iowa",52012,10163,19,107,12.3,3.8,19107
"Lee County, Iowa",52072,33946,19,111,12.4,5.2,19111
"Linn County, Iowa",67301,225601,19,113,9.4,3.9,19113
"Lucas County, Iowa",53967,8556,19,117,14.4,3.3,19117
"Lyon County, Iowa",65959,11800,19,119,4.7,2.1,19119
"Mahaska County, Iowa",56417,22351,19,123,12.7,3.2,19123
"Marshall County, Iowa",58735,39804,19,127,11.6,5.2,19127
"Mills County, Iowa",75137,15023,19,129,6.9,4.0,19129
"Monona County, Iowa",51866,8675,19,133,12.8,2.4,19133
"Monroe County, Iowa",59489,7761,19,135,13.2,4.9,19135
"Muscatine County, Iowa",60435,42703,19,139,9.6,3.3,19139
"Osceola County, Iowa",61167,6016,19,143,12.2,3.0,19143
"Page County, Iowa",51196,15205,19,145,12.4,5.1,19145
"Plymouth County, Iowa",71147,25141,19,149,7.2,2.1,19149
"Pocahontas County, Iowa",53573,6725,19,151,11.2,4.0,19151
"Boone County, Indiana",89444,66875,18,011,6.6,3.4,18011
"Brown County, Indiana",66833,15093,18,013,9.2,4.2,18013
"Cass County, Indiana",49020,37727,18,017,13.1,4.4,18017
"Clark County, Indiana",57111,117410,18,019,9.9,4.1,18019
"Clinton County, Indiana",53750,32186,18,023,11.9,3.6,18023
"Crawford County, Indiana",41761,10582,18,025,19.4,2.9,18025
"Dearborn County, Indiana",70779,49612,18,029,8.5,3.4,18029
"Decatur County, Indiana",60794,26587,18,031,10.5,4.0,18031
"Delaware County, Indiana",45910,114461,18,035,21.4,6.4,18035
"Dubois County, Indiana",62846,42534,18,037,8.9,2.2,18037
"Fayette County, Indiana",47465,23068,18,041,18.2,4.4,18041
"Floyd County, Indiana",67603,77879,18,043,9.4,4.1,18043
"Fountain County, Indiana",52334,16456,18,045,11.6,5.4,18045
"Franklin County, Indiana",68180,22750,18,047,8.0,2.4,18047
"Fulton County, Indiana",50597,20069,18,049,14.5,6.9,18049
"Gibson County, Indiana",56638,33711,18,051,9.3,3.0,18051
"Grant County, Indiana",46900,66055,18,053,18.4,7.3,18053
"Greene County, Indiana",51777,32174,18,055,13.3,5.5,18055
"Hamilton County, Indiana",98880,330455,18,057,4.4,2.8,18057
"Hancock County, Indiana",75647,76614,18,059,5.9,2.7,18059
"Harrison County, Indiana",59169,40164,18,061,9.0,5.0,18061
"Hendricks County, Indiana",84754,166806,18,063,5.3,3.6,18063
"Henry County, Indiana",51104,48158,18,065,13.9,4.2,18065
"Howard County, Indiana",56387,82486,18,067,12.0,5.3,18067
"Huntington County, Indiana",54286,36351,18,069,11.1,2.4,18069
"Jackson County, Indiana",55097,44077,18,071,14.1,3.3,18071
"Jasper County, Indiana",61889,33433,18,073,8.1,4.7,18073
"Jay County, Indiana",45864,20697,18,075,14.5,3.3,18075
"Jefferson County, Indiana",51981,32167,18,077,14.6,3.4,18077
"Jennings County, Indiana",61610,27639,18,079,10.8,3.2,18079
"Johnson County, Indiana",72928,156148,18,081,7.8,3.6,18081
"Knox County, Indiana",47394,36833,18,083,15.9,3.6,18083
"LaGrange County, Indiana",69331,39537,18,087,6.0,3.4,18087
"Lake County, Indiana",57530,485983,18,089,15.4,7.0,18089
"Lawrence County, Indiana",57740,45552,18,093,11.1,4.2,18093
"Madison County, Indiana",51476,129486,18,095,15.3,5.4,18095
"Marshall County, Indiana",54207,46336,18,099,12.5,3.4,18099
"Martin County, Indiana",55378,10169,18,101,12.0,1.6,18101
"Monroe County, Indiana",52229,147318,18,105,22.6,6.4,18105
"Montgomery County, Indiana",56408,38295,18,107,11.9,3.9,18107
"Newton County, Indiana",57866,13981,18,111,12.1,7.3,18111
"Noble County, Indiana",58947,47640,18,113,7.8,4.0,18113
"Orange County, Indiana",52164,19552,18,117,13.4,2.8,18117
"Owen County, Indiana",52204,20854,18,119,14.5,4.9,18119
"Perry County, Indiana",51496,19091,18,123,12.4,3.4,18123
"Pike County, Indiana",55022,12364,18,125,10.4,3.1,18125
"Posey County, Indiana",64983,25480,18,129,9.3,3.6,18129
"Pulaski County, Indiana",49140,12482,18,131,10.6,5.8,18131
"Randolph County, Indiana",53322,24694,18,135,12.1,4.8,18135
"Ripley County, Indiana",60055,28457,18,137,11.9,4.4,18137
"St. Joseph County, Indiana",54433,270881,18,141,14.8,4.9,18141
"Shelby County, Indiana",59712,44559,18,145,10.7,3.6,18145
"Spencer County, Indiana",56919,20364,18,147,8.1,4.0,18147
"Steuben County, Indiana",58905,34591,18,151,9.9,5.8,18151
"Sullivan County, Indiana",49449,20647,18,153,12.3,4.2,18153
"Tippecanoe County, Indiana",51926,193302,18,157,18.9,4.0,18157
"Tipton County, Indiana",68707,15154,18,159,9.4,3.4,18159
"Vanderburgh County, Indiana",51179,181548,18,163,16.1,5.0,18163
"Vermillion County, Indiana",54361,15485,18,165,14.5,8.0,18165
"Wabash County, Indiana",56573,31198,18,169,11.5,4.3,18169
"Titus County, Texas",53406,32709,48,449,15.8,5.1,48449
"Tom Green County, Texas",57670,118645,48,451,12.2,4.0,48451
"Travis County, Texas",80668,1250884,48,453,11.4,4.3,48453
"Trinity County, Texas",44052,14689,48,455,17.8,7.1,48455
"Tyler County, Texas",47865,21524,48,457,18.5,14.4,48457
"Upshur County, Texas",54330,41386,48,459,14.9,6.0,48459
"Upton County, Texas",59008,3651,48,461,11.1,3.0,48461
"Uvalde County, Texas",45936,26899,48,463,21.0,4.9,48463
"Van Zandt County, Texas",57203,55970,48,467,12.7,4.0,48467
"Victoria County, Texas",58959,92044,48,469,15.7,5.2,48469
"Waller County, Texas",61752,53626,48,473,14.7,5.3,48473
"Ward County, Texas",61915,11745,48,475,11.6,5.8,48475
"Webb County, Texas",50296,274847,48,479,24.6,5.7,48479
"Wharton County, Texas",51770,41672,48,481,15.1,5.3,48481
"Wichita County, Texas",49710,132154,48,485,17.4,4.6,48485
"Wilbarger County, Texas",45121,12717,48,487,18.9,6.9,48487
"Williamson County, Texas",90834,570437,48,491,6.1,5.0,48491
"Wilson County, Texas",80082,50110,48,493,10.0,4.0,48493
"Wise County, Texas",67726,67884,48,497,10.4,4.4,48497
"Wood County, Texas",56749,45054,48,499,12.9,5.1,48499
"Young County, Texas",52158,17961,48,503,14.1,3.0,48503
"Zapata County, Texas",32945,14243,48,505,32.2,8.3,48505
"Covington County, Alabama",42566,37096,01,039,17.7,7.7,01039
"Dale County, Alabama",45644,49293,01,045,18.4,9.0,01045
"Elmore County, Alabama",62324,81526,01,051,10.6,4.1,01051
"Fayette County, Alabama",41469,16406,01,057,20.8,8.0,01057
"Geneva County, Alabama",41569,26383,01,061,21.8,3.7,01061
"Henry County, Alabama",51715,17123,01,067,15.2,5.5,01067
"Jefferson County, Alabama",55088,658615,01,073,15.7,6.3,01073
"Lawrence County, Alabama",47125,32969,01,079,16.8,3.8,01079
"Limestone County, Alabama",64270,96921,01,083,12.7,5.1,01083
"Madison County, Alabama",66887,367686,01,089,11.4,4.5,01089
"Marshall County, Alabama",50216,96137,01,095,19.1,3.7,01095
"Montgomery County, Alabama",51963,226451,01,101,18.8,6.4,01101
"Perry County, Alabama",23875,9104,01,105,36.1,11.5,01105
"Randolph County, Alabama",45141,22732,01,111,18.8,4.1,01111
"Shelby County, Alabama",78889,216350,01,117,6.9,3.8,01117
"Talladega County, Alabama",43969,80244,01,121,17.8,7.1,01121
"Walker County, Alabama",45833,63802,01,127,16.9,7.3,01127
"Winston County, Alabama",40991,23712,01,133,17.4,5.4,01133
"Amador County, California",65187,39023,06,005,8.1,5.6,06005
"Calaveras County, California",67054,45828,06,009,11.4,5.2,06009
"Del Norte County, California",49981,27692,06,015,17.1,6.4,06015
"Glenn County, California",51682,28060,06,021,15.2,5.7,06021
"Inyo County, California",59296,17930,06,027,10.0,3.9,06027
"Lake County, California",49254,64276,06,033,17.5,10.5,06033
"Los Angeles County, California",71358,10040682,06,037,14.2,6.5,06037
"Santa Barbara County, California",78925,444895,06,083,12.9,5.7,06083
"Shasta County, California",57139,179267,06,089,15.1,5.9,06089
"Caroline County, Virginia",67901,30581,51,033,8.2,3.0,51033
"Chesterfield County, Virginia",84645,348500,51,041,6.6,4.7,51041
"Culpeper County, Virginia",80663,51935,51,047,7.8,4.0,51047
"Dinwiddie County, Virginia",65485,28686,51,053,11.1,6.3,51053
"Fauquier County, Virginia",105665,70353,51,061,5.5,2.9,51061
"Franklin County, Virginia",56779,56231,51,067,14.0,4.3,51067
"Gloucester County, Virginia",71649,37362,51,073,7.9,3.6,51073
"Greene County, Virginia",67266,19734,51,079,9.8,4.4,51079
"Hanover County, Virginia",91444,106538,51,085,4.9,3.2,51085
"Highland County, Virginia",51831,2202,51,091,10.2,11.4,51091
"Pittsylvania County, Virginia",49520,60867,51,143,15.1,5.3,51143
"Prince William County, Virginia",107707,466834,51,153,6.1,5.0,51153
"Richmond County, Virginia",53298,8951,51,159,16.7,2.5,51159
"Rockingham County, Virginia",64496,81138,51,165,7.9,3.1,51165
"Shenandoah County, Virginia",56114,43441,51,171,12.2,4.0,51171
"Spotsylvania County, Virginia",90913,134683,51,177,7.1,6.0,51177
"Sussex County, Virginia",51701,11202,51,183,11.2,6.8,51183
"Washington County, Virginia",50928,54005,51,191,13.5,4.2,51191
"Wythe County, Virginia",51639,28725,51,197,13.4,4.2,51197
"Bristol city, Virginia",39679,17059,51,520,22.1,6.3,51520
"Chesapeake city, Virginia",81261,242647,51,550,7.5,5.2,51550
"Emporia city, Virginia",30058,5408,51,595,21.8,16.7,51595
"Franklin city, Virginia",49811,8015,51,620,17.5,9.9,51620
"Hampton city, Virginia",57041,135169,51,650,15.3,6.1,51650
"Lexington city, Virginia",50714,7205,51,678,22.1,3.4,51678
"Manassas Park city, Virginia",81639,17548,51,685,5.0,3.1,51685
"Norfolk city, Virginia",53026,244300,51,710,17.8,8.0,51710
"Poquoson city, Virginia",100696,12121,51,735,5.0,1.7,51735
"Richmond city, Virginia",51421,229233,51,760,20.9,6.3,51760
"Jefferson County, Washington",57693,31825,53,031,13.6,7.0,53031
"Klickitat County, Washington",56667,22055,53,039,15.5,6.2,53039
"Mason County, Washington",60565,65326,53,045,13.0,6.4,53045
"Pend Oreille County, Washington",55021,13588,53,051,9.8,6.4,53051
"Skagit County, Washington",71021,127442,53,057,10.7,5.1,53057
"Spokane County, Washington",60101,513402,53,063,12.9,5.5,53063
"Wahkiakum County, Washington",54524,4318,53,069,9.1,5.6,53069
"Whitman County, Washington",42288,49577,53,075,26.0,8.2,53075
"Berkeley County, West Virginia",65286,117615,54,003,10.9,6.0,54003
"Brooke County, West Virginia",48168,22162,54,009,12.3,3.8,54009
"Doddridge County, West Virginia",51300,8499,54,017,13.1,4.2,54017
"Grant County, West Virginia",43313,11565,54,023,10.8,6.6,54023
"Hancock County, West Virginia",48140,29118,54,029,14.0,8.2,54029
"Jackson County, West Virginia",49115,28793,54,035,17.7,3.4,54035
"Lewis County, West Virginia",43894,16024,54,041,17.8,6.6,54041
"McDowell County, West Virginia",26072,18083,54,047,32.8,15.0,54047
"Mason County, West Virginia",51820,26700,54,053,14.1,2.9,54053
"Mingo County, West Virginia",35454,23808,54,059,27.4,14.0,54059
"Morgan County, West Virginia",57116,17800,54,065,5.8,6.2,54065
"Adams County, Wisconsin",48906,20208,55,001,11.7,5.8,55001
"Bayfield County, Wisconsin",57257,15088,55,007,11.5,4.0,55007
"Burnett County, Wisconsin",53555,15363,55,013,12.6,5.6,55013
"Clark County, Wisconsin",54463,34668,55,019,12.2,3.0,55019
"Dane County, Wisconsin",75179,542459,55,025,11.0,2.5,55025
"Douglas County, Wisconsin",56855,43497,55,031,11.5,4.0,55031
"Florence County, Wisconsin",50821,4312,55,037,9.9,5.7,55037
"Grant County, Wisconsin",54144,51570,55,043,15.1,3.0,55043
"Iowa County, Wisconsin",68714,23632,55,049,7.9,2.1,55049
"Jefferson County, Wisconsin",67167,84837,55,055,8.4,3.3,55055
"Pottawattamie County, Iowa",59901,93478,19,155,10.3,4.2,19155
"Ringgold County, Iowa",55970,4922,19,159,10.0,3.0,19159
"Sac County, Iowa",57446,9711,19,161,10.5,2.8,19161
"Shelby County, Iowa",60139,11544,19,165,8.9,3.5,19165
"Sioux County, Iowa",73260,34900,19,167,5.5,2.2,19167
"Tama County, Iowa",54749,16962,19,171,12.6,4.0,19171
"Union County, Iowa",50375,12303,19,175,11.9,4.8,19175
"Van Buren County, Iowa",49898,7104,19,177,13.1,4.7,19177
"Warren County, Iowa",80309,50867,19,181,6.7,3.3,19181
"Washington County, Iowa",63532,22100,19,183,8.2,2.8,19183
"Webster County, Iowa",51909,36348,19,187,14.3,3.1,19187
"Winneshiek County, Iowa",63162,20090,19,191,8.8,2.1,19191
"Woodbury County, Iowa",60768,102687,19,193,12.4,4.7,19193
"Wright County, Iowa",51221,12644,19,197,13.4,2.8,19197
"Allegany County, Maryland",49449,71002,24,001,15.6,7.5,24001
"Baltimore County, Maryland",78724,828193,24,005,9.3,5.0,24005
"Caroline County, Maryland",59042,33260,24,011,13.3,4.9,24011
"Carroll County, Maryland",99569,168233,24,013,4.8,3.4,24013
"Charles County, Maryland",103678,161448,24,017,6.8,4.4,24017
"Dorchester County, Maryland",52799,31994,24,019,16.2,7.3,24019
"Garrett County, Maryland",54542,29155,24,023,10.6,4.2,24023
"Harford County, Maryland",94003,253736,24,025,6.8,4.2,24025
"Kent County, Maryland",60208,19456,24,029,11.0,3.3,24029
"Prince George's County, Maryland",86994,910551,24,033,8.6,6.4,24033
"Queen Anne's County, Maryland",96467,50163,24,035,6.2,3.1,24035
"Somerset County, Maryland",44980,25699,24,039,20.0,9.2,24039
"Talbot County, Maryland",73102,37087,24,041,8.5,2.9,24041
"Washington County, Maryland",63510,150575,24,043,12.0,5.5,24043
"Wicomico County, Maryland",60366,103222,24,045,15.8,7.9,24045
"Worcester County, Maryland",65396,51967,24,047,9.2,5.9,24047
"Baltimore city, Maryland",52164,602274,24,510,20.0,7.6,24510
"Alcona County, Michigan",43341,10396,26,001,16.3,6.1,26001
"Alger County, Michigan",45184,9098,26,003,10.7,4.7,26003
"Allegan County, Michigan",65071,117104,26,005,8.8,3.4,26005
"Alpena County, Michigan",42603,28431,26,007,14.4,7.5,26007
"Antrim County, Michigan",57256,23301,26,009,10.3,4.2,26009
"Arenac County, Michigan",45679,15013,26,011,14.5,6.8,26011
"Baraga County, Michigan",46581,8337,26,013,14.2,4.1,26013
"Barry County, Michigan",65557,61045,26,015,7.9,5.3,26015
"Bay County, Michigan",48290,103506,26,017,16.1,5.9,26017
"Benzie County, Michigan",64257,17703,26,019,10.2,4.9,26019
"Berrien County, Michigan",52500,153797,26,021,16.3,6.2,26021
"Branch County, Michigan",52782,43428,26,023,15.5,5.2,26023
"Calhoun County, Michigan",50219,133943,26,025,16.7,6.4,26025
"Cass County, Michigan",57514,51613,26,027,12.0,5.8,26027
"Charlevoix County, Michigan",60433,26197,26,029,9.7,4.8,26029
"Chippewa County, Michigan",50454,37418,26,033,16.9,9.0,26033
"Clare County, Michigan",41163,30655,26,035,22.7,10.0,26035
"Crawford County, Michigan",49987,13904,26,039,16.0,7.4,26039
"Delta County, Michigan",47008,35874,26,041,12.9,5.1,26041
"Eaton County, Michigan",67440,109730,26,045,8.6,4.6,26045
"Genesee County, Michigan",50269,406770,26,049,18.0,8.9,26049
"Gladwin County, Michigan",45957,25312,26,051,15.1,6.2,26051
"Grand Traverse County, Michigan",66457,92640,26,055,10.2,3.8,26055
"Gratiot County, Michigan",49795,40692,26,057,15.8,4.8,26057
"Houghton County, Michigan",44839,35890,26,061,19.0,5.9,26061
"Huron County, Michigan",49541,31105,26,063,12.5,5.1,26063
"Ionia County, Michigan",60139,64401,26,067,10.5,5.1,26067
"Iron County, Michigan",44183,11099,26,071,14.9,5.2,26071
"Warren County, Indiana",65614,8219,18,171,10.8,3.2,18171
"Washington County, Indiana",50459,27942,18,175,13.9,4.2,18175
"Wayne County, Indiana",47756,66176,18,177,16.8,4.5,18177
"White County, Indiana",53865,24163,18,181,9.3,4.5,18181
"Whitley County, Indiana",64992,33899,18,183,9.6,4.4,18183
"Berkshire County, Massachusetts",62166,125927,25,003,9.7,5.1,25003
"Bristol County, Massachusetts",71450,563301,25,005,10.7,5.4,25005
"Essex County, Massachusetts",82225,787038,25,009,10.1,5.2,25009
"Franklin County, Massachusetts",61198,70529,25,011,10.5,5.4,25011
"Hampshire County, Massachusetts",73518,161361,25,015,10.6,5.6,25015
"Middlesex County, Massachusetts",106202,1605899,25,017,7.2,4.2,25017
"Norfolk County, Massachusetts",105320,703740,25,021,6.0,4.5,25021
"Plymouth County, Massachusetts",92906,518597,25,023,6.7,5.1,25023
"Suffolk County, Massachusetts",74881,801162,25,025,17.4,6.8,25025
"Worcester County, Massachusetts",77155,826655,25,027,9.7,4.8,25027
"Adams County, Ohio",40067,27685,39,001,20.2,6.6,39001
"Allen County, Ohio",51892,102808,39,003,12.9,5.6,39003
"Ashland County, Ohio",55422,53533,39,005,12.5,3.8,39005
"Ashtabula County, Ohio",47925,97416,39,007,19.2,7.2,39007
"Athens County, Ohio",42414,65945,39,009,27.9,5.8,39009
"Auglaize County, Ohio",66193,45709,39,011,7.9,3.3,39011
"Belmont County, Ohio",51574,67424,39,013,11.7,5.6,39013
"Brown County, Ohio",57200,43508,39,015,16.8,4.4,39015
"Butler County, Ohio",69023,382129,39,017,11.5,4.9,39017
"Carroll County, Ohio",52574,27195,39,019,13.0,3.7,39019
"Champaign County, Ohio",59909,38861,39,021,10.6,5.8,39021
"Clark County, Ohio",51504,134409,39,023,15.3,6.8,39023
"Clermont County, Ohio",69720,205616,39,025,9.2,4.2,39025
"Clinton County, Ohio",54683,42000,39,027,14.4,5.6,39027
"Columbiana County, Ohio",49407,102514,39,029,13.8,6.0,39029
"Coshocton County, Ohio",48552,36558,39,031,17.4,6.1,39031
"Crawford County, Ohio",46391,41603,39,033,13.6,5.5,39033
"Cuyahoga County, Ohio",51741,1241475,39,035,17.1,7.4,39035
"Defiance County, Ohio",62110,38024,39,039,10.0,4.4,39039
"Delaware County, Ohio",111411,205454,39,041,4.8,2.5,39041
"Fairfield County, Ohio",70906,156204,39,045,9.0,3.9,39045
"Fayette County, Ohio",48637,28609,39,047,15.7,4.9,39047
"Fulton County, Ohio",61290,42186,39,051,8.8,4.4,39051
"Gallia County, Ohio",48975,29995,39,053,17.5,4.5,39053
"Greene County, Ohio",70055,167867,39,057,10.9,5.1,39057
"Guernsey County, Ohio",46352,38996,39,059,19.0,5.0,39059
"Hancock County, Ohio",57384,75765,39,063,10.4,3.7,39063
"Hardin County, Ohio",50214,31393,39,065,14.3,5.1,39065
"Henry County, Ohio",60425,27068,39,069,8.2,4.5,39069
"Hocking County, Ohio",54774,28306,39,073,14.5,3.8,39073
"Holmes County, Ohio",64453,43954,39,075,9.7,2.3,39075
"Jackson County, Ohio",48915,32440,39,079,17.0,6.9,39079
"Jefferson County, Ohio",46849,65943,39,081,16.8,5.6,39081
"Lake County, Ohio",65814,229755,39,085,8.2,4.8,39085
"Lawrence County, Ohio",46584,59901,39,087,19.4,5.0,39087
"Logan County, Ohio",60417,45315,39,091,10.7,4.5,39091
"Lorain County, Ohio",58798,309134,39,093,13.4,4.9,39093
"Madison County, Ohio",68663,44248,39,097,9.4,3.8,39097
"Marion County, Ohio",49225,65179,39,101,13.7,6.1,39101
"Medina County, Ohio",77784,179116,39,103,5.8,2.9,39103
"Mercer County, Ohio",65566,41034,39,107,5.6,2.5,39107
"Miami County, Ohio",62347,106074,39,109,8.5,4.2,39109
"Montgomery County, Ohio",53064,531988,39,113,16.0,6.3,39113
"Morgan County, Ohio",43791,14557,39,115,17.2,4.0,39115
"Muskingum County, Ohio",48350,86033,39,119,15.6,5.3,39119
"Siskiyou County, California",47403,43516,06,093,16.9,7.4,06093
"Stanislaus County, California",62873,546235,06,099,13.5,8.8,06099
"Trinity County, California",41780,12541,06,105,23.2,9.0,06105
"Ventura County, California",89295,845599,06,111,8.9,5.1,06111
"Arkansas County, Arkansas",51000,17761,05,001,16.0,4.8,05001
"Benton County, Arkansas",71556,273510,05,007,8.6,2.6,05007
"Bradley County, Arkansas",41808,10805,05,011,15.7,5.7,05011
"Chicot County, Arkansas",33523,10433,05,017,28.2,10.8,05017
"Cleburne County, Arkansas",45563,25063,05,023,14.3,5.1,05023
"Conway County, Arkansas",44456,20895,05,029,19.8,7.3,05029
"Crawford County, Arkansas",48980,63118,05,033,17.8,4.8,05033
"Dallas County, Arkansas",35134,7114,05,039,13.4,7.0,05039
"Faulkner County, Arkansas",54191,124800,05,045,15.7,3.6,05045
"Garland County, Arkansas",48150,99043,05,051,17.0,6.3,05051
"Greene County, Arkansas",50083,45197,05,055,16.5,7.5,05055
"Howard County, Arkansas",38038,13267,05,061,19.3,6.6,05061
"Jackson County, Arkansas",37885,16908,05,067,22.8,10.6,05067
"Lafayette County, Arkansas",33763,6728,05,073,24.7,6.7,05073
"Lee County, Arkansas",27902,8963,05,077,27.0,13.8,05077
"Logan County, Arkansas",44232,21619,05,083,16.4,6.1,05083
"Marion County, Arkansas",38426,16586,05,089,18.6,6.0,05089
"Mississippi County, Arkansas",42986,41396,05,093,21.4,8.9,05093
"Van Buren County, Arkansas",40442,16578,05,141,16.3,7.1,05141
"Woodruff County, Arkansas",40331,6477,05,147,22.4,5.8,05147
"Fairfield County, Connecticut",97539,944306,09,001,8.9,6.6,09001
"Middlesex County, Connecticut",84907,162742,09,007,7.1,4.3,09007
"Tolland County, Connecticut",87809,150947,09,013,7.9,4.9,09013
"Aleutians East Borough, Alaska",75833,3389,02,013,12.2,3.6,02013
"Bethel Census Area, Alaska",54400,18263,02,050,28.6,17.5,02050
"Copper River Census Area, Alaska",64745,2894,02,066,9.3,5.6,02066
"Fairbanks North Star Borough, Alaska",76464,98455,02,090,6.5,7.1,02090
"Juneau City and Borough, Alaska",88077,32099,02,110,6.9,4.4,02110
"Kodiak Island Borough, Alaska",79173,13383,02,150,7.3,6.2,02150
"Lake and Peninsula Borough, Alaska",48750,1156,02,164,15.5,18.3,02164
"North Slope Borough, Alaska",79083,9375,02,185,9.4,9.8,02185
"Prince of Wales-Hyder Census Area, Alaska",54018,6338,02,198,18.4,9.7,02198
"Southeast Fairbanks Census Area, Alaska",66941,6911,02,240,10.1,10.5,02240
"Adams County, Colorado",73817,509844,08,001,9.9,4.1,08001
"Arapahoe County, Colorado",80291,649980,08,005,7.8,4.4,08005
"Bent County, Colorado",38083,5677,08,011,21.3,4.4,08011
"Chaffee County, Colorado",55176,19977,08,015,11.6,2.3,08015
"Clear Creek County, Colorado",71919,9533,08,019,6.2,4.1,08019
"Crowley County, Colorado",40785,5733,08,025,26.8,11.6,08025
"Denver County, Colorado",72661,715878,08,031,11.9,4.3,08031
"Mineral County, Colorado",53571,853,08,079,14.9,5.6,08079
"Montrose County, Colorado",54611,42280,08,085,12.3,5.3,08085
"Otero County, Colorado",43075,18284,08,089,22.2,5.9,08089
"Phillips County, Colorado",50426,4343,08,095,8.0,0.7,08095
"Pueblo County, Colorado",49979,167412,08,101,17.6,6.9,08101
"Routt County, Colorado",76198,25317,08,107,9.5,3.9,08107
"San Juan County, Colorado",56875,646,08,111,16.3,5.6,08111
"Summit County, Colorado",80709,30735,08,117,7.5,3.1,08117
"Weld County, Colorado",74332,315389,08,123,10.3,5.1,08123
"Kent County, Delaware",60117,179124,10,001,13.2,6.2,10001
"Beaverhead County, Montana",45819,9454,30,001,16.1,3.3,30001
"Broadwater County, Montana",57723,6080,30,007,7.7,10.1,30007
"Cascade County, Montana",52049,81576,30,013,13.5,3.7,30013
"Custer County, Montana",54891,11563,30,017,11.0,3.4,30017
"Kewaunee County, Wisconsin",68474,20398,55,061,6.8,2.0,55061
"Langlade County, Wisconsin",52074,19167,55,067,12.7,4.8,55067
"Marathon County, Wisconsin",63029,135485,55,073,8.8,3.0,55073
"Menominee County, Wisconsin",47188,4566,55,078,28.3,10.4,55078
"Oneida County, Wisconsin",58156,35480,55,085,8.0,2.2,55085
"Pepin County, Wisconsin",58750,7261,55,091,10.8,2.4,55091
"Portage County, Wisconsin",60316,70822,55,097,10.9,3.3,55097
"Richland County, Wisconsin",52052,17408,55,103,13.4,2.1,55103
"St. Croix County, Wisconsin",84985,89702,55,109,5.2,2.1,55109
"Hot Springs County, Wyoming",53398,4550,56,017,13.9,2.9,56017
"Natrona County, Wyoming",62168,80067,56,025,9.6,4.3,56025
"Platte County, Wyoming",57784,8572,56,031,11.0,2.1,56031
"Sweetwater County, Wyoming",73384,43352,56,037,11.5,6.2,56037
"Washakie County, Wyoming",57306,7933,56,043,10.5,4.2,56043
"Aguada Municipio, Puerto Rico",16802,37307,72,003,48.4,7.7,72003
"Aibonito Municipio, Puerto Rico",20631,22545,72,009,44.8,6.0,72009
"Arroyo Municipio, Puerto Rico",16206,17502,72,015,60.1,12.9,72015
"Bayamón Municipio, Puerto Rico",26853,173695,72,021,34.1,11.6,72021
"Canóvanas Municipio, Puerto Rico",21614,45120,72,029,41.3,22.2,72029
"Cayey Municipio, Puerto Rico",23104,43126,72,035,40.3,8.1,72035
"Cidra Municipio, Puerto Rico",20664,38977,72,041,43.3,12.7,72041
"Corozal Municipio, Puerto Rico",16933,32928,72,047,52.3,25.9,72047
"Fajardo Municipio, Puerto Rico",19957,30263,72,053,44.3,25.9,72053
"Guayanilla Municipio, Puerto Rico",17796,18080,72,059,54.9,23.6,72059
"Hatillo Municipio, Puerto Rico",18998,39561,72,065,45.2,6.1,72065
"Isabela Municipio, Puerto Rico",16996,41084,72,071,51.2,10.8,72071
"Juncos Municipio, Puerto Rico",20350,38471,72,077,43.5,19.8,72077
"Salinas Municipio, Puerto Rico",17694,27638,72,123,49.8,5.8,72123
"San Sebastián Municipio, Puerto Rico",15995,36292,72,131,51.6,15.5,72131
"Toa Baja Municipio, Puerto Rico",25090,76008,72,137,36.5,14.4,72137
"Vega Alta Municipio, Puerto Rico",20809,36559,72,143,45.3,19.7,72143
"Yabucoa Municipio, Puerto Rico",16828,32867,72,151,51.7,18.1,72151
"Andrews County, Texas",75147,18227,48,003,11.2,3.9,48003
"Archer County, Texas",63958,8754,48,009,11.6,3.7,48009
"Austin County, Texas",64468,29892,48,015,11.7,5.6,48015
"Bastrop County, Texas",71820,86839,48,021,11.3,5.1,48021
"Bell County, Texas",54987,355700,48,027,14.2,7.5,48027
"Borden County, Texas",83281,653,48,033,3.7,5.5,48033
"Bowie County, Texas",51796,93622,48,037,16.8,4.8,48037
"Brewster County, Texas",45296,9231,48,043,15.6,4.2,48043
"Brown County, Texas",49180,37805,48,049,12.7,4.3,48049
"Caldwell County, Texas",59846,42817,48,055,15.8,2.5,48055
"Cameron County, Texas",41200,422135,48,061,26.7,5.6,48061
"Cass County, Texas",47539,30002,48,067,17.5,8.1,48067
"Cherokee County, Texas",50199,52341,48,073,14.6,6.5,48073
"Cochran County, Texas",41000,2860,48,079,27.1,9.4,48079
"Collin County, Texas",100541,1006038,48,085,6.3,4.0,48085
"Eastland County, Texas",41559,18289,48,133,18.7,4.8,48133
"Ellis County, Texas",79834,179484,48,139,8.1,3.5,48139
"Falls County, Texas",36854,17281,48,145,25.0,8.1,48145
"Fisher County, Texas",52683,3827,48,151,12.4,2.6,48151
"Fort Bend County, Texas",100189,790892,48,157,7.5,5.6,48157
"Frio County, Texas",48708,20013,48,163,19.6,7.5,48163
"Galveston County, Texas",74633,337600,48,167,10.9,5.9,48167
"Glasscock County, Texas",74375,1447,48,173,16.6,0.0,48173
"Gray County, Texas",54679,22063,48,179,16.5,5.1,48179
"Grimes County, Texas",56086,28447,48,185,15.9,5.4,48185
"Hall County, Texas",40197,3025,48,191,18.9,10.1,48191
"Hardeman County, Texas",47188,3958,48,197,14.1,4.7,48197
"Isabella County, Michigan",46783,70363,26,073,24.6,7.3,26073
"Kalamazoo County, Michigan",58836,264322,26,077,14.4,6.2,26077
"Kalkaska County, Michigan",49402,17725,26,079,16.4,5.9,26079
"Keweenaw County, Michigan",51750,2102,26,083,10.3,5.6,26083
"Lake County, Michigan",38356,11805,26,085,18.9,5.8,26085
"Leelanau County, Michigan",67330,21649,26,089,6.4,4.1,26089
"Livingston County, Michigan",84274,190832,26,093,5.3,3.8,26093
"Luce County, Michigan",50000,6286,26,095,17.1,6.6,26095
"Macomb County, Michigan",64641,870893,26,099,9.9,5.6,26099
"Manistee County, Michigan",51658,24539,26,101,10.8,7.3,26101
"Mason County, Michigan",51568,29062,26,105,14.7,4.5,26105
"Mecosta County, Michigan",45797,43481,26,107,19.5,6.2,26107
"Midland County, Michigan",64078,83445,26,111,10.1,4.5,26111
"Monroe County, Michigan",65453,150000,26,115,11.2,5.0,26115
"Montcalm County, Michigan",52390,63516,26,117,12.8,4.0,26117
"Muskegon County, Michigan",53478,173679,26,121,14.1,7.2,26121
"Newaygo County, Michigan",51470,48687,26,123,15.9,5.2,26123
"Oceana County, Michigan",51161,26545,26,127,14.0,6.0,26127
"Ogemaw County, Michigan",41752,20895,26,129,16.0,8.0,26129
"Osceola County, Michigan",46969,23323,26,133,16.7,7.6,26133
"Oscoda County, Michigan",43457,8282,26,135,12.6,9.3,26135
"Ottawa County, Michigan",72418,289162,26,139,7.9,4.0,26139
"Roscommon County, Michigan",41828,23863,26,143,15.6,8.4,26143
"Saginaw County, Michigan",49565,191166,26,145,17.6,6.5,26145
"St. Joseph County, Michigan",53253,60789,26,149,14.4,4.2,26149
"Sanilac County, Michigan",49852,41179,26,151,14.8,6.1,26151
"Shiawassee County, Michigan",56436,68176,26,155,11.0,4.0,26155
"Tuscola County, Michigan",51891,52683,26,157,13.1,6.6,26157
"Washtenaw County, Michigan",75730,368385,26,161,13.9,4.5,26161
"Wayne County, Michigan",49359,1753059,26,163,21.3,8.9,26163
"Wexford County, Michigan",50335,33433,26,165,13.7,6.1,26165
"Adams County, Mississippi",30633,31103,28,001,33.4,9.2,28001
"Alcorn County, Mississippi",40938,37058,28,003,16.6,6.2,28003
"Amite County, Mississippi",30805,12341,28,005,30.9,7.1,28005
"Attala County, Mississippi",35631,18308,28,007,23.3,7.3,28007
"Benton County, Mississippi",39758,8275,28,009,18.5,2.6,28009
"Bolivar County, Mississippi",32412,31253,28,011,31.1,7.4,28011
"Calhoun County, Mississippi",40345,14417,28,013,19.1,3.6,28013
"Carroll County, Mississippi",46729,9972,28,015,15.7,7.7,28015
"Chickasaw County, Mississippi",35592,17060,28,017,21.4,3.8,28017
"Choctaw County, Mississippi",36648,8206,28,019,17.8,9.4,28019
"Claiborne County, Mississippi",32268,9042,28,021,35.0,10.9,28021
"Clarke County, Mississippi",38631,15612,28,023,19.8,6.4,28023
"Clay County, Mississippi",33209,19515,28,025,25.0,8.7,28025
"Coahoma County, Mississippi",30761,22685,28,027,36.5,12.0,28027
"Copiah County, Mississippi",44252,28339,28,029,21.5,7.4,28029
"Covington County, Mississippi",32917,18810,28,031,24.6,5.5,28031
"DeSoto County, Mississippi",69990,182256,28,033,9.6,4.6,28033
"Forrest County, Mississippi",42298,75162,28,035,25.6,7.3,28035
"Franklin County, Mississippi",39066,7716,28,037,19.3,2.1,28037
"Greene County, Mississippi",47033,13619,28,041,16.5,16.5,28041
"Grenada County, Mississippi",39952,20927,28,043,24.6,5.3,28043
"Harrison County, Mississippi",48547,206169,28,047,18.2,8.8,28047
"Hinds County, Mississippi",45380,235604,28,049,20.4,9.3,28049
"Humphreys County, Mississippi",28628,8198,28,053,35.8,14.4,28053
"Issaquena County, Mississippi",28333,1223,28,055,28.0,9.4,28055
"Jackson County, Mississippi",53726,142872,28,059,15.5,9.3,28059
"Jasper County, Mississippi",37877,16454,28,061,21.3,4.0,28061
"Noble County, Ohio",50070,14410,39,121,15.2,4.8,39121
"Paulding County, Ohio",56531,18742,39,125,10.3,4.5,39125
"Perry County, Ohio",52978,36076,39,127,16.5,6.1,39127
"Pike County, Ohio",44115,27914,39,131,18.6,5.0,39131
"Preble County, Ohio",61339,40995,39,135,9.2,3.2,39135
"Putnam County, Ohio",67790,33836,39,137,7.8,3.2,39137
"Ross County, Ohio",51508,76816,39,141,16.3,6.0,39141
"Sandusky County, Ohio",55245,58801,39,143,12.2,4.5,39143
"Seneca County, Ohio",52897,55251,39,147,12.7,4.2,39147
"Shelby County, Ohio",64522,48610,39,149,10.0,5.2,39149
"Summit County, Ohio",59253,540810,39,153,12.8,5.8,39153
"Trumbull County, Ohio",47799,199144,39,155,17.3,4.8,39155
"Union County, Ohio",88565,57871,39,159,5.2,2.8,39159
"Van Wert County, Ohio",55991,28213,39,161,9.4,5.1,39161
"Warren County, Ohio",89410,232540,39,165,4.9,3.4,39165
"Washington County, Ohio",51808,60217,39,167,13.2,4.6,39167
"Wayne County, Ohio",61424,116063,39,169,10.7,3.3,39169
"Williams County, Ohio",52855,36760,39,171,11.0,3.8,39171
"Wood County, Ohio",63189,130662,39,173,13.1,4.9,39173
"Wyandot County, Ohio",57925,21907,39,175,7.2,3.3,39175
"Adair County, Oklahoma",34375,22171,40,001,26.6,5.3,40001
"Alfalfa County, Oklahoma",64122,5791,40,003,11.2,3.5,40003
"Atoka County, Oklahoma",42392,13815,40,005,19.0,4.3,40005
"Beaver County, Oklahoma",55083,5326,40,007,8.7,4.0,40007
"Beckham County, Oklahoma",47095,21860,40,009,19.3,4.4,40009
"Blaine County, Oklahoma",49638,9521,40,011,11.5,5.9,40011
"Bryan County, Oklahoma",47175,47325,40,013,17.0,5.7,40013
"Caddo County, Oklahoma",46499,29179,40,015,18.6,6.9,40015
"Canadian County, Oklahoma",73591,144610,40,017,7.4,4.2,40017
"Carter County, Oklahoma",51148,48380,40,019,16.9,4.6,40019
"Cherokee County, Oklahoma",43378,48871,40,021,22.0,7.7,40021
"Choctaw County, Oklahoma",37121,14727,40,023,25.8,7.1,40023
"Cimarron County, Oklahoma",47095,2159,40,025,15.5,0.4,40025
"Cleveland County, Oklahoma",65412,282189,40,027,12.0,4.6,40027
"Coal County, Oklahoma",42277,5577,40,029,23.4,6.1,40029
"Comanche County, Oklahoma",52377,121374,40,031,15.8,6.8,40031
"Craig County, Oklahoma",43003,14274,40,035,18.2,4.6,40035
"Creek County, Oklahoma",52315,71505,40,037,14.1,4.1,40037
"Delaware County, Oklahoma",44268,42741,40,041,18.2,6.0,40041
"Dewey County, Oklahoma",51169,4885,40,043,12.8,2.4,40043
"Garfield County, Oklahoma",55435,61555,40,047,13.7,5.1,40047
"Garvin County, Oklahoma",47321,27789,40,049,15.8,3.2,40049
"Grant County, Oklahoma",53147,4369,40,053,9.2,3.5,40053
"Greer County, Oklahoma",46794,5790,40,055,17.8,5.2,40055
"Harper County, Oklahoma",44318,3730,40,059,19.3,3.5,40059
"Haskell County, Oklahoma",43950,12688,40,061,20.8,8.0,40061
"Jackson County, Oklahoma",52535,24808,40,065,15.8,3.9,40065
"Jefferson County, Oklahoma",43871,6084,40,067,20.7,5.8,40067
"Kay County, Oklahoma",47456,44074,40,071,16.1,6.6,40071
"Kingfisher County, Oklahoma",61738,15811,40,073,10.3,3.8,40073
"Latimer County, Oklahoma",40044,10239,40,077,16.5,10.0,40077
"Le Flore County, Oklahoma",41900,49999,40,079,20.0,5.3,40079
"Logan County, Oklahoma",70456,47401,40,083,13.1,4.0,40083
"Love County, Oklahoma",54423,10128,40,085,14.3,5.8,40085
"McCurtain County, Oklahoma",39091,32913,40,089,23.8,5.4,40089
"McIntosh County, Oklahoma",39588,19677,40,091,22.5,5.3,40091
"Marshall County, Oklahoma",48573,16688,40,095,15.3,3.4,40095
"Mayes County, Oklahoma",50012,41098,40,097,17.2,5.4,40097
"Muskogee County, Oklahoma",41633,68451,40,101,20.3,6.4,40101
"Noble County, Oklahoma",60019,11263,40,103,12.6,5.4,40103
"Deer Lodge County, Montana",42129,9153,30,023,23.6,3.7,30023
"Flathead County, Montana",57763,102001,30,029,10.3,4.0,30029
"Glacier County, Montana",37645,13706,30,035,29.7,6.3,30035
"Granite County, Montana",50795,3325,30,039,10.8,3.6,30039
"Judith Basin County, Montana",50329,1968,30,045,17.0,2.3,30045
"Liberty County, Montana",46750,2455,30,051,21.2,0.0,30051
"Madison County, Montana",55892,8530,30,057,8.1,2.9,30057
"Missoula County, Montana",56247,119062,30,063,13.3,4.9,30063
"Park County, Montana",53082,16513,30,067,12.0,1.9,30067
"Pondera County, Montana",54235,5911,30,073,18.2,8.7,30073
"Baldwin County, Georgia",46250,45072,13,009,23.7,7.4,13009
"Bartow County, Georgia",61226,106456,13,015,12.6,5.8,13015
"Berrien County, Georgia",42089,19206,13,019,22.6,5.8,13019
"Brantley County, Georgia",34679,18924,13,025,18.8,4.7,13025
"Bulloch County, Georgia",48786,77719,13,031,22.3,9.0,13031
"Calhoun County, Georgia",41962,6301,13,037,24.9,11.0,13037
"Candler County, Georgia",36955,10834,13,043,25.1,5.1,13043
"Charlton County, Georgia",42743,13032,13,049,23.2,13.7,13049
"Chattooga County, Georgia",37351,24826,13,055,21.1,4.9,13055
"Clay County, Georgia",32434,2931,13,061,32.7,10.1,13061
"Clinch County, Georgia",38844,6648,13,065,29.8,3.8,13065
"Colquitt County, Georgia",36799,45510,13,071,24.2,7.6,13071
"Coweta County, Georgia",79795,145839,13,077,8.8,3.9,13077
"Dade County, Georgia",40384,16183,13,083,11.1,5.0,13083
"Decatur County, Georgia",40567,26595,13,087,23.8,6.5,13087
"Dooly County, Georgia",48039,13571,13,093,22.5,9.2,13093
"Early County, Georgia",34811,10218,13,099,31.4,8.2,13099
"Effingham County, Georgia",67050,62241,13,103,7.4,5.9,13103
"Evans County, Georgia",46392,10671,13,109,23.5,7.7,13109
"Floyd County, Georgia",50657,97805,13,115,18.6,5.6,13115
"Franklin County, Georgia",47821,23015,13,119,21.0,4.5,13119
"Glascock County, Georgia",46500,2984,13,125,18.1,1.4,13125
"Grady County, Georgia",48047,24693,13,131,18.3,3.1,13131
"Habersham County, Georgia",54147,45204,13,137,13.6,2.4,13137
"Hancock County, Georgia",32914,8500,13,141,24.6,2.5,13141
"Lowndes County, Georgia",46113,116436,13,185,22.7,5.8,13185
"McDuffie County, Georgia",47327,21404,13,189,19.0,6.3,13189
"Madison County, Georgia",51142,29624,13,195,19.9,6.3,13195
"Miller County, Georgia",49771,5725,13,201,20.3,7.0,13201
"Monroe County, Georgia",60491,27455,13,207,15.5,3.7,13207
"Murray County, Georgia",51133,39789,13,213,16.0,6.5,13213
"Oconee County, Georgia",95064,39194,13,219,6.2,2.9,13219
"Peach County, Georgia",50267,27502,13,225,20.9,9.7,13225
"Pierce County, Georgia",48969,19336,13,229,18.5,5.0,13229
"Pulaski County, Georgia",42213,11185,13,235,20.4,5.2,13235
"Rabun County, Georgia",44871,16859,13,241,19.9,4.1,13241
"Richmond County, Georgia",43882,202178,13,245,23.2,9.3,13245
"Screven County, Georgia",39852,13977,13,251,20.4,6.1,13251
"Stephens County, Georgia",46766,25934,13,257,13.9,6.4,13257
"Talbot County, Georgia",40020,6245,13,263,15.4,6.5,13263
"Tattnall County, Georgia",44053,25392,13,267,21.7,5.7,13267
"Terrell County, Georgia",35335,8654,13,273,31.2,7.4,13273
"Toombs County, Georgia",41244,26947,13,279,20.7,7.2,13279
"Troup County, Georgia",46796,70095,13,285,19.6,5.8,13285
"Twiggs County, Georgia",43477,8195,13,289,15.2,4.1,13289
"Walker County, Georgia",46601,69398,13,295,15.1,6.8,13295
"Warren County, Georgia",38250,5259,13,301,25.7,3.7,13301
"Wayne County, Georgia",45773,29959,13,305,16.4,5.4,13305
"White County, Georgia",55788,29962,13,311,11.3,3.5,13311
"Wilkes County, Georgia",36486,9797,13,317,22.4,2.3,13317
"Harrison County, Texas",54234,66547,48,203,16.8,6.1,48203
"Hays County, Texas",68724,222827,48,209,12.7,5.5,48209
"Hidalgo County, Texas",41846,861137,48,215,28.4,7.3,48215
"Hood County, Texas",71253,60025,48,221,8.9,6.0,48221
"Howard County, Texas",57761,36213,48,227,16.4,6.8,48227
"Hutchinson County, Texas",57921,21105,48,233,13.0,7.0,48233
"Jackson County, Texas",58243,14822,48,239,13.8,4.8,48239
"Jefferson County, Texas",50840,253136,48,245,18.0,5.7,48245
"Johnson County, Texas",65311,171359,48,251,10.3,3.5,48251
"Loving County, Texas",44076,117,48,301,0.0,0.0,48301
"Lynn County, Texas",46163,5886,48,305,16.0,3.7,48305
"McMullen County, Texas",67386,724,48,311,10.5,5.2,48311
"Martin County, Texas",70000,5676,48,317,10.2,4.0,48317
"Maverick County, Texas",41385,58098,48,323,26.2,7.7,48323
"Midland County, Texas",83217,171238,48,329,9.8,3.4,48329
"Mitchell County, Texas",44939,8256,48,335,11.7,3.2,48335
"Moore County, Texas",53967,21169,48,341,10.7,3.7,48341
"Nacogdoches County, Texas",44507,65080,48,347,24.9,7.7,48347
"Nolan County, Texas",43692,14901,48,353,15.6,7.9,48353
"Oldham County, Texas",64250,2110,48,359,12.3,0.4,48359
"Panola County, Texas",51297,23186,48,365,14.1,2.9,48365
"Pecos County, Texas",53879,15725,48,371,16.4,1.1,48371
"Presidio County, Texas",22716,6808,48,377,39.9,9.9,48377
"Reagan County, Texas",61659,3766,48,383,10.8,6.3,48383
"Reeves County, Texas",61543,15546,48,389,16.2,11.1,48389
"Robertson County, Texas",53823,17094,48,395,14.6,9.1,48395
"Rusk County, Texas",56223,53988,48,401,11.2,7.3,48401
"San Jacinto County, Texas",44566,28574,48,407,13.6,7.3,48407
"Schleicher County, Texas",45250,2898,48,413,17.1,16.4,48413
"Shelby County, Texas",41170,25263,48,419,23.3,5.6,48419
"Val Verde County, Texas",47675,49018,48,465,18.3,4.0,48465
"Walker County, Texas",41508,72295,48,471,20.7,3.4,48471
"Washington County, Texas",59623,35275,48,477,10.5,4.6,48477
"Wheeler County, Texas",49036,5187,48,483,17.0,4.5,48483
"Willacy County, Texas",37906,21419,48,489,25.6,10.4,48489
"Winkler County, Texas",63585,7822,48,495,12.0,2.6,48495
"Yoakum County, Texas",69004,8612,48,501,11.1,5.3,48501
"Zavala County, Texas",40090,11930,48,507,35.2,4.4,48507
"Jefferson Davis County, Mississippi",32214,11182,28,065,22.7,6.9,28065
"Jones County, Mississippi",43391,68307,28,067,21.8,4.8,28067
"Lafayette County, Mississippi",53318,54059,28,071,23.0,4.1,28071
"Lauderdale County, Mississippi",42922,75557,28,075,22.6,4.9,28075
"Lawrence County, Mississippi",36239,12595,28,077,19.5,12.6,28077
"Lee County, Mississippi",55861,85304,28,081,13.6,5.6,28081
"Leflore County, Mississippi",30077,28764,28,083,31.2,11.5,28083
"Lowndes County, Mississippi",48170,58896,28,087,19.6,7.8,28087
"Madison County, Mississippi",71621,105482,28,089,10.6,4.4,28089
"Marshall County, Mississippi",43411,35502,28,093,21.7,6.1,28093
"Monroe County, Mississippi",45018,35559,28,095,17.4,7.6,28095
"Neshoba County, Mississippi",40750,29250,28,099,23.6,9.2,28099
"Noxubee County, Mississippi",36958,10566,28,103,29.1,10.8,28103
"Oktibbeha County, Mississippi",39490,49593,28,105,29.0,8.5,28105
"Pearl River County, Mississippi",51538,55512,28,109,14.6,5.9,28109
"Perry County, Mississippi",47173,11981,28,111,18.7,7.2,28111
"Pontotoc County, Mississippi",48980,31996,28,115,15.3,3.5,28115
"Prentiss County, Mississippi",40163,25155,28,117,20.1,4.5,28117
"Rankin County, Mississippi",68310,154119,28,121,9.0,4.7,28121
"Scott County, Mississippi",39971,28288,28,123,24.7,7.2,28123
"Simpson County, Mississippi",43403,26818,28,127,19.2,7.0,28127
"Stone County, Mississippi",47683,18282,28,131,17.0,6.7,28131
"Sunflower County, Mississippi",31515,25759,28,133,30.6,11.0,28133
"Tate County, Mississippi",55738,28419,28,137,16.3,5.4,28137
"Tippah County, Mississippi",37894,21976,28,139,21.2,6.1,28139
"Tunica County, Mississippi",34485,9807,28,143,31.7,8.1,28143
"Union County, Mississippi",47317,28578,28,145,11.2,5.4,28145
"Warren County, Mississippi",46909,46030,28,149,20.8,6.7,28149
"Washington County, Mississippi",32011,45072,28,151,30.9,10.1,28151
"Webster County, Mississippi",52382,9727,28,155,17.9,5.9,28155
"Wilkinson County, Mississippi",30760,8727,28,157,28.1,7.7,28157
"Yalobusha County, Mississippi",41440,12276,28,161,20.8,6.7,28161
"Yazoo County, Mississippi",32729,28511,28,163,32.1,12.1,28163
"Catron County, New Mexico",36607,3547,35,003,24.7,5.3,35003
"Chaves County, New Mexico",46254,64912,35,005,19.4,5.2,35005
"Cibola County, New Mexico",44731,26763,35,006,25.5,11.6,35006
"Colfax County, New Mexico",36937,12106,35,007,21.5,4.7,35007
"Curry County, New Mexico",48903,49502,35,009,18.9,7.9,35009
"De Baca County, New Mexico",31532,1995,35,011,13.9,9.8,35011
"Doña Ana County, New Mexico",44024,217696,35,013,24.8,7.7,35013
"Eddy County, New Mexico",65000,57865,35,015,16.0,4.3,35015
"Grant County, New Mexico",37453,27391,35,017,25.4,8.0,35017
"Guadalupe County, New Mexico",31061,4336,35,019,15.5,6.7,35019
"Harding County, New Mexico",32500,432,35,021,12.0,3.3,35021
"Hidalgo County, New Mexico",44722,4234,35,023,22.0,7.3,35023
"Lea County, New Mexico",61867,70359,35,025,16.2,6.9,35025
"Lincoln County, New Mexico",44939,19640,35,027,12.6,5.1,35027
"Los Alamos County, New Mexico",119266,18976,35,028,4.0,3.5,35028
"Luna County, New Mexico",32251,24022,35,029,24.1,9.5,35029
"McKinley County, New Mexico",36179,71956,35,031,35.2,12.4,35031
"Mora County, New Mexico",29458,4500,35,033,20.9,9.3,35033
"Otero County, New Mexico",45032,66804,35,035,19.1,9.1,35035
"Quay County, New Mexico",33962,8265,35,037,21.9,2.5,35037
"Rio Arriba County, New Mexico",42264,38962,35,039,22.8,7.0,35039
"Sandoval County, New Mexico",65071,144954,35,043,12.1,6.6,35043
"San Juan County, New Mexico",47643,125608,35,045,21.7,8.2,35045
"Santa Fe County, New Mexico",60668,150319,35,049,13.0,4.9,35049
"Socorro County, New Mexico",40297,16723,35,053,31.1,4.7,35053
"Okfuskee County, Oklahoma",40913,11987,40,107,26.8,5.6,40107
"Okmulgee County, Oklahoma",45319,38553,40,111,17.1,8.0,40111
"Osage County, Oklahoma",50105,47074,40,113,14.2,6.0,40113
"Pawnee County, Oklahoma",50991,16402,40,117,15.4,3.9,40117
"Payne County, Oklahoma",42103,81912,40,119,25.9,3.9,40119
"Pontotoc County, Oklahoma",51682,38385,40,123,13.6,4.9,40123
"Pottawatomie County, Oklahoma",51150,72511,40,125,15.8,6.3,40125
"Roger Mills County, Oklahoma",54653,3635,40,129,17.3,5.7,40129
"Rogers County, Oklahoma",66038,92052,40,131,9.3,4.5,40131
"Sequoyah County, Oklahoma",41803,41687,40,135,18.9,5.9,40135
"Stephens County, Oklahoma",51156,43401,40,137,15.0,6.5,40137
"Tillman County, Oklahoma",39975,7347,40,141,21.4,6.0,40141
"Tulsa County, Oklahoma",57024,650291,40,143,14.3,5.4,40143
"Washington County, Oklahoma",53384,51995,40,147,13.5,4.9,40147
"Washita County, Oklahoma",52591,11066,40,149,11.9,5.8,40149
"Woodward County, Oklahoma",56182,20352,40,153,13.2,4.2,40153
"Baker County, Oregon",46250,16090,41,001,14.0,6.9,41001
"Clackamas County, Oregon",82911,415084,41,005,7.5,4.5,41005
"Clatsop County, Oregon",57466,39656,41,007,9.6,4.4,41007
"Columbia County, Oregon",68170,52117,41,009,10.0,5.8,41009
"Coos County, Oregon",49445,64175,41,011,16.1,7.0,41011
"Crook County, Oregon",59000,23733,41,013,10.2,5.0,41013
"Curry County, Oregon",53174,22889,41,015,12.9,8.7,41015
"Deschutes County, Oregon",68937,191749,41,017,9.8,5.6,41017
"Douglas County, Oregon",50031,110015,41,019,13.0,5.9,41019
"Gilliam County, Oregon",41838,1896,41,021,13.6,5.7,41021
"Grant County, Oregon",48202,7174,41,023,16.1,9.1,41023
"Harney County, Oregon",43387,7310,41,025,8.6,7.0,41025
"Hood River County, Oregon",72418,23270,41,027,5.1,5.0,41027
"Jackson County, Oregon",56327,218781,41,029,13.7,5.1,41029
"Jefferson County, Oregon",55844,24048,41,031,14.3,9.5,41031
"Josephine County, Oregon",47733,87097,41,033,16.0,7.5,41033
"Klamath County, Oregon",48560,67606,41,035,19.6,7.5,41035
"Lake County, Oregon",44237,7896,41,037,17.0,7.5,41037
"Lane County, Oregon",54942,377749,41,039,17.2,7.1,41039
"Lincoln County, Oregon",50775,49336,41,041,15.8,7.1,41041
"Linn County, Oregon",59547,127216,41,043,12.3,6.8,41043
"Malheur County, Oregon",44362,30632,41,045,21.1,6.2,41045
"Marion County, Oregon",61817,343742,41,047,13.4,5.3,41047
"Multnomah County, Oregon",71425,809869,41,051,13.2,5.2,41051
"Sherman County, Oregon",51472,1686,41,055,10.0,1.9,41055
"Tillamook County, Oregon",54268,26782,41,057,11.8,4.7,41057
"Union County, Oregon",53940,26502,41,061,13.9,5.4,41061
"Wallowa County, Oregon",53423,7065,41,063,9.7,5.0,41063
"Washington County, Oregon",86626,595761,41,067,8.5,4.4,41067
"Wheeler County, Oregon",45354,1417,41,069,14.8,4.4,41069
"Bristol County, Rhode Island",85413,48645,44,001,7.1,3.4,44001
"Kent County, Rhode Island",75857,164122,44,003,8.1,4.3,44003
"Providence County, Rhode Island",62323,636161,44,007,14.0,5.9,44007
"Washington County, Rhode Island",86970,126139,44,009,8.2,5.9,44009
"Allegheny County, Pennsylvania",62320,1218380,42,003,11.3,4.9,42003
"Armstrong County, Pennsylvania",53545,65356,42,005,11.2,5.5,42005
"Bedford County, Pennsylvania",51531,48154,42,009,11.2,4.5,42009
"Berks County, Pennsylvania",66154,419062,42,011,11.7,5.6,42011
"Bradford County, Pennsylvania",52375,60721,42,015,12.6,4.7,42015
"Bucks County, Pennsylvania",93181,627668,42,017,5.6,4.2,42017
"Cambria County, Pennsylvania",47644,131611,42,021,14.5,5.2,42021
"Cameron County, Pennsylvania",40342,4512,42,023,18.2,10.2,42023
"Centre County, Pennsylvania",61921,162264,42,027,17.8,4.1,42027
"Worth County, Georgia",50913,20346,13,321,18.9,6.4,13321
"Clearwater County, Idaho",42413,8735,16,035,11.9,6.3,16035
"Elmore County, Idaho",45656,27043,16,039,14.3,6.5,16039
"Gem County, Idaho",53720,17771,16,045,13.9,3.1,16045
"Jefferson County, Idaho",65577,29238,16,051,8.2,3.4,16051
"Kootenai County, Idaho",60903,161676,16,055,10.3,4.0,16055
"Lewis County, Idaho",42370,3850,16,061,15.4,5.1,16061
"Minidoka County, Idaho",53011,20817,16,067,16.2,4.5,16067
"Oneida County, Idaho",54484,4429,16,071,12.2,0.7,16071
"Power County, Idaho",51014,7635,16,077,12.1,5.6,16077
"Twin Falls County, Idaho",53363,86198,16,083,13.6,3.1,16083
"Adams County, Illinois",55052,65670,17,001,12.5,4.1,17001
"Bond County, Illinois",53568,16520,17,005,13.6,2.6,17005
"Bureau County, Illinois",55549,32878,17,011,12.3,5.0,17011
"Cass County, Illinois",53899,12324,17,017,15.1,6.4,17017
"Christian County, Illinois",52120,32705,17,021,10.6,3.4,17021
"Clinton County, Illinois",67179,37549,17,027,7.8,3.1,17027
"Crawford County, Illinois",50968,18833,17,033,11.5,4.0,17033
"De Witt County, Illinois",57727,15764,17,039,10.3,4.8,17039
"DuPage County, Illinois",94930,926005,17,043,6.2,4.4,17043
"Effingham County, Illinois",59932,34151,17,049,11.2,2.6,17049
"Franklin County, Illinois",43671,38688,17,055,19.0,7.2,17055
"Greene County, Illinois",51746,12988,17,061,13.0,2.9,17061
"Hamilton County, Illinois",55977,8151,17,065,13.5,3.5,17065
"Henderson County, Illinois",55759,6737,17,071,8.6,6.2,17071
"Jackson County, Illinois",39689,57517,17,077,24.0,8.9,17077
"Marion County, Illinois",49925,37524,17,121,16.5,8.8,17121
"Massac County, Illinois",51195,14041,17,127,17.1,5.6,17127
"Monroe County, Illinois",89648,34444,17,133,3.1,2.4,17133
"Moultrie County, Illinois",64033,14557,17,139,9.0,3.1,17139
"Peoria County, Illinois",55729,181111,17,143,15.6,7.6,17143
"Pike County, Illinois",46605,15571,17,149,14.2,5.5,17149
"Putnam County, Illinois",64694,5720,17,155,9.6,2.7,17155
"Rock Island County, Illinois",55980,142801,17,161,14.4,5.8,17161
"Saline County, Illinois",43928,23735,17,165,18.3,7.9,17165
"Scott County, Illinois",59352,4982,17,171,12.2,3.6,17171
"Stephenson County, Illinois",50466,44683,17,177,14.9,6.8,17177
"Vermilion County, Illinois",46842,76704,17,183,19.0,5.8,17183
"Washington County, Illinois",64390,13967,17,189,7.5,5.2,17189
"White County, Illinois",48303,13712,17,193,15.3,6.0,17193
"Williamson County, Illinois",52076,66929,17,199,13.9,5.3,17199
"Adair County, Iowa",55700,7048,19,001,11.1,5.9,19001
"Appanoose County, Iowa",39693,12462,19,007,19.7,6.6,19007
"Benton County, Iowa",66046,25558,19,011,8.8,2.3,19011
"Bremer County, Iowa",72209,25032,19,017,7.1,3.1,19017
"Buena Vista County, Iowa",54014,19950,19,021,10.9,5.9,19021
"Carroll County, Iowa",59198,20150,19,027,7.4,1.9,19027
"Cerro Gordo County, Iowa",56082,42672,19,033,9.5,3.3,19033
"Clarke County, Iowa",55078,9383,19,039,17.4,2.1,19039
"Clayton County, Iowa",56456,17527,19,043,12.3,2.2,19043
"Dallas County, Iowa",88368,90418,19,049,5.2,3.2,19049
"Delaware County, Iowa",63877,17107,19,055,8.7,1.7,19055
"Jasper County, Iowa",59481,37032,19,099,9.1,3.5,19099
"Jones County, Iowa",57134,20575,19,105,9.5,4.4,19105
"Kossuth County, Iowa",56156,14864,19,109,11.3,3.7,19109
"Louisa County, Iowa",63034,11125,19,115,9.1,4.1,19115
"Madison County, Iowa",71811,16148,19,121,5.8,3.0,19121
"Marion County, Iowa",64136,33193,19,125,7.3,2.5,19125
"Mitchell County, Iowa",60260,10588,19,131,6.7,1.5,19131
"Montgomery County, Iowa",55761,10016,19,137,12.5,3.4,19137
"Taos County, New Mexico",41973,32759,35,055,17.4,8.2,35055
"Union County, New Mexico",35484,4106,35,059,21.2,3.4,35059
"Valencia County, New Mexico",50801,76518,35,061,16.6,7.7,35061
"Barnes County, North Dakota",60472,10592,38,003,9.8,1.8,38003
"Benson County, North Dakota",50329,6860,38,005,32.4,4.0,38005
"Bottineau County, North Dakota",65074,6418,38,009,9.0,3.7,38009
"Bowman County, North Dakota",70521,3091,38,011,7.6,4.1,38011
"Burleigh County, North Dakota",72974,95509,38,015,7.5,2.5,38015
"Cass County, North Dakota",65976,179937,38,017,10.6,3.1,38017
"Dickey County, North Dakota",64521,4857,38,021,5.5,3.0,38021
"Dunn County, North Dakota",82750,4362,38,025,6.7,1.8,38025
"Eddy County, North Dakota",52895,2262,38,027,10.7,1.4,38027
"Foster County, North Dakota",61250,3231,38,031,7.9,0.2,38031
"Golden Valley County, North Dakota",72308,1796,38,033,5.0,3.1,38033
"Grant County, North Dakota",53750,2318,38,037,10.5,1.2,38037
"Griggs County, North Dakota",53917,2314,38,039,4.3,1.5,38039
"Kidder County, North Dakota",52063,2468,38,043,9.9,1.0,38043
"LaMoure County, North Dakota",61477,4225,38,045,13.5,0.8,38045
"McHenry County, North Dakota",67039,5825,38,049,9.3,4.5,38049
"McIntosh County, North Dakota",51136,2535,38,051,10.2,0.8,38051
"McLean County, North Dakota",70261,9531,38,055,7.5,1.5,38055
"Mercer County, North Dakota",82087,8359,38,057,8.6,1.9,38057
"Mountrail County, North Dakota",70412,10348,38,061,10.7,4.3,38061
"Oliver County, North Dakota",66641,1962,38,065,11.6,2.7,38065
"Pembina County, North Dakota",60910,6850,38,067,7.2,4.5,38067
"Ramsey County, North Dakota",52688,11521,38,071,17.0,0.6,38071
"Ransom County, North Dakota",62235,5258,38,073,9.6,3.2,38073
"Richland County, North Dakota",60833,16245,38,077,11.6,3.0,38077
"Rolette County, North Dakota",46481,14437,38,079,26.7,6.8,38079
"Sheridan County, North Dakota",54250,1289,38,083,6.2,1.7,38083
"Sioux County, North Dakota",41893,4339,38,085,32.9,16.8,38085
"Stark County, North Dakota",69412,31164,38,089,10.6,2.7,38089
"Steele County, North Dakota",77167,1817,38,091,9.6,0.5,38091
"Towner County, North Dakota",49464,2191,38,095,9.1,2.1,38095
"Traill County, North Dakota",67604,7999,38,097,4.6,2.8,38097
"Ward County, North Dakota",68098,68962,38,101,9.1,4.0,38101
"Williams County, North Dakota",79508,36044,38,105,5.8,3.4,38105
"Apache County, Arizona",33967,71714,04,001,34.4,9.4,04001
"Cochise County, Arizona",51505,126442,04,003,15.2,6.8,04003
"Coconino County, Arizona",59000,142254,04,005,17.1,8.1,04005
"Gila County, Arizona",46907,53846,04,007,20.0,6.3,04007
"Graham County, Arizona",55693,38304,04,009,21.2,6.9,04009
"Greenlee County, Arizona",66368,9465,04,011,13.3,2.8,04011
"La Paz County, Arizona",34956,21035,04,012,22.9,8.8,04012
"Maricopa County, Arizona",67799,4412779,04,013,12.7,5.1,04013
"Mohave County, Arizona",47686,210998,04,015,16.2,7.6,04015
"Navajo County, Arizona",43140,110271,04,017,25.3,11.0,04017
"Pima County, Arizona",55023,1038476,04,019,15.9,6.8,04019
"Pinal County, Arizona",60968,447559,04,021,12.1,7.1,04021
"Santa Cruz County, Arizona",41424,46594,04,023,21.5,8.3,04023
"Yavapai County, Arizona",53329,232396,04,025,12.6,5.8,04025
"Yuma County, Arizona",48790,211931,04,027,18.2,8.6,04027
"Allen County, Kansas",47983,12503,20,001,15.4,4.2,20001
"Anderson County, Kansas",52995,7877,20,003,14.4,4.8,20003
"Atchison County, Kansas",50683,16210,20,005,13.7,3.8,20005
"Barber County, Kansas",49668,4493,20,007,20.5,2.6,20007
"Barton County, Kansas",48863,26209,20,009,13.8,3.4,20009
"Bourbon County, Kansas",46369,14539,20,011,14.3,3.5,20011
"Chester County, Pennsylvania",104161,521980,42,029,6.3,4.1,42029
"Clearfield County, Pennsylvania",50150,79466,42,033,14.3,7.4,42033
"Clinton County, Pennsylvania",51145,38549,42,035,15.4,5.8,42035
"Crawford County, Pennsylvania",51919,85074,42,039,12.5,5.8,42039
"Cumberland County, Pennsylvania",71979,251487,42,041,7.0,3.5,42041
"Delaware County, Pennsylvania",76238,565328,42,045,9.9,6.2,42045
"Elk County, Pennsylvania",54961,30077,42,047,9.9,6.0,42047
"Fayette County, Pennsylvania",49075,130329,42,051,16.5,7.3,42051
"Forest County, Pennsylvania",41225,7190,42,053,16.7,5.4,42053
"Fulton County, Pennsylvania",55424,14492,42,057,10.7,5.2,42057
"Greene County, Pennsylvania",55993,36484,42,059,12.9,4.9,42059
"Indiana County, Pennsylvania",49270,84463,42,063,15.2,7.2,42063
"Jefferson County, Pennsylvania",49604,43570,42,065,13.9,4.5,42065
"Lackawanna County, Pennsylvania",54064,210162,42,069,13.8,4.2,42069
"Lancaster County, Pennsylvania",69588,543050,42,071,9.1,3.6,42071
"Lebanon County, Pennsylvania",61632,140410,42,075,10.7,4.9,42075
"Lehigh County, Pennsylvania",66214,367338,42,077,12.6,6.2,42077
"Lycoming County, Pennsylvania",54906,114014,42,081,13.6,5.1,42081
"McKean County, Pennsylvania",49240,41021,42,083,16.2,6.5,42083
"Mercer County, Pennsylvania",50529,110519,42,085,14.4,5.8,42085
"Monroe County, Pennsylvania",68734,168824,42,089,10.7,6.2,42089
"Montgomery County, Pennsylvania",93518,827180,42,091,5.8,4.5,42091
"Montour County, Pennsylvania",59915,18178,42,093,10.2,1.7,42093
"Northampton County, Pennsylvania",73088,304233,42,095,8.6,4.6,42095
"Northumberland County, Pennsylvania",49273,91234,42,097,13.1,4.2,42097
"Perry County, Pennsylvania",70660,46133,42,099,8.7,3.4,42099
"Philadelphia County, Pennsylvania",49127,1581531,42,101,23.1,8.8,42101
"Pike County, Pennsylvania",67495,55660,42,103,9.3,7.8,42103
"Potter County, Pennsylvania",47696,16685,42,105,11.7,6.8,42105
"Schuylkill County, Pennsylvania",53703,141935,42,107,13.1,5.2,42107
"Snyder County, Pennsylvania",60227,40452,42,109,9.9,2.5,42109
"Somerset County, Pennsylvania",51255,73844,42,111,10.7,4.8,42111
"Sullivan County, Pennsylvania",49830,6038,42,113,11.5,5.0,42113
"Susquehanna County, Pennsylvania",55788,40604,42,115,11.7,6.1,42115
"Tioga County, Pennsylvania",51838,40759,42,117,12.3,5.2,42117
"Union County, Pennsylvania",56824,44831,42,119,11.4,2.9,42119
"Venango County, Pennsylvania",51405,51355,42,121,13.5,6.6,42121
"Warren County, Pennsylvania",52034,39466,42,123,12.6,4.4,42123
"Washington County, Pennsylvania",65478,207081,42,125,8.9,5.4,42125
"Wayne County, Pennsylvania",55572,51268,42,127,10.6,5.1,42127
"Wyoming County, Pennsylvania",60075,27078,42,131,10.5,4.9,42131
"York County, Pennsylvania",68940,447628,42,133,8.7,4.6,42133
"Abbeville County, South Carolina",43090,24582,45,001,17.7,5.0,45001
"Allendale County, South Carolina",26074,8789,45,005,28.0,12.9,45005
"Anderson County, South Carolina",53598,200183,45,007,13.6,5.5,45007
"Barnwell County, South Carolina",37572,21170,45,011,27.8,6.6,45011
"Beaufort County, South Carolina",71430,189732,45,013,9.3,4.5,45013
"Calhoun County, South Carolina",49844,14608,45,017,19.0,6.5,45017
"Charleston County, South Carolina",67182,407543,45,019,12.8,3.7,45019
"Chester County, South Carolina",43985,32260,45,023,18.5,4.9,45023
"Chesterfield County, South Carolina",41937,45833,45,025,21.2,9.4,45025
"Colleton County, South Carolina",36748,37624,45,029,19.9,7.0,45029
"Darlington County, South Carolina",37141,66858,45,031,21.2,8.0,45031
"Dillon County, South Carolina",36429,30473,45,033,30.2,6.4,45033
"Edgefield County, South Carolina",52491,27021,45,037,15.2,7.0,45037
"Fairfield County, South Carolina",43861,22406,45,039,18.5,5.0,45039
"Georgetown County, South Carolina",52488,62150,45,043,16.1,6.9,45043
"O'Brien County, Iowa",57200,13796,19,141,11.1,1.8,19141
"Palo Alto County, Iowa",56437,8941,19,147,5.7,1.8,19147
"Polk County, Iowa",69747,485418,19,153,10.4,4.6,19153
"Poweshiek County, Iowa",53925,18391,19,157,10.9,5.0,19157
"Scott County, Iowa",63876,172938,19,163,11.9,4.0,19163
"Story County, Iowa",58302,97355,19,169,20.0,5.7,19169
"Taylor County, Iowa",57768,6160,19,173,7.1,2.7,19173
"Wapello County, Iowa",46433,35102,19,179,16.6,5.1,19179
"Wayne County, Iowa",47543,6426,19,185,16.0,1.4,19185
"Winnebago County, Iowa",51581,10474,19,189,6.9,3.1,19189
"Worth County, Iowa",60442,7422,19,195,5.3,3.4,19195
"Anne Arundel County, Maryland",103225,575421,24,003,5.7,4.2,24003
"Calvert County, Maryland",112696,92094,24,009,4.4,3.8,24009
"Cecil County, Maryland",79415,102889,24,015,9.5,5.2,24015
"Frederick County, Maryland",100685,255955,24,021,6.8,4.1,24021
"Howard County, Maryland",124042,322407,24,027,5.1,3.9,24027
"Montgomery County, Maryland",111812,1047661,24,031,6.6,4.6,24031
"St. Mary's County, Maryland",95864,113182,24,037,8.0,3.5,24037
"Cheboygan County, Michigan",49624,25435,26,031,13.1,7.4,26031
"Clinton County, Michigan",72490,78957,26,037,8.3,3.4,26037
"Dickinson County, Michigan",51704,25373,26,043,10.1,3.8,26043
"Emmet County, Michigan",55947,33175,26,047,8.9,4.0,26047
"Gogebic County, Michigan",38625,14715,26,053,15.2,4.5,26053
"Hillsdale County, Michigan",51535,45707,26,059,15.2,4.1,26059
"Ingham County, Michigan",55253,290923,26,065,18.4,6.8,26065
"Iosco County, Michigan",42628,25213,26,069,14.6,7.4,26069
"Jackson County, Michigan",54511,158174,26,075,12.4,6.3,26075
"Kent County, Michigan",65722,652617,26,081,11.1,4.6,26081
"Lapeer County, Michigan",65197,87975,26,087,9.8,5.9,26087
"Lenawee County, Michigan",57314,98310,26,091,11.3,4.8,26091
"Mackinac County, Michigan",50058,10781,26,097,15.5,9.2,26097
"Marquette County, Michigan",54585,66403,26,103,15.2,5.8,26103
"Menominee County, Michigan",48548,22902,26,109,11.1,5.4,26109
"Missaukee County, Michigan",47370,15075,26,113,12.9,7.9,26113
"Montmorency County, Michigan",42160,9270,26,119,15.8,7.2,26119
"Oakland County, Michigan",81587,1255340,26,125,7.8,4.7,26125
"Ontonagon County, Michigan",41776,5802,26,131,16.0,5.9,26131
"Otsego County, Michigan",55917,24613,26,137,12.9,5.7,26137
"Presque Isle County, Michigan",48734,12687,26,141,13.4,6.4,26141
"St. Clair County, Michigan",58722,159285,26,147,12.4,6.6,26147
"Schoolcraft County, Michigan",48443,8031,26,153,15.6,7.4,26153
"Van Buren County, Michigan",56652,75416,26,159,14.8,5.2,26159
"George County, Mississippi",47044,24098,28,039,17.6,12.6,28039
"Hancock County, Mississippi",54860,47339,28,045,13.6,6.1,28045
"Holmes County, Mississippi",24074,17414,28,051,40.2,15.4,28051
"Itawamba County, Mississippi",47649,23396,28,057,11.2,1.6,28057
"Jefferson County, Mississippi",29524,7129,28,063,28.0,9.7,28063
"Kemper County, Mississippi",30735,9829,28,069,27.0,15.4,28069
"Lamar County, Mississippi",61649,62693,28,073,18.0,9.2,28073
"Leake County, Mississippi",36708,22791,28,079,25.0,8.3,28079
"Lincoln County, Mississippi",41355,34197,28,085,22.0,5.3,28085
"Marion County, Mississippi",31629,24785,28,091,25.3,9.4,28091
"Montgomery County, Mississippi",38022,9956,28,097,29.7,8.1,28097
"Newton County, Mississippi",42176,21215,28,101,23.0,3.9,28101
"Panola County, Mississippi",37232,34079,28,107,19.6,8.1,28107
"Pike County, Mississippi",32726,39365,28,113,31.4,7.1,28113
"Quitman County, Mississippi",24233,7038,28,119,33.9,15.7,28119
"Sharkey County, Mississippi",35711,4427,28,125,24.1,10.4,28125
"Smith County, Mississippi",44714,15919,28,129,16.4,4.5,28129
"Butler County, Kansas",66405,66890,20,015,9.5,4.2,20015
"Chautauqua County, Kansas",39500,3280,20,019,19.6,6.4,20019
"Cherokee County, Kansas",41936,20017,20,021,13.2,2.3,20021
"Clark County, Kansas",52500,2006,20,025,10.5,1.5,20025
"Clay County, Kansas",47880,8030,20,027,7.4,2.6,20027
"Coffey County, Kansas",59405,8218,20,031,12.2,4.7,20031
"Comanche County, Kansas",48125,1759,20,033,8.7,3.0,20033
"Crawford County, Kansas",42615,38874,20,037,20.1,5.2,20037
"Dickinson County, Kansas",53864,18614,20,041,10.0,2.9,20041
"Doniphan County, Kansas",51953,7616,20,043,15.9,1.3,20043
"Edwards County, Kansas",50028,2822,20,047,9.5,1.9,20047
"Elk County, Kansas",42564,2502,20,049,16.4,6.0,20049
"Ellsworth County, Kansas",56306,6176,20,053,8.6,1.7,20053
"Finney County, Kansas",60498,36451,20,055,12.8,4.2,20055
"Franklin County, Kansas",55873,25643,20,059,10.9,3.1,20059
"Geary County, Kansas",52019,33309,20,061,15.3,3.9,20061
"Graham County, Kansas",40890,2464,20,065,13.5,4.1,20065
"Gray County, Kansas",70457,6020,20,069,4.6,2.3,20069
"Greeley County, Kansas",53750,1156,20,071,10.3,0.0,20071
"Hamilton County, Kansas",44894,2552,20,075,8.3,0.0,20075
"Harper County, Kansas",49283,5506,20,077,15.3,4.9,20077
"Haskell County, Kansas",54638,3990,20,081,11.3,2.5,20081
"Hodgeman County, Kansas",60703,1872,20,083,11.3,3.4,20083
"Jefferson County, Kansas",67429,18974,20,087,6.7,3.5,20087
"Johnson County, Kansas",91650,597574,20,091,4.9,3.2,20091
"Kearny County, Kansas",46464,3863,20,093,17.7,1.6,20093
"Kiowa County, Kansas",53107,2483,20,097,6.3,2.8,20097
"Labette County, Kansas",47922,19938,20,099,16.3,2.9,20099
"Leavenworth County, Kansas",76307,81499,20,103,7.8,5.7,20103
"Lincoln County, Kansas",46523,3013,20,105,11.7,1.7,20105
"Logan County, Kansas",51136,2789,20,109,11.5,0.6,20109
"McPherson County, Kansas",59928,28557,20,113,8.6,1.3,20113
"Marion County, Kansas",50816,11865,20,115,8.9,4.0,20115
"Meade County, Kansas",56817,4120,20,119,8.7,2.3,20119
"Miami County, Kansas",75635,33740,20,121,6.9,1.8,20121
"Montgomery County, Kansas",45288,32114,20,125,18.2,5.2,20125
"Morris County, Kansas",52792,5551,20,127,8.9,2.7,20127
"Nemaha County, Kansas",61382,10109,20,131,8.2,2.0,20131
"Neosho County, Kansas",49493,16008,20,133,15.3,3.6,20133
"Norton County, Kansas",48486,5416,20,137,8.7,3.2,20137
"Osborne County, Kansas",50774,3494,20,141,14.7,2.0,20141
"Ottawa County, Kansas",59607,5776,20,143,10.4,2.3,20143
"Pawnee County, Kansas",46559,6539,20,145,9.2,1.8,20145
"Phillips County, Kansas",51820,5297,20,147,13.1,2.5,20147
"Pottawatomie County, Kansas",70064,24203,20,149,8.0,2.2,20149
"Pratt County, Kansas",54644,9324,20,151,10.5,3.3,20151
"Rawlins County, Kansas",57281,2490,20,153,10.3,0.8,20153
"Reno County, Kansas",51520,62421,20,155,12.4,4.4,20155
"Republic County, Kansas",50411,4607,20,157,8.5,1.0,20157
"Rice County, Kansas",49688,9532,20,159,13.1,4.6,20159
"Riley County, Kansas",51098,74059,20,161,22.7,5.0,20161
"Rooks County, Kansas",51362,4985,20,163,5.7,2.2,20163
"Rush County, Kansas",46333,2953,20,165,8.7,3.6,20165
"Russell County, Kansas",50630,6896,20,167,13.2,4.4,20167
"Saline County, Kansas",51830,54384,20,169,11.0,4.0,20169
"Scott County, Kansas",55625,4893,20,171,7.8,0.8,20171
"Sedgwick County, Kansas",57540,515416,20,173,13.4,5.2,20173
"Seward County, Kansas",49395,21902,20,175,14.0,3.6,20175
"Shawnee County, Kansas",58652,177293,20,177,11.1,4.1,20177
"Sheridan County, Kansas",62105,2515,20,179,5.3,2.4,20179
"Hampton County, South Carolina",38178,19223,45,049,17.9,8.1,45049
"Horry County, South Carolina",51570,344186,45,051,14.3,6.0,45051
"Kershaw County, South Carolina",53980,65926,45,055,15.3,6.3,45055
"Lancaster County, South Carolina",65421,95378,45,057,13.2,6.6,45057
"Laurens County, South Carolina",44374,66990,45,059,20.4,6.8,45059
"Lexington County, South Carolina",62740,295033,45,063,11.8,4.8,45063
"McCormick County, South Carolina",47402,9495,45,065,15.3,5.7,45065
"Marlboro County, South Carolina",31528,26376,45,069,29.4,10.0,45069
"Newberry County, South Carolina",46038,38329,45,071,17.5,5.0,45071
"Orangeburg County, South Carolina",36802,86953,45,075,23.1,9.9,45075
"Pickens County, South Carolina",51032,125381,45,077,16.4,5.0,45077
"Saluda County, South Carolina",43410,20292,45,081,18.4,4.4,45081
"Spartanburg County, South Carolina",53757,313791,45,083,14.4,5.4,45083
"Union County, South Carolina",41117,27325,45,087,19.9,7.7,45087
"Williamsburg County, South Carolina",35681,30810,45,089,24.1,5.0,45089
"York County, South Carolina",68555,273887,45,091,9.5,5.0,45091
"Beadle County, South Dakota",53461,18338,46,005,14.2,2.3,46005
"Bennett County, South Dakota",41887,3430,46,007,30.1,9.4,46007
"Brookings County, South Dakota",57471,35115,46,011,13.7,3.9,46011
"Brown County, South Dakota",61816,38988,46,013,9.4,2.2,46013
"Buffalo County, South Dakota",35000,2005,46,017,37.3,22.0,46017
"Butte County, South Dakota",49353,10295,46,019,10.0,5.8,46019
"Campbell County, South Dakota",54228,1458,46,021,3.4,0.8,46021
"Charles Mix County, South Dakota",52348,9324,46,023,20.8,8.4,46023
"Clark County, South Dakota",50709,3715,46,025,6.3,3.5,46025
"Clay County, South Dakota",51447,14076,46,027,20.8,8.5,46027
"Codington County, South Dakota",57885,28133,46,029,13.2,2.6,46029
"Corson County, South Dakota",36705,4106,46,031,41.0,24.2,46031
"Custer County, South Dakota",64556,8826,46,033,12.7,5.4,46033
"Davison County, South Dakota",48267,19890,46,035,13.0,2.1,46035
"Day County, South Dakota",46753,5452,46,037,15.0,1.6,46037
"Deuel County, South Dakota",67396,4309,46,039,5.0,1.3,46039
"Dewey County, South Dakota",45859,5841,46,041,35.0,21.4,46041
"Douglas County, South Dakota",61793,2913,46,043,8.0,0.6,46043
"Edmunds County, South Dakota",64896,3876,46,045,5.6,1.7,46045
"Fall River County, South Dakota",51383,6721,46,047,15.9,2.3,46047
"Faulk County, South Dakota",49423,2315,46,049,23.6,5.1,46049
"Grant County, South Dakota",65327,7125,46,051,8.6,2.2,46051
"Gregory County, South Dakota",44706,4193,46,053,13.8,2.3,46053
"Haakon County, South Dakota",40673,1935,46,055,19.5,1.5,46055
"Hamlin County, South Dakota",67626,6104,46,057,7.8,2.3,46057
"Hand County, South Dakota",58333,3064,46,059,9.2,0.0,46059
"Harding County, South Dakota",61111,1178,46,063,6.6,0.9,46063
"Hughes County, South Dakota",69575,17560,46,065,11.8,1.8,46065
"Hyde County, South Dakota",59844,1446,46,069,5.0,0.5,46069
"Jackson County, South Dakota",24549,3296,46,071,42.1,9.3,46071
"Jones County, South Dakota",46688,873,46,075,13.7,2.4,46075
"Kingsbury County, South Dakota",61316,4936,46,077,9.3,1.0,46077
"Greenville County, South Carolina",62422,516126,45,045,11.2,4.0,45045
"Lake County, South Dakota",63165,12747,46,079,11.1,3.3,46079
"Lincoln County, South Dakota",84260,58887,46,083,5.0,2.7,46083
"Lyman County, South Dakota",54484,3831,46,085,23.0,6.2,46085
"McPherson County, South Dakota",51379,2316,46,089,10.6,1.7,46089
"Marshall County, South Dakota",68056,4881,46,091,5.7,2.6,46091
"Mellette County, South Dakota",33882,2065,46,095,47.7,10.1,46095
"Miner County, South Dakota",53135,2213,46,097,11.4,1.2,46097
"Moody County, South Dakota",61894,6508,46,101,11.2,2.5,46101
"Tallahatchie County, Mississippi",30433,14041,28,135,26.8,10.5,28135
"Tishomingo County, Mississippi",38302,19396,28,141,20.2,4.5,28141
"Walthall County, Mississippi",33566,14423,28,147,19.3,4.7,28147
"Wayne County, Mississippi",33612,20344,28,153,21.2,10.7,28153
"Winston County, Mississippi",38986,18116,28,159,24.0,8.3,28159
"Bernalillo County, New Mexico",54308,679037,35,001,15.9,5.6,35001
"Roosevelt County, New Mexico",42917,18723,35,041,24.1,8.6,35041
"San Miguel County, New Mexico",32310,27546,35,047,25.7,5.7,35047
"Sierra County, New Mexico",33873,10988,35,051,23.9,7.8,35051
"Torrance County, New Mexico",38240,15477,35,057,24.1,9.1,35057
"Adams County, North Dakota",48750,2271,38,001,13.1,0.4,38001
"Billings County, North Dakota",64896,886,38,007,10.9,4.1,38007
"Burke County, North Dakota",79405,2142,38,013,6.7,2.2,38013
"Cavalier County, North Dakota",54955,3769,38,019,12.6,1.7,38019
"Divide County, North Dakota",64650,2289,38,023,7.4,4.2,38023
"Emmons County, North Dakota",51012,3262,38,029,8.6,1.9,38029
"Grand Forks County, North Dakota",53721,70243,38,035,15.4,3.9,38035
"Hettinger County, North Dakota",59750,2510,38,041,8.6,4.8,38041
"Logan County, North Dakota",60592,1743,38,047,7.1,0.6,38047
"McKenzie County, North Dakota",75238,13836,38,053,10.2,3.3,38053
"Morton County, North Dakota",72778,31118,38,059,7.6,2.0,38059
"Nelson County, North Dakota",53063,2864,38,063,10.4,0.3,38063
"Pierce County, North Dakota",57398,4061,38,069,12.6,1.4,38069
"Renville County, North Dakota",69848,2387,38,075,4.0,1.8,38075
"Sargent County, North Dakota",64564,3899,38,081,4.3,1.4,38081
"Slope County, North Dakota",65833,788,38,087,4.9,2.1,38087
"Stutsman County, North Dakota",52815,20879,38,093,12.3,4.5,38093
"Walsh County, North Dakota",55428,10642,38,099,9.4,2.3,38099
"Wells County, North Dakota",56519,3889,38,103,8.6,3.4,38103
"Brown County, Kansas",50649,9575,20,013,14.9,4.6,20013
"Chase County, Kansas",48906,2604,20,017,6.9,3.2,20017
"Cheyenne County, Kansas",42802,2639,20,023,12.7,2.2,20023
"Cloud County, Kansas",48295,8831,20,029,11.2,3.2,20029
"Cowley County, Kansas",50786,35090,20,035,13.8,5.1,20035
"Decatur County, Kansas",44125,2826,20,039,15.9,3.9,20039
"Douglas County, Kansas",61020,121304,20,045,16.5,4.3,20045
"Ellis County, Kansas",57053,28747,20,051,14.2,3.4,20051
"Ford County, Kansas",53743,33718,20,057,11.8,4.7,20057
"Gove County, Kansas",53906,2650,20,063,8.6,2.9,20063
"Grant County, Kansas",60625,7324,20,067,12.7,6.1,20067
"Greenwood County, Kansas",43320,6010,20,073,12.3,2.3,20073
"Harvey County, Kansas",58782,34434,20,079,9.9,3.5,20079
"Jackson County, Kansas",59686,13249,20,085,10.5,4.2,20085
"Jewell County, Kansas",38188,2854,20,089,16.2,1.4,20089
"Kingman County, Kansas",57304,7173,20,095,6.5,3.9,20095
"Lane County, Kansas",41318,1523,20,101,12.4,2.5,20101
"Linn County, Kansas",48325,9687,20,107,15.3,4.9,20107
"Lyon County, Kansas",50141,33237,20,111,16.1,4.0,20111
"Marshall County, Kansas",52293,9713,20,117,8.3,2.6,20117
"Mitchell County, Kansas",47375,6053,20,123,13.6,2.8,20123
"Morton County, Kansas",41866,2656,20,129,15.4,1.4,20129
"Ness County, Kansas",57222,2838,20,135,11.3,1.3,20135
"Osage County, Kansas",58927,15855,20,139,12.9,4.1,20139
"Stafford County, Kansas",51857,4125,20,185,11.4,4.4,20185
"Sumner County, Kansas",53578,22928,20,191,12.2,5.1,20191
"Wabaunsee County, Kansas",65742,6877,20,197,5.7,2.0,20197
"Wichita County, Kansas",58299,2112,20,203,7.9,4.0,20203
"Woodson County, Kansas",42692,3117,20,207,13.2,8.4,20207
"Allen County, Kentucky",44180,21065,21,003,17.9,5.8,21003
"Sherman County, Kansas",57005,5904,20,181,7.4,5.4,20181
"Smith County, Kansas",42098,3594,20,183,9.9,2.7,20183
"Stanton County, Kansas",57741,2030,20,187,20.1,2.2,20187
"Stevens County, Kansas",59044,5498,20,189,17.1,6.8,20189
"Thomas County, Kansas",68313,7748,20,193,7.5,1.3,20193
"Trego County, Kansas",59420,2802,20,195,6.7,2.1,20195
"Wallace County, Kansas",49632,1583,20,199,12.5,0.4,20199
"Washington County, Kansas",52172,5474,20,201,9.3,1.7,20201
"Wilson County, Kansas",49682,8600,20,205,13.9,4.5,20205
"Wyandotte County, Kansas",48093,165447,20,209,18.5,6.3,20209
"Adair County, Kentucky",43026,19366,21,001,18.9,7.1,21001
"Anderson County, Kentucky",54413,22580,21,005,15.1,6.1,21005
"Ballard County, Kentucky",45517,7914,21,007,16.2,5.5,21007
"Bath County, Kentucky",44893,12421,21,011,23.8,3.5,21011
"Bell County, Kentucky",28442,26426,21,013,31.3,9.6,21013
"Bourbon County, Kentucky",47024,19998,21,017,14.1,5.6,21017
"Boyd County, Kentucky",51019,47361,21,019,16.4,7.9,21019
"Bracken County, Kentucky",60053,8308,21,023,20.0,4.8,21023
"Breckinridge County, Kentucky",47236,20283,21,027,18.4,7.8,21027
"Bullitt County, Kentucky",65531,80921,21,029,9.9,5.0,21029
"Caldwell County, Kentucky",48281,12679,21,033,17.9,6.2,21033
"Calloway County, Kentucky",41841,38991,21,035,20.3,4.3,21035
"Carlisle County, Kentucky",41222,4738,21,039,18.4,4.7,21039
"Carroll County, Kentucky",41014,10691,21,041,25.6,10.2,21041
"Casey County, Kentucky",33004,15968,21,045,26.4,8.4,21045
"Christian County, Kentucky",44279,71470,21,047,18.4,7.7,21047
"Clay County, Kentucky",27479,20110,21,051,34.9,9.5,21051
"Clinton County, Kentucky",33092,10175,21,053,22.2,6.8,21053
"Cumberland County, Kentucky",35030,6660,21,057,21.8,4.2,21057
"Daviess County, Kentucky",54881,101001,21,059,16.1,4.4,21059
"Elliott County, Kentucky",36950,7461,21,063,27.9,1.8,21063
"Fayette County, Kentucky",58954,322200,21,067,15.8,5.2,21067
"Fleming County, Kentucky",42087,14519,21,069,18.9,8.4,21069
"Franklin County, Kentucky",59056,50744,21,073,13.2,4.8,21073
"Fulton County, Kentucky",31587,6064,21,075,26.6,5.9,21075
"Garrard County, Kentucky",55369,17554,21,079,13.4,5.3,21079
"Grant County, Kentucky",56746,25107,21,081,14.2,4.8,21081
"Grayson County, Kentucky",38262,26313,21,085,25.2,3.5,21085
"Green County, Kentucky",33846,11000,21,087,22.4,5.4,21087
"Hancock County, Kentucky",56265,8748,21,091,15.3,5.0,21091
"Hardin County, Kentucky",57101,109627,21,093,11.6,6.7,21093
"Harrison County, Kentucky",50270,18763,21,097,17.2,3.9,21097
"Henderson County, Kentucky",50471,45550,21,101,18.2,3.9,21101
"Henry County, Kentucky",52550,15999,21,103,18.0,4.7,21103
"Hickman County, Kentucky",44063,4461,21,105,19.6,6.4,21105
"Hopkins County, Kentucky",47014,45044,21,107,19.7,6.4,21107
"Jackson County, Kentucky",31515,13368,21,109,31.0,6.3,21109
"Jefferson County, Kentucky",58196,768419,21,111,13.7,5.3,21111
"Jessamine County, Kentucky",64855,53476,21,113,12.8,4.9,21113
"Johnson County, Kentucky",38333,22427,21,115,21.4,8.9,21115
"Kenton County, Kentucky",66541,166552,21,117,11.5,3.9,21117
"Knott County, Kentucky",32531,15041,21,119,31.0,10.0,21119
"Knox County, Kentucky",30257,31288,21,121,33.5,6.3,21121
"Larue County, Kentucky",48495,14269,21,123,15.7,2.4,21123
"Laurel County, Kentucky",43745,60631,21,125,22.7,5.0,21125
"Lawrence County, Kentucky",32856,15604,21,127,25.7,5.8,21127
"Lee County, Kentucky",24699,7088,21,129,32.2,10.1,21129
"Leslie County, Kentucky",36038,10081,21,131,31.5,5.7,21131
"Letcher County, Kentucky",33181,21936,21,133,29.7,9.1,21133
"Oglala Lakota County, South Dakota",31423,14277,46,102,44.8,16.3,46102
"Perkins County, South Dakota",61815,2996,46,105,9.8,1.4,46105
"Potter County, South Dakota",57120,2311,46,107,8.2,1.0,46107
"Roberts County, South Dakota",50877,10310,46,109,20.0,5.9,46109
"Spink County, South Dakota",62125,6438,46,115,7.8,2.7,46115
"Stanley County, South Dakota",71602,3058,46,117,2.6,0.0,46117
"Todd County, South Dakota",24102,10308,46,121,58.9,10.7,46121
"Tripp County, South Dakota",54054,5448,46,123,19.6,5.2,46123
"Union County, South Dakota",74006,15659,46,127,8.3,2.3,46127
"Walworth County, South Dakota",51481,5431,46,129,12.2,4.9,46129
"Ziebach County, South Dakota",36615,2767,46,137,42.9,30.4,46137
"Anderson County, Tennessee",52338,76513,47,001,15.2,5.5,47001
"Benton County, Tennessee",39019,16133,47,005,17.0,7.2,47005
"Bledsoe County, Tennessee",49382,14961,47,007,20.5,7.5,47007
"Bradley County, Tennessee",51872,106924,47,011,15.6,5.4,47011
"Campbell County, Tennessee",41769,39818,47,013,19.8,10.2,47013
"Carroll County, Tennessee",42877,27841,47,017,16.8,4.0,47017
"Carter County, Tennessee",40820,56452,47,019,19.1,5.9,47019
"Chester County, Tennessee",53336,17260,47,023,13.3,7.3,47023
"Claiborne County, Tennessee",37954,31827,47,025,23.1,7.2,47025
"Cocke County, Tennessee",38530,35797,47,029,20.7,8.6,47029
"Coffee County, Tennessee",51030,56024,47,031,14.4,4.4,47031
"Cumberland County, Tennessee",49423,60016,47,035,12.5,6.2,47035
"Davidson County, Tennessee",62515,690540,47,037,14.2,4.7,47037
"DeKalb County, Tennessee",44389,20104,47,041,19.8,4.9,47041
"Dickson County, Tennessee",57804,53289,47,043,11.9,3.5,47043
"Dyer County, Tennessee",45042,37201,47,045,18.3,6.2,47045
"Fayette County, Tennessee",63618,40612,47,047,12.0,6.4,47047
"Fentress County, Tennessee",40203,18405,47,049,18.7,6.3,47049
"Franklin County, Tennessee",47777,41999,47,051,15.4,4.0,47051
"Gibson County, Tennessee",45557,49193,47,053,15.4,5.8,47053
"Giles County, Tennessee",49815,29403,47,055,13.2,5.4,47055
"Grainger County, Tennessee",44703,23268,47,057,16.8,5.2,47057
"Greene County, Tennessee",43150,69077,47,059,16.9,5.0,47059
"Grundy County, Tennessee",43116,13371,47,061,19.1,8.0,47061
"Hamblen County, Tennessee",43151,64479,47,063,17.0,7.7,47063
"Hamilton County, Tennessee",56606,364718,47,065,12.6,4.6,47065
"Hancock County, Tennessee",28234,6568,47,067,31.1,12.0,47067
"Hardeman County, Tennessee",39636,25247,47,069,18.2,13.1,47069
"Hardin County, Tennessee",42285,25665,47,071,17.4,4.6,47071
"Hawkins County, Tennessee",45318,56735,47,073,17.7,7.6,47073
"Haywood County, Tennessee",38994,17391,47,075,18.0,5.8,47075
"Henderson County, Tennessee",44534,27956,47,077,19.0,7.7,47077
"Henry County, Tennessee",41037,32251,47,079,20.7,4.7,47079
"Hickman County, Tennessee",47457,25017,47,081,14.7,3.3,47081
"Houston County, Tennessee",43521,8201,47,083,14.8,5.8,47083
"Humphreys County, Tennessee",48411,18528,47,085,15.5,9.1,47085
"Jefferson County, Tennessee",51899,54162,47,089,13.1,6.2,47089
"Johnson County, Tennessee",38090,17755,47,091,23.7,3.0,47091
"Lake County, Tennessee",34230,7273,47,095,31.0,12.4,47095
"Lauderdale County, Tennessee",41905,25689,47,097,19.5,7.0,47097
"Lewis County, Tennessee",36977,12131,47,101,20.3,4.5,47101
"Lincoln County, Tennessee",53923,34158,47,103,11.7,3.8,47103
"McMinn County, Tennessee",46872,53392,47,107,16.3,6.2,47107
"McNairy County, Tennessee",40327,25814,47,109,18.5,6.9,47109
"Madison County, Tennessee",48396,97838,47,113,19.7,6.7,47113
"Marion County, Tennessee",50059,28639,47,115,16.6,5.2,47115
"Maury County, Tennessee",60567,94615,47,119,9.0,3.8,47119
"Boone County, Kentucky",82838,132368,21,015,6.5,3.6,21015
"Boyle County, Kentucky",51562,30090,21,021,15.1,5.8,21021
"Breathitt County, Kentucky",29538,12802,21,025,33.4,9.1,21025
"Butler County, Kentucky",45955,12756,21,031,17.7,7.4,21031
"Campbell County, Kentucky",63152,93608,21,037,12.4,4.3,21037
"Carter County, Kentucky",39492,26976,21,043,24.9,5.1,21043
"Clark County, Kentucky",54871,36152,21,049,16.0,5.0,21049
"Crittenden County, Kentucky",46354,8940,21,055,15.3,2.9,21055
"Edmonson County, Kentucky",44229,12195,21,061,17.4,8.6,21061
"Estill County, Kentucky",32800,14187,21,065,26.9,10.1,21065
"Floyd County, Kentucky",35096,35931,21,071,28.9,9.3,21071
"Gallatin County, Kentucky",55113,8760,21,077,16.3,5.9,21077
"Graves County, Kentucky",45614,37125,21,083,20.3,5.2,21083
"Greenup County, Kentucky",52337,35359,21,089,16.7,5.5,21089
"Harlan County, Kentucky",28261,26307,21,095,34.2,12.5,21095
"Hart County, Kentucky",39834,18833,21,099,22.4,4.0,21099
"McLean County, Kentucky",54181,9202,21,149,13.0,5.7,21149
"Magoffin County, Kentucky",27807,12346,21,153,29.2,12.2,21153
"Martin County, Kentucky",42894,11421,21,159,18.2,6.3,21159
"Menifee County, Kentucky",46746,6463,21,165,20.7,4.6,21165
"Monroe County, Kentucky",35078,10616,21,171,24.7,3.5,21171
"Muhlenberg County, Kentucky",45937,30815,21,177,14.7,5.0,21177
"Ohio County, Kentucky",45773,24081,21,183,16.2,5.5,21183
"Owsley County, Kentucky",29406,4416,21,189,28.1,11.0,21189
"Perry County, Kentucky",39594,26266,21,193,20.2,9.3,21193
"Pulaski County, Kentucky",40658,64789,21,199,22.6,6.0,21199
"Rowan County, Kentucky",42754,24534,21,205,27.1,3.9,21205
"Shelby County, Kentucky",72564,48100,21,211,9.7,3.8,21211
"Taylor County, Kentucky",50266,25572,21,217,16.6,4.9,21217
"Trigg County, Kentucky",50980,14569,21,221,14.8,7.9,21221
"Warren County, Kentucky",54325,130836,21,227,17.4,4.8,21227
"Webster County, Kentucky",44540,13021,21,233,20.6,4.4,21233
"Woodford County, Kentucky",66442,26486,21,239,10.3,3.3,21239
"Cumberland County, Maine",76014,294520,23,005,8.3,3.2,23005
"Kennebec County, Maine",55368,122158,23,011,12.4,3.7,23011
"Oxford County, Maine",49761,57741,23,017,13.4,6.1,23017
"Sagadahoc County, Maine",68039,35720,23,023,10.5,3.9,23023
"Waldo County, Maine",58034,39723,23,027,12.5,4.8,23027
"Aitkin County, Minnesota",49086,15826,27,001,12.2,5.1,27001
"Freeborn County, Minnesota",54628,30465,27,047,9.8,3.9,27047
"Hennepin County, Minnesota",81169,1255296,27,053,10.2,4.0,27053
"Isanti County, Minnesota",76999,40004,27,059,7.5,4.5,27059
"Jackson County, Minnesota",62479,9873,27,063,7.5,2.7,27063
"Kittson County, Minnesota",55410,4272,27,069,11.9,4.1,27069
"Lake County, Minnesota",65201,10571,27,075,8.0,2.8,27075
"Lincoln County, Minnesota",53557,5641,27,081,11.2,2.9,27081
"Mahnomen County, Minnesota",45398,5508,27,087,21.0,9.0,27087
"Meeker County, Minnesota",63841,23149,27,093,6.8,2.4,27093
"Mower County, Minnesota",55378,39931,27,099,13.5,3.1,27099
"Barren County, Kentucky",41674,44026,21,009,25.2,6.7,21009
"Nobles County, Minnesota",56000,21667,27,105,12.1,2.4,27105
"Otter Tail County, Minnesota",59456,58416,27,111,8.7,3.9,27111
"Pipestone County, Minnesota",53688,9163,27,117,10.3,3.7,27117
"Ramsey County, Minnesota",67238,546598,27,123,13.4,4.6,27123
"Renville County, Minnesota",58542,14572,27,129,9.7,2.9,27129
"Roseau County, Minnesota",62304,15259,27,135,7.6,4.2,27135
"Sherburne County, Minnesota",88671,96015,27,141,5.3,2.4,27141
"Steele County, Minnesota",68172,36710,27,147,8.0,3.7,27147
"Todd County, Minnesota",54502,24603,27,153,13.5,4.2,27153
