"Notes","County","County Code",Deaths,Population,Crude Rate,Crude Rate Lower 95% Confidence Interval,Crude Rate Upper 95% Confidence Interval
,"Autauga County, AL","01001",50,408275,12.2,9.1,16.1
,"Baldwin County, AL","01003",427,1671387,25.5,23.1,28.0
,"Barbour County, AL","01005",33,172769,19.1,13.1,26.8
,"Bibb County, AL","01007",49,155538,31.5,23.3,41.6
,"Blount County, AL","01009",106,412077,25.7,20.8,30.6
,"Bullock County, AL","01011",26,70535,36.9,24.1,54.0
,"Butler County, AL","01013",23,132804,17.3,11.0,26.0
,"Calhoun County, AL","01015",262,805967,32.5,28.6,36.4
,"Chambers County, AL","01017",40,236255,16.9,12.1,23.1
,"Cherokee County, AL","01019",51,180624,28.2,21.0,37.1
,"Chilton County, AL","01021",79,317829,24.9,19.7,31.0
,"Clarke County, AL","01025",27,160587,16.8,11.1,24.5
,"Clay County, AL","01027",16,96360,16.6,9.5,27.0
,"Coffee County, AL","01031",48,378461,12.7,9.4,16.8
,"Colbert County, AL","01033",99,398067,24.9,20.2,30.3
,"Conecuh County, AL","01035",25,81012,30.9,20.0,45.6
,"Coosa County, AL","01037",10,73203,13.7,6.6,25.1
,"Covington County, AL","01039",54,261791,20.6,15.5,26.9
,"Cullman County, AL","01043",184,616506,29.8,25.5,34.2
,"Dale County, AL","01045",54,345911,15.6,11.7,20.4
,"Dallas County, AL","01047",48,257700,18.6,13.7,24.7
,"DeKalb County, AL","01049",147,504058,29.2,24.4,33.9
,"Elmore County, AL","01051",86,605604,14.2,11.4,17.5
,"Escambia County, AL","01053",129,256215,50.3,41.7,59.0
,"Etowah County, AL","01055",257,719838,35.7,31.3,40.1
,"Fayette County, AL","01057",38,113072,33.6,23.8,46.1
,"Franklin County, AL","01059",55,221853,24.8,18.7,32.3
,"Geneva County, AL","01061",39,186727,20.9,14.9,28.6
,"Henry County, AL","01067",13,122791,10.6,5.6,18.1
,"Houston County, AL","01069",122,750549,16.3,13.4,19.1
,"Jackson County, AL","01071",54,367855,14.7,11.0,19.2
,"Jefferson County, AL","01073",2485,4634083,53.6,51.5,55.7
,"Lamar County, AL","01075",13,96011,13.5,7.2,23.2
,"Lauderdale County, AL","01077",133,662721,20.1,16.7,23.5
,"Lawrence County, AL","01079",30,232111,12.9,8.7,18.5
,"Lee County, AL","01081",152,1224367,12.4,10.4,14.4
,"Limestone County, AL","01083",71,749330,9.5,7.4,12.0
,"Macon County, AL","01087",14,128342,10.9,6.0,18.3
,"Madison County, AL","01089",702,2753612,25.5,23.6,27.4
,"Marengo County, AL","01091",15,131599,11.4,6.4,18.8
,"Marion County, AL","01093",20,206144,9.7,5.9,15.0
,"Marshall County, AL","01095",183,690436,26.5,22.7,30.3
,"Mobile County, AL","01097",723,2888146,25.0,23.2,26.9
,"Monroe County, AL","01099",31,139597,22.2,15.1,31.5
,"Montgomery County, AL","01101",227,1581557,14.4,12.5,16.2
,"Morgan County, AL","01103",215,857747,25.1,21.7,28.4
,"Pickens County, AL","01107",26,134355,19.4,12.6,28.4
,"Pike County, AL","01109",23,231684,9.9,6.3,14.9
,"Randolph County, AL","01111",26,158688,16.4,10.7,24.0
,"Russell County, AL","01113",127,408837,31.1,25.7,36.5
,"St. Clair County, AL","01115",249,648100,38.4,33.6,43.2
,"Shelby County, AL","01117",355,1580823,22.5,20.1,24.8
,"Talladega County, AL","01121",101,564526,17.9,14.4,21.4
,"Tallapoosa County, AL","01123",44,284373,15.5,11.2,20.8
,"Tuscaloosa County, AL","01125",301,1571396,19.2,17.0,21.3
,"Walker County, AL","01127",239,449520,53.2,46.4,59.9
,"Washington County, AL","01129",15,108989,13.8,7.7,22.7
,"Winston County, AL","01133",50,165684,30.2,22.4,39.8
,"Anchorage Borough, AK","02020",893,2017574,44.3,41.4,47.2
,"Bethel Census Area, AK","02050",37,128314,28.8,20.3,39.7
,"Dillingham Census Area, AK","02070",18,33493,53.7,31.9,84.9
,"Fairbanks North Star Borough, AK","02090",128,672211,19.0,15.7,22.3
,"Juneau Borough, AK","02110",78,222721,35.0,27.7,43.7
,"Kenai Peninsula Borough, AK","02122",121,419594,28.8,23.7,34.0
,"Ketchikan Gateway Borough, AK","02130",32,96476,33.2,22.7,46.8
,"Kodiak Island Borough, AK","02150",18,90061,20.0,11.8,31.6
,"Matanuska-Susitna Borough, AK","02170",238,783003,30.4,26.5,34.3
,"Nome Census Area, AK","02180",12,69220,17.3,9.0,30.3
,"North Slope Borough, AK","02185",19,72041,26.4,15.9,41.2
,"Northwest Arctic Borough, AK","02188",11,52414,21.0,10.5,37.6
,"Prince of Wales-Hyder Census Area, AK","02198",12,41593,28.9,14.9,50.4
,"Sitka Borough, AK","02220",13,58971,22.0,11.7,37.7
,"Valdez-Cordova Census Area, AK","02261",25,65424,38.2,24.7,56.4
,"Wade Hampton Census Area, AK","02270",17,57530,29.5,17.2,47.3
,"Yukon-Koyukuk Census Area, AK","02290",11,36316,30.3,15.1,54.2
,"Apache County, AZ","04001",167,476471,35.0,29.7,40.4
,"Cochise County, AZ","04003",280,882268,31.7,28.0,35.5
,"Coconino County, AZ","04005",277,1007556,27.5,24.3,30.7
,"Gila County, AZ","04007",155,377797,41.0,34.6,47.5
,"Graham County, AZ","04009",91,273716,33.2,26.8,40.8
,"Greenlee County, AZ","04011",14,65807,21.3,11.6,35.7
,"La Paz County, AZ","04012",67,130302,51.4,39.8,65.3
,"Maricopa County, AZ","04013",10942,31782398,34.4,33.8,35.1
,"Mohave County, AZ","04015",498,1527606,32.6,29.7,35.5
,"Navajo County, AZ","04017",293,768969,38.1,33.7,42.5
,"Pima County, AZ","04019",2890,7400465,39.1,37.6,40.5
,"Pinal County, AZ","04021",753,3302567,22.8,21.2,24.4
,"Santa Cruz County, AZ","04023",61,336125,18.1,13.9,23.3
,"Yavapai County, AZ","04025",570,1696856,33.6,30.8,36.3
,"Yuma County, AZ","04027",344,1492102,23.1,20.6,25.5
,"Arkansas County, AR","05001",14,118229,11.8,6.5,19.9
,"Ashley County, AR","05003",33,132316,24.9,17.2,35.0
,"Baxter County, AR","05005",44,296254,14.9,10.8,19.9
,"Benton County, AR","05007",271,2069657,13.1,11.5,14.7
,"Boone County, AR","05009",41,265817,15.4,11.1,20.9
,"Carroll County, AR","05015",51,199838,25.5,19.0,33.6
,"Chicot County, AR","05017",13,69182,18.8,10.0,32.1
,"Clark County, AR","05019",18,151249,11.9,7.1,18.8
,"Clay County, AR","05021",24,100701,23.8,15.3,35.5
,"Cleburne County, AR","05023",27,176209,15.3,10.1,22.3
,"Columbia County, AR","05027",21,159387,13.2,8.2,20.1
,"Conway County, AR","05029",25,147192,17.0,11.0,25.1
,"Craighead County, AR","05031",107,786215,13.6,11.0,16.2
,"Crawford County, AR","05033",76,435674,17.4,13.7,21.8
,"Crittenden County, AR","05035",73,332271,22.0,17.2,27.6
,"Cross County, AR","05037",25,115133,21.7,14.1,32.1
,"Desha County, AR","05041",14,76644,18.3,10.0,30.6
,"Drew County, AR","05043",16,122425,13.1,7.5,21.2
,"Faulkner County, AR","05045",121,892065,13.6,11.1,16.0
,"Franklin County, AR","05047",24,122920,19.5,12.5,29.1
,"Fulton County, AR","05049",11,86621,12.7,6.3,22.7
,"Garland County, AR","05051",210,698434,30.1,26.0,34.1
,"Grant County, AR","05053",18,128081,14.1,8.3,22.2
,"Greene County, AR","05055",46,322683,14.3,10.4,19.0
,"Hempstead County, AR","05057",19,142121,13.4,8.0,20.9
,"Hot Spring County, AR","05059",44,234181,18.8,13.7,25.2
,"Howard County, AR","05061",11,89827,12.2,6.1,21.9
,"Independence County, AR","05063",32,265593,12.0,8.2,17.0
,"Izard County, AR","05065",13,97254,13.4,7.1,22.9
,"Jackson County, AR","05067",20,117058,17.1,10.4,26.4
,"Jefferson County, AR","05069",90,457755,19.7,15.8,24.2
,"Johnson County, AR","05071",31,183980,16.8,11.4,23.9
,"Lawrence County, AR","05075",20,114370,17.5,10.7,27.0
,"Lee County, AR","05077",17,59643,28.5,16.6,45.6
,"Lincoln County, AR","05079",22,91070,24.2,15.1,36.6
,"Little River County, AR","05081",16,83961,19.1,10.9,30.9
,"Logan County, AR","05083",30,149938,20.0,13.5,28.6
,"Lonoke County, AR","05085",96,523167,18.3,14.9,22.4
,"Madison County, AR","05087",23,119787,19.2,12.2,28.8
,"Marion County, AR","05089",23,119545,19.2,12.2,28.9
,"Miller County, AR","05091",56,299600,18.7,14.1,24.3
,"Mississippi County, AR","05093",74,277271,26.7,21.0,33.5
,"Ouachita County, AR","05103",23,157987,14.6,9.2,21.8
,"Phillips County, AR","05107",22,113942,19.3,12.1,29.2
,"Pike County, AR","05109",15,72514,20.7,11.6,34.1
,"Poinsett County, AR","05111",41,160637,25.5,18.3,34.6
,"Polk County, AR","05113",12,137280,8.7,4.5,15.3
,"Pope County, AR","05115",64,449682,14.2,11.0,18.2
,"Pulaski County, AR","05119",751,2775755,27.1,25.1,29.0
,"Randolph County, AR","05121",16,129802,12.3,7.0,20.0
,"St. Francis County, AR","05123",27,164228,16.4,10.8,23.9
,"Saline County, AR","05125",198,881242,22.5,19.3,25.6
,"Scott County, AR","05127",10,70079,14.3,6.8,26.2
,"Sebastian County, AR","05131",182,899762,20.2,17.3,23.2
,"Sharp County, AR","05135",21,123762,17.0,10.5,25.9
,"Stone County, AR","05137",10,88149,11.3,5.4,20.9
,"Union County, AR","05139",64,266524,24.0,18.5,30.7
,"Van Buren County, AR","05141",15,113779,13.2,7.4,21.7
,"Washington County, AR","05143",160,1753208,9.1,7.7,10.5
,"White County, AR","05145",104,548714,19.0,15.3,22.6
,"Yell County, AR","05149",18,144519,12.5,7.4,19.7
,"Alameda County, CA","06001",2301,11549206,19.9,19.1,20.7
,"Alpine County, CA","06003",11,8014,137.3,68.5,245.6
,"Amador County, CA","06005",60,285726,21.0,16.0,27.0
,"Butte County, CA","06007",710,1494304,47.5,44.0,51.0
,"Calaveras County, CA","06009",83,323669,25.6,20.4,31.8
,"Colusa County, CA","06011",28,152674,18.3,12.2,26.5
,"Contra Costa County, CA","06013",1683,8102085,20.8,19.8,21.8
,"Del Norte County, CA","06015",114,192388,59.3,48.4,70.1
,"El Dorado County, CA","06017",289,1347351,21.4,19.0,23.9
,"Fresno County, CA","06019",1455,7064477,20.6,19.5,21.7
,"Glenn County, CA","06021",72,198300,36.3,28.4,45.7
,"Humboldt County, CA","06023",463,944593,49.0,44.6,53.5
,"Imperial County, CA","06025",246,1262654,19.5,17.0,21.9
,"Inyo County, CA","06027",57,128772,44.3,33.5,57.3
,"Kern County, CA","06029",2805,6368458,44.0,42.4,45.7
,"Kings County, CA","06031",203,1071017,19.0,16.3,21.6
,"Lake County, CA","06033",400,465846,85.9,77.5,94.3
,"Lassen County, CA","06035",93,211655,43.9,35.5,53.8
,"Los Angeles County, CA","06037",13552,69058877,19.6,19.3,20.0
,"Madera County, CA","06039",208,1120716,18.6,16.0,21.1
,"Marin County, CA","06041",388,1802855,21.5,19.4,23.7
,"Mariposa County, CA","06043",36,119968,30.0,21.0,41.5
,"Mendocino County, CA","06045",358,619787,57.8,51.8,63.7
,"Merced County, CA","06047",408,1996866,20.4,18.4,22.4
,"Modoc County, CA","06049",18,60544,29.7,17.6,47.0
,"Mono County, CA","06051",14,95510,14.7,8.0,24.6
,"Monterey County, CA","06053",687,3037718,22.6,20.9,24.3
,"Napa County, CA","06055",169,949576,17.8,15.1,20.5
,"Nevada County, CA","06057",239,709069,33.7,29.4,38.0
,"Orange County, CA","06059",4673,22153700,21.1,20.5,21.7
,"Placer County, CA","06061",519,2881883,18.0,16.5,19.6
,"Plumas County, CA","06063",40,133809,29.9,21.4,40.7
,"Riverside County, CA","06065",5043,17365164,29.0,28.2,29.8
,"Sacramento County, CA","06067",3355,11020788,30.4,29.4,31.5
,"San Benito County, CA","06069",88,459990,19.1,15.3,23.6
,"San Bernardino County, CA","06071",3586,15339129,23.4,22.6,24.1
,"San Diego County, CA","06073",5606,23145170,24.2,23.6,24.9
,"San Francisco County, CA","06075",3399,5891612,57.7,55.8,59.6
,"San Joaquin County, CA","06077",1329,5482487,24.2,22.9,25.5
,"San Luis Obispo County, CA","06079",577,1978024,29.2,26.8,31.6
,"San Mateo County, CA","06081",762,5230741,14.6,13.5,15.6
,"Santa Barbara County, CA","06083",757,3113861,24.3,22.6,26.0
,"Santa Clara County, CA","06085",2059,13332897,15.4,14.8,16.1
,"Santa Cruz County, CA","06087",603,1873508,32.2,29.6,34.8
,"Shasta County, CA","06089",469,1263703,37.1,33.8,40.5
,"Siskiyou County, CA","06093",102,303689,33.6,27.1,40.1
,"Solano County, CA","06095",798,3145970,25.4,23.6,27.1
,"Sonoma County, CA","06097",914,3419821,26.7,25.0,28.5
,"Stanislaus County, CA","06099",1092,3863232,28.3,26.6,29.9
,"Sutter County, CA","06101",182,684222,26.6,22.7,30.5
,"Tehama County, CA","06103",160,453584,35.3,29.8,40.7
,"Trinity County, CA","06105",28,100189,27.9,18.6,40.4
,"Tulare County, CA","06107",635,3318348,19.1,17.6,20.6
,"Tuolumne County, CA","06109",126,381970,33.0,27.2,38.7
,"Ventura County, CA","06111",1460,5875766,24.8,23.6,26.1
,"Yolo County, CA","06113",270,1545532,17.5,15.4,19.6
,"Yuba County, CA","06115",189,577791,32.7,28.0,37.4
,"Adams County, CO","08001",1107,3675225,30.1,28.3,31.9
,"Alamosa County, CO","08003",52,115579,45.0,33.6,59.0
,"Arapahoe County, CO","08005",1089,4598944,23.7,22.3,25.1
,"Archuleta County, CO","08007",18,98084,18.4,10.9,29.0
,"Boulder County, CO","08013",367,2293549,16.0,14.4,17.6
,"Broomfield County, CO","08014",76,518597,14.7,11.5,18.3
,"Chaffee County, CO","08015",33,142738,23.1,15.9,32.5
,"Clear Creek County, CO","08019",19,65915,28.8,17.4,45.0
,"Conejos County, CO","08021",18,54809,32.8,19.5,51.9
,"Costilla County, CO","08023",18,26178,68.8,40.8,108.7
,"Delta County, CO","08029",47,220406,21.3,15.7,28.4
,"Denver County, CO","08031",2004,5049552,39.7,37.9,41.4
,"Douglas County, CO","08035",288,2577559,11.2,9.9,12.5
,"Eagle County, CO","08037",37,384772,9.6,6.8,13.3
,"Elbert County, CO","08039",35,193439,18.1,12.6,25.2
,"El Paso County, CO","08041",2229,5137990,43.4,41.6,45.2
,"Fremont County, CO","08043",114,343420,33.2,27.1,39.3
,"Garfield County, CO","08045",74,430503,17.2,13.5,21.6
,"Grand County, CO","08049",27,110771,24.4,16.1,35.5
,"Gunnison County, CO","08051",16,121480,13.2,7.5,21.4
,"Huerfano County, CO","08055",20,48714,41.1,25.1,63.4
,"Jefferson County, CO","08059",1024,4057020,25.2,23.7,26.8
,"Lake County, CO","08065",19,53406,35.6,21.4,55.6
,"La Plata County, CO","08067",72,395182,18.2,14.3,22.9
,"Larimer County, CO","08069",444,2542501,17.5,15.8,19.1
,"Las Animas County, CO","08071",47,101255,46.4,34.1,61.7
,"Lincoln County, CO","08073",14,39267,35.7,19.5,59.8
,"Logan County, CO","08075",38,149595,25.4,18.0,34.9
,"Mesa County, CO","08077",258,1099932,23.5,20.6,26.3
,"Moffat County, CO","08081",34,92446,36.8,25.5,51.4
,"Montezuma County, CO","08083",62,184764,33.6,25.7,43.0
,"Montrose County, CO","08085",72,304235,23.7,18.5,29.8
,"Morgan County, CO","08087",41,204638,20.0,14.4,27.2
,"Otero County, CO","08089",53,127935,41.4,31.0,54.2
,"Park County, CO","08093",26,128448,20.2,13.2,29.7
,"Pitkin County, CO","08097",20,121118,16.5,10.1,25.5
,"Prowers County, CO","08099",22,84000,26.2,16.4,39.7
,"Pueblo County, CO","08101",471,1184230,39.8,36.2,43.4
,"Rio Blanco County, CO","08103",12,45223,26.5,13.7,46.4
,"Rio Grande County, CO","08105",38,78866,48.2,34.1,66.1
,"Routt County, CO","08107",27,177336,15.2,10.0,22.2
,"Saguache County, CO","08109",21,47057,44.6,27.6,68.2
,"San Miguel County, CO","08113",10,56239,17.8,8.5,32.7
,"Summit County, CO","08117",30,215502,13.9,9.4,19.9
,"Teller County, CO","08119",40,175262,22.8,16.3,31.1
,"Weld County, CO","08123",446,2392179,18.6,16.9,20.4
,"Yuma County, CO","08125",10,69836,14.3,6.9,26.3
,"Fairfield County, CT","09001",1628,Not Available,Not Available,Not Available,Not Available
,"Hartford County, CT","09003",2599,Not Available,Not Available,Not Available,Not Available
,"Litchfield County, CT","09005",475,Not Available,Not Available,Not Available,Not Available
,"Middlesex County, CT","09007",381,Not Available,Not Available,Not Available,Not Available
,"New Haven County, CT","09009",2830,Not Available,Not Available,Not Available,Not Available
,"New London County, CT","09011",832,Not Available,Not Available,Not Available,Not Available
,"Tolland County, CT","09013",266,Not Available,Not Available,Not Available,Not Available
,"Windham County, CT","09015",341,Not Available,Not Available,Not Available,Not Available
,"Kent County, DE","10001",582,1296553,44.9,41.2,48.5
,"New Castle County, DE","10003",1927,3993506,48.3,46.1,50.4
,"Sussex County, DE","10005",761,1743272,43.7,40.6,46.8
,"District of Columbia, DC","11001",2710,4844095,55.9,53.8,58.1
,"Alachua County, FL","12001",337,1951261,17.3,15.4,19.1
,"Baker County, FL","12003",63,201342,31.3,24.0,40.0
,"Bay County, FL","12005",429,1286103,33.4,30.2,36.5
,"Bradford County, FL","12007",44,196312,22.4,16.3,30.1
,"Brevard County, FL","12009",2016,4356997,46.3,44.3,48.3
,"Broward County, FL","12011",4020,13740155,29.3,28.4,30.2
,"Calhoun County, FL","12013",13,96623,13.5,7.2,23.0
,"Charlotte County, FL","12015",323,1384379,23.3,20.8,25.9
,"Citrus County, FL","12017",505,1108078,45.6,41.6,49.5
,"Clay County, FL","12019",468,1575243,29.7,27.0,32.4
,"Collier County, FL","12021",646,2760880,23.4,21.6,25.2
,"Columbia County, FL","12023",144,504176,28.6,23.9,33.2
,"DeSoto County, FL","12027",52,256453,20.3,15.1,26.6
,"Dixie County, FL","12029",46,119888,38.4,28.1,51.2
,"Duval County, FL","12031",3106,6977116,44.5,43.0,46.1
,"Escambia County, FL","12033",1146,2261685,50.7,47.7,53.6
,"Flagler County, FL","12035",229,861419,26.6,23.1,30.0
,"Franklin County, FL","12037",26,86705,30.0,19.6,43.9
,"Gadsden County, FL","12039",55,311932,17.6,13.3,23.0
,"Gilchrist County, FL","12041",33,132895,24.8,17.1,34.9
,"Glades County, FL","12043",28,92339,30.3,20.1,43.8
,"Gulf County, FL","12045",28,104583,26.8,17.8,38.7
,"Hamilton County, FL","12047",27,98274,27.5,18.1,40.0
,"Hardee County, FL","12049",36,183902,19.6,13.7,27.1
,"Hendry County, FL","12051",74,297506,24.9,19.5,31.2
,"Hernando County, FL","12053",552,1422068,38.8,35.6,42.1
,"Highlands County, FL","12055",212,744590,28.5,24.6,32.3
,"Hillsborough County, FL","12057",3061,10515298,29.1,28.1,30.1
,"Holmes County, FL","12059",33,137943,23.9,16.5,33.6
,"Indian River County, FL","12061",314,1152802,27.2,24.2,30.3
,"Jackson County, FL","12063",76,335311,22.7,17.9,28.4
,"Jefferson County, FL","12065",23,104045,22.1,14.0,33.2
,"Lafayette County, FL","12067",17,58522,29.0,16.9,46.5
,"Lake County, FL","12069",744,2773714,26.8,24.9,28.8
,"Lee County, FL","12071",1864,5621915,33.2,31.7,34.7
,"Leon County, FL","12073",295,2069131,14.3,12.6,15.9
,"Levy County, FL","12075",101,308215,32.8,26.4,39.2
,"Madison County, FL","12079",22,129098,17.0,10.7,25.8
,"Manatee County, FL","12081",935,2950602,31.7,29.7,33.7
,"Marion County, FL","12083",1257,2720263,46.2,43.7,48.8
,"Martin County, FL","12085",330,1134929,29.1,25.9,32.2
,"Miami-Dade County, FL","12086",2485,19047766,13.0,12.5,13.6
,"Monroe County, FL","12087",194,548555,35.4,30.4,40.3
,"Nassau County, FL","12089",217,663535,32.7,28.4,37.1
,"Okaloosa County, FL","12091",544,1499511,36.3,33.2,39.3
,"Okeechobee County, FL","12093",89,290476,30.6,24.6,37.7
,"Orange County, FL","12095",2426,10059027,24.1,23.2,25.1
,"Osceola County, FL","12097",719,2860725,25.1,23.3,27.0
,"Palm Beach County, FL","12099",3345,10622631,31.5,30.4,32.6
,"Pasco County, FL","12101",1904,4148960,45.9,43.8,48.0
,"Pinellas County, FL","12103",3215,6772898,47.5,45.8,49.1
,"Polk County, FL","12105",1430,5389470,26.5,25.2,27.9
,"Putnam County, FL","12107",197,525653,37.5,32.2,42.7
,"St. Johns County, FL","12109",354,2051993,17.3,15.5,19.0
,"St. Lucie County, FL","12111",632,2453150,25.8,23.8,27.8
,"Santa Rosa County, FL","12113",355,1355882,26.2,23.5,28.9
,"Sarasota County, FL","12115",910,3158885,28.8,26.9,30.7
,"Seminole County, FL","12117",823,3341570,24.6,22.9,26.3
,"Sumter County, FL","12119",207,987058,21.0,18.1,23.8
,"Suwannee County, FL","12121",77,317021,24.3,19.2,30.4
,"Taylor County, FL","12123",33,151315,21.8,15.0,30.6
,"Union County, FL","12125",36,108424,33.2,23.3,46.0
,"Volusia County, FL","12127",1971,3999052,49.3,47.1,51.5
,"Wakulla County, FL","12129",53,243951,21.7,16.3,28.4
,"Walton County, FL","12131",200,561487,35.6,30.7,40.6
,"Washington County, FL","12133",42,179240,23.4,16.9,31.7
,"Appling County, GA","13001",25,129260,19.3,12.5,28.6
,"Bacon County, GA","13005",22,77824,28.3,17.7,42.8
,"Baldwin County, GA","13009",38,309268,12.3,8.7,16.9
,"Banks County, GA","13011",38,135571,28.0,19.8,38.5
,"Barrow County, GA","13013",147,614680,23.9,20.0,27.8
,"Bartow County, GA","13015",261,779780,33.5,29.4,37.5
,"Ben Hill County, GA","13017",21,118401,17.7,11.0,27.1
,"Berrien County, GA","13019",35,131654,26.6,18.5,37.0
,"Bibb County, GA","13021",196,1085518,18.1,15.5,20.6
,"Bleckley County, GA","13023",14,88621,15.8,8.6,26.5
,"Brantley County, GA","13025",44,130688,33.7,24.5,45.2
,"Brooks County, GA","13027",18,111439,16.2,9.6,25.5
,"Bryan County, GA","13029",61,314498,19.4,14.8,24.9
,"Bulloch County, GA","13031",58,573025,10.1,7.7,13.1
,"Burke County, GA","13033",34,165062,20.6,14.3,28.8
,"Butts County, GA","13035",46,180999,25.4,18.6,33.9
,"Camden County, GA","13039",83,393625,21.1,16.8,26.1
,"Candler County, GA","13043",13,76850,16.9,9.0,28.9
,"Carroll County, GA","13045",278,863315,32.2,28.4,36.0
,"Catoosa County, GA","13047",127,478069,26.6,21.9,31.2
,"Charlton County, GA","13049",22,91292,24.1,15.1,36.5
,"Chatham County, GA","13051",495,2076515,23.8,21.7,25.9
,"Chattahoochee County, GA","13053",10,67218,14.9,7.1,27.4
,"Chattooga County, GA","13055",58,174818,33.2,25.2,42.9
,"Cherokee County, GA","13057",350,1914204,18.3,16.4,20.2
,"Clarke County, GA","13059",178,901970,19.7,16.8,22.6
,"Clayton County, GA","13063",317,2064184,15.4,13.7,17.0
,"Cobb County, GA","13067",1060,5382985,19.7,18.5,20.9
,"Coffee County, GA","13069",56,303310,18.5,13.9,24.0
,"Colquitt County, GA","13071",51,321452,15.9,11.8,20.9
,"Columbia County, GA","13073",226,1126074,20.1,17.5,22.7
,"Cook County, GA","13075",15,122050,12.3,6.9,20.3
,"Coweta County, GA","13077",161,1062185,15.2,12.8,17.5
,"Crawford County, GA","13079",19,85872,22.1,13.3,34.6
,"Crisp County, GA","13081",38,145693,26.1,18.5,35.8
,"Dade County, GA","13083",32,113039,28.3,19.4,40.0
,"Dawson County, GA","13085",49,202419,24.2,17.9,32.0
,"Decatur County, GA","13087",31,195934,15.8,10.8,22.5
,"DeKalb County, GA","13089",1015,5331701,19.0,17.9,20.2
,"Dodge County, GA","13091",42,140729,29.8,21.5,40.3
,"Dooly County, GA","13093",10,83894,11.9,5.7,21.9
,"Dougherty County, GA","13095",162,598549,27.1,22.9,31.2
,"Douglas County, GA","13097",189,1033839,18.3,15.7,20.9
,"Early County, GA","13099",14,72674,19.3,10.5,32.3
,"Effingham County, GA","13103",86,472722,18.2,14.6,22.5
,"Elbert County, GA","13105",29,137207,21.1,14.2,30.4
,"Emanuel County, GA","13107",22,159753,13.8,8.6,20.8
,"Fannin County, GA","13111",49,182036,26.9,19.9,35.6
,"Fayette County, GA","13113",102,834763,12.2,9.8,14.6
,"Floyd County, GA","13115",184,694746,26.5,22.7,30.3
,"Forsyth County, GA","13117",216,1812137,11.9,10.3,13.5
,"Franklin County, GA","13119",54,167779,32.2,24.2,42.0
,"Fulton County, GA","13121",1739,7500880,23.2,22.1,24.3
,"Gilmer County, GA","13123",50,224783,22.2,16.5,29.3
,"Glynn County, GA","13127",167,598609,27.9,23.7,32.1
,"Gordon County, GA","13129",70,412141,17.0,13.2,21.5
,"Grady County, GA","13131",10,178135,5.6,2.7,10.3
,"Greene County, GA","13133",18,136347,13.2,7.8,20.9
,"Gwinnett County, GA","13135",986,6733952,14.6,13.7,15.6
,"Habersham County, GA","13137",82,329434,24.9,19.8,30.9
,"Hall County, GA","13139",361,1472253,24.5,22.0,27.0
,"Haralson County, GA","13143",74,216059,34.2,26.9,43.0
,"Harris County, GA","13145",42,251276,16.7,12.0,22.6
,"Hart County, GA","13147",44,187636,23.4,17.0,31.5
,"Heard County, GA","13149",17,83218,20.4,11.9,32.7
,"Henry County, GA","13151",282,1711447,16.5,14.6,18.4
,"Houston County, GA","13153",219,1156773,18.9,16.4,21.4
,"Irwin County, GA","13155",12,65220,18.4,9.5,32.1
,"Jackson County, GA","13157",121,566260,21.4,17.6,25.2
,"Jasper County, GA","13159",14,107645,13.0,7.1,21.8
,"Jeff Davis County, GA","13161",25,105143,23.8,15.4,35.1
,"Jefferson County, GA","13163",12,107099,11.2,5.8,19.6
,"Johnson County, GA","13167",13,65880,19.7,10.5,33.7
,"Jones County, GA","13169",37,201026,18.4,13.0,25.4
,"Lamar County, GA","13171",25,136976,18.3,11.8,26.9
,"Laurens County, GA","13175",70,341818,20.5,16.0,25.9
,"Lee County, GA","13177",42,224988,18.7,13.5,25.2
,"Liberty County, GA","13179",92,457494,20.1,16.2,24.7
,"Long County, GA","13183",22,134261,16.4,10.3,24.8
,"Lowndes County, GA","13185",104,833804,12.5,10.1,14.9
,"Lumpkin County, GA","13187",67,241099,27.8,21.5,35.3
,"McDuffie County, GA","13189",46,150914,30.5,22.3,40.7
,"McIntosh County, GA","13191",27,88709,30.4,20.1,44.3
,"Madison County, GA","13195",73,217307,33.6,26.3,42.2
,"Marion County, GA","13197",13,55190,23.6,12.5,40.3
,"Meriwether County, GA","13199",29,147407,19.7,13.2,28.3
,"Miller County, GA","13201",12,40323,29.8,15.4,52.0
,"Mitchell County, GA","13205",12,149737,8.0,4.1,14.0
,"Monroe County, GA","13207",38,203341,18.7,13.2,25.7
,"Montgomery County, GA","13209",10,62012,16.1,7.7,29.7
,"Morgan County, GA","13211",15,142831,10.5,5.9,17.3
,"Murray County, GA","13213",63,282823,22.3,17.1,28.5
,"Muscogee County, GA","13215",254,1398311,18.2,15.9,20.4
,"Newton County, GA","13217",158,811701,19.5,16.4,22.5
,"Oconee County, GA","13219",33,296220,11.1,7.7,15.6
,"Oglethorpe County, GA","13221",30,108231,27.7,18.7,39.6
,"Paulding County, GA","13223",276,1229984,22.4,19.8,25.1
,"Peach County, GA","13225",51,197790,25.8,19.2,33.9
,"Pickens County, GA","13227",55,239097,23.0,17.3,29.9
,"Pierce County, GA","13229",35,139614,25.1,17.5,34.9
,"Pike County, GA","13231",26,137314,18.9,12.4,27.7
,"Polk County, GA","13233",95,303961,31.3,25.3,38.2
,"Putnam County, GA","13237",29,158529,18.3,12.3,26.3
,"Rabun County, GA","13241",35,120755,29.0,20.2,40.3
,"Richmond County, GA","13245",604,1430181,42.2,38.9,45.6
,"Rockdale County, GA","13247",138,655092,21.1,17.6,24.6
,"Screven County, GA","13251",20,98497,20.3,12.4,31.4
,"Seminole County, GA","13253",11,61155,18.0,9.0,32.2
,"Spalding County, GA","13255",94,477283,19.7,15.9,24.1
,"Stephens County, GA","13257",45,186425,24.1,17.6,32.3
,"Sumter County, GA","13261",31,204561,15.2,10.3,21.5
,"Talbot County, GA","13263",13,41572,31.3,16.7,53.5
,"Tattnall County, GA","13267",24,171729,14.0,9.0,20.8
,"Telfair County, GA","13271",14,94205,14.9,8.1,24.9
,"Thomas County, GA","13275",40,316377,12.6,9.0,17.2
,"Tift County, GA","13277",52,287820,18.1,13.5,23.7
,"Toombs County, GA","13279",45,188966,23.8,17.4,31.9
,"Towns County, GA","13281",14,88202,15.9,8.7,26.6
,"Troup County, GA","13285",88,492336,17.9,14.3,22.0
,"Twiggs County, GA","13289",13,55366,23.5,12.5,40.2
,"Union County, GA","13291",27,180504,15.0,9.9,21.8
,"Upson County, GA","13293",27,191489,14.1,9.3,20.5
,"Walker County, GA","13295",156,485541,32.1,27.1,37.2
,"Walton County, GA","13297",169,704383,24.0,20.4,27.6
,"Ware County, GA","13299",77,251352,30.6,24.2,38.3
,"Warren County, GA","13301",10,36386,27.5,13.2,50.5
,"Washington County, GA","13303",14,140087,10.0,5.5,16.8
,"Wayne County, GA","13305",62,214539,28.9,22.2,37.0
,"White County, GA","13311",64,207804,30.8,23.7,39.3
,"Whitfield County, GA","13313",131,727264,18.0,14.9,21.1
,"Wilcox County, GA","13315",11,61132,18.0,9.0,32.2
,"Wilkes County, GA","13317",13,67544,19.2,10.2,32.9
,"Wilkinson County, GA","13319",12,61706,19.4,10.0,34.0
,"Worth County, GA","13321",35,142031,24.6,17.2,34.3
,"Hawaii County, HI","15001",270,1432462,18.8,16.6,21.1
,"Honolulu County, HI","15003",1450,6903152,21.0,19.9,22.1
,"Kauai County, HI","15007",126,511232,24.6,20.3,28.9
,"Maui County, HI","15009",273,1158969,23.6,20.8,26.3
,"Ada County, ID","16001",676,3537262,19.1,17.7,20.6
,"Bannock County, ID","16005",175,622931,28.1,23.9,32.3
,"Benewah County, ID","16009",16,69153,23.1,13.2,37.6
,"Bingham County, ID","16011",72,340332,21.2,16.6,26.6
,"Blaine County, ID","16013",19,168982,11.2,6.8,17.6
,"Bonner County, ID","16017",41,344690,11.9,8.5,16.1
,"Bonneville County, ID","16019",198,880486,22.5,19.4,25.6
,"Boundary County, ID","16021",13,90352,14.4,7.7,24.6
,"Canyon County, ID","16027",283,1709147,16.6,14.6,18.5
,"Cassia County, ID","16031",31,174662,17.7,12.1,25.2
,"Clearwater County, ID","16035",14,62635,22.4,12.2,37.5
,"Elmore County, ID","16039",37,199901,18.5,13.0,25.5
,"Fremont County, ID","16043",15,95650,15.7,8.8,25.9
,"Gem County, ID","16045",25,137587,18.2,11.8,26.8
,"Gooding County, ID","16047",16,109730,14.6,8.3,23.7
,"Idaho County, ID","16049",25,120438,20.8,13.4,30.6
,"Jefferson County, ID","16051",21,224573,9.4,5.8,14.3
,"Jerome County, ID","16053",21,174513,12.0,7.4,18.4
,"Kootenai County, ID","16055",230,1234530,18.6,16.2,21.0
,"Latah County, ID","16057",33,285844,11.5,7.9,16.2
,"Madison County, ID","16065",17,338482,5.0,2.9,8.0
,"Minidoka County, ID","16067",23,152400,15.1,9.6,22.6
,"Nez Perce County, ID","16069",86,292863,29.4,23.5,36.3
,"Owyhee County, ID","16073",12,86068,13.9,7.2,24.4
,"Payette County, ID","16075",44,180520,24.4,17.7,32.7
,"Shoshone County, ID","16079",34,94313,36.1,25.0,50.4
,"Teton County, ID","16081",12,86575,13.9,7.2,24.2
,"Twin Falls County, ID","16083",144,638974,22.5,18.9,26.2
,"Valley County, ID","16085",11,84351,13.0,6.5,23.3
,"Adams County, IL","17001",78,454138,17.2,13.6,21.4
,"Bond County, IL","17005",26,115506,22.5,14.7,33.0
,"Boone County, IL","17007",61,372726,16.4,12.5,21.0
,"Bureau County, IL","17011",33,228850,14.4,9.9,20.3
,"Cass County, IL","17017",11,87071,12.6,6.3,22.6
,"Champaign County, IL","17019",327,1459367,22.4,20.0,24.8
,"Christian County, IL","17021",33,230613,14.3,9.9,20.1
,"Clark County, IL","17023",19,106998,17.8,10.7,27.7
,"Clay County, IL","17025",16,91526,17.5,10.0,28.4
,"Clinton County, IL","17027",28,260173,10.8,7.2,15.6
,"Coles County, IL","17029",54,337471,16.0,12.0,20.9
,"Cook County, IL","17031",12090,35991137,33.6,33.0,34.2
,"Crawford County, IL","17033",17,129869,13.1,7.6,21.0
,"DeKalb County, IL","17037",126,715800,17.6,14.5,20.7
,"De Witt County, IL","17039",16,108110,14.8,8.5,24.0
,"Douglas County, IL","17041",17,137384,12.4,7.2,19.8
,"DuPage County, IL","17043",971,6473132,15.0,14.1,15.9
,"Edgar County, IL","17045",22,117064,18.8,11.8,28.5
,"Effingham County, IL","17049",28,239969,11.7,7.8,16.9
,"Fayette County, IL","17051",23,149026,15.4,9.8,23.2
,"Ford County, IL","17053",15,92635,16.2,9.1,26.7
,"Franklin County, IL","17055",61,264085,23.1,17.7,29.7
,"Fulton County, IL","17057",31,234143,13.2,9.0,18.8
,"Greene County, IL","17061",23,85169,27.0,17.1,40.5
,"Grundy County, IL","17063",102,366462,27.8,22.4,33.2
,"Henry County, IL","17073",50,340365,14.7,10.9,19.4
,"Iroquois County, IL","17075",50,186932,26.7,19.9,35.3
,"Jackson County, IL","17077",81,381366,21.2,16.9,26.4
,"Jefferson County, IL","17081",70,258443,27.1,21.1,34.2
,"Jersey County, IL","17083",36,150056,24.0,16.8,33.2
,"Jo Daviess County, IL","17085",10,150821,6.6,3.2,12.2
,"Johnson County, IL","17087",10,90721,11.0,5.3,20.3
,"Kane County, IL","17089",589,3663378,16.1,14.8,17.4
,"Kankakee County, IL","17091",246,753505,32.6,28.6,36.7
,"Kendall County, IL","17093",121,942811,12.8,10.5,15.1
,"Knox County, IL","17095",65,343899,18.9,14.6,24.1
,"Lake County, IL","17097",860,4938713,17.4,16.2,18.6
,"LaSalle County, IL","17099",222,759412,29.2,25.4,33.1
,"Lawrence County, IL","17101",19,106590,17.8,10.7,27.8
,"Lee County, IL","17103",38,237061,16.0,11.3,22.0
,"Livingston County, IL","17105",77,248703,31.0,24.4,38.7
,"Logan County, IL","17107",39,196617,19.8,14.1,27.1
,"McDonough County, IL","17109",13,196122,6.6,3.5,11.3
,"McHenry County, IL","17111",380,2173860,17.5,15.7,19.2
,"McLean County, IL","17113",194,1200141,16.2,13.9,18.4
,"Macon County, IL","17115",183,716979,25.5,21.8,29.2
,"Macoupin County, IL","17117",71,311370,22.8,17.8,28.8
,"Madison County, IL","17119",690,1844185,37.4,34.6,40.2
,"Marion County, IL","17121",85,259284,32.8,26.2,40.5
,"Marshall County, IL","17123",20,80857,24.7,15.1,38.2
,"Mason County, IL","17125",14,90792,15.4,8.4,25.9
,"Massac County, IL","17127",21,96632,21.7,13.5,33.2
,"Menard County, IL","17129",17,84754,20.1,11.7,32.1
,"Mercer County, IL","17131",16,108128,14.8,8.5,24.0
,"Monroe County, IL","17133",36,243602,14.8,10.4,20.5
,"Montgomery County, IL","17135",61,196442,31.1,23.8,39.9
,"Morgan County, IL","17137",45,230607,19.5,14.2,26.1
,"Moultrie County, IL","17139",12,101105,11.9,6.1,20.7
,"Ogle County, IL","17141",56,357282,15.7,11.8,20.4
,"Peoria County, IL","17143",365,1252410,29.1,26.2,32.1
,"Perry County, IL","17145",26,145102,17.9,11.7,26.3
,"Piatt County, IL","17147",15,115913,12.9,7.2,21.3
,"Randolph County, IL","17157",40,215167,18.6,13.3,25.3
,"Richland County, IL","17159",11,108864,10.1,5.0,18.1
,"Rock Island County, IL","17161",152,994666,15.3,12.9,17.7
,"St. Clair County, IL","17163",593,1788425,33.2,30.5,35.8
,"Saline County, IL","17165",49,162685,30.1,22.3,39.8
,"Sangamon County, IL","17167",430,1361006,31.6,28.6,34.6
,"Shelby County, IL","17173",24,147334,16.3,10.4,24.2
,"Stephenson County, IL","17177",64,306923,20.9,16.1,26.6
,"Tazewell County, IL","17179",200,914594,21.9,18.8,24.9
,"Union County, IL","17181",27,117235,23.0,15.2,33.5
,"Vermilion County, IL","17183",206,515609,40.0,34.5,45.4
,"Wabash County, IL","17185",10,78469,12.7,6.1,23.4
,"Warren County, IL","17187",15,115859,12.9,7.2,21.4
,"Washington County, IL","17189",18,96015,18.7,11.1,29.6
,"Wayne County, IL","17191",17,112102,15.2,8.8,24.3
,"White County, IL","17193",12,94760,12.7,6.5,22.1
,"Whiteside County, IL","17195",61,384575,15.9,12.1,20.4
,"Will County, IL","17197",999,4875099,20.5,19.2,21.8
,"Williamson County, IL","17199",92,467412,19.7,15.9,24.1
,"Winnebago County, IL","17201",949,1977967,48.0,44.9,51.0
,"Woodford County, IL","17203",20,267941,7.5,4.6,11.5
,"Adams County, IN","18001",37,252153,14.7,10.3,20.2
,"Allen County, IN","18003",779,2710734,28.7,26.7,30.8
,"Bartholomew County, IN","18005",196,585738,33.5,28.8,38.1
,"Blackford County, IN","18009",28,83189,33.7,22.4,48.6
,"Boone County, IN","18011",126,506298,24.9,20.5,29.2
,"Brown County, IN","18013",33,107863,30.6,21.1,43.0
,"Carroll County, IN","18015",27,142883,18.9,12.5,27.5
,"Cass County, IN","18017",64,263360,24.3,18.7,31.0
,"Clark County, IN","18019",418,854849,48.9,44.2,53.6
,"Clay County, IN","18021",31,184314,16.8,11.4,23.9
,"Clinton County, IN","18023",78,228388,34.2,27.0,42.6
,"Crawford County, IN","18025",30,73775,40.7,27.4,58.1
,"Daviess County, IN","18027",21,234571,9.0,5.5,13.7
,"Dearborn County, IN","18029",104,353454,29.4,23.8,35.1
,"Decatur County, IN","18031",51,185493,27.5,20.5,36.2
,"De Kalb County, IN","18033",53,305963,17.3,13.0,22.7
,"Delaware County, IN","18035",417,791535,52.7,47.6,57.7
,"Dubois County, IN","18037",24,302199,7.9,5.1,11.8
,"Elkhart County, IN","18039",226,1445718,15.6,13.6,17.7
,"Fayette County, IN","18041",117,162447,72.0,59.0,85.1
,"Floyd County, IN","18043",260,559147,46.5,40.8,52.2
,"Fountain County, IN","18045",33,115773,28.5,19.6,40.0
,"Franklin County, IN","18047",53,160357,33.1,24.8,43.2
,"Fulton County, IN","18049",33,141159,23.4,16.1,32.8
,"Gibson County, IN","18051",24,232795,10.3,6.6,15.3
,"Grant County, IN","18053",240,461873,52.0,45.4,58.5
,"Greene County, IN","18055",41,220338,18.6,13.4,25.2
,"Hamilton County, IN","18057",322,2485255,13.0,11.5,14.4
,"Hancock County, IN","18059",148,573907,25.8,21.6,29.9
,"Harrison County, IN","18061",111,281143,39.5,32.1,46.8
,"Hendricks County, IN","18063",246,1249476,19.7,17.2,22.1
,"Henry County, IN","18065",86,340136,25.3,20.2,31.2
,"Howard County, IN","18067",262,582816,45.0,39.5,50.4
,"Huntington County, IN","18069",63,256431,24.6,18.9,31.4
,"Jackson County, IN","18071",115,318811,36.1,29.5,42.7
,"Jasper County, IN","18073",53,233666,22.7,17.0,29.7
,"Jay County, IN","18075",60,142258,42.2,32.2,54.3
,"Jefferson County, IN","18077",67,228690,29.3,22.7,37.2
,"Jennings County, IN","18079",89,193062,46.1,37.0,56.7
,"Johnson County, IN","18081",338,1143512,29.6,26.4,32.7
,"Knox County, IN","18083",30,253698,11.8,8.0,16.9
,"Kosciusko County, IN","18085",114,559753,20.4,16.6,24.1
,"Lagrange County, IN","18087",22,282482,7.8,4.9,11.8
,"Lake County, IN","18089",1200,3459240,34.7,32.7,36.7
,"La Porte County, IN","18091",287,776677,37.0,32.7,41.2
,"Lawrence County, IN","18093",99,317102,31.2,25.4,38.0
,"Madison County, IN","18095",407,918143,44.3,40.0,48.6
,"Marion County, IN","18097",3794,6776091,56.0,54.2,57.8
,"Marshall County, IN","18099",78,323883,24.1,19.0,30.1
,"Martin County, IN","18101",10,69895,14.3,6.9,26.3
,"Miami County, IN","18103",70,249181,28.1,21.9,35.5
,"Monroe County, IN","18105",319,1003231,31.8,28.3,35.3
,"Montgomery County, IN","18107",78,268591,29.0,23.0,36.2
,"Morgan County, IN","18109",170,502806,33.8,28.7,38.9
,"Newton County, IN","18111",36,97624,36.9,25.8,51.1
,"Noble County, IN","18113",54,332943,16.2,12.2,21.2
,"Ohio County, IN","18115",10,41703,24.0,11.5,44.1
,"Orange County, IN","18117",29,137701,21.1,14.1,30.2
,"Owen County, IN","18119",38,148788,25.5,18.1,35.1
,"Parke County, IN","18121",16,116503,13.7,7.8,22.3
,"Perry County, IN","18123",14,134453,10.4,5.7,17.5
,"Pike County, IN","18125",10,85711,11.7,5.6,21.5
,"Porter County, IN","18127",299,1211192,24.7,21.9,27.5
,"Posey County, IN","18129",23,176528,13.0,8.3,19.6
,"Pulaski County, IN","18131",36,86840,41.5,29.0,57.4
,"Putnam County, IN","18133",51,262475,19.4,14.5,25.5
,"Randolph County, IN","18135",82,171084,47.9,38.1,59.5
,"Ripley County, IN","18137",46,201904,22.8,16.7,30.4
,"Rush County, IN","18139",21,116844,18.0,11.1,27.5
,"St. Joseph County, IN","18141",571,1905119,30.0,27.5,32.4
,"Scott County, IN","18143",104,169890,61.2,49.5,73.0
,"Shelby County, IN","18145",109,315108,34.6,28.1,41.1
,"Spencer County, IN","18147",18,140696,12.8,7.6,20.2
,"Starke County, IN","18149",83,162278,51.1,40.7,63.4
,"Steuben County, IN","18151",26,243147,10.7,7.0,15.7
,"Sullivan County, IN","18153",20,144890,13.8,8.4,21.3
,"Switzerland County, IN","18155",18,71995,25.0,14.8,39.5
,"Tippecanoe County, IN","18157",296,1341130,22.1,19.6,24.6
,"Tipton County, IN","18159",15,106816,14.0,7.9,23.2
,"Union County, IN","18161",21,49066,42.8,26.5,65.4
,"Vanderburgh County, IN","18163",387,1264800,30.6,27.5,33.6
,"Vermillion County, IN","18165",23,108031,21.3,13.5,31.9
,"Vigo County, IN","18167",179,745351,24.0,20.5,27.5
,"Wabash County, IN","18169",53,216151,24.5,18.4,32.1
,"Warren County, IN","18171",10,58627,17.1,8.2,31.4
,"Warrick County, IN","18173",73,450739,16.2,12.7,20.4
,"Washington County, IN","18175",62,197068,31.5,24.1,40.3
,"Wayne County, IN","18177",319,462864,68.9,61.4,76.5
,"Wells County, IN","18179",42,198529,21.2,15.2,28.6
,"White County, IN","18181",40,171399,23.3,16.7,31.8
,"Whitley County, IN","18183",40,241100,16.6,11.9,22.6
,"Appanoose County, IA","19007",17,85869,19.8,11.5,31.7
,"Benton County, IA","19011",12,179698,6.7,3.5,11.7
,"Black Hawk County, IA","19013",115,917883,12.5,10.2,14.8
,"Boone County, IA","19015",22,185508,11.9,7.4,18.0
,"Bremer County, IA","19017",11,176295,6.2,3.1,11.2
,"Buchanan County, IA","19019",17,146456,11.6,6.8,18.6
,"Buena Vista County, IA","19021",10,142020,7.0,3.4,12.9
,"Carroll County, IA","19027",12,142421,8.4,4.4,14.7
,"Cass County, IA","19029",14,90891,15.4,8.4,25.8
,"Cerro Gordo County, IA","19033",46,297214,15.5,11.3,20.6
,"Clay County, IA","19041",11,114026,9.6,4.8,17.3
,"Clinton County, IA","19045",72,324319,22.2,17.4,28.0
,"Dallas County, IA","19049",63,718843,8.8,6.7,11.2
,"Decatur County, IA","19053",12,54192,22.1,11.4,38.7
,"Delaware County, IA","19055",10,121304,8.2,4.0,15.2
,"Des Moines County, IA","19057",63,270261,23.3,17.9,29.8
,"Dubuque County, IA","19061",91,687279,13.2,10.7,16.3
,"Fayette County, IA","19065",19,135482,14.0,8.4,21.9
,"Hamilton County, IA","19079",15,103733,14.5,8.1,23.8
,"Harrison County, IA","19085",12,100734,11.9,6.2,20.8
,"Jackson County, IA","19097",12,135500,8.9,4.6,15.5
,"Jasper County, IA","19099",28,263208,10.6,7.1,15.4
,"Jefferson County, IA","19101",23,117589,19.6,12.4,29.3
,"Johnson County, IA","19103",99,1084916,9.1,7.4,11.1
,"Keokuk County, IA","19107",11,70143,15.7,7.8,28.1
,"Lee County, IA","19111",38,232188,16.4,11.6,22.5
,"Linn County, IA","19113",255,1599175,15.9,14.0,17.9
,"Madison County, IA","19121",14,117049,12.0,6.5,20.1
,"Mahaska County, IA","19123",24,154303,15.6,10.0,23.1
,"Marion County, IA","19125",23,234668,9.8,6.2,14.7
,"Marshall County, IA","19127",23,278983,8.2,5.2,12.4
,"Muscatine County, IA","19139",37,297402,12.4,8.8,17.1
,"Page County, IA","19145",18,105821,17.0,10.1,26.9
,"Plymouth County, IA","19149",13,178369,7.3,3.9,12.5
,"Polk County, IA","19153",868,3491019,24.9,23.2,26.5
,"Pottawattamie County, IA","19155",114,653252,17.5,14.2,20.7
,"Poweshiek County, IA","19157",13,129544,10.0,5.3,17.2
,"Scott County, IA","19163",206,1217407,16.9,14.6,19.2
,"Story County, IA","19169",55,693668,7.9,6.0,10.3
,"Union County, IA","19175",15,84523,17.7,9.9,29.3
,"Wapello County, IA","19179",46,246305,18.7,13.7,24.9
,"Warren County, IA","19181",53,374064,14.2,10.6,18.5
,"Washington County, IA","19183",10,156351,6.4,3.1,11.8
,"Webster County, IA","19187",47,255282,18.4,13.5,24.5
,"Woodbury County, IA","19193",99,733270,13.5,11.0,16.4
,"Allen County, KS","20001",13,87092,14.9,7.9,25.5
,"Atchison County, KS","20005",28,112893,24.8,16.5,35.8
,"Barton County, KS","20009",20,177578,11.3,6.9,17.4
,"Bourbon County, KS","20011",15,101270,14.8,8.3,24.4
,"Brown County, KS","20013",12,65855,18.2,9.4,31.8
,"Butler County, KS","20015",86,474587,18.1,14.5,22.4
,"Cherokee County, KS","20021",26,136040,19.1,12.5,28.0
,"Clay County, KS","20027",13,56120,23.2,12.3,39.6
,"Cowley County, KS","20035",37,242046,15.3,10.8,21.1
,"Crawford County, KS","20037",45,272423,16.5,12.0,22.1
,"Dickinson County, KS","20041",19,129404,14.7,8.8,22.9
,"Douglas County, KS","20045",133,848094,15.7,13.0,18.3
,"Ellis County, KS","20051",23,201482,11.4,7.2,17.1
,"Finney County, KS","20055",43,260572,16.5,11.9,22.2
,"Ford County, KS","20057",19,236660,8.0,4.8,12.5
,"Franklin County, KS","20059",41,181254,22.6,16.2,30.7
,"Geary County, KS","20061",48,238613,20.1,14.8,26.7
,"Harvey County, KS","20079",30,237694,12.6,8.5,18.0
,"Jackson County, KS","20085",18,93062,19.3,11.5,30.6
,"Jefferson County, KS","20087",16,130464,12.3,7.0,19.9
,"Johnson County, KS","20091",605,4294103,14.1,13.0,15.2
,"Labette County, KS","20099",24,138257,17.4,11.1,25.8
,"Leavenworth County, KS","20103",134,578620,23.2,19.2,27.1
,"Linn County, KS","20107",16,68351,23.4,13.4,38.0
,"Lyon County, KS","20111",30,228234,13.1,8.9,18.8
,"McPherson County, KS","20113",21,206110,10.2,6.3,15.6
,"Marion County, KS","20115",10,82426,12.1,5.8,22.3
,"Miami County, KS","20121",36,242768,14.8,10.4,20.5
,"Montgomery County, KS","20125",42,218630,19.2,13.8,26.0
,"Neosho County, KS","20133",19,110249,17.2,10.4,26.9
,"Osage County, KS","20139",19,110643,17.2,10.3,26.8
,"Pottawatomie County, KS","20149",16,178703,9.0,5.1,14.5
,"Pratt County, KS","20151",11,64136,17.2,8.6,30.7
,"Reno County, KS","20155",126,431977,29.2,24.1,34.3
,"Riley County, KS","20161",49,508412,9.6,7.1,12.7
,"Saline County, KS","20169",68,376592,18.1,14.0,22.9
,"Sedgwick County, KS","20173",1210,3663459,33.0,31.2,34.9
,"Seward County, KS","20175",15,149694,10.0,5.6,16.5
,"Shawnee County, KS","20177",355,1241805,28.6,25.6,31.6
,"Sumner County, KS","20191",25,157938,15.8,10.2,23.4
,"Wilson County, KS","20205",11,59480,18.5,9.2,33.1
,"Wyandotte County, KS","20209",357,1163509,30.7,27.5,33.9
,"Adair County, KY","21001",35,134474,26.0,18.1,36.2
,"Allen County, KY","21003",42,149637,28.1,20.2,37.9
,"Anderson County, KY","21005",63,165998,38.0,29.2,48.6
,"Barren County, KY","21009",61,312740,19.5,14.9,25.1
,"Bath County, KY","21011",65,88897,73.1,56.4,93.2
,"Bell County, KY","21013",90,171877,52.4,42.1,64.4
,"Boone County, KY","21015",297,961646,30.9,27.4,34.4
,"Bourbon County, KY","21017",77,140662,54.7,43.2,68.4
,"Boyd County, KY","21019",294,332086,88.5,78.4,98.7
,"Boyle County, KY","21021",86,214560,40.1,32.1,49.5
,"Bracken County, KY","21023",26,58642,44.3,29.0,65.0
,"Breathitt County, KY","21025",70,90567,77.3,60.3,97.7
,"Breckinridge County, KY","21027",32,145341,22.0,15.1,31.1
,"Bullitt County, KY","21029",264,582346,45.3,39.9,50.8
,"Butler County, KY","21031",21,87869,23.9,14.8,36.5
,"Caldwell County, KY","21033",19,88505,21.5,12.9,33.5
,"Calloway County, KY","21035",51,269936,18.9,14.1,24.8
,"Campbell County, KY","21037",289,654816,44.1,39.0,49.2
,"Carroll County, KY","21041",47,75997,61.8,45.4,82.2
,"Carter County, KY","21043",126,185614,67.9,56.0,79.7
,"Casey County, KY","21045",31,111765,27.7,18.8,39.4
,"Christian County, KY","21047",138,502042,27.5,22.9,32.1
,"Clark County, KY","21049",179,257884,69.4,59.2,79.6
,"Clay County, KY","21051",87,138996,62.6,50.1,77.2
,"Clinton County, KY","21053",29,67253,43.1,28.9,61.9
,"Crittenden County, KY","21055",12,62452,19.2,9.9,33.6
,"Cumberland County, KY","21057",10,43668,22.9,11.0,42.1
,"Daviess County, KY","21059",153,718793,21.3,17.9,24.7
,"Edmonson County, KY","21061",16,86302,18.5,10.6,30.1
,"Elliott County, KY","21063",20,51579,38.8,23.7,59.9
,"Estill County, KY","21065",112,98487,113.7,92.7,134.8
,"Fayette County, KY","21067",1038,2263398,45.9,43.1,48.7
,"Fleming County, KY","21069",29,105161,27.6,18.5,39.6
,"Floyd County, KY","21071",182,245615,74.1,63.3,84.9
,"Franklin County, KY","21073",191,360299,53.0,45.5,60.5
,"Fulton County, KY","21075",11,43555,25.3,12.6,45.2
,"Gallatin County, KY","21077",48,61615,77.9,57.4,103.3
,"Garrard County, KY","21079",62,123765,50.1,38.4,64.2
,"Grant County, KY","21081",106,177664,59.7,48.3,71.0
,"Graves County, KY","21083",39,257710,15.1,10.8,20.7
,"Grayson County, KY","21085",38,186278,20.4,14.4,28.0
,"Green County, KY","21087",20,78661,25.4,15.5,39.3
,"Greenup County, KY","21089",146,246777,59.2,49.6,68.8
,"Hardin County, KY","21093",252,781191,32.3,28.3,36.2
,"Harlan County, KY","21095",102,180187,56.6,45.6,67.6
,"Harrison County, KY","21097",60,133577,44.9,34.3,57.8
,"Hart County, KY","21099",39,135661,28.7,20.4,39.3
,"Henderson County, KY","21101",65,312210,20.8,16.1,26.5
,"Henry County, KY","21103",51,111898,45.6,33.9,59.9
,"Hopkins County, KY","21107",44,314513,14.0,10.2,18.8
,"Jackson County, KY","21109",28,92530,30.3,20.1,43.7
,"Jefferson County, KY","21111",3206,5422024,59.1,57.1,61.2
,"Jessamine County, KY","21113",200,381484,52.4,45.2,59.7
,"Johnson County, KY","21115",54,155590,34.7,26.1,45.3
,"Kenton County, KY","21117",623,1186989,52.5,48.4,56.6
,"Knott County, KY","21119",93,99468,93.5,75.5,114.5
,"Knox County, KY","21121",68,212622,32.0,24.8,40.5
,"Larue County, KY","21123",30,103758,28.9,19.5,41.3
,"Laurel County, KY","21125",145,434815,33.3,27.9,38.8
,"Lawrence County, KY","21127",62,110521,56.1,43.0,71.9
,"Lee County, KY","21129",70,51022,137.2,107.0,173.3
,"Leslie County, KY","21131",32,69621,46.0,31.4,64.9
,"Letcher County, KY","21133",65,147373,44.1,34.0,56.2
,"Lewis County, KY","21135",54,91583,59.0,44.3,76.9
,"Lincoln County, KY","21137",89,171948,51.8,41.6,63.7
,"Livingston County, KY","21139",16,63106,25.4,14.5,41.2
,"Logan County, KY","21141",36,193905,18.6,13.0,25.7
,"Lyon County, KY","21143",12,60521,19.8,10.2,34.6
,"McCracken County, KY","21145",113,466330,24.2,19.8,28.7
,"McCreary County, KY","21147",28,119177,23.5,15.6,34.0
,"Madison County, KY","21151",438,665790,65.8,59.6,71.9
,"Magoffin County, KY","21153",56,81740,68.5,51.8,89.0
,"Marion County, KY","21155",58,137176,42.3,32.1,54.7
,"Marshall County, KY","21157",35,220457,15.9,11.1,22.1
,"Martin County, KY","21159",43,77408,55.5,40.2,74.8
,"Mason County, KY","21161",37,118913,31.1,21.9,42.9
,"Meade County, KY","21163",55,206608,26.6,20.1,34.7
,"Menifee County, KY","21165",25,44513,56.2,36.3,82.9
,"Mercer County, KY","21167",56,157960,35.5,26.8,46.0
,"Metcalfe County, KY","21169",14,71918,19.5,10.6,32.7
,"Monroe County, KY","21171",16,76974,20.8,11.9,33.8
,"Montgomery County, KY","21173",124,198430,62.5,51.5,73.5
,"Morgan County, KY","21175",34,96319,35.3,24.4,49.3
,"Muhlenberg County, KY","21177",40,214082,18.7,13.3,25.4
,"Nelson County, KY","21179",121,329460,36.7,30.2,43.3
,"Nicholas County, KY","21181",25,52688,47.4,30.7,70.0
,"Ohio County, KY","21183",17,166754,10.2,5.9,16.3
,"Oldham County, KY","21185",89,479092,18.6,14.9,22.9
,"Owen County, KY","21187",40,78130,51.2,36.6,69.7
,"Owsley County, KY","21189",27,29029,93.0,61.3,135.3
,"Pendleton County, KY","21191",61,102642,59.4,45.5,76.3
,"Perry County, KY","21193",136,186468,72.9,60.7,85.2
,"Pike County, KY","21195",242,398415,60.7,53.1,68.4
,"Powell County, KY","21197",74,89135,83.0,65.2,104.2
,"Pulaski County, KY","21199",165,459383,35.9,30.4,41.4
,"Rockcastle County, KY","21203",67,114968,58.3,45.2,74.0
,"Rowan County, KY","21205",110,172058,63.9,52.0,75.9
,"Russell County, KY","21207",43,126813,33.9,24.5,45.7
,"Scott County, KY","21209",149,410724,36.3,30.5,42.1
,"Shelby County, KY","21211",111,344139,32.3,26.3,38.3
,"Simpson County, KY","21213",34,135948,25.0,17.3,34.9
,"Spencer County, KY","21215",39,139204,28.0,19.9,38.3
,"Taylor County, KY","21217",86,182919,47.0,37.6,58.1
,"Todd County, KY","21219",31,86993,35.6,24.2,50.6
,"Trigg County, KY","21221",14,101522,13.8,7.5,23.1
,"Trimble County, KY","21223",19,59734,31.8,19.2,49.7
,"Union County, KY","21225",23,96118,23.9,15.2,35.9
,"Warren County, KY","21227",202,965890,20.9,18.0,23.8
,"Washington County, KY","21229",31,84995,36.5,24.8,51.8
,"Wayne County, KY","21231",40,139440,28.7,20.5,39.1
,"Webster County, KY","21233",16,90095,17.8,10.2,28.8
,"Whitley County, KY","21235",129,256827,50.2,41.6,58.9
,"Wolfe County, KY","21237",40,46993,85.1,60.8,115.9
,"Woodford County, KY","21239",73,189165,38.6,30.2,48.5
,"Acadia Parish, LA","22001",151,413278,36.5,30.7,42.4
,"Allen Parish, LA","22003",62,166292,37.3,28.6,47.8
,"Ascension Parish, LA","22005",388,903934,42.9,38.7,47.2
,"Assumption Parish, LA","22007",43,147315,29.2,21.1,39.3
,"Avoyelles Parish, LA","22009",122,275340,44.3,36.4,52.2
,"Beauregard Parish, LA","22011",49,259307,18.9,14.0,25.0
,"Bienville Parish, LA","22013",14,89727,15.6,8.5,26.2
,"Bossier Parish, LA","22015",134,900816,14.9,12.4,17.4
,"Caddo Parish, LA","22017",248,1634001,15.2,13.3,17.1
,"Calcasieu Parish, LA","22019",430,1428180,30.1,27.3,33.0
,"Caldwell Parish, LA","22021",18,67624,26.6,15.8,42.1
,"Cameron Parish, LA","22023",15,40372,37.2,20.8,61.3
,"Catahoula Parish, LA","22025",10,62393,16.0,7.7,29.5
,"Claiborne Parish, LA","22027",15,102111,14.7,8.2,24.2
,"Concordia Parish, LA","22029",16,129722,12.3,7.1,20.0
,"De Soto Parish, LA","22031",26,190709,13.6,8.9,20.0
,"East Baton Rouge Parish, LA","22033",1472,3126078,47.1,44.7,49.5
,"East Feliciana Parish, LA","22037",40,134136,29.8,21.3,40.6
,"Evangeline Parish, LA","22039",72,227814,31.6,24.7,39.8
,"Franklin Parish, LA","22041",15,137262,10.9,6.1,18.0
,"Grant Parish, LA","22043",39,155381,25.1,17.8,34.3
,"Iberia Parish, LA","22045",137,482263,28.4,23.7,33.2
,"Iberville Parish, LA","22047",86,216015,39.8,31.8,49.2
,"Jackson Parish, LA","22049",23,106478,21.6,13.7,32.4
,"Jefferson Parish, LA","22051",1624,3007492,54.0,51.4,56.6
,"Jefferson Davis Parish, LA","22053",98,221518,44.2,35.9,53.9
,"Lafayette Parish, LA","22055",592,1729752,34.2,31.5,37.0
,"Lafourche Parish, LA","22057",202,677097,29.8,25.7,33.9
,"LaSalle Parish, LA","22059",21,103895,20.2,12.5,30.9
,"Lincoln Parish, LA","22061",28,332976,8.4,5.6,12.2
,"Livingston Parish, LA","22063",624,1021379,61.1,56.3,65.9
,"Morehouse Parish, LA","22067",66,171712,38.4,29.7,48.9
,"Natchitoches Parish, LA","22069",63,260434,24.2,18.6,30.9
,"Orleans Parish, LA","22071",1979,2644183,74.8,71.5,78.1
,"Ouachita Parish, LA","22073",334,1092105,30.6,27.3,33.9
,"Plaquemines Parish, LA","22075",66,160214,41.2,31.9,52.4
,"Pointe Coupee Parish, LA","22077",57,145551,39.2,29.7,50.7
,"Rapides Parish, LA","22079",441,896779,49.2,44.6,53.8
,"Richland Parish, LA","22083",44,139314,31.6,22.9,42.4
,"Sabine Parish, LA","22085",25,159491,15.7,10.1,23.1
,"St. Bernard Parish, LA","22087",250,319595,78.2,68.5,87.9
,"St. Charles Parish, LA","22089",130,363266,35.8,29.6,41.9
,"St. Helena Parish, LA","22091",32,73840,43.3,29.6,61.2
,"St. James Parish, LA","22093",34,140326,24.2,16.8,33.9
,"St. John the Baptist Parish, LA","22095",94,289781,32.4,26.2,39.7
,"St. Landry Parish, LA","22097",199,572505,34.8,29.9,39.6
,"St. Martin Parish, LA","22099",107,365057,29.3,23.8,34.9
,"St. Mary Parish, LA","22101",138,337327,40.9,34.1,47.7
,"St. Tammany Parish, LA","22103",825,1877825,43.9,40.9,46.9
,"Tangipahoa Parish, LA","22105",498,955452,52.1,47.5,56.7
,"Terrebonne Parish, LA","22109",364,752315,48.4,43.4,53.4
,"Union Parish, LA","22111",24,149687,16.0,10.3,23.9
,"Vermilion Parish, LA","22113",112,407508,27.5,22.4,32.6
,"Vernon Parish, LA","22115",66,331526,19.9,15.4,25.3
,"Washington Parish, LA","22117",270,318662,84.7,74.6,94.8
,"Webster Parish, LA","22119",30,257330,11.7,7.9,16.6
,"West Baton Rouge Parish, LA","22121",75,192201,39.0,30.7,48.9
,"West Carroll Parish, LA","22123",20,70104,28.5,17.4,44.1
,"West Feliciana Parish, LA","22125",70,107894,64.9,50.6,82.0
,"Winn Parish, LA","22127",28,95191,29.4,19.5,42.5
,"Androscoggin County, ME","23001",359,777597,46.2,41.4,50.9
,"Aroostook County, ME","23003",211,469211,45.0,38.9,51.0
,"Cumberland County, ME","23005",715,2123392,33.7,31.2,36.1
,"Franklin County, ME","23007",63,211973,29.7,22.8,38.0
,"Hancock County, ME","23009",115,391251,29.4,24.0,34.8
,"Kennebec County, ME","23011",360,873086,41.2,37.0,45.5
,"Knox County, ME","23013",99,283700,34.9,28.4,42.5
,"Lincoln County, ME","23015",93,248792,37.4,30.2,45.8
,"Oxford County, ME","23017",149,411793,36.2,30.4,42.0
,"Penobscot County, ME","23019",558,1073520,52.0,47.7,56.3
,"Piscataquis County, ME","23021",59,120081,49.1,37.4,63.4
,"Sagadahoc County, ME","23023",47,257093,18.3,13.4,24.3
,"Somerset County, ME","23025",161,356041,45.2,38.2,52.2
,"Waldo County, ME","23027",99,280722,35.3,28.7,42.9
,"Washington County, ME","23029",138,219838,62.8,52.3,73.2
,"York County, ME","23031",505,1492988,33.8,30.9,36.8
,"Allegany County, MD","24001",257,480814,53.5,46.9,60.0
,"Anne Arundel County, MD","24003",1631,4118596,39.6,37.7,41.5
,"Baltimore County, MD","24005",2768,5874423,47.1,45.4,48.9
,"Calvert County, MD","24009",220,655742,33.5,29.1,38.0
,"Caroline County, MD","24011",105,234862,44.7,36.2,53.3
,"Carroll County, MD","24013",409,1208893,33.8,30.6,37.1
,"Cecil County, MD","24015",533,729924,73.0,66.8,79.2
,"Charles County, MD","24017",345,1174447,29.4,26.3,32.5
,"Dorchester County, MD","24019",117,227012,51.5,42.2,60.9
,"Frederick County, MD","24021",460,1939978,23.7,21.5,25.9
,"Garrett County, MD","24023",53,201126,26.4,19.7,34.5
,"Harford County, MD","24025",695,1823204,38.1,35.3,41.0
,"Howard County, MD","24027",339,2322695,14.6,13.0,16.1
,"Kent County, MD","24029",36,135447,26.6,18.6,36.8
,"Montgomery County, MD","24031",969,7403166,13.1,12.3,13.9
,"Prince George's County, MD","24033",1479,6544583,22.6,21.4,23.8
,"Queen Anne's County, MD","24035",119,360504,33.0,27.1,38.9
,"St. Mary's County, MD","24037",256,801956,31.9,28.0,35.8
,"Somerset County, MD","24039",91,176025,51.7,41.6,63.5
,"Talbot County, MD","24041",88,262746,33.5,26.9,41.3
,"Washington County, MD","24043",638,1076689,59.3,54.7,63.9
,"Wicomico County, MD","24045",277,730567,37.9,33.5,42.4
,"Worcester County, MD","24047",132,372008,35.5,29.4,41.5
,"Baltimore city, MD","24510",5488,4062055,135.1,131.5,138.7
,"Barnstable County, MA","25001",593,1568740,37.8,34.8,40.8
,"Berkshire County, MA","25003",422,887923,47.5,43.0,52.1
,"Bristol County, MA","25005",1921,4026670,47.7,45.6,49.8
,"Dukes County, MA","25007",43,135990,31.6,22.9,42.6
,"Essex County, MA","25009",1996,5618801,35.5,34.0,37.1
,"Franklin County, MA","25011",192,495026,38.8,33.3,44.3
,"Hampden County, MA","25013",1731,3248965,53.3,50.8,55.8
,"Hampshire County, MA","25015",302,1135647,26.6,23.6,29.6
,"Middlesex County, MA","25017",2595,11360547,22.8,22.0,23.7
,"Nantucket County, MA","25019",18,92128,19.5,11.6,30.9
,"Norfolk County, MA","25021",1230,5039835,24.4,23.0,25.8
,"Plymouth County, MA","25023",1293,3706542,34.9,33.0,36.8
,"Suffolk County, MA","25025",2212,5511936,40.1,38.5,41.8
,"Worcester County, MA","25027",2309,5963743,38.7,37.1,40.3
,"Alcona County, MI","26001",10,73037,13.7,6.6,25.2
,"Allegan County, MI","26005",104,840863,12.4,10.0,14.7
,"Alpena County, MI","26007",23,200550,11.5,7.3,17.2
,"Antrim County, MI","26009",30,167145,17.9,12.1,25.6
,"Arenac County, MI","26011",19,105173,18.1,10.9,28.2
,"Baraga County, MI","26013",11,57664,19.1,9.5,34.1
,"Barry County, MI","26015",56,439147,12.8,9.6,16.6
,"Bay County, MI","26017",223,720393,31.0,26.9,35.0
,"Benzie County, MI","26019",26,126852,20.5,13.4,30.0
,"Berrien County, MI","26021",262,1071532,24.5,21.5,27.4
,"Branch County, MI","26023",48,311481,15.4,11.4,20.4
,"Calhoun County, MI","26025",346,936485,36.9,33.1,40.8
,"Cass County, MI","26027",66,361102,18.3,14.1,23.3
,"Charlevoix County, MI","26029",38,183135,20.7,14.7,28.5
,"Cheboygan County, MI","26031",28,179758,15.6,10.4,22.5
,"Chippewa County, MI","26033",32,257450,12.4,8.5,17.5
,"Clare County, MI","26035",57,217616,26.2,19.8,33.9
,"Clinton County, MI","26037",66,557624,11.8,9.2,15.1
,"Crawford County, MI","26039",21,95743,21.9,13.6,33.5
,"Delta County, MI","26041",36,254297,14.2,9.9,19.6
,"Dickinson County, MI","26043",41,179372,22.9,16.4,31.0
,"Eaton County, MI","26045",154,766492,20.1,16.9,23.3
,"Emmet County, MI","26047",24,236525,10.1,6.5,15.1
,"Genesee County, MI","26049",1431,2827491,50.6,48.0,53.2
,"Gladwin County, MI","26051",38,179271,21.2,15.0,29.1
,"Gogebic County, MI","26053",19,100034,19.0,11.4,29.7
,"Grand Traverse County, MI","26055",107,664623,16.1,13.0,19.1
,"Gratiot County, MI","26057",41,286977,14.3,10.3,19.4
,"Hillsdale County, MI","26059",60,319497,18.8,14.3,24.2
,"Houghton County, MI","26061",19,257017,7.4,4.5,11.5
,"Huron County, MI","26063",34,217007,15.7,10.9,21.9
,"Ingham County, MI","26065",732,2018956,36.3,33.6,38.9
,"Ionia County, MI","26067",72,459978,15.7,12.2,19.7
,"Iosco County, MI","26069",52,176972,29.4,21.9,38.5
,"Iron County, MI","26071",14,79955,17.5,9.6,29.4
,"Isabella County, MI","26073",86,468388,18.4,14.7,22.7
,"Jackson County, MI","26075",338,1114026,30.3,27.1,33.6
,"Kalamazoo County, MI","26077",405,1845200,21.9,19.8,24.1
,"Kalkaska County, MI","26079",22,127134,17.3,10.8,26.2
,"Kent County, MI","26081",742,4620934,16.1,14.9,17.2
,"Lake County, MI","26085",15,85962,17.4,9.8,28.8
,"Lapeer County, MI","26087",134,618708,21.7,18.0,25.3
,"Leelanau County, MI","26089",14,156651,8.9,4.9,15.0
,"Lenawee County, MI","26091",170,687314,24.7,21.0,28.5
,"Livingston County, MI","26093",215,1360462,15.8,13.7,17.9
,"Macomb County, MI","26099",2047,6131785,33.4,31.9,34.8
,"Manistee County, MI","26101",61,175542,34.7,26.6,44.6
,"Marquette County, MI","26103",67,466791,14.4,11.1,18.2
,"Mason County, MI","26105",52,204452,25.4,19.0,33.4
,"Mecosta County, MI","26107",30,294702,10.2,6.9,14.5
,"Menominee County, MI","26109",15,160931,9.3,5.2,15.4
,"Midland County, MI","26111",77,584998,13.2,10.4,16.5
,"Missaukee County, MI","26113",12,106276,11.3,5.8,19.7
,"Monroe County, MI","26115",294,1073480,27.4,24.3,30.5
,"Montcalm County, MI","26117",87,463453,18.8,15.0,23.2
,"Montmorency County, MI","26119",14,66302,21.1,11.5,35.4
,"Muskegon County, MI","26121",431,1228105,35.1,31.8,38.4
,"Newaygo County, MI","26123",60,351014,17.1,13.0,22.0
,"Oakland County, MI","26125",1736,8877006,19.6,18.6,20.5
,"Oceana County, MI","26127",34,187694,18.1,12.5,25.3
,"Ogemaw County, MI","26129",37,146543,25.2,17.8,34.8
,"Osceola County, MI","26133",30,163460,18.4,12.4,26.2
,"Otsego County, MI","26137",29,176861,16.4,11.0,23.5
,"Ottawa County, MI","26139",226,2086596,10.8,9.4,12.2
,"Presque Isle County, MI","26141",11,90964,12.1,6.0,21.6
,"Roscommon County, MI","26143",54,167025,32.3,24.3,42.2
,"Saginaw County, MI","26145",398,1324624,30.0,27.1,33.0
,"St. Clair County, MI","26147",365,1118144,32.6,29.3,36.0
,"St. Joseph County, MI","26149",78,426536,18.3,14.5,22.8
,"Sanilac County, MI","26151",40,284923,14.0,10.0,19.1
,"Schoolcraft County, MI","26153",12,56811,21.1,10.9,36.9
,"Shiawassee County, MI","26155",98,475958,20.6,16.7,25.1
,"Tuscola County, MI","26157",62,368495,16.8,12.9,21.6
,"Van Buren County, MI","26159",135,529876,25.5,21.2,29.8
,"Washtenaw County, MI","26161",547,2580214,21.2,19.4,23.0
,"Wayne County, MI","26163",5809,12297950,47.2,46.0,48.5
,"Wexford County, MI","26165",62,237519,26.1,20.0,33.5
,"Aitkin County, MN","27001",30,112086,26.8,18.1,38.2
,"Anoka County, MN","27003",476,2555818,18.6,17.0,20.3
,"Becker County, MN","27005",49,244567,20.0,14.8,26.5
,"Beltrami County, MN","27007",159,328136,48.5,40.9,56.0
,"Benton County, MN","27009",54,288795,18.7,14.0,24.4
,"Blue Earth County, MN","27013",74,482938,15.3,12.0,19.2
,"Brown County, MN","27015",20,177845,11.2,6.9,17.4
,"Carlton County, MN","27017",63,254164,24.8,19.0,31.7
,"Carver County, MN","27019",75,757550,9.9,7.8,12.4
,"Cass County, MN","27021",85,214027,39.7,31.7,49.1
,"Chippewa County, MN","27023",11,84594,13.0,6.5,23.3
,"Chisago County, MN","27025",57,402392,14.2,10.7,18.4
,"Clay County, MN","27027",81,457476,17.7,14.1,22.0
,"Clearwater County, MN","27029",13,61144,21.3,11.3,36.4
,"Crow Wing County, MN","27035",72,467752,15.4,12.0,19.4
,"Dakota County, MN","27037",432,3072226,14.1,12.7,15.4
,"Dodge County, MN","27039",19,146989,12.9,7.8,20.2
,"Douglas County, MN","27041",36,273225,13.2,9.2,18.2
,"Fillmore County, MN","27045",13,148969,8.7,4.6,14.9
,"Freeborn County, MN","27047",37,213385,17.3,12.2,23.9
,"Goodhue County, MN","27049",67,331059,20.2,15.7,25.7
,"Hennepin County, MN","27053",2653,8853263,30.0,28.8,31.1
,"Houston County, MN","27055",14,130322,10.7,5.9,18.0
,"Hubbard County, MN","27057",25,152463,16.4,10.6,24.2
,"Isanti County, MN","27059",47,293493,16.0,11.8,21.3
,"Itasca County, MN","27061",64,316588,20.2,15.6,25.8
,"Kanabec County, MN","27065",24,114792,20.9,13.4,31.1
,"Kandiyohi County, MN","27067",25,305277,8.2,5.3,12.1
,"Koochiching County, MN","27071",13,83858,15.5,8.3,26.5
,"Lake County, MN","27075",15,75416,19.9,11.1,32.8
,"Le Sueur County, MN","27079",23,202829,11.3,7.2,17.0
,"Lyon County, MN","27083",20,177871,11.2,6.9,17.4
,"McLeod County, MN","27085",34,254490,13.4,9.3,18.7
,"Mahnomen County, MN","27087",36,37837,95.1,66.6,131.7
,"Martin County, MN","27091",19,137735,13.8,8.3,21.5
,"Meeker County, MN","27093",21,163557,12.8,7.9,19.6
,"Mille Lacs County, MN","27095",83,187713,44.2,35.2,54.8
,"Morrison County, MN","27097",46,236750,19.4,14.2,25.9
,"Mower County, MN","27099",53,281479,18.8,14.1,24.6
,"Nicollet County, MN","27103",20,240484,8.3,5.1,12.8
,"Nobles County, MN","27105",12,152587,7.9,4.1,13.7
,"Olmsted County, MN","27109",204,1132532,18.0,15.5,20.5
,"Otter Tail County, MN","27111",46,418374,11.0,8.0,14.7
,"Pennington County, MN","27113",14,97162,14.4,7.9,24.2
,"Pine County, MN","27115",73,207685,35.1,27.6,44.2
,"Polk County, MN","27119",26,216106,12.0,7.9,17.6
,"Pope County, MN","27121",12,79352,15.1,7.8,26.4
,"Ramsey County, MN","27123",1210,3806194,31.8,30.0,33.6
,"Redwood County, MN","27127",13,106767,12.2,6.5,20.8
,"Renville County, MN","27129",16,101497,15.8,9.0,25.6
,"Rice County, MN","27131",62,472507,13.1,10.1,16.8
,"St. Louis County, MN","27137",443,1397384,31.7,28.7,34.7
,"Scott County, MN","27139",132,1067891,12.4,10.3,14.5
,"Sherburne County, MN","27141",89,697248,12.8,10.3,15.7
,"Stearns County, MN","27145",172,1126695,15.3,13.0,17.5
,"Steele County, MN","27147",24,259650,9.2,5.9,13.8
,"Todd County, MN","27153",22,176375,12.5,7.8,18.9
,"Wabasha County, MN","27157",21,151338,13.9,8.6,21.2
,"Wadena County, MN","27159",14,98424,14.2,7.8,23.9
,"Waseca County, MN","27161",17,131411,12.9,7.5,20.7
,"Washington County, MN","27163",274,1898181,14.4,12.7,16.1
,"Wilkin County, MN","27167",11,43941,25.0,12.5,44.8
,"Winona County, MN","27169",66,350596,18.8,14.6,24.0
,"Wright County, MN","27171",102,1013566,10.1,8.1,12.0
,"Adams County, MS","28001",37,206730,17.9,12.6,24.7
,"Alcorn County, MS","28003",42,247683,17.0,12.2,22.9
,"Amite County, MS","28005",11,86977,12.6,6.3,22.6
,"Attala County, MS","28007",18,124375,14.5,8.6,22.9
,"Benton County, MS","28009",15,55081,27.2,15.2,44.9
,"Bolivar County, MS","28011",27,209144,12.9,8.5,18.8
,"Calhoun County, MS","28013",16,94276,17.0,9.7,27.6
,"Chickasaw County, MS","28017",17,118688,14.3,8.3,22.9
,"Clarke County, MS","28023",18,107519,16.7,9.9,26.5
,"Coahoma County, MS","28027",31,147505,21.0,14.3,29.8
,"Copiah County, MS","28029",38,195455,19.4,13.8,26.7
,"Covington County, MS","28031",30,128458,23.4,15.8,33.3
,"DeSoto County, MS","28033",350,1324695,26.4,23.7,29.2
,"Forrest County, MS","28035",109,537570,20.3,16.5,24.1
,"Franklin County, MS","28037",13,53602,24.3,12.9,41.5
,"George County, MS","28039",32,174642,18.3,12.5,25.9
,"Grenada County, MS","28043",31,146872,21.1,14.3,30.0
,"Hancock County, MS","28045",135,327766,41.2,34.2,48.1
,"Harrison County, MS","28047",459,1468313,31.3,28.4,34.1
,"Hinds County, MS","28049",316,1564145,20.2,18.0,22.4
,"Holmes County, MS","28051",13,115312,11.3,6.0,19.3
,"Itawamba County, MS","28057",12,166200,7.2,3.7,12.6
,"Jackson County, MS","28059",447,1013049,44.1,40.0,48.2
,"Jefferson Davis County, MS","28065",25,77502,32.3,20.9,47.6
,"Jones County, MS","28067",78,469952,16.6,13.1,20.7
,"Lafayette County, MS","28071",44,396029,11.1,8.1,14.9
,"Lamar County, MS","28073",85,454042,18.7,15.0,23.1
,"Lauderdale County, MS","28075",49,507300,9.7,7.1,12.8
,"Lawrence County, MS","28077",20,84459,23.7,14.5,36.6
,"Leake County, MS","28079",12,153341,7.8,4.0,13.7
,"Lee County, MS","28081",110,587757,18.7,15.2,22.2
,"Leflore County, MS","28083",24,191618,12.5,8.0,18.6
,"Lincoln County, MS","28085",37,241612,15.3,10.8,21.1
,"Lowndes County, MS","28087",72,406080,17.7,13.9,22.3
,"Madison County, MS","28089",94,766457,12.3,9.9,15.0
,"Marion County, MS","28091",56,170389,32.9,24.8,42.7
,"Marshall County, MS","28093",37,242378,15.3,10.7,21.0
,"Monroe County, MS","28095",37,240491,15.4,10.8,21.2
,"Neshoba County, MS","28099",27,202667,13.3,8.8,19.4
,"Newton County, MS","28101",18,147494,12.2,7.2,19.3
,"Oktibbeha County, MS","28105",13,355412,3.7,1.9,6.3
,"Panola County, MS","28107",41,233163,17.6,12.6,23.9
,"Pearl River County, MS","28109",232,397570,58.4,50.8,65.9
,"Perry County, MS","28111",13,81426,16.0,8.5,27.3
,"Pike County, MS","28113",68,275839,24.7,19.1,31.3
,"Pontotoc County, MS","28115",46,222851,20.6,15.1,27.5
,"Prentiss County, MS","28117",35,175866,19.9,13.9,27.7
,"Rankin County, MS","28121",205,1103213,18.6,16.0,21.1
,"Scott County, MS","28123",14,194950,7.2,3.9,12.0
,"Simpson County, MS","28127",30,182694,16.4,11.1,23.4
,"Smith County, MS","28129",23,104130,22.1,14.0,33.1
,"Stone County, MS","28131",33,131051,25.2,17.3,35.4
,"Sunflower County, MS","28133",25,173295,14.4,9.3,21.3
,"Tallahatchie County, MS","28135",10,88662,11.3,5.4,20.7
,"Tate County, MS","28137",63,198961,31.7,24.3,40.5
,"Tippah County, MS","28139",10,151534,6.6,3.2,12.1
,"Tishomingo County, MS","28141",38,132541,28.7,20.3,39.4
,"Tunica County, MS","28143",13,66513,19.5,10.4,33.4
,"Union County, MS","28145",35,199012,17.6,12.2,24.5
,"Walthall County, MS","28147",23,98344,23.4,14.8,35.1
,"Warren County, MS","28149",48,307029,15.6,11.5,20.7
,"Washington County, MS","28151",35,301137,11.6,8.1,16.2
,"Wayne County, MS","28153",24,139640,17.2,11.0,25.6
,"Wilkinson County, MS","28157",16,58109,27.5,15.7,44.7
,"Winston County, MS","28159",14,123938,11.3,6.2,19.0
,"Yalobusha County, MS","28161",16,86105,18.6,10.6,30.2
,"Yazoo County, MS","28163",41,186061,22.0,15.8,29.9
,"Adair County, MO","29001",14,177213,7.9,4.3,13.3
,"Andrew County, MO","29003",19,125128,15.2,9.1,23.7
,"Audrain County, MO","29007",28,173810,16.1,10.7,23.3
,"Barry County, MO","29009",38,248014,15.3,10.8,21.0
,"Barton County, MO","29011",12,81944,14.6,7.6,25.6
,"Bates County, MO","29013",35,113652,30.8,21.5,42.8
,"Benton County, MO","29015",30,139646,21.5,14.5,30.7
,"Bollinger County, MO","29017",15,78641,19.1,10.7,31.5
,"Boone County, MO","29019",301,1298606,23.2,20.6,25.8
,"Buchanan County, MO","29021",197,595759,33.1,28.4,37.7
,"Butler County, MO","29023",109,295337,36.9,30.0,43.8
,"Callaway County, MO","29027",72,313776,22.9,18.0,28.9
,"Camden County, MO","29029",66,313917,21.0,16.3,26.7
,"Cape Girardeau County, MO","29031",92,568790,16.2,13.0,19.8
,"Cass County, MO","29037",143,763177,18.7,15.7,21.8
,"Cedar County, MO","29039",17,101628,16.7,9.7,26.8
,"Christian County, MO","29043",109,641313,17.0,13.8,20.2
,"Clay County, MO","29047",358,1785469,20.1,18.0,22.1
,"Clinton County, MO","29049",23,147294,15.6,9.9,23.4
,"Cole County, MO","29051",83,538809,15.4,12.3,19.1
,"Cooper County, MO","29053",13,120370,10.8,5.8,18.5
,"Crawford County, MO","29055",83,162609,51.0,40.7,63.3
,"Dallas County, MO","29059",19,121471,15.6,9.4,24.4
,"DeKalb County, MO","29063",11,78338,14.0,7.0,25.1
,"Dent County, MO","29065",47,104762,44.9,33.0,59.7
,"Douglas County, MO","29067",12,88127,13.6,7.0,23.8
,"Dunklin County, MO","29069",39,196589,19.8,14.1,27.1
,"Franklin County, MO","29071",308,736876,41.8,37.1,46.5
,"Gasconade County, MO","29073",40,102896,38.9,27.8,52.9
,"Greene County, MO","29077",727,2096717,34.7,32.2,37.2
,"Grundy County, MO","29079",12,68498,17.5,9.1,30.6
,"Henry County, MO","29083",34,155396,21.9,15.2,30.6
,"Hickory County, MO","29085",12,63360,18.9,9.8,33.1
,"Howard County, MO","29089",12,70726,17.0,8.8,29.6
,"Howell County, MO","29091",51,282558,18.0,13.4,23.7
,"Iron County, MO","29093",22,68082,32.3,20.3,48.9
,"Jackson County, MO","29095",1634,4988558,32.8,31.2,34.3
,"Jasper County, MO","29097",159,862377,18.4,15.6,21.3
,"Jefferson County, MO","29099",712,1596196,44.6,41.3,47.9
,"Johnson County, MO","29101",42,381293,11.0,7.9,14.9
,"Laclede County, MO","29105",77,253195,30.4,24.0,38.0
,"Lafayette County, MO","29107",42,230797,18.2,13.1,24.6
,"Lawrence County, MO","29109",48,269916,17.8,13.1,23.6
,"Lincoln County, MO","29113",158,432146,36.6,30.9,42.3
,"Livingston County, MO","29117",26,103158,25.2,16.5,36.9
,"McDonald County, MO","29119",19,163743,11.6,7.0,18.1
,"Madison County, MO","29123",25,87344,28.6,18.5,42.3
,"Maries County, MO","29125",15,60034,25.0,14.0,41.2
,"Marion County, MO","29127",51,199262,25.6,19.1,33.7
,"Miller County, MO","29131",30,178316,16.8,11.4,24.0
,"Mississippi County, MO","29133",14,87005,16.1,8.8,27.0
,"Montgomery County, MO","29139",22,80234,27.4,17.2,41.5
,"Morgan County, MO","29141",19,149234,12.7,7.7,19.9
,"New Madrid County, MO","29143",32,113431,28.2,19.3,39.8
,"Newton County, MO","29145",84,416546,20.2,16.1,25.0
,"Osage County, MO","29151",12,94588,12.7,6.6,22.2
,"Ozark County, MO","29153",11,63056,17.4,8.7,31.2
,"Pemiscot County, MO","29155",25,106774,23.4,15.2,34.6
,"Perry County, MO","29157",23,133310,17.3,10.9,25.9
,"Pettis County, MO","29159",37,301233,12.3,8.6,16.9
,"Phelps County, MO","29161",149,314925,47.3,39.7,54.9
,"Pike County, MO","29163",35,125679,27.8,19.4,38.7
,"Platte County, MO","29165",127,758185,16.8,13.8,19.7
,"Polk County, MO","29167",39,227426,17.1,12.2,23.4
,"Pulaski County, MO","29169",165,372863,44.3,37.5,51.0
,"Ralls County, MO","29173",12,72589,16.5,8.5,28.9
,"Randolph County, MO","29175",32,171488,18.7,12.8,26.3
,"Ray County, MO","29177",25,161312,15.5,10.0,22.9
,"Ripley County, MO","29181",10,82830,12.1,5.8,22.2
,"St. Charles County, MO","29183",712,2871577,24.8,23.0,26.6
,"St. Clair County, MO","29185",10,67033,14.9,7.2,27.4
,"Ste. Genevieve County, MO","29186",52,128126,40.6,30.3,53.2
,"St. Francois County, MO","29187",229,469463,48.8,42.5,55.1
,"St. Louis County, MO","29189",2489,6952759,35.8,34.4,37.2
,"Saline County, MO","29195",23,161184,14.3,9.0,21.4
,"Scott County, MO","29201",54,266552,20.3,15.2,26.4
,"Stoddard County, MO","29207",38,200923,18.9,13.4,26.0
,"Stone County, MO","29209",55,225138,24.4,18.4,31.8
,"Sullivan County, MO","29211",10,41664,24.0,11.5,44.1
,"Taney County, MO","29213",124,394611,31.4,25.9,37.0
,"Texas County, MO","29215",65,177738,36.6,28.2,46.6
,"Vernon County, MO","29217",31,140222,22.1,15.0,31.4
,"Warren County, MO","29219",96,257016,37.4,30.3,45.6
,"Washington County, MO","29221",77,168337,45.7,36.1,57.2
,"Wayne County, MO","29223",15,82101,18.3,10.2,30.1
,"Webster County, MO","29225",59,282143,20.9,15.9,27.0
,"Wright County, MO","29229",25,131666,19.0,12.3,28.0
,"St. Louis city, MO","29510",1884,2042396,92.2,88.1,96.4
,"Big Horn County, MT","30003",17,91075,18.7,10.9,29.9
,"Blaine County, MT","30005",13,47774,27.2,14.5,46.5
,"Carbon County, MT","30009",10,77303,12.9,6.2,23.8
,"Cascade County, MT","30013",86,583153,14.7,11.8,18.2
,"Custer County, MT","30017",16,82177,19.5,11.1,31.6
,"Deer Lodge County, MT","30023",14,65960,21.2,11.6,35.6
,"Fergus County, MT","30027",10,80181,12.5,6.0,22.9
,"Flathead County, MT","30029",114,760237,15.0,12.2,17.7
,"Gallatin County, MT","30031",83,844079,9.8,7.8,12.2
,"Glacier County, MT","30035",29,95672,30.3,20.3,43.5
,"Hill County, MT","30041",20,113777,17.6,10.7,27.1
,"Jefferson County, MT","30043",14,88326,15.9,8.7,26.6
,"Lake County, MT","30047",61,223321,27.3,20.9,35.1
,"Lewis and Clark County, MT","30049",72,504556,14.3,11.2,18.0
,"Lincoln County, MT","30053",12,146246,8.2,4.2,14.3
,"Missoula County, MT","30063",136,844990,16.1,13.4,18.8
,"Park County, MT","30067",28,121342,23.1,15.3,33.4
,"Powell County, MT","30077",11,48978,22.5,11.2,40.2
,"Ravalli County, MT","30081",32,321162,10.0,6.8,14.1
,"Richland County, MT","30083",11,77480,14.2,7.1,25.4
,"Roosevelt County, MT","30085",27,74936,36.0,23.7,52.4
,"Rosebud County, MT","30087",11,59402,18.5,9.2,33.1
,"Sanders County, MT","30089",15,90094,16.6,9.3,27.5
,"Silver Bow County, MT","30093",78,249061,31.3,24.8,39.1
,"Valley County, MT","30105",13,52150,24.9,13.3,42.6
,"Yellowstone County, MT","30111",261,1163851,22.4,19.7,25.1
,"Adams County, NE","31001",24,218287,11.0,7.0,16.4
,"Buffalo County, NE","31019",30,352166,8.5,5.7,12.2
,"Cass County, NE","31025",17,187716,9.1,5.3,14.5
,"Dawson County, NE","31047",10,167235,6.0,2.9,11.0
,"Dodge County, NE","31053",28,258749,10.8,7.2,15.6
,"Douglas County, NE","31055",587,4074572,14.4,13.2,15.6
,"Hall County, NE","31079",35,433130,8.1,5.6,11.2
,"Lancaster County, NE","31109",260,2265855,11.5,10.1,12.9
,"Lincoln County, NE","31111",35,238948,14.6,10.2,20.4
,"Madison County, NE","31119",19,247215,7.7,4.6,12.0
,"Otoe County, NE","31131",12,113016,10.6,5.5,18.5
,"Platte County, NE","31141",13,238842,5.4,2.9,9.3
,"Sarpy County, NE","31153",117,1355196,8.6,7.1,10.2
,"Scotts Bluff County, NE","31157",38,249687,15.2,10.8,20.9
,"Seward County, NE","31159",13,122523,10.6,5.6,18.1
,"York County, NE","31185",10,98291,10.2,4.9,18.7
,"Churchill County, NV","32001",41,178114,23.0,16.5,31.2
,"Clark County, NV","32003",4875,16165230,30.2,29.3,31.0
,"Douglas County, NV","32005",72,345067,20.9,16.3,26.3
,"Elko County, NV","32007",92,374861,24.5,19.8,30.1
,"Humboldt County, NV","32013",33,119751,27.6,19.0,38.7
,"Lander County, NV","32015",10,39739,25.2,12.1,46.3
,"Lyon County, NV","32019",118,420426,28.1,23.0,33.1
,"Nye County, NV","32023",167,359821,46.4,39.4,53.5
,"Pershing County, NV","32027",19,46067,41.2,24.8,64.4
,"Washoe County, NV","32031",1307,3409775,38.3,36.3,40.4
,"White Pine County, NV","32033",18,63547,28.3,16.8,44.8
,"Carson City, NV","32510",126,400671,31.4,26.0,36.9
,"Belknap County, NH","33001",157,443401,35.4,29.9,40.9
,"Carroll County, NH","33003",100,355583,28.1,22.6,33.6
,"Cheshire County, NH","33005",167,539266,31.0,26.3,35.7
,"Coos County, NH","33007",87,219585,39.6,31.7,48.9
,"Grafton County, NH","33009",120,639881,18.8,15.4,22.1
,"Hillsborough County, NH","33011",1077,2959496,36.4,34.2,38.6
,"Merrimack County, NH","33013",318,1081375,29.4,26.2,32.6
,"Rockingham County, NH","33015",528,2209745,23.9,21.9,25.9
,"Strafford County, NH","33017",353,924392,38.2,34.2,42.2
,"Sullivan County, NH","33019",95,305029,31.1,25.2,38.1
,"Atlantic County, NJ","34001",1164,1896975,61.4,57.8,64.9
,"Bergen County, NJ","34003",1107,6642481,16.7,15.7,17.6
,"Burlington County, NJ","34005",1059,3212383,33.0,31.0,35.0
,"Camden County, NJ","34007",2010,3630220,55.4,52.9,57.8
,"Cape May County, NJ","34009",340,655925,51.8,46.3,57.3
,"Cumberland County, NJ","34011",592,1060494,55.8,51.3,60.3
,"Essex County, NJ","34013",2413,5836281,41.3,39.7,43.0
,"Gloucester County, NJ","34015",939,2107573,44.6,41.7,47.4
,"Hudson County, NJ","34017",1229,4867604,25.2,23.8,26.7
,"Hunterdon County, NJ","34019",131,895474,14.6,12.1,17.1
,"Mercer County, NJ","34021",867,2644875,32.8,30.6,35.0
,"Middlesex County, NJ","34023",1451,5953450,24.4,23.1,25.6
,"Monmouth County, NJ","34025",1225,4438301,27.6,26.1,29.1
,"Morris County, NJ","34027",612,3536768,17.3,15.9,18.7
,"Ocean County, NJ","34029",1506,4453438,33.8,32.1,35.5
,"Passaic County, NJ","34031",1000,3577563,28.0,26.2,29.7
,"Salem County, NJ","34033",232,448818,51.7,45.0,58.3
,"Somerset County, NJ","34035",370,2388260,15.5,13.9,17.1
,"Sussex County, NJ","34037",284,1006492,28.2,24.9,31.5
,"Union County, NJ","34039",1061,3978617,26.7,25.1,28.3
,"Warren County, NJ","34041",216,761610,28.4,24.6,32.1
,"Bernalillo County, NM","35001",2487,4729722,52.6,50.5,54.6
,"Chaves County, NM","35005",159,449796,35.3,29.9,40.8
,"Cibola County, NM","35006",67,187375,35.8,27.7,45.4
,"Colfax County, NM","35007",36,85155,42.3,29.6,58.5
,"Curry County, NM","35009",105,337093,31.1,25.2,37.1
,"Dona Ana County, NM","35013",379,1556400,24.4,21.9,26.8
,"Eddy County, NM","35015",136,417800,32.6,27.1,38.0
,"Grant County, NM","35017",66,191939,34.4,26.6,43.7
,"Guadalupe County, NM","35019",10,30352,32.9,15.8,60.6
,"Hidalgo County, NM","35023",12,28552,42.0,21.7,73.4
,"Lea County, NM","35025",140,505219,27.7,23.1,32.3
,"Lincoln County, NM","35027",48,139968,34.3,25.3,45.5
,"Los Alamos County, NM","35028",24,135568,17.7,11.3,26.3
,"Luna County, NM","35029",42,174052,24.1,17.4,32.6
,"McKinley County, NM","35031",159,493833,32.2,27.2,37.2
,"Otero County, NM","35035",135,478144,28.2,23.5,33.0
,"Quay County, NM","35037",22,58818,37.4,23.4,56.6
,"Rio Arriba County, NM","35039",301,276506,108.9,96.6,121.2
,"Roosevelt County, NM","35041",30,131046,22.9,15.4,32.7
,"Sandoval County, NM","35043",257,1059394,24.3,21.3,27.2
,"San Juan County, NM","35045",271,855216,31.7,27.9,35.5
,"San Miguel County, NM","35047",122,189211,64.5,53.0,75.9
,"Santa Fe County, NM","35049",482,1076946,44.8,40.8,48.8
,"Sierra County, NM","35051",45,78441,57.4,41.8,76.8
,"Socorro County, NM","35053",77,114269,67.4,53.2,84.2
,"Taos County, NM","35055",113,236241,47.8,39.0,56.7
,"Torrance County, NM","35057",44,108918,40.4,29.4,54.2
,"Valencia County, NM","35061",217,545942,39.7,34.5,45.0
,"Albany County, NY","36001",618,2182454,28.3,26.1,30.5
,"Allegany County, NY","36003",58,324858,17.9,13.6,23.1
,"Bronx County, NY","36005",4806,9797575,49.1,47.7,50.4
,"Broome County, NY","36007",535,1358398,39.4,36.0,42.7
,"Cattaraugus County, NY","36009",160,532760,30.0,25.4,34.7
,"Cayuga County, NY","36011",130,529680,24.5,20.3,28.8
,"Chautauqua County, NY","36013",357,882704,40.4,36.2,44.6
,"Chemung County, NY","36015",224,577243,38.8,33.7,43.9
,"Chenango County, NY","36017",95,326164,29.1,23.6,35.6
,"Clinton County, NY","36019",102,555293,18.4,14.8,21.9
,"Columbia County, NY","36021",101,422744,23.9,19.2,28.6
,"Cortland County, NY","36023",77,326711,23.6,18.6,29.5
,"Delaware County, NY","36025",89,310319,28.7,23.0,35.3
,"Dutchess County, NY","36027",727,2072999,35.1,32.5,37.6
,"Erie County, NY","36029",2165,6553406,33.0,31.6,34.4
,"Essex County, NY","36031",52,258773,20.1,15.0,26.4
,"Franklin County, NY","36033",72,337697,21.3,16.7,26.9
,"Fulton County, NY","36035",103,369878,27.8,22.5,33.2
,"Genesee County, NY","36037",120,402306,29.8,24.5,35.2
,"Greene County, NY","36039",112,332381,33.7,27.5,39.9
,"Herkimer County, NY","36043",83,422925,19.6,15.6,24.3
,"Jefferson County, NY","36045",176,790543,22.3,19.0,25.6
,"Kings County, NY","36047",3863,18092091,21.4,20.7,22.0
,"Lewis County, NY","36049",31,185320,16.7,11.4,23.7
,"Livingston County, NY","36051",90,434352,20.7,16.7,25.5
,"Madison County, NY","36053",100,480962,20.8,16.7,24.9
,"Monroe County, NY","36055",2010,5233023,38.4,36.7,40.1
,"Montgomery County, NY","36057",82,346043,23.7,18.8,29.4
,"Nassau County, NY","36059",1599,9615387,16.6,15.8,17.4
,"New York County, NY","36061",3100,11300660,27.4,26.5,28.4
,"Niagara County, NY","36063",537,1469670,36.5,33.4,39.6
,"Oneida County, NY","36065",481,1600616,30.1,27.4,32.7
,"Onondaga County, NY","36067",1103,3260721,33.8,31.8,35.8
,"Ontario County, NY","36069",176,780453,22.6,19.2,25.9
,"Orange County, NY","36071",827,2781828,29.7,27.7,31.8
,"Orleans County, NY","36073",52,279261,18.6,13.9,24.4
,"Oswego County, NY","36075",239,823509,29.0,25.3,32.7
,"Otsego County, NY","36077",100,417352,24.0,19.3,28.7
,"Putnam County, NY","36079",138,688194,20.1,16.7,23.4
,"Queens County, NY","36081",2857,15936794,17.9,17.3,18.6
,"Rensselaer County, NY","36083",313,1116403,28.0,24.9,31.1
,"Richmond County, NY","36085",1011,3401175,29.7,27.9,31.6
,"Rockland County, NY","36087",359,2344909,15.3,13.7,16.9
,"St. Lawrence County, NY","36089",134,751894,17.8,14.8,20.8
,"Saratoga County, NY","36091",235,1645551,14.3,12.5,16.1
,"Schenectady County, NY","36093",321,1106352,29.0,25.8,32.2
,"Schoharie County, NY","36095",49,213410,23.0,17.0,30.4
,"Schuyler County, NY","36097",33,123434,26.7,18.4,37.5
,"Seneca County, NY","36099",44,233876,18.8,13.7,25.3
,"Steuben County, NY","36101",139,655556,21.2,17.7,24.7
,"Suffolk County, NY","36103",3179,10542855,30.2,29.1,31.2
,"Sullivan County, NY","36105",291,546566,53.2,47.1,59.4
,"Tioga County, NY","36107",57,335708,17.0,12.9,22.0
,"Tompkins County, NY","36109",168,725130,23.2,19.7,26.7
,"Ulster County, NY","36111",458,1264468,36.2,32.9,39.5
,"Warren County, NY","36113",81,453850,17.8,14.2,22.2
,"Washington County, NY","36115",88,424690,20.7,16.6,25.5
,"Wayne County, NY","36117",141,632955,22.3,18.6,26.0
,"Westchester County, NY","36119",1123,6886506,16.3,15.4,17.3
,"Wyoming County, NY","36121",51,278686,18.3,13.6,24.1
,"Yates County, NY","36123",28,172457,16.2,10.8,23.5
,"Alamance County, NC","37001",338,1219726,27.7,24.8,30.7
,"Alexander County, NC","37003",56,258613,21.7,16.4,28.1
,"Alleghany County, NC","37005",16,78447,20.4,11.7,33.1
,"Anson County, NC","37007",45,162011,27.8,20.3,37.2
,"Ashe County, NC","37009",39,189628,20.6,14.6,28.1
,"Avery County, NC","37011",37,123440,30.0,21.1,41.3
,"Beaufort County, NC","37013",121,318943,37.9,31.2,44.7
,"Bertie County, NC","37015",40,125291,31.9,22.8,43.5
,"Bladen County, NC","37017",109,217055,50.2,40.8,59.6
,"Brunswick County, NC","37019",328,1052958,31.2,27.8,34.5
,"Buncombe County, NC","37021",829,1884005,44.0,41.0,47.0
,"Burke County, NC","37023",294,623660,47.1,41.8,52.5
,"Cabarrus County, NC","37025",401,1601290,25.0,22.6,27.5
,"Caldwell County, NC","37027",228,568575,40.1,34.9,45.3
,"Camden County, NC","37029",13,76805,16.9,9.0,28.9
,"Carteret County, NC","37031",188,486350,38.7,33.1,44.2
,"Caswell County, NC","37033",47,158243,29.7,21.8,39.5
,"Catawba County, NC","37035",395,1135394,34.8,31.4,38.2
,"Chatham County, NC","37037",133,546608,24.3,20.2,28.5
,"Cherokee County, NC","37039",103,205079,50.2,40.5,59.9
,"Chowan County, NC","37041",40,97231,41.1,29.4,56.0
,"Clay County, NC","37043",22,80704,27.3,17.1,41.3
,"Cleveland County, NC","37045",199,699228,28.5,24.5,32.4
,"Columbus County, NC","37047",139,366069,38.0,31.7,44.3
,"Craven County, NC","37049",372,714390,52.1,46.8,57.4
,"Cumberland County, NC","37051",1019,2352730,43.3,40.7,46.0
,"Currituck County, NC","37053",56,208426,26.9,20.3,34.9
,"Dare County, NC","37055",99,263132,37.6,30.6,45.8
,"Davidson County, NC","37057",545,1199293,45.4,41.6,49.3
,"Davie County, NC","37059",102,306470,33.3,26.8,39.7
,"Duplin County, NC","37061",95,373955,25.4,20.6,31.1
,"Durham County, NC","37063",614,2304859,26.6,24.5,28.7
,"Edgecombe County, NC","37065",159,348922,45.6,38.5,52.7
,"Forsyth County, NC","37067",949,2710981,35.0,32.8,37.2
,"Franklin County, NC","37069",158,512118,30.9,26.0,35.7
,"Gaston County, NC","37071",569,1618266,35.2,32.3,38.1
,"Gates County, NC","37073",21,75990,27.6,17.1,42.2
,"Graham County, NC","37075",20,57653,34.7,21.2,53.6
,"Granville County, NC","37077",122,428669,28.5,23.4,33.5
,"Greene County, NC","37079",32,144838,22.1,15.1,31.2
,"Guilford County, NC","37081",1256,3808558,33.0,31.2,34.8
,"Halifax County, NC","37083",119,340473,35.0,28.7,41.2
,"Harnett County, NC","37085",334,969619,34.4,30.8,38.1
,"Haywood County, NC","37087",169,438362,38.6,32.7,44.4
,"Henderson County, NC","37089",217,827546,26.2,22.7,29.7
,"Hertford County, NC","37091",36,151219,23.8,16.7,33.0
,"Hoke County, NC","37093",112,382557,29.3,23.9,34.7
,"Hyde County, NC","37095",12,33284,36.1,18.6,63.0
,"Iredell County, NC","37097",271,1339947,20.2,17.8,22.6
,"Jackson County, NC","37099",120,307518,39.0,32.0,46.0
,"Johnston County, NC","37101",367,1581291,23.2,20.8,25.6
,"Jones County, NC","37103",21,65657,32.0,19.8,48.9
,"Lee County, NC","37105",187,450794,41.5,35.5,47.4
,"Lenoir County, NC","37107",114,387211,29.4,24.0,34.8
,"Lincoln County, NC","37109",193,634029,30.4,26.1,34.7
,"McDowell County, NC","37111",111,316677,35.1,28.5,41.6
,"Macon County, NC","37113",89,259895,34.2,27.5,42.1
,"Madison County, NC","37115",53,152951,34.7,26.0,45.3
,"Martin County, NC","37117",56,153521,36.5,27.6,47.4
,"Mecklenburg County, NC","37119",1867,7970856,23.4,22.4,24.5
,"Mitchell County, NC","37121",27,104931,25.7,17.0,37.4
,"Montgomery County, NC","37123",74,185823,39.8,31.3,50.0
,"Moore County, NC","37125",197,726523,27.1,23.3,30.9
,"Nash County, NC","37127",216,668679,32.3,28.0,36.6
,"New Hanover County, NC","37129",616,1649484,37.3,34.4,40.3
,"Northampton County, NC","37131",31,125450,24.7,16.8,35.1
,"Onslow County, NC","37133",428,1439652,29.7,26.9,32.5
,"Orange County, NC","37135",178,1046444,17.0,14.5,19.5
,"Pamlico County, NC","37137",61,87809,69.5,53.1,89.2
,"Pasquotank County, NC","37139",118,284456,41.5,34.0,49.0
,"Pender County, NC","37141",120,457043,26.3,21.6,31.0
,"Perquimans County, NC","37143",32,93729,34.1,23.4,48.2
,"Person County, NC","37145",88,277315,31.7,25.5,39.1
,"Pitt County, NC","37147",410,1245193,32.9,29.7,36.1
,"Polk County, NC","37149",36,142387,25.3,17.7,35.0
,"Randolph County, NC","37151",521,1018637,51.1,46.8,55.5
,"Richmond County, NC","37153",177,303864,58.2,49.7,66.8
,"Robeson County, NC","37155",557,861435,64.7,59.3,70.0
,"Rockingham County, NC","37157",336,642243,52.3,46.7,57.9
,"Rowan County, NC","37159",501,1028685,48.7,44.4,53.0
,"Rutherford County, NC","37161",200,461574,43.3,37.3,49.3
,"Sampson County, NC","37163",126,428654,29.4,24.3,34.5
,"Scotland County, NC","37165",95,240933,39.4,31.9,48.2
,"Stanly County, NC","37167",161,448723,35.9,30.3,41.4
,"Stokes County, NC","37169",154,317918,48.4,40.8,56.1
,"Surry County, NC","37171",196,500978,39.1,33.6,44.6
,"Swain County, NC","37173",63,98659,63.9,49.1,81.7
,"Transylvania County, NC","37175",48,237270,20.2,14.9,26.8
,"Union County, NC","37179",309,1732885,17.8,15.8,19.8
,"Vance County, NC","37181",129,302796,42.6,35.3,50.0
,"Wake County, NC","37183",1298,8084281,16.1,15.2,16.9
,"Warren County, NC","37185",35,134452,26.0,18.1,36.2
,"Washington County, NC","37187",20,78011,25.6,15.7,39.6
,"Watauga County, NC","37189",64,387631,16.5,12.7,21.1
,"Wayne County, NC","37191",232,843491,27.5,24.0,31.0
,"Wilkes County, NC","37193",160,468801,34.1,28.8,39.4
,"Wilson County, NC","37195",197,560981,35.1,30.2,40.0
,"Yadkin County, NC","37197",106,263259,40.3,32.6,47.9
,"Yancey County, NC","37199",37,129570,28.6,20.1,39.4
,"Barnes County, ND","38003",14,74447,18.8,10.3,31.6
,"Benson County, ND","38005",16,43636,36.7,21.0,59.5
,"Burleigh County, ND","38015",104,688443,15.1,12.2,18.0
,"Cass County, ND","38017",195,1323946,14.7,12.7,16.8
,"Grand Forks County, ND","38035",65,501299,13.0,10.0,16.5
,"McKenzie County, ND","38053",42,100659,41.7,30.1,56.4
,"Morton County, ND","38059",35,229372,15.3,10.6,21.2
,"Mountrail County, ND","38061",28,68988,40.6,27.0,58.7
,"Ramsey County, ND","38071",12,80448,14.9,7.7,26.1
,"Richland County, ND","38077",11,114928,9.6,4.8,17.1
,"Rolette County, ND","38079",27,90043,30.0,19.8,43.6
,"Sioux County, ND","38085",19,27566,68.9,41.5,107.6
,"Stark County, ND","38089",47,227210,20.7,15.2,27.5
,"Stutsman County, ND","38093",20,148120,13.5,8.2,20.9
,"Ward County, ND","38101",97,478551,20.3,16.4,24.7
,"Williams County, ND","38105",44,268108,16.4,11.9,22.0
,"Adams County, OH","39001",118,193107,61.1,50.1,72.1
,"Allen County, OH","39003",215,711483,30.2,26.2,34.3
,"Ashland County, OH","39005",81,369698,21.9,17.4,27.2
,"Ashtabula County, OH","39007",261,679349,38.4,33.8,43.1
,"Athens County, OH","39009",146,443585,32.9,27.6,38.3
,"Auglaize County, OH","39011",33,321201,10.3,7.1,14.4
,"Belmont County, OH","39013",173,461411,37.5,31.9,43.1
,"Brown County, OH","39015",164,305859,53.6,45.4,61.8
,"Butler County, OH","39017",1257,2722399,46.2,43.6,48.7
,"Carroll County, OH","39019",43,187460,22.9,16.6,30.9
,"Champaign County, OH","39021",81,271759,29.8,23.7,37.0
,"Clark County, OH","39023",450,942320,47.8,43.3,52.2
,"Clermont County, OH","39025",538,1465885,36.7,33.6,39.8
,"Clinton County, OH","39027",145,293871,49.3,41.3,57.4
,"Columbiana County, OH","39029",290,707492,41.0,36.3,45.7
,"Coshocton County, OH","39031",73,256739,28.4,22.3,35.8
,"Crawford County, OH","39033",95,290813,32.7,26.4,39.9
,"Cuyahoga County, OH","39035",3695,8665922,42.6,41.3,44.0
,"Darke County, OH","39037",95,359644,26.4,21.4,32.3
,"Defiance County, OH","39039",61,267320,22.8,17.5,29.3
,"Delaware County, OH","39041",218,1544195,14.1,12.2,16.0
,"Erie County, OH","39043",173,519829,33.3,28.3,38.2
,"Fairfield County, OH","39045",358,1130149,31.7,28.4,35.0
,"Fayette County, OH","39047",73,201114,36.3,28.5,45.6
,"Franklin County, OH","39049",4873,9277280,52.5,51.1,54.0
,"Fulton County, OH","39051",68,294947,23.1,17.9,29.2
,"Gallia County, OH","39053",143,205777,69.5,58.1,80.9
,"Geauga County, OH","39055",92,662754,13.9,11.2,17.0
,"Greene County, OH","39057",320,1185960,27.0,24.0,29.9
,"Guernsey County, OH","39059",116,269369,43.1,35.2,50.9
,"Hamilton County, OH","39061",2482,5767735,43.0,41.3,44.7
,"Hancock County, OH","39063",148,526357,28.1,23.6,32.6
,"Hardin County, OH","39065",76,216121,35.2,27.7,44.0
,"Harrison County, OH","39067",23,102284,22.5,14.3,33.7
,"Henry County, OH","39069",43,191102,22.5,16.3,30.3
,"Highland County, OH","39071",108,303667,35.6,28.9,42.3
,"Hocking County, OH","39073",87,195668,44.5,35.6,54.8
,"Holmes County, OH","39075",23,309571,7.4,4.7,11.1
,"Huron County, OH","39077",156,407701,38.3,32.3,44.3
,"Jackson County, OH","39079",119,227716,52.3,42.9,61.6
,"Jefferson County, OH","39081",226,453076,49.9,43.4,56.4
,"Knox County, OH","39083",94,439886,21.4,17.3,26.2
,"Lake County, OH","39085",538,1618097,33.2,30.4,36.1
,"Lawrence County, OH","39087",279,404465,69.0,60.9,77.1
,"Licking County, OH","39089",379,1260590,30.1,27.0,33.1
,"Logan County, OH","39091",71,320573,22.1,17.3,27.9
,"Lorain County, OH","39093",876,2203269,39.8,37.1,42.4
,"Lucas County, OH","39095",1614,2994150,53.9,51.3,56.5
,"Madison County, OH","39097",88,311762,28.2,22.6,34.8
,"Mahoning County, OH","39099",929,1588180,58.5,54.7,62.3
,"Marion County, OH","39101",244,454929,53.6,46.9,60.4
,"Medina County, OH","39103",223,1275075,17.5,15.2,19.8
,"Meigs County, OH","39105",115,155967,73.7,60.3,87.2
,"Mercer County, OH","39107",30,293149,10.2,6.9,14.6
,"Miami County, OH","39109",184,763062,24.1,20.6,27.6
,"Monroe County, OH","39111",14,93797,14.9,8.2,25.0
,"Montgomery County, OH","39113",2015,3736599,53.9,51.6,56.3
,"Morgan County, OH","39115",27,97945,27.6,18.2,40.1
,"Morrow County, OH","39117",78,247863,31.5,24.9,39.3
,"Muskingum County, OH","39119",246,603826,40.7,35.6,45.8
,"Noble County, OH","39121",22,100233,21.9,13.8,33.2
,"Ottawa County, OH","39123",83,281124,29.5,23.5,36.6
,"Paulding County, OH","39125",19,131169,14.5,8.7,22.6
,"Perry County, OH","39127",113,250555,45.1,36.8,53.4
,"Pickaway County, OH","39129",166,417801,39.7,33.7,45.8
,"Pike County, OH","39131",131,191694,68.3,56.6,80.0
,"Portage County, OH","39133",289,1138607,25.4,22.5,28.3
,"Preble County, OH","39135",103,285535,36.1,29.1,43.0
,"Putnam County, OH","39137",14,238352,5.9,3.2,9.9
,"Richland County, OH","39139",434,863575,50.3,45.5,55.0
,"Ross County, OH","39141",354,536061,66.0,59.2,72.9
,"Sandusky County, OH","39143",125,410625,30.4,25.1,35.8
,"Scioto County, OH","39145",573,514470,111.4,102.3,120.5
,"Seneca County, OH","39147",118,384118,30.7,25.2,36.3
,"Shelby County, OH","39149",89,336919,26.4,21.2,32.5
,"Stark County, OH","39151",906,2605250,34.8,32.5,37.0
,"Summit County, OH","39153",1465,3769415,38.9,36.9,40.9
,"Trumbull County, OH","39155",786,1396052,56.3,52.4,60.2
,"Tuscarawas County, OH","39157",156,644298,24.2,20.4,28.0
,"Union County, OH","39159",73,450071,16.2,12.7,20.4
,"Van Wert County, OH","39161",53,199807,26.5,19.9,34.7
,"Vinton County, OH","39163",68,89476,76.0,59.0,96.3
,"Warren County, OH","39165",342,1709725,20.0,17.9,22.1
,"Washington County, OH","39167",118,414951,28.4,23.3,33.6
,"Wayne County, OH","39169",190,813782,23.3,20.0,26.7
,"Williams County, OH","39171",60,256574,23.4,17.8,30.1
,"Wood County, OH","39173",160,922417,17.3,14.7,20.0
,"Wyandot County, OH","39175",29,151544,19.1,12.8,27.5
,"Adair County, OK","40001",44,144669,30.4,22.1,40.8
,"Atoka County, OK","40005",20,99219,20.2,12.3,31.1
,"Beckham County, OK","40009",37,153381,24.1,17.0,33.3
,"Blaine County, OK","40011",14,62444,22.4,12.3,37.6
,"Bryan County, OK","40013",72,338744,21.3,16.6,26.8
,"Caddo County, OK","40015",62,191540,32.4,24.8,41.5
,"Canadian County, OK","40017",184,1134420,16.2,13.9,18.6
,"Carter County, OK","40019",87,339173,25.7,20.5,31.6
,"Cherokee County, OK","40021",81,338990,23.9,19.0,29.7
,"Choctaw County, OK","40023",39,101101,38.6,27.4,52.7
,"Cleveland County, OK","40027",358,2055078,17.4,15.6,19.2
,"Coal County, OK","40029",10,37871,26.4,12.7,48.6
,"Comanche County, OK","40031",222,850349,26.1,22.7,29.5
,"Cotton County, OK","40033",11,39005,28.2,14.1,50.5
,"Craig County, OK","40035",23,99880,23.0,14.6,34.6
,"Creek County, OK","40037",138,506642,27.2,22.7,31.8
,"Custer County, OK","40039",34,199268,17.1,11.8,23.8
,"Delaware County, OK","40041",60,294765,20.4,15.5,26.2
,"Garfield County, OK","40047",70,430714,16.3,12.7,20.5
,"Garvin County, OK","40049",55,186744,29.5,22.2,38.3
,"Grady County, OK","40051",96,395185,24.3,19.7,29.7
,"Haskell County, OK","40061",18,84833,21.2,12.6,33.5
,"Hughes County, OK","40063",24,93359,25.7,16.5,38.3
,"Jackson County, OK","40065",39,172327,22.6,16.1,30.9
,"Johnston County, OK","40069",23,74074,31.1,19.7,46.6
,"Kay County, OK","40071",62,305451,20.3,15.6,26.0
,"Kingfisher County, OK","40073",14,109185,12.8,7.0,21.5
,"Kiowa County, OK","40075",15,59588,25.2,14.1,41.5
,"Le Flore County, OK","40079",71,346601,20.5,16.0,25.8
,"Lincoln County, OK","40081",52,242393,21.5,16.0,28.1
,"Logan County, OK","40083",57,353786,16.1,12.2,20.9
,"Love County, OK","40085",23,71770,32.0,20.3,48.1
,"McClain County, OK","40087",52,306135,17.0,12.7,22.3
,"McCurtain County, OK","40089",50,221587,22.6,16.7,29.7
,"McIntosh County, OK","40091",38,137055,27.7,19.6,38.1
,"Marshall County, OK","40095",17,114444,14.9,8.7,23.8
,"Mayes County, OK","40097",79,282140,28.0,22.2,34.9
,"Murray County, OK","40099",19,96879,19.6,11.8,30.6
,"Muskogee County, OK","40101",144,469898,30.6,25.6,35.7
,"Noble County, OK","40103",14,77090,18.2,9.9,30.5
,"Nowata County, OK","40105",12,68155,17.6,9.1,30.8
,"Okfuskee County, OK","40107",18,80851,22.3,13.2,35.2
,"Oklahoma County, OK","40109",1604,5620547,28.5,27.1,29.9
,"Okmulgee County, OK","40111",98,262986,37.3,30.3,45.4
,"Osage County, OK","40113",80,324855,24.6,19.5,30.6
,"Ottawa County, OK","40115",49,214550,22.8,16.9,30.2
,"Pawnee County, OK","40117",48,112620,42.6,31.4,56.5
,"Payne County, OK","40119",80,577913,13.8,11.0,17.2
,"Pittsburg County, OK","40121",95,305330,31.1,25.2,38.0
,"Pontotoc County, OK","40123",68,267938,25.4,19.7,32.2
,"Pottawatomie County, OK","40125",150,513058,29.2,24.6,33.9
,"Pushmataha County, OK","40127",21,76429,27.5,17.0,42.0
,"Rogers County, OK","40131",114,674748,16.9,13.8,20.0
,"Seminole County, OK","40133",58,166918,34.7,26.4,44.9
,"Sequoyah County, OK","40135",89,284307,31.3,25.1,38.5
,"Stephens County, OK","40137",74,304436,24.3,19.1,30.5
,"Texas County, OK","40139",18,142743,12.6,7.5,19.9
,"Tulsa County, OK","40143",1427,4684099,30.5,28.9,32.0
,"Wagoner County, OK","40145",125,595555,21.0,17.3,24.7
,"Washington County, OK","40147",82,369372,22.2,17.7,27.6
,"Washita County, OK","40149",17,76095,22.3,13.0,35.8
,"Woodward County, OK","40153",12,140378,8.5,4.4,14.9
,"Baker County, OR","41001",29,115861,25.0,16.8,35.9
,"Benton County, OR","41003",78,668652,11.7,9.2,14.6
,"Clackamas County, OR","41005",592,2950602,20.1,18.4,21.7
,"Clatsop County, OR","41007",97,286061,33.9,27.5,41.4
,"Columbia County, OR","41009",111,372212,29.8,24.3,35.4
,"Coos County, OR","41011",158,452114,34.9,29.5,40.4
,"Crook County, OR","41013",35,179778,19.5,13.6,27.1
,"Curry County, OR","41015",83,162394,51.1,40.7,63.4
,"Deschutes County, OR","41017",216,1422855,15.2,13.2,17.2
,"Douglas County, OR","41019",267,781592,34.2,30.1,38.3
,"Harney County, OR","41025",11,52027,21.1,10.6,37.8
,"Hood River County, OR","41027",18,165704,10.9,6.4,17.2
,"Jackson County, OR","41029",590,1549829,38.1,35.0,41.1
,"Jefferson County, OR","41031",44,175094,25.1,18.3,33.7
,"Josephine County, OR","41033",295,615106,48.0,42.5,53.4
,"Klamath County, OR","41035",189,485447,38.9,33.4,44.5
,"Lake County, OR","41037",15,56845,26.4,14.8,43.5
,"Lane County, OR","41039",1066,2673783,39.9,37.5,42.3
,"Lincoln County, OR","41041",126,353641,35.6,29.4,41.9
,"Linn County, OR","41043",246,912414,27.0,23.6,30.3
,"Malheur County, OR","41045",46,220210,20.9,15.3,27.9
,"Marion County, OR","41047",640,2437320,26.3,24.2,28.3
,"Morrow County, OR","41049",19,83940,22.6,13.6,35.3
,"Multnomah County, OR","41051",2852,5624427,50.7,48.8,52.6
,"Polk County, OR","41053",107,618195,17.3,14.0,20.6
,"Tillamook County, OR","41057",65,191268,34.0,26.2,43.3
,"Umatilla County, OR","41059",127,553965,22.9,18.9,26.9
,"Union County, OR","41061",53,184238,28.8,21.5,37.6
,"Wasco County, OR","41065",60,185717,32.3,24.7,41.6
,"Washington County, OR","41067",612,4213925,14.5,13.4,15.7
,"Yamhill County, OR","41071",150,757761,19.8,16.6,23.0
,"Adams County, PA","42001",116,733378,15.8,12.9,18.7
,"Allegheny County, PA","42003",3975,8573837,46.4,44.9,47.8
,"Armstrong County, PA","42005",177,451753,39.2,33.4,45.0
,"Beaver County, PA","42007",466,1154718,40.4,36.7,44.0
,"Bedford County, PA","42009",94,333753,28.2,22.8,34.5
,"Berks County, PA","42011",868,2994062,29.0,27.1,30.9
,"Blair County, PA","42013",292,848669,34.4,30.5,38.4
,"Bradford County, PA","42015",81,420529,19.3,15.3,23.9
,"Bucks County, PA","42017",1479,4471719,33.1,31.4,34.8
,"Butler County, PA","42019",432,1354203,31.9,28.9,34.9
,"Cambria County, PA","42021",479,914978,52.4,47.7,57.0
,"Carbon County, PA","42025",252,454563,55.4,48.6,62.3
,"Centre County, PA","42027",102,1120238,9.1,7.3,10.9
,"Chester County, PA","42029",814,3768795,21.6,20.1,23.1
,"Clarion County, PA","42031",67,263849,25.4,19.7,32.2
,"Clearfield County, PA","42033",150,550463,27.2,22.9,31.6
,"Clinton County, PA","42035",43,266141,16.2,11.7,21.8
,"Columbia County, PA","42037",141,456511,30.9,25.8,36.0
,"Crawford County, PA","42039",181,583500,31.0,26.5,35.5
,"Cumberland County, PA","42041",302,1838402,16.4,14.6,18.3
,"Dauphin County, PA","42043",681,1993733,34.2,31.6,36.7
,"Delaware County, PA","42045",1364,4008884,34.0,32.2,35.8
,"Elk County, PA","42047",73,211268,34.6,27.1,43.4
,"Erie County, PA","42049",614,1882236,32.6,30.0,35.2
,"Fayette County, PA","42051",480,888383,54.0,49.2,58.9
,"Franklin County, PA","42055",187,1095829,17.1,14.6,19.5
,"Fulton County, PA","42057",25,101530,24.6,15.9,36.3
,"Greene County, PA","42059",92,246709,37.3,30.1,45.7
,"Huntingdon County, PA","42061",63,308945,20.4,15.7,26.1
,"Indiana County, PA","42063",232,584128,39.7,34.6,44.8
,"Jefferson County, PA","42065",82,305061,26.9,21.4,33.4
,"Juniata County, PA","42067",22,167360,13.1,8.2,19.9
,"Lackawanna County, PA","42069",589,1493716,39.4,36.2,42.6
,"Lancaster County, PA","42071",829,3867636,21.4,20.0,22.9
,"Lawrence County, PA","42073",365,595830,61.3,55.0,67.5
,"Lebanon County, PA","42075",226,1001845,22.6,19.6,25.5
,"Lehigh County, PA","42077",820,2623485,31.3,29.1,33.4
,"Luzerne County, PA","42079",1134,2263234,50.1,47.2,53.0
,"Lycoming County, PA","42081",208,792841,26.2,22.7,29.8
,"Mc Kean County, PA","42083",68,280730,24.2,18.8,30.7
,"Mercer County, PA","42085",336,764487,44.0,39.3,48.7
,"Mifflin County, PA","42087",78,322405,24.2,19.1,30.2
,"Monroe County, PA","42089",403,1178979,34.2,30.8,37.5
,"Montgomery County, PA","42091",1377,5966581,23.1,21.9,24.3
,"Montour County, PA","42093",39,126665,30.8,21.9,42.1
,"Northampton County, PA","42095",651,2190218,29.7,27.4,32.0
,"Northumberland County, PA","42097",248,633730,39.1,34.3,44.0
,"Perry County, PA","42099",87,323622,26.9,21.5,33.2
,"Philadelphia County, PA","42101",7750,11014656,70.4,68.8,71.9
,"Pike County, PA","42103",138,411947,33.5,27.9,39.1
,"Potter County, PA","42105",20,114072,17.5,10.7,27.1
,"Schuylkill County, PA","42107",415,998812,41.5,37.6,45.5
,"Snyder County, PA","42109",30,279846,10.7,7.2,15.3
,"Somerset County, PA","42111",145,510983,28.4,23.8,33.0
,"Susquehanna County, PA","42115",75,273595,27.4,21.6,34.4
,"Tioga County, PA","42117",64,285308,22.4,17.3,28.6
,"Union County, PA","42119",28,303515,9.2,6.1,13.3
,"Venango County, PA","42121",102,350884,29.1,23.4,34.7
,"Warren County, PA","42123",41,268487,15.3,11.0,20.7
,"Washington County, PA","42125",596,1461533,40.8,37.5,44.1
,"Wayne County, PA","42127",123,359085,34.3,28.2,40.3
,"Westmoreland County, PA","42129",928,2453809,37.8,35.4,40.3
,"Wyoming County, PA","42131",65,184118,35.3,27.2,45.0
,"York County, PA","42133",1024,3203413,32.0,30.0,33.9
,"Bristol County, RI","44001",83,347056,23.9,19.0,29.6
,"Kent County, RI","44003",434,1178517,36.8,33.4,40.3
,"Newport County, RI","44005",147,583505,25.2,21.1,29.3
,"Providence County, RI","44007",1807,4563598,39.6,37.8,41.4
,"Washington County, RI","44009",214,898739,23.8,20.6,27.0
,"Abbeville County, SC","45001",45,171168,26.3,19.2,35.2
,"Aiken County, SC","45003",498,1214469,41.0,37.4,44.6
,"Allendale County, SC","45005",12,56279,21.3,11.0,37.2
,"Anderson County, SC","45007",517,1454141,35.6,32.5,38.6
,"Bamberg County, SC","45009",20,94188,21.2,13.0,32.8
,"Barnwell County, SC","45011",59,144719,40.8,31.0,52.6
,"Beaufort County, SC","45013",265,1365366,19.4,17.1,21.7
,"Berkeley County, SC","45015",488,1686296,28.9,26.4,31.5
,"Calhoun County, SC","45017",22,100406,21.9,13.7,33.2
,"Charleston County, SC","45019",1012,2922963,34.6,32.5,36.8
,"Cherokee County, SC","45021",103,398351,25.9,20.9,30.9
,"Chester County, SC","45023",83,225416,36.8,29.3,45.6
,"Chesterfield County, SC","45025",99,312480,31.7,25.7,38.6
,"Clarendon County, SC","45027",44,224831,19.6,14.2,26.3
,"Colleton County, SC","45029",92,268012,34.3,27.7,42.1
,"Darlington County, SC","45031",127,449923,28.2,23.3,33.1
,"Dillon County, SC","45033",101,202545,49.9,40.1,59.6
,"Dorchester County, SC","45035",332,1163149,28.5,25.5,31.6
,"Edgefield County, SC","45037",49,191579,25.6,18.9,33.8
,"Fairfield County, SC","45039",53,148744,35.6,26.7,46.6
,"Florence County, SC","45041",335,962528,34.8,31.1,38.5
,"Georgetown County, SC","45043",218,448691,48.6,42.1,55.0
,"Greenville County, SC","45045",1448,3780806,38.3,36.3,40.3
,"Greenwood County, SC","45047",193,490635,39.3,33.8,44.9
,"Hampton County, SC","45049",27,129213,20.9,13.8,30.4
,"Horry County, SC","45051",1258,2623226,48.0,45.3,50.6
,"Jasper County, SC","45053",92,222157,41.4,33.4,50.8
,"Kershaw County, SC","45055",164,475099,34.5,29.2,39.8
,"Lancaster County, SC","45057",331,719098,46.0,41.1,51.0
,"Laurens County, SC","45059",186,477556,38.9,33.4,44.5
,"Lee County, SC","45061",26,115029,22.6,14.8,33.1
,"Lexington County, SC","45063",650,2125964,30.6,28.2,32.9
,"McCormick County, SC","45065",10,67751,14.8,7.1,27.1
,"Marion County, SC","45067",62,205964,30.1,23.1,38.6
,"Marlboro County, SC","45069",43,181720,23.7,17.1,31.9
,"Newberry County, SC","45071",80,269676,29.7,23.5,36.9
,"Oconee County, SC","45073",188,561014,33.5,28.7,38.3
,"Orangeburg County, SC","45075",209,590457,35.4,30.6,40.2
,"Pickens County, SC","45077",359,919197,39.1,35.0,43.1
,"Richland County, SC","45079",714,2945048,24.2,22.5,26.0
,"Saluda County, SC","45081",23,137666,16.7,10.6,25.1
,"Spartanburg County, SC","45083",854,2367527,36.1,33.7,38.5
,"Sumter County, SC","45085",224,737304,30.4,26.4,34.4
,"Union County, SC","45087",76,188792,40.3,31.7,50.4
,"Williamsburg County, SC","45089",88,211097,41.7,33.4,51.4
,"York County, SC","45091",686,2028366,33.8,31.3,36.4
,"Beadle County, SD","46005",13,133396,9.7,5.2,16.7
,"Brookings County, SD","46011",11,248374,4.4,2.2,7.9
,"Brown County, SD","46013",13,268194,4.8,2.6,8.3
,"Codington County, SD","46029",16,199607,8.0,4.6,13.0
,"Hughes County, SD","46065",14,123048,11.4,6.2,19.1
,"Lawrence County, SD","46081",14,188047,7.4,4.1,12.5
,"Lincoln County, SD","46083",30,470293,6.4,4.3,9.1
,"Meade County, SD","46093",24,207957,11.5,7.4,17.2
,"Minnehaha County, SD","46099",206,1401894,14.7,12.7,16.7
,"Pennington County, SD","46103",106,799579,13.3,10.7,15.8
,"Roberts County, SD","46109",21,71987,29.2,18.1,44.6
,"Shannon County, SD","46113",24,96455,24.9,15.9,37.0
,"Todd County, SD","46121",13,67650,19.2,10.2,32.9
,"Yankton County, SD","46135",16,162121,9.9,5.6,16.0
,"Anderson County, TN","47001",423,549190,77.0,69.7,84.4
,"Bedford County, TN","47003",119,359282,33.1,27.2,39.1
,"Benton County, TN","47005",37,112625,32.9,23.1,45.3
,"Bledsoe County, TN","47007",30,105725,28.4,19.1,40.5
,"Blount County, TN","47009",471,960418,49.0,44.6,53.5
,"Bradley County, TN","47011",264,770047,34.3,30.1,38.4
,"Campbell County, TN","47013",183,278885,65.6,56.1,75.1
,"Cannon County, TN","47015",59,103533,57.0,43.4,73.5
,"Carroll County, TN","47017",33,198423,16.6,11.4,23.4
,"Carter County, TN","47019",164,396160,41.4,35.1,47.7
,"Cheatham County, TN","47021",215,290418,74.0,64.1,83.9
,"Chester County, TN","47023",19,122600,15.5,9.3,24.2
,"Claiborne County, TN","47025",131,226160,57.9,48.0,67.8
,"Clay County, TN","47027",19,53707,35.4,21.3,55.2
,"Cocke County, TN","47029",162,256300,63.2,53.5,72.9
,"Coffee County, TN","47031",155,410530,37.8,31.8,43.7
,"Crockett County, TN","47033",14,98560,14.2,7.8,23.8
,"Cumberland County, TN","47035",214,438147,48.8,42.3,55.4
,"Davidson County, TN","47037",3080,4934843,62.4,60.2,64.6
,"Decatur County, TN","47039",28,81381,34.4,22.9,49.7
,"DeKalb County, TN","47041",88,145918,60.3,48.4,74.3
,"Dickson County, TN","47043",190,387193,49.1,42.1,56.0
,"Dyer County, TN","47045",66,257098,25.7,19.9,32.7
,"Fayette County, TN","47047",75,298373,25.1,19.8,31.5
,"Fentress County, TN","47049",56,133534,41.9,31.7,54.5
,"Franklin County, TN","47051",78,303531,25.7,20.3,32.1
,"Gibson County, TN","47053",85,351182,24.2,19.3,29.9
,"Giles County, TN","47055",61,211285,28.9,22.1,37.1
,"Grainger County, TN","47057",88,167824,52.4,42.1,64.6
,"Greene County, TN","47059",223,495728,45.0,39.1,50.9
,"Grundy County, TN","47061",50,95766,52.2,38.8,68.8
,"Hamblen County, TN","47063",220,458180,48.0,41.7,54.4
,"Hamilton County, TN","47065",1000,2613689,38.3,35.9,40.6
,"Hancock County, TN","47067",31,47288,65.6,44.5,93.1
,"Hardeman County, TN","47069",45,177062,25.4,18.5,34.0
,"Hardin County, TN","47071",73,185826,39.3,30.8,49.4
,"Hawkins County, TN","47073",147,403393,36.4,30.5,42.3
,"Haywood County, TN","47075",22,121310,18.1,11.4,27.5
,"Henderson County, TN","47077",49,196175,25.0,18.5,33.0
,"Henry County, TN","47079",76,226814,33.5,26.4,41.9
,"Hickman County, TN","47081",127,178075,71.3,58.9,83.7
,"Houston County, TN","47083",31,58223,53.2,36.2,75.6
,"Humphreys County, TN","47085",56,132738,42.2,31.9,54.8
,"Jackson County, TN","47087",37,83886,44.1,31.1,60.8
,"Jefferson County, TN","47089",170,393220,43.2,36.7,49.7
,"Johnson County, TN","47091",54,126552,42.7,32.1,55.7
,"Knox County, TN","47093",2536,3399879,74.6,71.7,77.5
,"Lake County, TN","47095",17,47819,35.6,20.7,56.9
,"Lauderdale County, TN","47097",45,176050,25.6,18.6,34.2
,"Lawrence County, TN","47099",111,315132,35.2,28.7,41.8
,"Lewis County, TN","47101",34,89015,38.2,26.5,53.4
,"Lincoln County, TN","47103",48,247380,19.4,14.3,25.7
,"Loudon County, TN","47105",183,399623,45.8,39.2,52.4
,"McMinn County, TN","47107",165,382497,43.1,36.6,49.7
,"McNairy County, TN","47109",44,181336,24.3,17.6,32.6
,"Macon County, TN","47111",66,179604,36.7,28.4,46.8
,"Madison County, TN","47113",192,691571,27.8,23.8,31.7
,"Marion County, TN","47115",71,203585,34.9,27.2,44.0
,"Marshall County, TN","47117",77,248744,31.0,24.4,38.7
,"Maury County, TN","47119",254,727407,34.9,30.6,39.2
,"Meigs County, TN","47121",47,91209,51.5,37.9,68.5
,"Monroe County, TN","47123",177,332265,53.3,45.4,61.1
,"Montgomery County, TN","47125",557,1578192,35.3,32.4,38.2
,"Morgan County, TN","47129",80,150418,53.2,42.2,66.2
,"Obion County, TN","47131",37,211999,17.5,12.3,24.1
,"Overton County, TN","47133",48,159636,30.1,22.2,39.9
,"Perry County, TN","47135",15,59274,25.3,14.2,41.7
,"Pickett County, TN","47137",10,35613,28.1,13.5,51.6
,"Polk County, TN","47139",30,122575,24.5,16.5,34.9
,"Putnam County, TN","47141",188,572325,32.8,28.2,37.5
,"Rhea County, TN","47143",108,235203,45.9,37.3,54.6
,"Roane County, TN","47145",317,382275,82.9,73.8,92.1
,"Robertson County, TN","47147",215,519903,41.4,35.8,46.9
,"Rutherford County, TN","47149",816,2453334,33.3,31.0,35.5
,"Scott County, TN","47151",32,154837,20.7,14.1,29.2
,"Sequatchie County, TN","47153",47,113164,41.5,30.5,55.2
,"Sevier County, TN","47155",405,693291,58.4,52.7,64.1
,"Shelby County, TN","47157",2943,6470344,45.5,43.8,47.1
,"Smith County, TN","47159",61,142366,42.8,32.8,55.0
,"Stewart County, TN","47161",52,97612,53.3,39.8,69.9
,"Sullivan County, TN","47163",482,1119694,43.0,39.2,46.9
,"Sumner County, TN","47165",443,1398123,31.7,28.7,34.6
,"Tipton County, TN","47167",145,431960,33.6,28.1,39.0
,"Trousdale County, TN","47169",40,82327,48.6,34.7,66.2
,"Unicoi County, TN","47171",54,124399,43.4,32.6,56.6
,"Union County, TN","47173",99,142144,69.6,56.6,84.8
,"Van Buren County, TN","47175",13,43516,29.9,15.9,51.1
,"Warren County, TN","47177",96,293566,32.7,26.5,39.9
,"Washington County, TN","47179",330,936819,35.2,31.4,39.0
,"Wayne County, TN","47181",34,114512,29.7,20.6,41.5
,"Weakley County, TN","47183",53,232422,22.8,17.1,29.8
,"White County, TN","47185",95,195673,48.6,39.3,59.4
,"Williamson County, TN","47187",256,1765635,14.5,12.7,16.3
,"Wilson County, TN","47189",404,1077506,37.5,33.8,41.2
,"Anderson County, TX","48001",80,407311,19.6,15.6,24.4
,"Andrews County, TX","48003",15,130073,11.5,6.5,19.0
,"Angelina County, TX","48005",116,609623,19.0,15.6,22.5
,"Aransas County, TX","48007",47,171539,27.4,20.1,36.4
,"Atascosa County, TX","48013",43,358557,12.0,8.7,16.2
,"Austin County, TX","48015",26,215693,12.1,7.9,17.7
,"Bandera County, TX","48019",17,158944,10.7,6.2,17.1
,"Bastrop County, TX","48021",109,701255,15.5,12.6,18.5
,"Bee County, TX","48025",33,221059,14.9,10.3,21.0
,"Bell County, TX","48027",390,2649267,14.7,13.3,16.2
,"Bexar County, TX","48029",2597,14319608,18.1,17.4,18.8
,"Blanco County, TX","48031",12,86612,13.9,7.2,24.2
,"Bosque County, TX","48035",30,131188,22.9,15.4,32.6
,"Bowie County, TX","48037",88,649345,13.6,10.9,16.7
,"Brazoria County, TX","48039",431,2705014,15.9,14.4,17.4
,"Brazos County, TX","48041",136,1661897,8.2,6.8,9.6
,"Brewster County, TX","48043",18,65521,27.5,16.3,43.4
,"Brooks County, TX","48047",10,48659,20.6,9.9,37.8
,"Brown County, TX","48049",37,267326,13.8,9.7,19.1
,"Burleson County, TX","48051",20,131708,15.2,9.3,23.5
,"Burnet County, TX","48053",53,358519,14.8,11.1,19.3
,"Caldwell County, TX","48055",35,327818,10.7,7.4,14.8
,"Calhoun County, TX","48057",15,142923,10.5,5.9,17.3
,"Callahan County, TX","48059",13,99361,13.1,7.0,22.4
,"Cameron County, TX","48061",213,2978072,7.2,6.2,8.1
,"Camp County, TX","48063",15,90683,16.5,9.3,27.3
,"Cass County, TX","48067",36,204404,17.6,12.3,24.4
,"Chambers County, TX","48071",61,342089,17.8,13.6,22.9
,"Cherokee County, TX","48073",41,366295,11.2,8.0,15.2
,"Clay County, TX","48077",12,73694,16.3,8.4,28.4
,"Collin County, TX","48085",722,7830120,9.2,8.5,9.9
,"Colorado County, TX","48089",22,148296,14.8,9.3,22.5
,"Comal County, TX","48091",135,1224578,11.0,9.2,12.9
,"Comanche County, TX","48093",11,96981,11.3,5.7,20.3
,"Cooke County, TX","48097",47,296558,15.8,11.6,21.1
,"Coryell County, TX","48099",57,568033,10.0,7.6,13.0
,"Dallas County, TX","48113",3687,18358452,20.1,19.4,20.7
,"Dawson County, TX","48115",13,86626,15.0,8.0,25.7
,"Denton County, TX","48121",630,6637346,9.5,8.8,10.2
,"DeWitt County, TX","48123",18,140392,12.8,7.6,20.3
,"Duval County, TX","48131",10,72260,13.8,6.6,25.5
,"Eastland County, TX","48133",15,127205,11.8,6.6,19.4
,"Ector County, TX","48135",245,1152524,21.3,18.6,23.9
,"Ellis County, TX","48139",152,1426098,10.7,9.0,12.4
,"El Paso County, TX","48141",938,6003656,15.6,14.6,16.6
,"Erath County, TX","48143",34,304332,11.2,7.7,15.6
,"Falls County, TX","48145",19,121307,15.7,9.4,24.5
,"Fannin County, TX","48147",38,256628,14.8,10.5,20.3
,"Fayette County, TX","48149",26,176804,14.7,9.6,21.5
,"Fort Bend County, TX","48157",568,6062137,9.4,8.6,10.1
,"Franklin County, TX","48159",15,75041,20.0,11.2,33.0
,"Freestone County, TX","48161",22,140209,15.7,9.8,23.8
,"Frio County, TX","48163",10,134259,7.4,3.6,13.7
,"Galveston County, TX","48167",548,2466448,22.2,20.4,24.1
,"Gillespie County, TX","48171",20,191418,10.4,6.4,16.1
,"Gonzales County, TX","48177",23,142054,16.2,10.3,24.3
,"Gray County, TX","48179",27,149288,18.1,11.9,26.3
,"Grayson County, TX","48181",156,988427,15.8,13.3,18.3
,"Gregg County, TX","48183",96,874447,11.0,8.9,13.4
,"Grimes County, TX","48185",31,213727,14.5,9.9,20.6
,"Guadalupe County, TX","48187",112,1244565,9.0,7.3,10.7
,"Hale County, TX","48189",22,227751,9.7,6.1,14.6
,"Hardin County, TX","48199",59,404829,14.6,11.1,18.8
,"Harris County, TX","48201",6405,33503567,19.1,18.6,19.6
,"Harrison County, TX","48203",74,481035,15.4,12.1,19.3
,"Hays County, TX","48209",207,1791324,11.6,10.0,13.1
,"Henderson County, TX","48213",116,590631,19.6,16.1,23.2
,"Hidalgo County, TX","48215",406,6191860,6.6,5.9,7.2
,"Hill County, TX","48217",62,260681,23.8,18.2,30.5
,"Hockley County, TX","48219",21,154411,13.6,8.4,20.8
,"Hood County, TX","48221",79,453202,17.4,13.8,21.7
,"Hopkins County, TX","48223",32,263035,12.2,8.3,17.2
,"Houston County, TX","48225",25,157426,15.9,10.3,23.4
,"Howard County, TX","48227",57,238850,23.9,18.1,30.9
,"Hunt County, TX","48231",115,738646,15.6,12.7,18.4
,"Hutchinson County, TX","48233",39,143277,27.2,19.4,37.2
,"Jack County, TX","48237",13,62741,20.7,11.0,35.4
,"Jackson County, TX","48239",13,105256,12.4,6.6,21.1
,"Jasper County, TX","48241",53,237836,22.3,16.7,29.1
,"Jefferson County, TX","48245",387,1766671,21.9,19.7,24.1
,"Jim Wells County, TX","48249",44,276977,15.9,11.5,21.3
,"Johnson County, TX","48251",234,1322992,17.7,15.4,20.0
,"Jones County, TX","48253",20,140814,14.2,8.7,21.9
,"Karnes County, TX","48255",16,106558,15.0,8.6,24.4
,"Kaufman County, TX","48257",161,1121627,14.4,12.1,16.6
,"Kendall County, TX","48259",27,339721,7.9,5.2,11.6
,"Kerr County, TX","48265",55,372591,14.8,11.1,19.2
,"Kleberg County, TX","48273",20,213655,9.4,5.7,14.5
,"Lamar County, TX","48277",58,352450,16.5,12.5,21.3
,"Lamb County, TX","48279",15,89781,16.7,9.4,27.6
,"Lampasas County, TX","48281",32,156284,20.5,14.0,28.9
,"Lavaca County, TX","48285",10,142789,7.0,3.4,12.9
,"Leon County, TX","48289",22,117571,18.7,11.7,28.3
,"Liberty County, TX","48291",143,689016,20.8,17.4,24.2
,"Limestone County, TX","48293",20,159487,12.5,7.7,19.4
,"Llano County, TX","48299",31,155955,19.9,13.5,28.2
,"Lubbock County, TX","48303",349,2213099,15.8,14.1,17.4
,"McLennan County, TX","48309",243,1839852,13.2,11.5,14.9
,"Madison County, TX","48313",17,98131,17.3,10.1,27.7
,"Marion County, TX","48315",23,68222,33.7,21.4,50.6
,"Martin County, TX","48317",10,38163,26.2,12.6,48.2
,"Matagorda County, TX","48321",35,255139,13.7,9.6,19.1
,"Maverick County, TX","48323",28,408075,6.9,4.6,9.9
,"Medina County, TX","48325",36,370983,9.7,6.8,13.4
,"Midland County, TX","48329",158,1227936,12.9,10.9,14.9
,"Milam County, TX","48331",17,177506,9.6,5.6,15.3
,"Mitchell County, TX","48335",11,60948,18.0,9.0,32.3
,"Montague County, TX","48337",35,144336,24.2,16.9,33.7
,"Montgomery County, TX","48339",812,4613010,17.6,16.4,18.8
,"Moore County, TX","48341",11,148255,7.4,3.7,13.3
,"Morris County, TX","48343",15,85483,17.5,9.8,28.9
,"Nacogdoches County, TX","48347",53,456301,11.6,8.7,15.2
,"Navarro County, TX","48349",41,370767,11.1,7.9,15.0
,"Newton County, TX","48351",16,88995,18.0,10.3,29.2
,"Nolan County, TX","48353",33,101858,32.4,22.3,45.5
,"Nueces County, TX","48355",558,2497874,22.3,20.5,24.2
,"Orange County, TX","48361",174,591359,29.4,25.1,33.8
,"Palo Pinto County, TX","48363",43,205287,20.9,15.2,28.2
,"Panola County, TX","48365",17,160741,10.6,6.2,16.9
,"Parker County, TX","48367",166,1105246,15.0,12.7,17.3
,"Polk County, TX","48373",76,367977,20.7,16.3,25.9
,"Potter County, TX","48375",177,814555,21.7,18.5,24.9
,"Rains County, TX","48379",12,88849,13.5,7.0,23.6
,"Randall County, TX","48381",144,1002679,14.4,12.0,16.7
,"Red River County, TX","48387",17,82664,20.6,12.0,32.9
,"Reeves County, TX","48389",18,98738,18.2,10.8,28.8
,"Robertson County, TX","48395",16,120550,13.3,7.6,21.6
,"Rockwall County, TX","48397",109,823400,13.2,10.8,15.7
,"Runnels County, TX","48399",11,70320,15.6,7.8,28.0
,"Rusk County, TX","48401",53,375726,14.1,10.6,18.5
,"San Augustine County, TX","48405",10,56096,17.8,8.5,32.8
,"San Jacinto County, TX","48407",51,201367,25.3,18.9,33.3
,"San Patricio County, TX","48409",69,482472,14.3,11.1,18.1
,"Scurry County, TX","48415",19,116164,16.4,9.8,25.5
,"Shelby County, TX","48419",24,171925,14.0,8.9,20.8
,"Smith County, TX","48423",186,1672186,11.1,9.5,12.7
,"Somervell County, TX","48425",13,66495,19.6,10.4,33.4
,"Starr County, TX","48427",27,457722,5.9,3.9,8.6
,"Tarrant County, TX","48439",2526,15005520,16.8,16.2,17.5
,"Taylor County, TX","48441",193,999012,19.3,16.6,22.0
,"Titus County, TX","48449",22,224004,9.8,6.2,14.9
,"Tom Green County, TX","48451",99,834862,11.9,9.6,14.4
,"Travis County, TX","48453",1829,9153518,20.0,19.1,20.9
,"Trinity County, TX","48455",25,100814,24.8,16.0,36.6
,"Tyler County, TX","48457",38,146008,26.0,18.4,35.7
,"Upshur County, TX","48459",30,296772,10.1,6.8,14.4
,"Uvalde County, TX","48463",13,180096,7.2,3.8,12.3
,"Val Verde County, TX","48465",30,338150,8.9,6.0,12.7
,"Van Zandt County, TX","48467",51,423580,12.0,9.0,15.8
,"Victoria County, TX","48469",78,641697,12.2,9.6,15.2
,"Walker County, TX","48471",71,539452,13.2,10.3,16.6
,"Waller County, TX","48473",52,416161,12.5,9.3,16.4
,"Ward County, TX","48475",14,79977,17.5,9.6,29.4
,"Washington County, TX","48477",41,253628,16.2,11.6,21.9
,"Webb County, TX","48479",332,1907939,17.4,15.5,19.3
,"Wharton County, TX","48481",47,292179,16.1,11.8,21.4
,"Wichita County, TX","48485",187,917710,20.4,17.5,23.3
,"Wilbarger County, TX","48487",11,88340,12.5,6.2,22.3
,"Willacy County, TX","48489",19,144557,13.1,7.9,20.5
,"Williamson County, TX","48491",498,4514240,11.0,10.1,12.0
,"Wilson County, TX","48493",36,366907,9.8,6.9,13.6
,"Winkler County, TX","48495",15,53133,28.2,15.8,46.6
,"Wise County, TX","48497",78,515354,15.1,12.0,18.9
,"Wood County, TX","48499",46,326354,14.1,10.3,18.8
,"Yoakum County, TX","48501",13,56113,23.2,12.3,39.6
,"Young County, TX","48503",24,126258,19.0,12.2,28.3
,"Zavala County, TX","48507",13,73095,17.8,9.5,30.4
,"Beaver County, UT","49001",15,49284,30.4,17.0,50.2
,"Box Elder County, UT","49003",94,415993,22.6,18.3,27.7
,"Cache County, UT","49005",99,950831,10.4,8.5,12.7
,"Carbon County, UT","49007",54,143657,37.6,28.2,49.0
,"Davis County, UT","49011",400,2555336,15.7,14.1,17.2
,"Duchesne County, UT","49013",43,141027,30.5,22.1,41.1
,"Emery County, UT","49015",25,70544,35.4,22.9,52.3
,"Grand County, UT","49019",27,68240,39.6,26.1,57.6
,"Iron County, UT","49021",74,417523,17.7,13.9,22.3
,"Juab County, UT","49023",15,86736,17.3,9.7,28.5
,"Kane County, UT","49025",11,56678,19.4,9.7,34.7
,"Millard County, UT","49027",23,93024,24.7,15.7,37.1
,"Salt Lake County, UT","49035",2052,8253352,24.9,23.8,25.9
,"San Juan County, UT","49037",21,103842,20.2,12.5,30.9
,"Sanpete County, UT","49039",39,212794,18.3,13.0,25.1
,"Sevier County, UT","49041",44,153778,28.6,20.8,38.4
,"Summit County, UT","49043",32,298574,10.7,7.3,15.1
,"Tooele County, UT","49045",121,539791,22.4,18.4,26.4
,"Uintah County, UT","49047",79,256541,30.8,24.4,38.4
,"Utah County, UT","49049",641,4763335,13.5,12.4,14.5
,"Wasatch County, UT","49051",21,250425,8.4,5.2,12.8
,"Washington County, UT","49053",274,1333470,20.5,18.1,23.0
,"Weber County, UT","49057",491,1863901,26.3,24.0,28.7
,"Addison County, VT","50001",39,261206,14.9,10.6,20.4
,"Bennington County, VT","50003",106,255365,41.5,33.6,49.4
,"Caledonia County, VT","50005",87,212127,41.0,32.8,50.6
,"Chittenden County, VT","50007",315,1171150,26.9,23.9,29.9
,"Essex County, VT","50009",16,42502,37.6,21.5,61.1
,"Franklin County, VT","50011",107,351624,30.4,24.7,36.2
,"Grand Isle County, VT","50013",14,51399,27.2,14.9,45.7
,"Lamoille County, VT","50015",50,180527,27.7,20.6,36.5
,"Orange County, VT","50017",61,206108,29.6,22.6,38.0
,"Orleans County, VT","50019",61,191295,31.9,24.4,41.0
,"Rutland County, VT","50021",198,416053,47.6,41.0,54.2
,"Washington County, VT","50023",137,414880,33.0,27.5,38.6
,"Windham County, VT","50025",172,310518,55.4,47.1,63.7
,"Windsor County, VT","50027",181,397472,45.5,38.9,52.2
,"Accomack County, VA","51001",55,230053,23.9,18.0,31.1
,"Albemarle County, VA","51003",103,789758,13.0,10.5,15.6
,"Alleghany County, VA","51005",26,103519,25.1,16.4,36.8
,"Amelia County, VA","51007",31,93091,33.3,22.6,47.3
,"Amherst County, VA","51009",52,220846,23.5,17.6,30.9
,"Appomattox County, VA","51011",18,114717,15.7,9.3,24.8
,"Arlington County, VA","51013",171,1655416,10.3,8.8,11.9
,"Augusta County, VA","51015",74,540055,13.7,10.8,17.2
,"Bedford County, VA","51019",128,562241,22.8,18.8,26.7
,"Bland County, VA","51021",14,43498,32.2,17.6,54.0
,"Botetourt County, VA","51023",66,236584,27.9,21.6,35.5
,"Brunswick County, VA","51025",42,112012,37.5,27.0,50.7
,"Buchanan County, VA","51027",77,139725,55.1,43.5,68.9
,"Buckingham County, VA","51029",28,119337,23.5,15.6,33.9
,"Campbell County, VA","51031",65,386407,16.8,13.0,21.4
,"Caroline County, VA","51033",77,221763,34.7,27.4,43.4
,"Carroll County, VA","51035",51,206177,24.7,18.4,32.5
,"Charles City County, VA","51036",15,47098,31.8,17.8,52.5
,"Charlotte County, VA","51037",36,81155,44.4,31.1,61.4
,"Chesterfield County, VA","51041",716,2582368,27.7,25.7,29.8
,"Clarke County, VA","51043",23,104975,21.9,13.9,32.9
,"Culpeper County, VA","51047",119,377108,31.6,25.9,37.2
,"Cumberland County, VA","51049",16,69041,23.2,13.2,37.6
,"Dickenson County, VA","51051",56,97482,57.4,43.4,74.6
,"Dinwiddie County, VA","51053",56,198753,28.2,21.3,36.6
,"Essex County, VA","51057",28,75299,37.2,24.7,53.7
,"Fairfax County, VA","51059",834,8030028,10.4,9.7,11.1
,"Fauquier County, VA","51061",108,512767,21.1,17.1,25.0
,"Floyd County, VA","51063",20,109843,18.2,11.1,28.1
,"Fluvanna County, VA","51065",42,194565,21.6,15.6,29.2
,"Franklin County, VA","51067",134,389602,34.4,28.6,40.2
,"Frederick County, VA","51069",128,651658,19.6,16.2,23.0
,"Giles County, VA","51071",29,116232,25.0,16.7,35.8
,"Gloucester County, VA","51073",81,270929,29.9,23.7,37.2
,"Goochland County, VA","51075",31,178445,17.4,11.8,24.7
,"Grayson County, VA","51077",14,107926,13.0,7.1,21.8
,"Greene County, VA","51079",39,144849,26.9,19.1,36.8
,"Greensville County, VA","51081",31,79189,39.1,26.6,55.6
,"Halifax County, VA","51083",87,235926,36.9,29.5,45.5
,"Hanover County, VA","51085",192,777265,24.7,21.2,28.2
,"Henrico County, VA","51087",678,2334817,29.0,26.9,31.2
,"Henry County, VA","51089",215,351060,61.2,53.1,69.4
,"Isle of Wight County, VA","51093",68,272869,24.9,19.4,31.6
,"James City County, VA","51095",77,557064,13.8,10.9,17.3
,"King and Queen County, VA","51097",19,47856,39.7,23.9,62.0
,"King George County, VA","51099",57,193521,29.5,22.3,38.2
,"King William County, VA","51101",38,126653,30.0,21.2,41.2
,"Lancaster County, VA","51103",15,75603,19.8,11.1,32.7
,"Lee County, VA","51105",52,157692,33.0,24.6,43.2
,"Loudoun County, VA","51107",235,2982576,7.9,6.9,8.9
,"Louisa County, VA","51109",91,274611,33.1,26.7,40.7
,"Lunenburg County, VA","51111",17,84604,20.1,11.7,32.2
,"Madison County, VA","51113",20,96190,20.8,12.7,32.1
,"Mathews County, VA","51115",10,60554,16.5,7.9,30.4
,"Mecklenburg County, VA","51117",69,214144,32.2,25.1,40.8
,"Middlesex County, VA","51119",17,75517,22.5,13.1,36.0
,"Montgomery County, VA","51121",107,690963,15.5,12.6,18.4
,"Nelson County, VA","51125",14,103434,13.5,7.4,22.7
,"New Kent County, VA","51127",42,171365,24.5,17.7,33.1
,"Northampton County, VA","51131",22,83128,26.5,16.6,40.1
,"Northumberland County, VA","51133",19,85430,22.2,13.4,34.7
,"Nottoway County, VA","51135",27,108163,25.0,16.5,36.3
,"Orange County, VA","51137",93,264129,35.2,28.4,43.1
,"Page County, VA","51139",45,166752,27.0,19.7,36.1
,"Patrick County, VA","51141",41,122836,33.4,24.0,45.3
,"Pittsylvania County, VA","51143",127,420058,30.2,25.0,35.5
,"Powhatan County, VA","51145",54,216111,25.0,18.8,32.6
,"Prince Edward County, VA","51147",23,156942,14.7,9.3,22.0
,"Prince George County, VA","51149",59,287595,20.5,15.6,26.5
,"Prince William County, VA","51153",554,3371937,16.4,15.1,17.8
,"Pulaski County, VA","51155",94,236727,39.7,32.1,48.6
,"Rappahannock County, VA","51157",18,51684,34.8,20.6,55.0
,"Richmond County, VA","51159",14,63628,22.0,12.0,36.9
,"Roanoke County, VA","51161",186,670631,27.7,23.7,31.7
,"Rockbridge County, VA","51163",25,158042,15.8,10.2,23.4
,"Rockingham County, VA","51165",73,589571,12.4,9.7,15.6
,"Russell County, VA","51167",40,181876,22.0,15.7,29.9
,"Scott County, VA","51169",32,150445,21.3,14.5,30.0
,"Shenandoah County, VA","51171",68,311407,21.8,17.0,27.7
,"Smyth County, VA","51173",67,207945,32.2,25.0,40.9
,"Southampton County, VA","51175",21,124707,16.8,10.4,25.7
,"Spotsylvania County, VA","51177",308,1000875,30.8,27.3,34.2
,"Stafford County, VA","51179",244,1118194,21.8,19.1,24.6
,"Sussex County, VA","51183",16,76274,21.0,12.0,34.1
,"Tazewell County, VA","51185",166,279720,59.3,50.3,68.4
,"Warren County, VA","51187",113,287311,39.3,32.1,46.6
,"Washington County, VA","51191",77,377578,20.4,16.1,25.5
,"Westmoreland County, VA","51193",46,129685,35.5,26.0,47.3
,"Wise County, VA","51195",96,253816,37.8,30.6,46.2
,"Wythe County, VA","51197",51,198551,25.7,19.1,33.8
,"York County, VA","51199",75,489943,15.3,12.0,19.2
,"Alexandria city, VA","51510",139,1103247,12.6,10.5,14.7
,"Bristol city, VA","51520",37,117725,31.4,22.1,43.3
,"Buena Vista city, VA","51530",11,45456,24.2,12.1,43.3
,"Charlottesville city, VA","51540",63,323128,19.5,15.0,24.9
,"Chesapeake city, VA","51550",401,1747120,23.0,20.7,25.2
,"Colonial Heights city, VA","51570",57,126042,45.2,34.3,58.6
,"Covington city, VA","51580",16,39241,40.8,23.3,66.2
,"Danville city, VA","51590",109,288880,37.7,30.6,44.8
,"Emporia city, VA","51595",12,37737,31.8,16.4,55.5
,"Fairfax city, VA","51600",37,172617,21.4,15.1,29.5
,"Falls Church city, VA","51610",19,102818,18.5,11.1,28.9
,"Franklin city, VA","51620",22,56989,38.6,24.2,58.4
,"Fredericksburg city, VA","51630",76,203716,37.3,29.4,46.7
,"Galax city, VA","51640",14,45912,30.5,16.7,51.2
,"Hampton city, VA","51650",309,954764,32.4,28.8,36.0
,"Harrisonburg city, VA","51660",43,365087,11.8,8.5,15.9
,"Hopewell city, VA","51670",129,159324,81.0,67.0,94.9
,"Lynchburg city, VA","51680",148,563987,26.2,22.0,30.5
,"Manassas city, VA","51683",98,295257,33.2,26.9,40.4
,"Manassas Park city, VA","51685",18,119466,15.1,8.9,23.8
,"Martinsville city, VA","51690",55,92650,59.4,44.7,77.3
,"Newport News city, VA","51700",401,1271980,31.5,28.4,34.6
,"Norfolk city, VA","51710",629,1659740,37.9,34.9,40.9
,"Norton city, VA","51720",13,26179,49.7,26.4,84.9
,"Petersburg city, VA","51730",201,227549,88.3,76.1,100.5
,"Poquoson city, VA","51735",19,87363,21.7,13.1,34.0
,"Portsmouth city, VA","51740",445,672268,66.2,60.0,72.3
,"Radford city, VA","51750",24,122324,19.6,12.6,29.2
,"Richmond city, VA","51760",1137,1610346,70.6,66.5,74.7
,"Roanoke city, VA","51770",517,689916,74.9,68.5,81.4
,"Salem city, VA","51775",80,178688,44.8,35.5,55.7
,"Staunton city, VA","51790",34,178885,19.0,13.2,26.6
,"Suffolk city, VA","51800",168,675701,24.9,21.1,28.6
,"Virginia Beach city, VA","51810",688,3173141,21.7,20.1,23.3
,"Waynesboro city, VA","51820",50,160037,31.2,23.2,41.2
,"Williamsburg city, VA","51830",17,108485,15.7,9.1,25.1
,"Winchester city, VA","51840",59,195375,30.2,23.0,39.0
,"Adams County, WA","53001",17,143210,11.9,6.9,19.0
,"Asotin County, WA","53003",49,157989,31.0,22.9,41.0
,"Benton County, WA","53005",324,1468918,22.1,19.7,24.5
,"Chelan County, WA","53007",141,552607,25.5,21.3,29.7
,"Clallam County, WA","53009",235,543723,43.2,37.7,48.7
,"Clark County, WA","53011",870,3543565,24.6,22.9,26.2
,"Cowlitz County, WA","53015",276,781277,35.3,31.2,39.5
,"Douglas County, WA","53017",46,308377,14.9,10.9,19.9
,"Ferry County, WA","53019",17,52796,32.2,18.8,51.6
,"Franklin County, WA","53021",137,683862,20.0,16.7,23.4
,"Grant County, WA","53025",205,703444,29.1,25.2,33.1
,"Grays Harbor County, WA","53027",301,533974,56.4,50.0,62.7
,"Island County, WA","53029",106,602417,17.6,14.2,20.9
,"Jefferson County, WA","53031",71,231502,30.7,24.0,38.7
,"King County, WA","53033",5281,15890945,33.2,32.3,34.1
,"Kitsap County, WA","53035",461,1925130,23.9,21.8,26.1
,"Kittitas County, WA","53037",67,328871,20.4,15.8,25.9
,"Klickitat County, WA","53039",42,161331,26.0,18.8,35.2
,"Lewis County, WA","53041",203,585391,34.7,29.9,39.4
,"Lincoln County, WA","53043",17,79202,21.5,12.5,34.4
,"Mason County, WA","53045",201,474301,42.4,36.5,48.2
,"Okanogan County, WA","53047",119,301410,39.5,32.4,46.6
,"Pacific County, WA","53049",46,163997,28.0,20.5,37.4
,"Pend Oreille County, WA","53051",37,98228,37.7,26.5,51.9
,"Pierce County, WA","53053",2212,6433123,34.4,33.0,35.8
,"San Juan County, WA","53055",20,126655,15.8,9.6,24.4
,"Skagit County, WA","53057",286,914228,31.3,27.7,34.9
,"Skamania County, WA","53059",15,86044,17.4,9.8,28.8
,"Snohomish County, WA","53061",1772,5849870,30.3,28.9,31.7
,"Spokane County, WA","53063",1336,3768786,35.4,33.5,37.3
,"Stevens County, WA","53065",74,330850,22.4,17.6,28.1
,"Thurston County, WA","53067",628,2069679,30.3,28.0,32.7
,"Walla Walla County, WA","53071",108,431182,25.0,20.3,29.8
,"Whatcom County, WA","53073",457,1612329,28.3,25.7,30.9
,"Whitman County, WA","53075",47,341298,13.8,10.1,18.3
,"Yakima County, WA","53077",641,1782400,36.0,33.2,38.7
,"Barbour County, WV","54001",41,111049,36.9,26.5,50.1
,"Berkeley County, WV","54003",531,882705,60.2,55.0,65.3
,"Boone County, WV","54005",153,147815,103.5,87.1,119.9
,"Braxton County, WV","54007",42,90393,46.5,33.5,62.8
,"Brooke County, WV","54009",75,152347,49.2,38.7,61.7
,"Cabell County, WV","54011",846,646477,130.9,122.0,139.7
,"Calhoun County, WV","54013",15,45384,33.1,18.5,54.5
,"Clay County, WV","54015",39,56659,68.8,48.9,94.1
,"Doddridge County, WV","54017",13,55950,23.2,12.4,39.7
,"Fayette County, WV","54019",246,284572,86.4,75.6,97.2
,"Gilmer County, WV","54021",11,52732,20.9,10.4,37.3
,"Grant County, WV","54023",37,78547,47.1,33.2,64.9
,"Greenbrier County, WV","54025",157,232810,67.4,56.9,78.0
,"Hampshire County, WV","54027",98,163924,59.8,48.5,72.9
,"Hancock County, WV","54029",117,199502,58.6,48.0,69.3
,"Hardy County, WV","54031",43,98122,43.8,31.7,59.0
,"Harrison County, WV","54033",261,460864,56.6,49.8,63.5
,"Jackson County, WV","54035",82,196500,41.7,33.2,51.8
,"Jefferson County, WV","54037",187,409843,45.6,39.1,52.2
,"Kanawha County, WV","54039",1190,1237009,96.2,90.7,101.7
,"Lewis County, WV","54041",52,114372,45.5,34.0,59.6
,"Lincoln County, WV","54043",126,140156,89.9,74.2,105.6
,"Logan County, WV","54045",276,220926,124.9,110.2,139.7
,"McDowell County, WV","54047",176,123562,142.4,121.4,163.5
,"Marion County, WV","54049",212,391540,54.1,46.9,61.4
,"Marshall County, WV","54051",82,210045,39.0,31.0,48.5
,"Mason County, WV","54053",138,179261,77.0,64.1,89.8
,"Mercer County, WV","54055",439,409525,107.2,97.2,117.2
,"Mineral County, WV","54057",80,187887,42.6,33.8,53.0
,"Mingo County, WV","54059",154,159473,96.6,81.3,111.8
,"Monongalia County, WV","54061",264,748522,35.3,31.0,39.5
,"Monroe County, WV","54063",44,89256,49.3,35.8,66.2
,"Morgan County, WV","54065",66,123624,53.4,41.3,67.9
,"Nicholas County, WV","54067",79,170499,46.3,36.7,57.7
,"Ohio County, WV","54069",187,289855,64.5,55.3,73.8
,"Pendleton County, WV","54071",11,45024,24.4,12.2,43.7
,"Pocahontas County, WV","54075",24,55929,42.9,27.5,63.8
,"Preston County, WV","54077",77,237335,32.4,25.6,40.5
,"Putnam County, WV","54079",164,397864,41.2,34.9,47.5
,"Raleigh County, WV","54081",593,511923,115.8,106.5,125.2
,"Randolph County, WV","54083",55,195851,28.1,21.2,36.6
,"Ritchie County, WV","54085",14,61701,22.7,12.4,38.1
,"Roane County, WV","54087",28,96117,29.1,19.4,42.1
,"Summers County, WV","54089",72,84572,85.1,66.6,107.2
,"Taylor County, WV","54091",40,115916,34.5,24.7,47.0
,"Tucker County, WV","54093",11,47027,23.4,11.7,41.9
,"Tyler County, WV","54095",20,57970,34.5,21.1,53.3
,"Upshur County, WV","54097",44,167503,26.3,19.1,35.3
,"Wayne County, WV","54099",238,270171,88.1,76.9,99.3
,"Webster County, WV","54101",21,56865,36.9,22.9,56.5
,"Wetzel County, WV","54103",52,101090,51.4,38.4,67.5
,"Wirt County, WV","54105",19,37434,50.8,30.6,79.3
,"Wood County, WV","54107",292,583432,50.0,44.3,55.8
,"Wyoming County, WV","54109",149,143122,104.1,87.4,120.8
,"Adams County, WI","55001",43,145968,29.5,21.3,39.7
,"Ashland County, WI","55003",52,110998,46.8,35.0,61.4
,"Barron County, WI","55005",38,322703,11.8,8.3,16.2
,"Bayfield County, WI","55007",23,111855,20.6,13.0,30.9
,"Brown County, WI","55009",344,1877483,18.3,16.4,20.3
,"Burnett County, WI","55013",24,114422,21.0,13.4,31.2
,"Calumet County, WI","55015",41,362515,11.3,8.1,15.3
,"Chippewa County, WI","55017",72,461495,15.6,12.2,19.6
,"Clark County, WI","55019",23,243215,9.5,6.0,14.2
,"Columbia County, WI","55021",107,405443,26.4,21.4,31.4
,"Crawford County, WI","55023",21,112477,18.7,11.6,28.5
,"Dane County, WI","55025",960,3937443,24.4,22.8,25.9
,"Dodge County, WI","55027",146,617483,23.6,19.8,27.5
,"Door County, WI","55029",18,205136,8.8,5.2,13.9
,"Douglas County, WI","55031",80,306947,26.1,20.7,32.4
,"Dunn County, WI","55033",32,319078,10.0,6.9,14.2
,"Eau Claire County, WI","55035",127,744462,17.1,14.1,20.0
,"Florence County, WI","55037",10,31550,31.7,15.2,58.3
,"Fond du Lac County, WI","55039",151,725786,20.8,17.5,24.1
,"Forest County, WI","55041",29,64425,45.0,30.1,64.6
,"Grant County, WI","55043",28,361139,7.8,5.2,11.2
,"Green County, WI","55045",39,258430,15.1,10.7,20.6
,"Green Lake County, WI","55047",29,133902,21.7,14.5,31.1
,"Iowa County, WI","55049",15,166629,9.0,5.0,14.8
,"Jackson County, WI","55053",42,145590,28.8,20.8,39.0
,"Jefferson County, WI","55055",113,597651,18.9,15.4,22.4
,"Juneau County, WI","55057",39,187064,20.8,14.8,28.5
,"Kenosha County, WI","55059",324,1181313,27.4,24.4,30.4
,"Kewaunee County, WI","55061",19,143810,13.2,8.0,20.6
,"La Crosse County, WI","55063",221,837021,26.4,22.9,29.9
,"Langlade County, WI","55067",24,135576,17.7,11.3,26.3
,"Lincoln County, WI","55069",29,196631,14.7,9.9,21.2
,"Manitowoc County, WI","55071",126,562333,22.4,18.5,26.3
,"Marathon County, WI","55073",127,960022,13.2,10.9,15.5
,"Marinette County, WI","55075",46,289358,15.9,11.6,21.2
,"Marquette County, WI","55077",27,109745,24.6,16.2,35.8
,"Menominee County, WI","55078",38,30758,123.5,87.4,169.6
,"Milwaukee County, WI","55079",3619,6526608,55.4,53.6,57.3
,"Monroe County, WI","55081",79,323709,24.4,19.3,30.4
,"Oconto County, WI","55083",31,272944,11.4,7.7,16.1
,"Oneida County, WI","55085",39,259688,15.0,10.7,20.5
,"Outagamie County, WI","55087",184,1336312,13.8,11.8,15.8
,"Ozaukee County, WI","55089",88,641333,13.7,11.0,16.9
,"Pierce County, WI","55093",38,299534,12.7,9.0,17.4
,"Polk County, WI","55095",40,313908,12.7,9.1,17.4
,"Portage County, WI","55097",56,496996,11.3,8.5,14.6
,"Racine County, WI","55101",377,1376703,27.4,24.6,30.1
,"Richland County, WI","55103",22,120509,18.3,11.4,27.6
,"Rock County, WI","55105",422,1147747,36.8,33.3,40.3
,"Rusk County, WI","55107",21,98967,21.2,13.1,32.4
,"St. Croix County, WI","55109",74,657997,11.2,8.8,14.1
,"Sauk County, WI","55111",118,457020,25.8,21.2,30.5
,"Sawyer County, WI","55113",56,123988,45.2,34.1,58.7
,"Shawano County, WI","55115",42,286634,14.7,10.6,19.8
,"Sheboygan County, WI","55117",166,817707,20.3,17.2,23.4
,"Taylor County, WI","55119",11,141196,7.8,3.9,13.9
,"Trempealeau County, WI","55121",22,212095,10.4,6.5,15.7
,"Vernon County, WI","55123",27,216964,12.4,8.2,18.1
,"Vilas County, WI","55125",41,161605,25.4,18.2,34.4
,"Walworth County, WI","55127",144,735569,19.6,16.4,22.8
,"Washburn County, WI","55129",10,114885,8.7,4.2,16.0
,"Washington County, WI","55131",197,959930,20.5,17.7,23.4
,"Waukesha County, WI","55133",546,2862252,19.1,17.5,20.7
,"Waupaca County, WI","55135",47,358399,13.1,9.6,17.4
,"Waushara County, WI","55137",27,172872,15.6,10.3,22.7
,"Winnebago County, WI","55139",237,1201941,19.7,17.2,22.2
,"Wood County, WI","55141",96,514559,18.7,15.1,22.8
,"Albany County, WY","56001",31,269615,11.5,7.8,16.3
,"Big Horn County, WY","56003",17,82835,20.5,12.0,32.9
,"Campbell County, WY","56005",46,328060,14.0,10.3,18.7
,"Carbon County, WY","56007",22,102257,21.5,13.5,32.6
,"Converse County, WY","56009",24,96299,24.9,16.0,37.1
,"Fremont County, WY","56013",86,276453,31.1,24.9,38.4
,"Laramie County, WY","56021",164,703424,23.3,19.7,26.9
,"Lincoln County, WY","56023",19,142210,13.4,8.0,20.9
,"Natrona County, WY","56025",118,559295,21.1,17.3,24.9
,"Park County, WY","56029",30,210292,14.3,9.6,20.4
,"Sheridan County, WY","56033",21,220820,9.5,5.9,14.5
,"Sweetwater County, WY","56037",87,293548,29.6,23.7,36.6
,"Teton County, WY","56039",12,163408,7.3,3.8,12.8
,"Uinta County, WY","56041",38,143453,26.5,18.7,36.4
,"Washakie County, WY","56043",11,54246,20.3,10.1,36.3
"Total",,,656997,2314179815,28.4,28.3,28.5
"---"
"Dataset: Underlying Cause of Death, 2018-2024, Single Race"
"Query Parameters:"
"Drug/Alcohol Induced Causes: Drug-induced causes"
"Group By: County"
"Show Totals: True"
"Show Zero Values: False"
"Show Suppressed: False"
"Calculate Rates Per: 100,000"
"Rate Options: Default intercensal populations for years 2001-2009 (except Infant Age Groups)"
"---"
"Help: See http://wonder.cdc.gov/wonder/help/ucd-expanded.html for more information."
"---"
"Query Date: Jun 24, 2026 1:27:59 AM"
"---"
"Suggested Citation: Centers for Disease Control and Prevention, National Center for Health Statistics. National Vital Statistics"
"System, Mortality 2018-2024 on CDC WONDER Online Database, released in 2026. Data are from the Multiple Cause of Death Files,"
"2018-2024, as compiled from data provided by the 57 vital statistics jurisdictions through the Vital Statistics Cooperative"
"Program. Accessed at http://wonder.cdc.gov/ucd-icd10-expanded.html on Jun 24, 2026 1:27:59 AM"
"---"
Messages:
"1. Rows with zero Deaths are hidden, but the Population values in those rows are included in the totals. Use Quick Options above"
"to show zero rows."
"2. Rows with suppressed Deaths are hidden, but the Deaths and Population values in those rows are included in the totals. Use"
"Quick Options above to show suppressed rows."
"---"
Caveats:
"1. Deaths and population estimates are shown separately from the adjacent counties for Carson City, Nevada (FIPS code 32510)."
"2. Deaths and population estimates are reported separately for Baltimore City (FIPS code 24510) and Baltimore county (FIPS code"
"24005)."
"3. Deaths and population estimates are reported separately for St. Louis City (FIPS code 29510) and county (FIPS code 29189)."
"4. Data are Suppressed when the data meet the criteria for confidentiality constraints. More information:"
"http://wonder.cdc.gov/wonder/help/ucd-expanded.html#Assurance of Confidentiality."
"5. The method used to calculate 95% confidence intervals is documented here: More information:"
"http://wonder.cdc.gov/wonder/help/ucd-expanded.html#Confidence-Intervals."
"6. The population figures for year 2024 are single-race estimates of the July 1 resident population, from the Vintage 2024"
"postcensal series released by the Census Bureau on June 27, 2024. The 2024 series is based on the Modified Blended Base produced"
"by the US Census Bureau in lieu of the April 1, 2020 decennial population count. The Modified Blended Base consists of the blend"
"of Vintage 2020 postcensal population estimates for April 1, 2020, 2020 Demographic Analysis Estimates, and 2020 Census data"
"from the internal Census Edited File (CEF). The population figures for year 2023 are single-race estimates of the July 1"
"resident population, from the Vintage 2023 postcensal series released by the Census Bureau on June 27, 2024. The 2023 series is"
"based on the Modified Blended Base produced by the US Census Bureau in lieu of the April 1, 2020 decennial population count. The"
"Modified Blended Base consists of the blend of Vintage 2020 postcensal population estimates for April 1, 2020, 2020 Demographic"
"Analysis Estimates, and 2020 Census data from the internal Census Edited File (CEF). The population figures for years 2022 are"
"single-race estimates of the July 1 resident population, from the Vintage 2022 postcensal series released by the Census Bureau"
"on June 22, 2023. The 2022 series is based on the Modified Blended Base produced by the US Census Bureau in lieu of the April 1,"
"2020 decennial population count. The Modified Blended Base consists of the blend of Vintage 2020 postcensal population estimates"
"for April 1, 2020, 2020 Demographic Analysis Estimates, and 2020 Census data from the internal Census Edited File (CEF). The"
"population figures for years 2021 are single-race estimates of the July 1 resident population, based on the Blended Base"
"produced by the US Census Bureau in lieu of the April 1, 2020 decennial population count, from the Vintage 2021 postcensal"
"series released by the Census Bureau on June 30, 2022. The population figures for year 2020 are single-race estimates of the"
"July 1 resident population, from the Vintage 2020 postcensal series based on April 2010 Census, released by the Census Bureau on"
"July 27, 2021. The population figures for year 2019 are single-race estimates of the July 1 resident population, from the"
"Vintage 2019 postcensal series based on April 2010 Census, released by the Census Bureau on June 25, 2020. The population"
"figures for year 2018 are single-race estimates of the July 1 resident population, from the Vintage 2018 postcensal series based"
"on April 2010 Census, released by the Census Bureau on June 20, 2019. More information:"
"http://wonder.cdc.gov/wonder/help/ucd-expanded.html#Population Data."
"7. The population figures used in the calculation of death rates for the age group 'under 1 year' are the estimates of the"
"resident population that is under one year of age. More information: http://wonder.cdc.gov/wonder/help/ucd-expanded.html#Age"
"Group."
"8. Connecticut population estimates for 2022 and later years are reported for 9 planning regions as county equivalent areas,"
"instead of the former 8 legacy counties in the Vintage 2022 postcensal series released by the Census Bureau on June 22, 2023,"
"and in the Vintage 2023 postcensal series released by the Census Bureau on June 27, 2024. Populations estimates for the former"
"counties are not available for 2022 and later years. More information:"
"http://wonder.cdc.gov/wonder/help/ucd-expanded.html#Connecticut-2022."
"9. After the creation of the final 2023 dataset, North Carolina updated the cause of death information for over 900 death"
"certificates to include a cause of death code indicating drug overdose (ICD-10 underlying cause-of-death codes: X40-X44,"
"X60-X64, X85, and Y10-Y14). Jurisdictions can continue to update death certificates after the closing of the mortality file. As"
"a result, users should consider that the actual death count for drug overdose deaths for North Carolina in 2023 is over 4,400"
"deaths, with a crude rate of approximately 41.0 per 100,000 population, and an age-adjusted rate of approximately 42.1 per"
"100,000 population. These deaths will not be updated on the final mortality datasets."